receiver,condition,gene,n_receivers,mean_signed_delta,SD_signed_delta_across_repeats,mean_absolute_delta,SD_absolute_delta_across_repeats,mean_masked_MSE
tumor_1,tumor_1,AATK,19659,0.00860099966782612,0.0002313066067828957,0.018154941186092077,0.000185660214636037,0.07533245616382606
tumor_1,tumor_1,ABL1,19659,0.0101773095901873,0.00036089478450970243,0.02848433636437685,0.0002762607355312315,0.14152157629022055
tumor_1,tumor_1,ABL2,19659,0.00507248367659823,0.00023694168362488712,0.01874244901879328,0.0001762317724920328,0.10006079259985086
tumor_1,tumor_1,ACACB,19659,0.007653123883081299,0.0005257730983102756,0.04157670177951371,0.0003878367546103173,0.21413983241784945
tumor_1,tumor_1,ACE,19659,0.010131296440547772,0.0003247394071494664,0.0249407942262864,0.0002517232620377194,0.10532491423039785
tumor_1,tumor_1,ACKR1,19659,0.005825994642341214,0.00015697959355763925,0.012293834756709057,0.00012967736052215277,0.0583955552635379
tumor_1,tumor_1,ACKR3,19659,0.007764920187740078,0.00018157239233741217,0.01480213216593539,0.00014534549775634464,0.06899077017026946
tumor_1,tumor_1,ACKR4,19659,0.008887915725112144,0.00020239268967603828,0.015760612357837014,0.00016528142232433916,0.08719614935069445
tumor_1,tumor_1,ACP5,19659,0.01489267022796576,0.0003466353687709909,0.028998709510604615,0.0002763825189733122,0.13250155616180986
tumor_1,tumor_1,ACTA2,19659,0.008023112752906467,0.00012565772371568376,0.012729575161193158,9.800073053653644e-05,0.06917778546419202
tumor_1,tumor_1,ACTG2,19659,0.004417226800346485,7.307585033977077e-05,0.006336967413787852,6.716269998085378e-05,0.03573367993307892
tumor_1,tumor_1,ACVR1,19659,0.008689306129622463,0.0003494562768839978,0.027233279319333677,0.0002593873057587795,0.14100168853621511
tumor_1,tumor_1,ACVR1B,19659,0.008780222462322592,0.0005345136178185818,0.04236357844265744,0.00039771213414155435,0.21062129217079067
tumor_1,tumor_1,ACVR2A,19659,0.006199959342807245,0.00025529873054578787,0.02015699506195572,0.00019466879850808054,0.08840837876100431
tumor_1,tumor_1,ACVRL1,19659,0.010915148029928844,0.00034326954166203515,0.026320361478373678,0.0002701476897005832,0.1248433949954312
tumor_1,tumor_1,ADGRA2,19659,0.006119839162443306,0.0001684751410334263,0.013831772425648894,0.00012916143108578966,0.06466865004759223
tumor_1,tumor_1,ADGRA3,19659,0.007184523172627105,0.0002557044625824963,0.020186573908477112,0.00019414402203230642,0.08036722865237371
tumor_1,tumor_1,ADGRE2,19659,0.005373181601729239,0.00013099363671706586,0.010184598339319735,0.00010402958894471609,0.04296055110021893
tumor_1,tumor_1,ADGRE5,19659,0.010910517634773987,0.0003464447364896301,0.027418819114346415,0.00026966983799069387,0.1435950509824761
tumor_1,tumor_1,ADGRF1,19659,0.00634193768025869,0.00016764950008847534,0.013221598543181761,0.0001357637263650145,0.061984778092063285
tumor_1,tumor_1,ADGRF3,19659,0.004909460073177025,0.0001590021983082077,0.01239649405333385,0.00012490867504909485,0.057352910452545126
tumor_1,tumor_1,ADGRF5,19659,0.005542484025598206,0.0001413839462786392,0.011245582778296908,0.0001055332223421699,0.04929851977646973
tumor_1,tumor_1,ADGRG1,19659,0.010923862374617493,0.00036149900213999303,0.028699349542168545,0.00027892304899077816,0.1525871744491678
tumor_1,tumor_1,ADGRG3,19659,0.00804068314056545,0.0002052364709765726,0.016062273214539152,0.00017107989054119163,0.0781454146588132
tumor_1,tumor_1,ADGRG5,19659,0.0027338794137488744,8.509837698525889e-05,0.006880664924877171,6.730343115621337e-05,0.033948747424178576
tumor_1,tumor_1,ADGRG6,19659,0.004941042289225955,0.0002200307007963328,0.017114874795381478,0.00016887819181894337,0.0836742225185933
tumor_1,tumor_1,ADGRL1,19659,0.0043253439941549005,0.00011866390727180475,0.0095278842065343,8.96611129223882e-05,0.05069150684148407
tumor_1,tumor_1,ADGRL2,19659,0.004718606934887295,0.00015791257888588822,0.012236211838628854,0.00011742525275083191,0.04904230500035346
tumor_1,tumor_1,ADGRL4,19659,0.003335829766673669,8.558128939228015e-05,0.007386133476173305,6.47626131887404e-05,0.028858140707127656
tumor_1,tumor_1,ADGRV1,19659,0.0033802237090697026,4.192336629666299e-05,0.004857369780451428,4.111692980834274e-05,0.026627280504281908
tumor_1,tumor_1,ADIPOQ,19659,0.0030955420488699057,5.0832613783884575e-05,0.0042753168171031685,4.2942631378192855e-05,0.02985430659728857
tumor_1,tumor_1,ADIRF,19659,0.011577657166642665,0.0007822793683639743,0.05999444231343437,0.0005845178115911748,0.3374340933923471
tumor_1,tumor_1,ADM2,19659,0.0063871020571719,0.00014672586081594663,0.011837141597116935,0.0001227557072576218,0.058147964107316395
tumor_1,tumor_1,AGR2,19659,0.0047217982349086075,9.657469631588638e-05,0.00798814452508485,8.268888414893564e-05,0.039629516777907145
tumor_1,tumor_1,AHI1,19659,0.005423479549567066,0.0002183965111961427,0.0177084285128708,0.00016396924299065077,0.07621901129927386
tumor_1,tumor_1,AHR,19659,0.006979976468012014,0.00027775853039470474,0.02185111942057373,0.00021239226327606503,0.09052688617257462
tumor_1,tumor_1,AIF1,19659,0.008225306399625447,0.00020061541907994839,0.016196061795498956,0.00015510121419487155,0.06469279569288693
tumor_1,tumor_1,AKT1,19659,0.011579812357743276,0.0007191804008787156,0.056219980315427,0.0005351498480130617,0.26350353343546357
tumor_1,tumor_1,ALCAM,19659,0.004620862179335594,9.834566488369184e-05,0.008286345089000818,8.380197888785981e-05,0.037896275865243474
tumor_1,tumor_1,ALOX5AP,19659,0.008023857156437164,0.00016277036161560355,0.01409102262792361,0.00013316121262731787,0.06376875398664586
tumor_1,tumor_1,ANGPT1,19659,0.005026484469794224,0.0001436852064834137,0.011532864726143193,0.00011565085098039473,0.049543865876202575
tumor_1,tumor_1,ANGPT2,19659,0.0022927935328670925,8.638785951795406e-05,0.007009710051417593,6.335347567379652e-05,0.02906114663062479
tumor_1,tumor_1,ANGPTL1,19659,0.006998018568509672,0.00017847178826622628,0.014022681507181478,0.00015084319691201394,0.07705882123335211
tumor_1,tumor_1,ANKRD1,19659,0.006055984108638591,0.00016240884361343397,0.013028386724889712,0.00012829840049093064,0.05093767564314346
tumor_1,tumor_1,ANXA1,19659,0.01006192222278897,0.00017043106106182999,0.015244966160944312,0.000135155304770302,0.06658012772455676
tumor_1,tumor_1,ANXA2,19659,0.030212724431782613,0.0014713892625924773,0.1140486535051191,0.001119056723745308,0.68657535163876
tumor_1,tumor_1,ANXA4,19659,0.01500160022636796,0.0010431522716613521,0.08143554212560258,0.000787351430735568,0.43120407447085335
tumor_1,tumor_1,APOA1,19659,-0.02598229460413487,0.0011326216818499865,0.10284505587880706,0.0007308070429635838,1.0354081532714638
tumor_1,tumor_1,APOC1,19659,-0.021286612276735044,0.0015739125860321187,0.13471091509800895,0.0010817892445399593,0.906136550581737
tumor_1,tumor_1,APOD,19659,0.005321262384089252,0.00012223134920387072,0.009619948870707398,0.00010554912830404826,0.052873938972190414
tumor_1,tumor_1,APOE,19659,-0.010516981781931289,0.0017243782816352814,0.14099800728446796,0.0012249974389086696,0.9935367251920635
tumor_1,tumor_1,APP,19659,0.01985321186240447,0.0008936900139048804,0.06980043727757415,0.0006894805880737204,0.3902961465939028
tumor_1,tumor_1,AQP3,19659,0.010486746300713006,0.00046500959873364145,0.03629114999763148,0.00034079900720228367,0.20178366719699783
tumor_1,tumor_1,AR,19659,0.010079101105254014,0.0008255506513062606,0.06482991142815915,0.000603150614874905,0.3364515409037018
tumor_1,tumor_1,AREG,19659,0.006774649474312389,0.00017348724983578707,0.014028295399753301,0.00013962655045550115,0.06013789723139239
tumor_1,tumor_1,ARF1,19659,0.011790480021884006,0.0011580877931048313,0.09092099379301466,0.0008453673160808611,0.4672131630171205
tumor_1,tumor_1,ARG1,19659,0.0031539709637401743,5.476764249055617e-05,0.005367847587011277,4.112025105982389e-05,0.02452284378576585
tumor_1,tumor_1,ARHGDIB,19659,0.011776936561911632,0.0002470137360593713,0.021403091904118918,0.00018375511430986536,0.09364415935587886
tumor_1,tumor_1,ARID5B,19659,0.006609272102794693,0.00020837328928750257,0.01676234654733661,0.00016688461824987362,0.07381682677402654
tumor_1,tumor_1,ATF3,19659,0.003362514686544432,0.00012805236791741466,0.00987493830269306,9.73208073517979e-05,0.04822718219258994
tumor_1,tumor_1,ATG10,19659,0.007319345044674121,0.0002461666191685658,0.02011521632498256,0.00018700273599587465,0.08674590380055114
tumor_1,tumor_1,ATG12,19659,0.008018874305970423,0.00024411015292560547,0.019969617128747393,0.00018885734019002848,0.08854862821821116
tumor_1,tumor_1,ATG5,19659,0.007079554694610485,0.0004115088800298994,0.033580975394977966,0.0002973293421826523,0.1585243019118784
tumor_1,tumor_1,ATM,19659,0.007874266850894289,0.00024341460753718393,0.019989610030175353,0.00018524148809111407,0.0969240191372462
tumor_1,tumor_1,ATP5F1B,19659,0.007231688977538132,0.0008034156009851258,0.06395670811880802,0.0005685774334509359,0.33323412108801614
tumor_1,tumor_1,ATP5F1E,19659,0.004886501097127025,0.0013082462207552503,0.10366801702108035,0.0009408435242468304,0.5759327216973728
tumor_1,tumor_1,ATR,19659,0.005581642008368124,0.00035842350104147835,0.028200980827234694,0.00027009274347402105,0.13678845079328328
tumor_1,tumor_1,AXL,19659,0.005696880139247151,0.0001720941084675959,0.013731803441507082,0.00012996962420920252,0.05895291120360978
tumor_1,tumor_1,AZGP1,19659,0.006005764425443641,0.0003121581488064955,0.02621306743158442,0.000220077603522507,0.09508599807380821
tumor_1,tumor_1,AZU1,19659,0.006475736878426122,0.0001389220523944674,0.011517262922212298,0.00011464794269429809,0.050010971059948305
tumor_1,tumor_1,B2M,19659,0.015227359248877323,0.0017114559251264027,0.13324035018014696,0.0012663049643433304,0.9000890333423166
tumor_1,tumor_1,B3GNT7,19659,0.006194393274002564,0.00015273171853705033,0.012329664545494603,0.00012606016361829206,0.06548611403881037
tumor_1,tumor_1,BAG3,19659,0.010977457339204919,0.00039978700544226337,0.031239300081736133,0.00030371926452391003,0.12771255189587316
tumor_1,tumor_1,BASP1,19659,0.008760411450765854,0.00018056861862088258,0.015826159674896742,0.0001421328469427778,0.07519153473903739
tumor_1,tumor_1,BAX,19659,0.013276376861293826,0.0006040923013417627,0.047546232406975086,0.0004556874246242836,0.22178698545220796
tumor_1,tumor_1,BBLN,19659,0.01559469840052825,0.0005131532810918249,0.03982775316584718,0.00040022614000318293,0.15330610345187815
tumor_1,tumor_1,BCL2,19659,0.009938623038777359,0.0002174898222083371,0.018108993851142653,0.00018240355355617687,0.0798890273639612
tumor_1,tumor_1,BCL2L1,19659,0.01499193355550906,0.00073390517904019,0.05680418204674117,0.0005541405481798118,0.2759205969502131
tumor_1,tumor_1,BECN1,19659,0.006123806341142929,0.00035278263180096804,0.028051883674843174,0.0002633597571370631,0.13399578191703065
tumor_1,tumor_1,BEST1,19659,0.007228651768472735,0.00012831916117843188,0.010686458275233738,0.0001054926375858638,0.05482768963634972
tumor_1,tumor_1,BGN,19659,0.020923620871036032,0.00036015782177499614,0.031397596136394194,0.00030032254394728115,0.14734701512526852
tumor_1,tumor_1,BID,19659,0.010831202521770123,0.00038819196380290817,0.03125785223311974,0.0002988734889836154,0.1324536843250379
tumor_1,tumor_1,BIRC3,19659,0.017363539714658212,0.0005903676840487929,0.04482605842983077,0.000474556405742779,0.2766708312893743
tumor_1,tumor_1,BIRC5,19659,0.0059459084705220586,0.00025931066118381414,0.020111447929731695,0.0002061869941521172,0.12602056301277792
tumor_1,tumor_1,BMP1,19659,0.007322107538228623,0.00019993890527697538,0.015886913398814644,0.00015519955725715117,0.06654269762880945
tumor_1,tumor_1,BMP2,19659,0.00594778310861087,0.00015936030348586973,0.01261136987252921,0.00012445117346559272,0.05651017847252733
tumor_1,tumor_1,BMP3,19659,0.0045368177332963736,9.598386546789993e-05,0.007755918550090513,8.228916832994112e-05,0.031111787774782802
tumor_1,tumor_1,BMP4,19659,0.006150458060941456,0.0001706503339309858,0.013009564277124139,0.00013281185969042512,0.0559422443796479
tumor_1,tumor_1,BMP5,19659,0.0026882555561354403,8.226499630252211e-05,0.006825356494152698,6.553746822419644e-05,0.039912292575157535
tumor_1,tumor_1,BMP7,19659,0.003467394269375991,7.819549402352229e-05,0.0062973943912601376,6.11549757182595e-05,0.025820878995980966
tumor_1,tumor_1,BMPR1A,19659,0.006757161779242677,0.00023325151747186464,0.018499344262483543,0.00018066927499357327,0.09026725455555296
tumor_1,tumor_1,BMPR2,19659,0.006250894683802573,0.0002914504430247048,0.022725263889888464,0.00022168838956236858,0.10020556462618369
tumor_1,tumor_1,BRAF,19659,0.005443592762669396,0.0002658999972837143,0.021258660127619188,0.0002042217473524596,0.0861734424409203
tumor_1,tumor_1,BRCA1,19659,0.005631717043027324,0.00018235025611508843,0.014664877172892254,0.00014633028715690426,0.06638998384276448
tumor_1,tumor_1,BST1,19659,0.002396634943632445,7.841640112623115e-05,0.0061161101831121245,5.7480281358657915e-05,0.03501136832203272
tumor_1,tumor_1,BST2,19659,0.017782879095897666,0.0009174318197135219,0.07230520729396972,0.0006932575692277918,0.35599826641173643
tumor_1,tumor_1,BTF3,19659,0.018187545131015264,0.0009367223683391256,0.07381088318674828,0.0006919661152929886,0.37272027647916356
tumor_1,tumor_1,BTG1,19659,0.016263120092011564,0.0008442634423936734,0.06674508134956644,0.0006270512619676353,0.3267798245447438
tumor_1,tumor_1,BTK,19659,0.003254114595788113,8.83134651371865e-05,0.0067843124236637905,7.074978956407555e-05,0.031086897192299186
tumor_1,tumor_1,C11orf96,19659,0.009786957760685258,0.0002672658254040006,0.021187865035127568,0.00022178756883727902,0.09899539336405541
tumor_1,tumor_1,C1QA,19659,0.008664483972854718,0.0002703834248349308,0.02304374898103906,0.00018785323026661503,0.12104473133591691
tumor_1,tumor_1,C1QB,19659,0.01397650228668611,0.0003766651618463528,0.03234071078412703,0.00027334158526534554,0.16376489334519578
tumor_1,tumor_1,C1QC,19659,0.009866126463787598,0.0003255239711987911,0.02705146465030319,0.0002277926802319178,0.1170349546861886
tumor_1,tumor_1,C5AR2,19659,0.00719061915077365,0.0001586032508364848,0.012971892235039325,0.00013124852824596432,0.05881052653817233
tumor_1,tumor_1,CACNA1C,19659,0.004203786824657104,0.00010124206111209487,0.008343637819749217,7.587037118536304e-05,0.043714772727711876
tumor_1,tumor_1,CALB1,19659,0.007497110331210838,0.0002026428585889322,0.016005844279202857,0.0001602634826610716,0.0701492779691002
tumor_1,tumor_1,CALD1,19659,0.019188561283477006,0.0006648994452063637,0.05366446851492189,0.000508274251880757,0.2396883851260732
tumor_1,tumor_1,CALM1,19659,0.020922243270079445,0.0009218991013922031,0.07200027828220291,0.0006984842143668133,0.35479975392528507
tumor_1,tumor_1,CALM2,19659,0.016484486862347787,0.0013227056554465145,0.10297074878706373,0.0009868042431099922,0.631639424923854
tumor_1,tumor_1,CALM3,19659,0.016778029292424702,0.0011330109317275417,0.08738869042109483,0.0008553610314625835,0.498800971970216
tumor_1,tumor_1,CAMP,19659,0.0022735019829127055,0.00020214724564071408,0.016458482024627914,0.00014226624719303733,0.07811147022724775
tumor_1,tumor_1,CARMN,19659,0.004472300665153863,0.00014475095745795024,0.01241967168118729,0.00010766683779371934,0.058313638762039134
tumor_1,tumor_1,CASP3,19659,0.008457451788690092,0.0002915182559630764,0.0235897506594645,0.00022029387487392966,0.08582732366701713
tumor_1,tumor_1,CASP8,19659,0.003932512686476305,0.00014091068972535022,0.011173684209463155,0.00010649820778486224,0.05628971465945752
tumor_1,tumor_1,CASR,19659,0.005155966309580413,0.0001202901390957001,0.00951562591533172,0.00010242738832500183,0.050743064921050726
tumor_1,tumor_1,CAV1,19659,0.016090352770292228,0.000541164911857225,0.04305290403483621,0.0004105123692402046,0.1898269610701832
tumor_1,tumor_1,CCDC80,19659,0.007343977473062145,0.00018014742815731724,0.013955190310144217,0.00015355563286583077,0.05741471440225036
tumor_1,tumor_1,CCL11,19659,0.005177290581911082,0.00015887438135015405,0.01258606618033693,0.000122477936612991,0.05396402017688565
tumor_1,tumor_1,CCL13,19659,0.00370020525094686,0.00010843343296810945,0.00868983797553519,8.496763480544706e-05,0.04608981225271443
tumor_1,tumor_1,CCL15,19659,0.009727818473635,0.00048771337529004516,0.03864788055222657,0.0003719839741165477,0.17229003495595677
tumor_1,tumor_1,CCL17,19659,0.006103999629850575,0.00017039602900875646,0.013664591437693338,0.00014135537149771724,0.06047806050422111
tumor_1,tumor_1,CCL18,19659,0.0035369621966875723,0.00010270126233644711,0.007894071369779211,7.410040978868452e-05,0.04280735657482482
tumor_1,tumor_1,CCL19,19659,0.0059714479011769295,0.00014215734968734764,0.011437575971524176,0.0001195586821434485,0.05655804735868859
tumor_1,tumor_1,CCL2,19659,0.005620904894435957,0.00017551307943396675,0.01366652397047718,0.0001337831260191217,0.06949902313240927
tumor_1,tumor_1,CCL20,19659,0.005991704168501285,0.00021492896458427628,0.01657250802879647,0.0001631554630756218,0.08511982407989312
tumor_1,tumor_1,CCL21,19659,0.0090518089606185,0.00019215462820297918,0.015445065849337821,0.00015330237531859097,0.07141752640850395
tumor_1,tumor_1,CCL22,19659,0.005324398986207866,0.0001070313853265511,0.008421709502888135,9.122202263802247e-05,0.049455876004149
tumor_1,tumor_1,CCL26,19659,0.00352175955229326,8.371365805970206e-05,0.006645242584586396,7.283080674672587e-05,0.02948704255974296
tumor_1,tumor_1,CCL28,19659,0.013459303293333957,0.0003957912023404988,0.030899786939062347,0.0003132965753706974,0.14955534838103846
tumor_1,tumor_1,CCL3,19659,0.006101687030423418,0.00014945547958561905,0.011703510377801481,0.00012421085990725283,0.049196440342409824
tumor_1,tumor_1,CCL4,19659,0.00819198904313904,0.00015049422864764513,0.012812272728399429,0.0001284900638290352,0.05263983460823277
tumor_1,tumor_1,CCL5,19659,0.008805854435256357,0.00024661443883952834,0.02003530221115417,0.00018821238531312098,0.15543702368342102
tumor_1,tumor_1,CCL8,19659,0.004732405946154783,0.0001272082402164335,0.009973473999740433,9.958830583452965e-05,0.048217508724178675
tumor_1,tumor_1,CCND1,19659,0.010375322896509293,0.0001963673749254797,0.016737602603025297,0.0001575932179151287,0.07336494583924393
tumor_1,tumor_1,CCR1,19659,0.00631071673774866,0.00017034680416944906,0.013692600123940144,0.0001352973139066025,0.0683252138150598
tumor_1,tumor_1,CCR10,19659,0.0072997535199607775,0.00017825668931805338,0.014433129945039591,0.00014390124370908844,0.07835725455540074
tumor_1,tumor_1,CCR2,19659,0.005095070752750257,0.00011507513352199892,0.008910961927470588,9.426965722527406e-05,0.038272767850094855
tumor_1,tumor_1,CCR5,19659,0.004913475901381889,0.00013405868109894696,0.010987739336935415,0.00010487652673042823,0.04478398128892864
tumor_1,tumor_1,CCR7,19659,0.004879506722252183,0.0001437818680021159,0.010966203241391638,0.00010973885443282306,0.043140430702395975
tumor_1,tumor_1,CCRL2,19659,0.003586532687145374,9.805634577423086e-05,0.008221564248311865,7.474907583479542e-05,0.03267533629543247
tumor_1,tumor_1,CD14,19659,0.011678518452800272,0.0003374510578515374,0.027662326084933388,0.00024901025061036013,0.1254064874635597
tumor_1,tumor_1,CD163,19659,0.007318128626264457,0.00023546496909345827,0.019317719208546923,0.00016864943060588956,0.07988821758943257
tumor_1,tumor_1,CD164,19659,0.011761260320499707,0.0008894081042779971,0.06948836735114608,0.0006624286536678182,0.36826918784902396
tumor_1,tumor_1,CD19,19659,0.0084597044256625,0.00020489433446236382,0.016270581528393207,0.00016528836542163683,0.07112694224043689
tumor_1,tumor_1,CD1C,19659,0.008384738352489964,0.00018777259370855967,0.015384948898069956,0.0001520757042584367,0.0767638927021861
tumor_1,tumor_1,CD2,19659,0.0021883128006839345,9.81426201373229e-05,0.007903503916136364,7.851528541509942e-05,0.03687090068767606
tumor_1,tumor_1,CD209,19659,0.007318389660701685,0.00018220205291199533,0.0145387501758136,0.00014228789835403117,0.05722360383484744
tumor_1,tumor_1,CD22,19659,0.002412809866549079,7.983126309785408e-05,0.0061472401987063725,6.315036274718646e-05,0.023693018601306126
tumor_1,tumor_1,CD24,19659,0.02802857478057851,0.001016547198283508,0.07731461530814523,0.000810357616507549,0.467695201527856
tumor_1,tumor_1,CD27,19659,0.008632798406905985,0.00017044669503824198,0.01435482120184971,0.00014338711711073563,0.08014760031400221
tumor_1,tumor_1,CD274,19659,0.005174224478305804,0.00017736275413068552,0.01405025653244433,0.00014016371053324786,0.058951702996686374
tumor_1,tumor_1,CD276,19659,0.016948181433912062,0.0007245729964552885,0.056099015571573686,0.0005546060254578344,0.2569422613459996
tumor_1,tumor_1,CD28,19659,0.005271576628484002,0.00017074965681681712,0.012994460295403774,0.00013408172778258144,0.05703517006509897
tumor_1,tumor_1,CD300A,19659,0.006495930988832268,0.0001402355196350998,0.01158399327603258,0.00011438414911084568,0.05645677267667021
tumor_1,tumor_1,CD33,19659,0.00448978686609726,0.00010633858158580725,0.00855544771469197,8.789476616883356e-05,0.04395466004096678
tumor_1,tumor_1,CD34,19659,0.008854917352579015,0.00023044888243352584,0.01840133466931459,0.00017669972692530638,0.07721923342842377
tumor_1,tumor_1,CD36,19659,0.0064952559560234905,0.00011534310253470349,0.010439466885722852,9.278025712518664e-05,0.045693728309910094
tumor_1,tumor_1,CD37,19659,0.004967505940707473,0.00011548234305192208,0.009683575644474047,9.73771489969713e-05,0.0429188764194168
tumor_1,tumor_1,CD38,19659,0.007216674149691895,0.0001996599207817573,0.015940025686528823,0.00015781731652302617,0.06781109080946426
tumor_1,tumor_1,CD3D,19659,0.004519359187552597,9.89676652113784e-05,0.008108399541957332,8.742644072043528e-05,0.05586800141254224
tumor_1,tumor_1,CD3E,19659,0.004236849433661881,9.986626589887149e-05,0.008230203638095155,8.095490989225296e-05,0.03258170064007065
tumor_1,tumor_1,CD3G,19659,0.006234927288681008,0.00015876071967389554,0.012811720083431233,0.00012642459187624139,0.04764678643008002
tumor_1,tumor_1,CD4,19659,0.005718012461056468,0.00011050861973100059,0.009773360569312583,8.820711674905333e-05,0.060483019963436115
tumor_1,tumor_1,CD40,19659,0.008045885537104745,0.000333200740013417,0.025892278738229864,0.0002486254825526691,0.10578980881415412
tumor_1,tumor_1,CD40LG,19659,0.0050260361020026765,0.00014871451001494086,0.011383718819708922,0.00012237100996532986,0.05802424161304369
tumor_1,tumor_1,CD44,19659,0.030616878225073047,0.0006055761602295646,0.04917165775016093,0.0005225348591921323,0.23060549399112018
tumor_1,tumor_1,CD47,19659,0.009927077374728848,0.00033655622476371096,0.02630091032685864,0.00025672266598446167,0.11909161091729217
tumor_1,tumor_1,CD48,19659,0.004185653491711921,6.860553405275514e-05,0.0061856653864889935,6.163509967520293e-05,0.04110353933510438
tumor_1,tumor_1,CD52,19659,0.0030092436282528026,6.996182222161724e-05,0.006199208217383976,5.88033731687521e-05,0.038459620341770216
tumor_1,tumor_1,CD53,19659,0.007716956975494113,0.00013834286204919796,0.012115361954375126,0.000111543431547546,0.06303519413389189
tumor_1,tumor_1,CD55,19659,0.007396720292530258,0.00021741300016854683,0.016618522974655898,0.00017835202862257987,0.06706073456059121
tumor_1,tumor_1,CD58,19659,0.006386839919209328,0.0002667054513026197,0.02116856992443833,0.00020249407627875822,0.08552447280377193
tumor_1,tumor_1,CD59,19659,0.02177415469603938,0.0010717891843956442,0.08323305981206998,0.0008190479075781318,0.4182426246583809
tumor_1,tumor_1,CD5L,19659,0.005796712962510224,0.00013285632985044702,0.011782362569129002,9.89844878459622e-05,0.05810771679533265
tumor_1,tumor_1,CD63,19659,0.011069310370483441,0.0013159276701228313,0.10322089354485406,0.0009602959122654441,0.6239864666782047
tumor_1,tumor_1,CD68,19659,0.023993011346624838,0.0006139421828424591,0.04995521692398952,0.0004833758072240989,0.23328642897777105
tumor_1,tumor_1,CD69,19659,0.00484994326030899,0.00012755394614169874,0.010686408292152167,0.00010363697566271882,0.05118663107381821
tumor_1,tumor_1,CD70,19659,0.0029883311479962354,7.582575386265978e-05,0.006137967141704901,6.157989714304647e-05,0.03004828779027305
tumor_1,tumor_1,CD74,19659,0.037211626324228655,0.0014120547334770938,0.10475619311625761,0.0010754889862848005,0.8019287568851032
tumor_1,tumor_1,CD79A,19659,0.004429648988623688,0.00011203329055280406,0.009706726178543554,8.954766613634796e-05,0.04145579779576398
tumor_1,tumor_1,CD80,19659,0.005159571671835596,0.00018567471679742205,0.014088837918935592,0.00014439920535939103,0.05953638539593812
tumor_1,tumor_1,CD81,19659,0.025133690026541033,0.0012050435263243242,0.09340471215877748,0.0009242097978230811,0.5231787097485707
tumor_1,tumor_1,CD83,19659,0.007028038139309629,0.00017962900870777896,0.014322194251930093,0.00014873033724615512,0.07299450317744194
tumor_1,tumor_1,CD84,19659,0.005972894901793758,0.00015784350276316285,0.012521399839550182,0.00012624196595706114,0.05228137244329513
tumor_1,tumor_1,CD86,19659,0.0063965275998698334,0.00014137273636272672,0.011350703492275172,0.00011542687583772394,0.04557415976286423
tumor_1,tumor_1,CD8A,19659,0.007605487442301527,0.00016082727856788019,0.013705675215583768,0.00013111441334712692,0.0715998786964253
tumor_1,tumor_1,CD8B,19659,0.006388920481656462,0.00014609889019793001,0.011706022718747253,0.00012273135764667738,0.06247243912989971
tumor_1,tumor_1,CD9,19659,0.01527605775137906,0.0006549390998841053,0.05184938869402066,0.0004957433059384004,0.2577824698556312
tumor_1,tumor_1,CD93,19659,0.0051957274517854994,0.00011711862140477505,0.010590422920574013,8.623942748514441e-05,0.0483804496581213
tumor_1,tumor_1,CDH1,19659,0.010612233092114834,0.00043252741139594773,0.033521895849302895,0.0003343704804553638,0.16469391393790483
tumor_1,tumor_1,CDH11,19659,0.006373267111698816,0.00017416826750098742,0.013806597287655546,0.00014155940143747894,0.04588686636980931
tumor_1,tumor_1,CDH19,19659,0.0062344772530432266,0.0001494114038303217,0.01229221541395206,0.00011693136757070338,0.049415420234599675
tumor_1,tumor_1,CDH5,19659,0.007692899845142204,0.0001672160279421569,0.013953693716642929,0.0001393754932204684,0.061477961618883116
tumor_1,tumor_1,CDKN1A,19659,0.017715644173075775,0.0010953449853792088,0.08495414920942354,0.0008155986214225407,0.4656101414102358
tumor_1,tumor_1,CDKN3,19659,0.007489160228772851,0.0002972530004306707,0.022998921718140282,0.0002235728691762048,0.116952069357106
tumor_1,tumor_1,CEACAM1,19659,0.003518749255005004,0.00013828811588292186,0.010954102409074162,0.00010214781470433193,0.04243649284763851
tumor_1,tumor_1,CEACAM6,19659,0.003628649308455503,0.00010715781481148894,0.008113909497210156,8.497398809116641e-05,0.0344753049406307
tumor_1,tumor_1,CELSR1,19659,0.012828123515863692,0.0004061142573258617,0.03136093102384781,0.000330354080328028,0.15183700786470167
tumor_1,tumor_1,CELSR2,19659,0.0074481029089803075,0.00025539233214377365,0.02006408332236078,0.00019658853082851922,0.08875669577033622
tumor_1,tumor_1,CENPF,19659,0.005882229221986829,0.00022454564577760496,0.017641079140159277,0.00017668394547496022,0.10051981325478318
tumor_1,tumor_1,CFD,19659,0.009320481087411946,0.00022687201030478966,0.018464833601280838,0.00018139193880658432,0.06435370952010919
tumor_1,tumor_1,CFLAR,19659,0.007794014758099657,0.00031274454233960405,0.024231588361855926,0.00024069516922704606,0.1317300982835973
tumor_1,tumor_1,CHEK1,19659,0.007813738254901587,0.0002947473089343605,0.0225977735026471,0.0002279681342464152,0.0966195195537124
tumor_1,tumor_1,CHEK2,19659,0.007651259275744979,0.00027488381237008924,0.021496688018989886,0.00021188302845012364,0.09179562627480166
tumor_1,tumor_1,CHI3L1,19659,0.008887654594212275,0.00021354732417117506,0.01846619609501892,0.00015652807963725444,0.07017795514010235
tumor_1,tumor_1,CIDEA,19659,0.004396294226091209,0.00010187203932803051,0.008113687104869144,8.514943781727434e-05,0.03776436007523355
tumor_1,tumor_1,CIITA,19659,0.008270230685686235,0.0002891675533907139,0.021766257349076633,0.00022165943756874954,0.10921366591879467
tumor_1,tumor_1,CLCF1,19659,0.008690546738727403,0.0002135178894418972,0.017010036475445845,0.00017560438635405475,0.07959071968647684
tumor_1,tumor_1,CLDN4,19659,0.011243157262121176,0.0004619000814249987,0.03630127564217668,0.00035209113168964065,0.17127584255838554
tumor_1,tumor_1,CLEC10A,19659,0.003307505293396196,9.244259032365894e-05,0.007496760863433871,6.84933859160009e-05,0.032189094390719854
tumor_1,tumor_1,CLEC12A,19659,0.004732011339052419,0.0001545966912918752,0.011943416965246015,0.00011327988810649248,0.0503713544032172
tumor_1,tumor_1,CLEC14A,19659,0.004522131775996681,8.370173361546931e-05,0.0073049663678565815,7.074096665592447e-05,0.02476693439107392
tumor_1,tumor_1,CLEC1A,19659,0.0058256595909227495,0.0001342263006323781,0.01080901421708584,0.00010407058586636307,0.04614356824395775
tumor_1,tumor_1,CLEC2B,19659,0.004301914796514578,0.00010560440078092748,0.008688112194424138,8.339522353333385e-05,0.03203518023340736
tumor_1,tumor_1,CLEC2D,19659,0.00724050949306661,0.00020831512997406944,0.016354931429983757,0.00016375474028108454,0.07575504691285309
tumor_1,tumor_1,CLEC4A,19659,0.006596478185203286,0.00016776836733751752,0.013821292669253717,0.0001389353071388457,0.06483371242799059
tumor_1,tumor_1,CLEC4D,19659,0.0047745466610627394,0.00011007656846833325,0.008567674878024517,9.15655962600507e-05,0.04294955248206416
tumor_1,tumor_1,CLEC4E,19659,0.0021051682358776964,9.732245819257993e-05,0.007890931174889176,7.330511141673073e-05,0.032018792189682746
tumor_1,tumor_1,CLEC5A,19659,0.003661085457861154,6.91605424823428e-05,0.005592875914829427,6.0892659158954e-05,0.0311967087451199
tumor_1,tumor_1,CLEC7A,19659,0.0048653394506564035,0.00013511643653493988,0.010831152813305305,0.00010576371477183281,0.05359334988819668
tumor_1,tumor_1,CLOCK,19659,0.005443462718051155,0.0002727186941583134,0.021586350806811077,0.0002041049752216614,0.08181943030704572
tumor_1,tumor_1,CLU,19659,0.0020919321164480456,0.0016458584836815011,0.12950638000201922,0.0012051890030348928,0.8856103408130421
tumor_1,tumor_1,CMKLR1,19659,0.006471225236041498,0.00016121651831136206,0.012361607025178483,0.000133557418300498,0.05594001232013797
tumor_1,tumor_1,CNTFR,19659,0.009131072919786027,0.00021347505083551359,0.017308705146222424,0.0001780474400536268,0.08129997546034476
tumor_1,tumor_1,COL11A1,19659,0.003117895053031736,8.8764604112505e-05,0.0071562109940724985,6.947448662449477e-05,0.04454923307992069
tumor_1,tumor_1,COL12A1,19659,0.005813725081234193,0.00012701774064264348,0.009965576822117893,0.00010450726910303442,0.040471718912113624
tumor_1,tumor_1,COL14A1,19659,0.007583466104729532,0.00020408728862894807,0.015759742230778005,0.00016165460270032653,0.054729368239803566
tumor_1,tumor_1,COL15A1,19659,0.00858541473689051,0.0002867549542357411,0.022576541227934305,0.00022163205794845,0.08280327255588857
tumor_1,tumor_1,COL16A1,19659,0.0076699456887682465,0.00035101179776535646,0.026983789368424348,0.0002670794691686645,0.10345465053868523
tumor_1,tumor_1,COL17A1,19659,0.005694720687905956,0.00016807739123959406,0.0136478746570101,0.00012989135612576815,0.045097041101242054
tumor_1,tumor_1,COL18A1,19659,0.016286770364176667,0.0005886174909569902,0.04827937677761672,0.0004270263509644103,0.22184413827450106
tumor_1,tumor_1,COL1A1,19659,0.009268697004791233,0.0002668604036641167,0.021631194394237406,0.0002023372792558677,0.09310179165003635
tumor_1,tumor_1,COL1A2,19659,0.004024948901476694,6.0469460885904026e-05,0.0056187066163613224,5.049233240236832e-05,0.03013281581780075
tumor_1,tumor_1,COL21A1,19659,0.003664588450561572,0.00010060572313258154,0.008148317599957227,8.344148960558163e-05,0.0313294124694893
tumor_1,tumor_1,COL27A1,19659,0.014482216644652277,0.0005804283735558933,0.04487743453381503,0.00045534771487838277,0.2556771051375944
tumor_1,tumor_1,COL3A1,19659,0.007727953938932081,0.00039730678188911253,0.028878222228883876,0.0002937846156058831,0.2512459829654449
tumor_1,tumor_1,COL4A1,19659,0.009174523319696776,0.00020496357112695731,0.018115865782191678,0.00013746126821468876,0.08006845229047364
tumor_1,tumor_1,COL4A2,19659,0.007253784783452853,0.00018897371753899715,0.015935374305985885,0.00013398043139726252,0.07757729843151906
tumor_1,tumor_1,COL4A5,19659,0.004387292311396983,0.0001588753749416356,0.012219744246105608,0.00012026410866360113,0.050381993697329895
tumor_1,tumor_1,COL5A1,19659,0.005416862095362325,0.00015828337611617868,0.012721088603624742,0.00011891804223560754,0.0450240427575468
tumor_1,tumor_1,COL5A2,19659,0.005855713735083588,0.00013290422818583073,0.010725830645564604,0.00010447199862267438,0.05053234563207628
tumor_1,tumor_1,COL5A3,19659,0.004629982346668366,0.0001042255132412878,0.009270917685067919,7.944165791552202e-05,0.04634308985116696
tumor_1,tumor_1,COL6A1,19659,0.012073740161876905,0.0004972161481347353,0.03903411696212806,0.0003807620185350099,0.18812925602613978
tumor_1,tumor_1,COL6A2,19659,0.017249358110492954,0.00026966033962244,0.024168201589658565,0.00023018464392646491,0.10407382580817914
tumor_1,tumor_1,COL6A3,19659,0.005481438225007203,0.00012655812524011386,0.010715282814727587,0.00010438162473026027,0.04942480987496571
tumor_1,tumor_1,COL8A1,19659,0.0034155979805930922,8.921732603127694e-05,0.00714717635267505,7.561057414353515e-05,0.02521369374593731
tumor_1,tumor_1,COL9A2,19659,0.02049284901512014,0.0004599092051289507,0.0354275194908911,0.00039092191196571217,0.19663961885127304
tumor_1,tumor_1,COL9A3,19659,0.011778981423607962,0.00036122274412155926,0.028037711753539262,0.0002901437762928436,0.12045410783444925
tumor_1,tumor_1,COTL1,19659,0.0175356177098896,0.00036391900468054234,0.031567694286823544,0.0002840854262404744,0.14338993482111767
tumor_1,tumor_1,COX4I2,19659,0.006196942358606086,0.0001537710663602451,0.012428644104525838,0.00012037795633016796,0.04192547295855841
tumor_1,tumor_1,CPA3,19659,0.004174291631460794,0.0001332868177727825,0.01036617738910393,0.00010551998222344722,0.03711705473842532
tumor_1,tumor_1,CPB1,19659,0.0035814353732021827,8.95924957030278e-05,0.007214062780447297,7.878208581448534e-05,0.02886234495652639
tumor_1,tumor_1,CRIP1,19659,0.015429817601220521,0.00028950449235560567,0.024863500791527507,0.0002413992535662801,0.09650189058954703
tumor_1,tumor_1,CRP,19659,0.006017754169027403,0.00017073480284071044,0.01349856758510481,0.00014004450574511552,0.056991364617923465
tumor_1,tumor_1,CRYAB,19659,0.04626688185557298,0.0010097129380112076,0.08221419591589205,0.0008207186383201556,0.44143973433045575
tumor_1,tumor_1,CSF1,19659,0.01165626458483063,0.0005553871570827724,0.043231117342530004,0.00041914633121078283,0.21669209114335874
tumor_1,tumor_1,CSF1R,19659,0.006883326748823665,0.00016938789087811063,0.014040144786099013,0.00012853781076330905,0.07818113057309435
tumor_1,tumor_1,CSF2,19659,0.007932840994351684,0.00014149648055465313,0.011837906714143556,0.00012176018046844328,0.056032702923441466
tumor_1,tumor_1,CSF2RA,19659,0.004091799045288108,8.857458642183952e-05,0.007363988114816046,7.51718434110036e-05,0.0396097069730577
tumor_1,tumor_1,CSF2RB,19659,0.005048840395529988,0.0001256643548663395,0.010132974934894437,9.815347660713559e-05,0.052125934648599714
tumor_1,tumor_1,CSF3,19659,0.00431982576659476,9.993805024649612e-05,0.007590463916463705,8.295751455218482e-05,0.032397077727892847
tumor_1,tumor_1,CSF3R,19659,0.0027035536032939977,9.408972512949436e-05,0.007506446769417736,7.605089055022203e-05,0.04210689039911634
tumor_1,tumor_1,CSHL1,19659,0.008283627377838155,0.0001462768003200152,0.011839663210308883,0.0001236163595720057,0.06438291574665016
tumor_1,tumor_1,CSK,19659,0.01071716334094574,0.0006816753104243441,0.053301013403772204,0.000508693073659658,0.2564015255217246
tumor_1,tumor_1,CSPG4,19659,0.008452120536516778,0.0001935233414456671,0.0157278548820045,0.00015450601620176335,0.08042337221430136
tumor_1,tumor_1,CST7,19659,0.005298717028156641,9.831308364897577e-05,0.008623213278831494,8.4233684598074e-05,0.049210984120413324
tumor_1,tumor_1,CSTB,19659,0.021602017242576845,0.001235841600259938,0.09711289501824918,0.0009083326622001404,0.5056666898517859
tumor_1,tumor_1,CTLA4,19659,0.00212841306549331,6.6047488330591e-05,0.005555109016123912,5.057759458372684e-05,0.025325488659434597
tumor_1,tumor_1,CTNNB1,19659,0.01273123484248983,0.0007325034120459763,0.05825658051990242,0.0005286764028100531,0.31077326236437763
tumor_1,tumor_1,CTSD,19659,0.03124508361065261,0.001639817779089248,0.12523322393499484,0.0012627213454403734,0.8434536417869445
tumor_1,tumor_1,CTSG,19659,0.0028768553745420907,7.936469621082653e-05,0.006598560911147962,6.484207856059373e-05,0.024787718549149507
tumor_1,tumor_1,CTSW,19659,0.006156110073480945,0.00012760726873689812,0.010506114513625174,0.00010261349373451348,0.04619677048561495
tumor_1,tumor_1,CUZD1,19659,0.005302641828813,0.00011172963059303811,0.008897320302507911,8.93362600494133e-05,0.047093062407663505
tumor_1,tumor_1,CX3CL1,19659,0.013434331136062991,0.0003947330410452115,0.031082602138390147,0.00031527376017656815,0.13938933468553624
tumor_1,tumor_1,CX3CR1,19659,0.0060510871108458205,0.00018485562913478836,0.015038821003702746,0.00014259226728018055,0.0551943818950106
tumor_1,tumor_1,CXCL1,19659,0.016232658365967913,0.00046400642593691046,0.036875345894220854,0.00035314073322911083,0.19937057552824156
tumor_1,tumor_1,CXCL10,19659,0.003602512583824048,0.00034541948464109914,0.027047434914558695,0.00024332482552031842,0.22299799842735818
tumor_1,tumor_1,CXCL12,19659,0.009606938183290972,0.00033799714671702344,0.027532925431976312,0.0002653587596578182,0.11869746276400708
tumor_1,tumor_1,CXCL13,19659,0.00498354523983695,0.00010221615731783695,0.00823548989351942,8.688484213136982e-05,0.04647234249075183
tumor_1,tumor_1,CXCL14,19659,0.005558736045779524,0.0001531492743107067,0.012739352499776707,0.00013178205334013845,0.05533229691636397
tumor_1,tumor_1,CXCL16,19659,0.012153634784225015,0.0005002268057763941,0.039408529343514506,0.00038373381686516197,0.20355984290539125
tumor_1,tumor_1,CXCL17,19659,0.0065036202709604736,0.0001355620106094642,0.01137884350478296,0.00010953373177392171,0.05162683780380226
tumor_1,tumor_1,CXCL5,19659,0.011787296861088568,0.0002955584333615841,0.023172737221118477,0.00024270426081149078,0.11057000947967724
tumor_1,tumor_1,CXCL8,19659,0.006810062388470281,0.00014359947407896126,0.011413428440052957,0.00011729704116475834,0.06551148812117302
tumor_1,tumor_1,CXCL9,19659,0.010761074672639143,0.000585945102847533,0.04583617290742008,0.00041990750923726625,0.45506819311533553
tumor_1,tumor_1,CXCR1,19659,0.005286690964264457,0.00016216157249241965,0.012108443950931217,0.00012542349555686125,0.051961112890161996
tumor_1,tumor_1,CXCR2,19659,0.006086969434275762,0.0001636609633157507,0.013167421580477753,0.0001294260841063279,0.059982691644418475
tumor_1,tumor_1,CXCR3,19659,0.010102061341611943,0.0002222796002430339,0.017645053339457827,0.00019040532939008212,0.0835826550791035
tumor_1,tumor_1,CXCR4,19659,0.010563996591909814,0.00022354809487592746,0.01881187084248951,0.00016899785500053944,0.09055937808402989
tumor_1,tumor_1,CXCR5,19659,0.006211791527223745,0.0001614013098513575,0.012752582990804165,0.00012707078605290627,0.06253040595009585
tumor_1,tumor_1,CXCR6,19659,0.004412228612355621,0.00016251518687009702,0.01281049213727072,0.00012912148950558323,0.048039121844430446
tumor_1,tumor_1,CYP1B1,19659,0.007105195281611278,0.00017735839444463946,0.013847216668420457,0.0001424925180501763,0.05245144607951756
tumor_1,tumor_1,CYP2U1,19659,0.006410633639429506,0.00017936733995045317,0.01388107704928539,0.0001480187393867421,0.06757635330042114
tumor_1,tumor_1,CYSTM1,19659,0.011639849418971369,0.0011793816208075364,0.09248297519207678,0.0008715437819821086,0.4677209729982855
tumor_1,tumor_1,CYTOR,19659,0.016712277214044807,0.0005540184023246918,0.04335737400891998,0.00042649698401325164,0.2016366349446323
tumor_1,tumor_1,DCN,19659,0.005453193016277124,0.00014877430971119566,0.012849144386863307,0.0001247180662529835,0.05267218959755561
tumor_1,tumor_1,DDC,19659,0.00558679603780719,0.0003664513427312541,0.029412306589769642,0.0002688335028681823,0.17188243810989473
tumor_1,tumor_1,DDIT3,19659,0.007593288188786478,0.00026089650442626805,0.021073237623226534,0.00020279403086112085,0.09361842262421557
tumor_1,tumor_1,DDR1,19659,0.021882362690663702,0.0007398900067573748,0.05618092321195123,0.0005965256721234739,0.3010138605935522
tumor_1,tumor_1,DDR2,19659,0.006479100489799333,0.00014459766398516828,0.01173453161873261,0.00011543991072973611,0.05975864758991446
tumor_1,tumor_1,DDX58,19659,0.007031513081132165,0.00020372707507189072,0.01641012772494604,0.0001614064143040429,0.06795464362772438
tumor_1,tumor_1,DHRS2,19659,0.007911969429612791,0.00026168991322428196,0.02044117064131628,0.0002023479716287335,0.0866313167359957
tumor_1,tumor_1,DLL1,19659,0.01042298454938356,0.00025696209049274585,0.020263177202467324,0.00021132311722720643,0.0826015129547286
tumor_1,tumor_1,DLL4,19659,0.006246334149537416,0.0001557144575811831,0.012496111999309955,0.00012333211006207364,0.05676273080983156
tumor_1,tumor_1,DMBT1,19659,0.0047870649333058455,0.0001391246022375848,0.010848598450043675,0.00011375100917170173,0.04336337083017373
tumor_1,tumor_1,DNMT1,19659,0.009344922612464609,0.0004568843281975294,0.036456779131953714,0.00033517610235843484,0.14268937071846993
tumor_1,tumor_1,DNMT3A,19659,0.009127440613976506,0.000437623339994446,0.034853755937237066,0.0003287437858183461,0.1696679781269265
tumor_1,tumor_1,DPP4,19659,0.013953248112289023,0.0006697209298427812,0.0524761604532261,0.0005107613386228857,0.24591365687570113
tumor_1,tumor_1,DPT,19659,0.004077217050624001,0.0001568714730672244,0.012065384345269074,0.00012375524898993262,0.05441108265222986
tumor_1,tumor_1,DST,19659,0.006349101312815429,0.00028063861031138665,0.02220427714497343,0.0002150575005640361,0.09207038715210962
tumor_1,tumor_1,DUSP1,19659,0.033666733624355336,0.0011408731679768643,0.08769681872620447,0.0008883841179343407,0.5226539305175819
tumor_1,tumor_1,DUSP2,19659,0.004946003246686136,0.0001677509110301827,0.01275226314686149,0.00013246979531988503,0.06995374760909791
tumor_1,tumor_1,DUSP4,19659,0.0065313995767705395,0.00016128948526480846,0.01295383021980325,0.00013171770834058654,0.05439039150282089
tumor_1,tumor_1,DUSP5,19659,0.0056113598423990696,0.0001127450756576223,0.009037174007156496,9.320180553849588e-05,0.04276610337610783
tumor_1,tumor_1,DUSP6,19659,0.019352594628783044,0.0008381441624990104,0.06624677612917287,0.0006226186146467089,0.28527820013456423
tumor_1,tumor_1,EFNA1,19659,0.02599487223127727,0.0006255618305619102,0.047028843726631374,0.0005549212313942488,0.3726873384737557
tumor_1,tumor_1,EFNA4,19659,0.012167783606111673,0.00034898601043553863,0.02730766131538217,0.0002812221329792068,0.13746141791754035
tumor_1,tumor_1,EFNA5,19659,0.005370857370692352,0.0002088857087550717,0.01709268669166892,0.0001578625814216084,0.07094527066110203
tumor_1,tumor_1,EFNB1,19659,0.0103401140960408,0.0003780738120169651,0.029428389480764715,0.0002949500531389524,0.14079090338062236
tumor_1,tumor_1,EFNB2,19659,0.0031721883745204306,0.00011571901532043833,0.009058868605420854,8.679490567537909e-05,0.039811140371889084
tumor_1,tumor_1,EGF,19659,0.007405539942905591,0.0002455176414692594,0.019212622193682048,0.00019371284724647815,0.07563566575300265
tumor_1,tumor_1,EGFR,19659,0.008949690018116584,0.0006594687264250672,0.0514914509890668,0.0004955006998615278,0.27174860283588737
tumor_1,tumor_1,EIF5A,19659,0.014651640579070317,0.001032065801494357,0.08126622025925805,0.0007410526918540227,0.40855418468286053
tumor_1,tumor_1,ELANE,19659,0.003669128159131756,0.00011343836554300971,0.009319271114120226,8.538948623502527e-05,0.052659490414352084
tumor_1,tumor_1,EMP3,19659,0.017032812039834345,0.0004895848569346551,0.03865643356785044,0.00039040173457683606,0.17183010919225966
tumor_1,tumor_1,ENG,19659,0.008876020428282352,0.00017274448354412237,0.014718480365337294,0.00014044613847883383,0.06440659995880313
tumor_1,tumor_1,ENO1,19659,0.05962516491386891,0.0015729490001930256,0.11677866534427801,0.0013488107256653936,0.7853483433035141
tumor_1,tumor_1,ENTPD1,19659,0.00462264500756778,0.00010088284274325306,0.008275260123299117,7.97469829714455e-05,0.04097988099172027
tumor_1,tumor_1,EOMES,19659,0.0017256159500946447,5.360236861750851e-05,0.004439145370866296,4.187914488676843e-05,0.020028826325373453
tumor_1,tumor_1,EPCAM,19659,0.006131393015219813,0.0002879767501539485,0.02249912768593844,0.000222916014923992,0.13157359210712044
tumor_1,tumor_1,EPHA2,19659,0.010503426697969269,0.00037183849573144736,0.028829143772254096,0.0002891047940824057,0.1257113766301927
tumor_1,tumor_1,EPHA3,19659,0.005982672580914774,0.00015159783674383463,0.012122614987341303,0.00012139931398148344,0.05211698258005407
tumor_1,tumor_1,EPHA4,19659,0.002716326756610632,7.384245052228363e-05,0.005834917104875745,5.7234059081161026e-05,0.022953623760126135
tumor_1,tumor_1,EPHA7,19659,0.0029249184895673496,6.756349561360435e-05,0.0055094371060886976,5.703000037358613e-05,0.030267202340447347
tumor_1,tumor_1,EPHB2,19659,0.004291430860440423,0.00016481190563175904,0.012907597448063237,0.00012759092545279493,0.0739391811250957
tumor_1,tumor_1,EPHB3,19659,0.007332786751821129,0.0001956860972756096,0.015478213058372547,0.0001623276490220008,0.06390379494775984
tumor_1,tumor_1,EPHB4,19659,0.007236207325993646,0.0001366590857823221,0.011491486839753009,0.00011870450008007892,0.06101946997246307
tumor_1,tumor_1,EPHB6,19659,0.004409977953679782,0.00013806765515647228,0.010876608564446336,0.00010669107528427316,0.05003766886233145
tumor_1,tumor_1,EPOR,19659,0.007012183086850816,0.0001888539009330068,0.015093373463506785,0.00015312119549675186,0.07142597504873005
tumor_1,tumor_1,ERBB2,19659,0.00998701024968716,0.0003883725264143612,0.030251362489316497,0.0003025290838506118,0.13935559880718482
tumor_1,tumor_1,ERBB3,19659,0.00615486633094857,0.0003597802854439896,0.027510868525260447,0.0002698394365652106,0.13983556640383593
tumor_1,tumor_1,ESAM,19659,0.00840678207269387,0.00023007226902232254,0.0185944332222173,0.0001751945268288688,0.06888315706235842
tumor_1,tumor_1,ESR1,19659,0.0053108421583479976,0.00010777466114601435,0.008956729369414723,9.318514286710202e-05,0.055091142623821907
tumor_1,tumor_1,ETS1,19659,0.007910237549235427,0.00023414832440793557,0.019576793170533457,0.00017414114831968092,0.090159085640918
tumor_1,tumor_1,ETV4,19659,0.005473176086209387,0.00017295438926810366,0.01368360346058777,0.00013857602598975037,0.08136252813751645
tumor_1,tumor_1,ETV5,19659,0.007394909953607654,0.00028583247924718504,0.022517489579830872,0.00022145485434047678,0.08329592601213207
tumor_1,tumor_1,EZH2,19659,0.006232383559286512,0.00029369343545051347,0.023295809881657636,0.0002233760875841134,0.09972761274809823
tumor_1,tumor_1,EZR,19659,0.025354676364833482,0.0010427188859001356,0.07937738035174835,0.000824589891981098,0.438053850610002
tumor_1,tumor_1,FABP4,19659,0.00546448610632203,0.000126012813787244,0.010497010887446374,0.00010536943226124449,0.046431912568882
tumor_1,tumor_1,FABP5,19659,0.012709253257241612,0.0003253355488500337,0.026063563075759667,0.0002665047473947057,0.11680955375543896
tumor_1,tumor_1,FAM30A,19659,0.007144472460371129,0.00019296060140880757,0.015015650941399731,0.0001523126554364213,0.056762944100352965
tumor_1,tumor_1,FAP,19659,0.005196224514447489,0.00015079420570908165,0.01164245804524679,0.00011538472465899674,0.05290404594789262
tumor_1,tumor_1,FAS,19659,0.004856832959578866,0.00012431071877451306,0.010626394695118812,9.940021040806486e-05,0.04059344745076637
tumor_1,tumor_1,FASLG,19659,0.00806552054750822,0.00018939927672306184,0.015238791824244518,0.00015306171404890853,0.05765976269333385
tumor_1,tumor_1,FASN,19659,0.006518271895424627,0.0006161141367119283,0.05024835961599444,0.00044048765002739567,0.2181422966677696
tumor_1,tumor_1,FAU,19659,0.020926899144775513,0.001285396515460039,0.09988950208910358,0.0009494683571181245,0.5338944753300191
tumor_1,tumor_1,FCER1G,19659,0.003591431056753463,0.00013504470999555588,0.01109268887612683,0.00010253613552496418,0.04676629464539593
tumor_1,tumor_1,FCGBP,19659,0.005450952418630405,0.00013260679517829304,0.010520099332290173,0.00011113377832574724,0.04499153992652072
tumor_1,tumor_1,FCGR3A,19659,0.012664771345642284,0.00025967501714121576,0.02236316969906566,0.00020563861146558003,0.10582049260899815
tumor_1,tumor_1,FCRLA,19659,0.007575494826716982,0.0002127017019406334,0.016741976430777482,0.00017098743461987928,0.07438069107629217
tumor_1,tumor_1,FES,19659,0.005806808641482736,0.0005096019726914903,0.0409977003610615,0.00036011223432537377,0.18742585808941412
tumor_1,tumor_1,FFAR2,19659,0.007267085013069674,0.00016153734888201142,0.012548972498095879,0.00013712066425662176,0.07049987587326115
tumor_1,tumor_1,FFAR3,19659,0.008837648302966718,0.0002880749970486803,0.02257548601139061,0.00022472753942427004,0.09128001990499811
tumor_1,tumor_1,FFAR4,19659,0.005192142485170189,0.00016026854288428354,0.012754105240650623,0.0001245687150132449,0.05827477244376974
tumor_1,tumor_1,FGF1,19659,0.0034892026993923915,6.880159564121085e-05,0.005583943232684172,5.579539058481407e-05,0.02985458592078572
tumor_1,tumor_1,FGF12,19659,0.006483000893068296,0.00015664414142258745,0.012587024811464839,0.00012818136963771806,0.05066342694292405
tumor_1,tumor_1,FGF13,19659,0.0104691982624591,0.0003257460655374388,0.026112437838054586,0.00025413369583229367,0.10722979669668872
tumor_1,tumor_1,FGF18,19659,0.008523373100152418,0.0003885186900204594,0.029533379350681493,0.00029699257721931867,0.16682889221438318
tumor_1,tumor_1,FGF2,19659,0.006262244149502283,0.00013469545804686736,0.010523709897840646,0.000111402622428294,0.049999541324344664
tumor_1,tumor_1,FGF7,19659,0.004198786574247922,0.0001104479031171997,0.008670314479128662,9.705215778380507e-05,0.044670380510871646
tumor_1,tumor_1,FGF9,19659,0.006262078104896293,0.0001460854644143488,0.011698873876763369,0.00012698195180960506,0.04811788640561612
tumor_1,tumor_1,FGFR1,19659,0.005619350735336319,0.00019071038380216398,0.015004203643370689,0.00014882246539380434,0.05914308162815387
tumor_1,tumor_1,FGFR2,19659,0.0048432176952636925,0.00015512731784730858,0.012829415391625798,0.00011532432013599671,0.05795809271299436
tumor_1,tumor_1,FGFR3,19659,0.007685116563604215,0.0005473146330579794,0.04354683501418812,0.0004114340726801905,0.21630915391789843
tumor_1,tumor_1,FGG,19659,-0.007508978266293603,0.001116094017939517,0.09249445230493668,0.0006765582268027448,0.7456815601521825
tumor_1,tumor_1,FGR,19659,0.004698308576249923,0.00015853008522896257,0.012546964288436265,0.00012181408020603036,0.056898851197867896
tumor_1,tumor_1,FHIT,19659,0.0035512252466642176,0.00012338770604177783,0.009612632530062384,9.196599888257671e-05,0.04161162431938022
tumor_1,tumor_1,FKBP11,19659,0.0022882635690155504,0.0002705313583052571,0.022464430536232496,0.0001889674018811095,0.09615178065880374
tumor_1,tumor_1,FKBP5,19659,0.009419777359372116,0.0012986647570891203,0.09970385650291454,0.0009495464915883546,0.6957776412597371
tumor_1,tumor_1,FLT1,19659,0.007437857435921928,0.00013749733242236683,0.012435750533968818,0.00010994191963589384,0.06124281321587403
tumor_1,tumor_1,FLT3LG,19659,0.006568155228817633,0.00016033673520450572,0.012964128039268389,0.0001291581029294204,0.05026159142834748
tumor_1,tumor_1,FN1,19659,0.009449768209276316,0.0015470859734371127,0.11960848415266374,0.001122139388744426,0.9404600238821109
tumor_1,tumor_1,FOS,19659,0.013908096349039592,0.00025867514788297457,0.021665235237979547,0.00022950124039294384,0.09138770992700182
tumor_1,tumor_1,FOXF1,19659,0.008735384329673284,0.00025646346820023115,0.01972660565318372,0.000211870401904949,0.08282259763832552
tumor_1,tumor_1,FOXP3,19659,0.0038548930485195303,0.00011172153269931483,0.00863653673320731,8.920514412335069e-05,0.04212838175276239
tumor_1,tumor_1,FPR1,19659,0.009038531904656134,0.00019288871746134264,0.016426614224490054,0.0001597862065498862,0.07627381628817351
tumor_1,tumor_1,FYB1,19659,0.005244391715114542,0.00019363196400832717,0.01558278489383605,0.0001506209140058509,0.07174860585336794
tumor_1,tumor_1,FYN,19659,0.004942707189299696,0.0001263365134164749,0.010498607907958908,9.954505001136127e-05,0.047420242794478464
tumor_1,tumor_1,FZD1,19659,0.008448215196451763,0.00020975914516659026,0.016761471253506955,0.0001646158259213936,0.06688978539871787
tumor_1,tumor_1,FZD3,19659,0.004435376576713381,0.00012593197979698746,0.00996909795956773,0.00010503645665467106,0.040004321836061965
tumor_1,tumor_1,FZD4,19659,0.010386321194840582,0.00033576667383800485,0.026422993140041696,0.0002617283931926875,0.12385766625536347
tumor_1,tumor_1,FZD5,19659,0.004464950474261274,0.0003448750337734694,0.026754498192170705,0.0002584153085418258,0.14210895108245053
tumor_1,tumor_1,FZD6,19659,0.007535374608699326,0.000270959651899121,0.0209921987547477,0.00021399365082631067,0.09739885398136092
tumor_1,tumor_1,FZD7,19659,0.008426457694781632,0.0002760342600711023,0.021281438548558643,0.0002256317043576387,0.11282883894943736
tumor_1,tumor_1,FZD8,19659,0.011956583523885112,0.0003657196861230321,0.0281927239065815,0.00029213390913600647,0.1360682217126434
tumor_1,tumor_1,G0S2,19659,0.016345301166319298,0.00052088637303663,0.04139118460567208,0.0004009422756334478,0.1690090751331042
tumor_1,tumor_1,G6PD,19659,0.010828276329406496,0.0008614036765775625,0.06730543314500846,0.0006577792020572415,0.42817600456114147
tumor_1,tumor_1,GADD45B,19659,0.01876217356801512,0.0004923037137706452,0.03842466903220074,0.00041290865425971376,0.219363373986653
tumor_1,tumor_1,GAS6,19659,0.009629239455304896,0.00023919646321103523,0.018564339008449855,0.00019949702648837806,0.0818814045482424
tumor_1,tumor_1,GATA3,19659,0.007609690619288003,0.0001553403259535691,0.01307953021215405,0.00012924823786307594,0.05934049778940621
tumor_1,tumor_1,GC,19659,-0.03778152712389847,0.00139815735959649,0.12710728543912447,0.0008826205522669376,0.9714864387716089
tumor_1,tumor_1,GCG,19659,0.005528627132384882,0.00013816087987127555,0.011067901349265694,0.00011716921561417842,0.048482243476807615
tumor_1,tumor_1,GDF15,19659,0.010666698265694347,0.00026862023532906034,0.02089864553823886,0.00023430835784849855,0.10484713476197045
tumor_1,tumor_1,GLUD1,19659,0.005389432840260933,0.0004857641059466029,0.03914944368830381,0.00035169292499467793,0.1687188618775559
tumor_1,tumor_1,GLUL,19659,0.006373216420771347,0.0014497388885108045,0.11220312209933385,0.0010768940895331783,0.8079135433022732
tumor_1,tumor_1,GNLY,19659,0.003537260812833118,8.68744333386165e-05,0.007341839822547468,6.883126328531505e-05,0.02890883590991856
tumor_1,tumor_1,GPBAR1,19659,0.006641591929875758,0.00019420649547753695,0.015253603507138022,0.00015840160145399776,0.07356920780302989
tumor_1,tumor_1,GPER1,19659,0.010060852935289553,0.00026230689834285965,0.020055760436350867,0.00021447097702548596,0.11201061976620989
tumor_1,tumor_1,GPNMB,19659,0.009226205897761904,0.00020166233316198587,0.017160821867636962,0.00015974714969383585,0.09077581008811167
tumor_1,tumor_1,GPR183,19659,0.0040281345698886025,7.583701632622931e-05,0.006128268338260638,5.5389335609522704e-05,0.030438079857419365
tumor_1,tumor_1,GPX1,19659,0.04194177338547728,0.0013098827871481995,0.10465482148017372,0.0009805557276496082,0.4765134946909063
tumor_1,tumor_1,GPX3,19659,0.0332969167368221,0.00127620443914541,0.09799998959906382,0.0010089361442432313,0.5532009105284306
tumor_1,tumor_1,GSK3B,19659,0.007138884015400475,0.0003676288637757864,0.02925413020086005,0.0002704190875617953,0.14701322549361068
tumor_1,tumor_1,GSN,19659,0.028458921383369758,0.0006649856908468278,0.05269352807807635,0.0005382632607866181,0.2468453280221013
tumor_1,tumor_1,GSTP1,19659,0.009215968645052383,0.0007865680385920755,0.062135140633447786,0.0005759605770773634,0.3181138810343708
tumor_1,tumor_1,GZMA,19659,0.004669835244818633,9.042009267808349e-05,0.007850474543125537,7.335905419345995e-05,0.03394435953237068
tumor_1,tumor_1,GZMB,19659,0.003696205164328368,0.00014356040604735374,0.011093617837479657,0.00010694317596868223,0.046547440171432454
tumor_1,tumor_1,GZMH,19659,0.004856301160397486,0.00012787759617476966,0.009849508597966499,9.972312115767647e-05,0.05047403179169539
tumor_1,tumor_1,GZMK,19659,0.005618349854699884,0.0001269866562300867,0.010243604098693437,0.0001106419706022462,0.045245765113490856
tumor_1,tumor_1,H2AZ1,19659,0.020033606774443186,0.0013368119542859413,0.10427529496665018,0.0010158295686170749,0.6644077636983748
tumor_1,tumor_1,H4C3,19659,0.01882045392667682,0.0012120176554662784,0.09077547706149697,0.0009438436826146084,0.7524237618898449
tumor_1,tumor_1,HAVCR2,19659,0.002959886546637021,7.672832287971422e-05,0.006355934487750033,6.0013536372518994e-05,0.02626351894534379
tumor_1,tumor_1,HBA1,19659,0.012344068063151964,0.0003074157835842096,0.02468077750248653,0.00024990550982318006,0.10988310729950404
tumor_1,tumor_1,HBB,19659,0.009461150030628283,0.0002514017843061795,0.020112124671542744,0.00019403488187257257,0.07864334634695355
tumor_1,tumor_1,HCAR2,19659,0.009909130454012632,0.0002535264146509544,0.019734343080242998,0.00020657324795414315,0.08946250907118555
tumor_1,tumor_1,HCK,19659,0.003633265060281361,9.96614267955484e-05,0.008155347085792615,7.634188335344316e-05,0.04359883392383454
tumor_1,tumor_1,HCST,19659,0.008852493212038117,0.0001948603445739495,0.016061991998792022,0.00015508726663289926,0.0730420540551862
tumor_1,tumor_1,HDAC1,19659,0.009604979648347048,0.0005208098439077232,0.041129879348100924,0.00039406163129481484,0.1962602156438246
tumor_1,tumor_1,HDAC11,19659,0.0060958457482027245,0.0002550942415667071,0.02007341686758742,0.000206515066500981,0.08831894115581136
tumor_1,tumor_1,HDAC3,19659,0.005706506127558769,0.00041796314537161105,0.03267070349788892,0.0003099655332767418,0.1446718884349229
tumor_1,tumor_1,HDAC4,19659,0.007859408929156684,0.00034723150620720455,0.026494076999356388,0.00026620535326722265,0.13200145781613154
tumor_1,tumor_1,HDAC5,19659,0.008341210150533426,0.0002880579124183111,0.022439883185722927,0.00022672707302868686,0.10734115812492524
tumor_1,tumor_1,HEXB,19659,0.010691252666956598,0.00037468419316968643,0.029225579145635394,0.00028996613203396016,0.11465448118504731
tumor_1,tumor_1,HEY1,19659,0.007858596783624239,0.00021883247365485364,0.01720646228493465,0.00017230505639714781,0.07730056230024518
tumor_1,tumor_1,HGF,19659,0.0029418575347390447,0.00011032859483059132,0.008094610634139882,8.611570429979192e-05,0.03665649803129745
tumor_1,tumor_1,HIF1A,19659,0.01041361678307038,0.00075235176664861,0.05892629506564767,0.0005516509224355267,0.2990744842003926
tumor_1,tumor_1,HILPDA,19659,0.009603784552205084,0.0003910390531915616,0.029649869532400785,0.0003062250120809554,0.14880243800617085
tumor_1,tumor_1,HLA.A,19659,0.030935734812415856,0.0017513522564738418,0.13415492254042785,0.0013363135942449395,0.7804194390500748
tumor_1,tumor_1,HLA.DPA1,19659,0.03158457954239912,0.001119446994057842,0.08479023798314403,0.0008482396225617609,0.5619147889081498
tumor_1,tumor_1,HLA.DPB1,19659,0.019408982118285727,0.0006253021219749245,0.04859549662085403,0.0004734224647645389,0.2661111197775508
tumor_1,tumor_1,HLA.DQA1,19659,0.02636235095378161,0.00046962866447259336,0.038714668702220845,0.0003858951556356877,0.25768626911074144
tumor_1,tumor_1,HLA.DQB1,19659,0.04144910812721674,0.0011722025106038023,0.0887902662395545,0.0009233055326597625,0.5238407855844875
tumor_1,tumor_1,HLA.DRA,19659,0.020405905136037083,0.0010526922154252074,0.07915083372881983,0.0007715667975998274,0.5525841975095247
tumor_1,tumor_1,HLA.DRB1,19659,0.04037004118504382,0.0013561357212684146,0.10249628472643421,0.001037636189693887,0.7108221428103245
tumor_1,tumor_1,HMGB2,19659,0.015415842013481043,0.0006462257862554699,0.05069252982847389,0.0004919093857381962,0.28640651432485686
tumor_1,tumor_1,HMGCS1,19659,0.005731692329533082,0.0004951627681213637,0.041053548918564095,0.0003405477102497484,0.18577807751444653
tumor_1,tumor_1,HMGN2,19659,0.012742399688793243,0.0015743378363217674,0.12250115842118292,0.0011582139038927093,0.8388252318963835
tumor_1,tumor_1,HPGDS,19659,0.0064478881978555155,0.00017304889533655807,0.013576150871619064,0.0001420882846145159,0.05971264792657086
tumor_1,tumor_1,HSD17B2,19659,0.010160067559399586,0.0005490817441512542,0.04422951735871825,0.00039031935381886513,0.16815095155726503
tumor_1,tumor_1,HSP90AA1,19659,-0.0026344193010925192,0.0013650451548037114,0.11212067125230644,0.0009464130652792217,0.6476299365532847
tumor_1,tumor_1,HSP90AB1,19659,0.004811877221527988,0.0013530411611276858,0.10838217210908521,0.0009735539988019584,0.6472641154082792
tumor_1,tumor_1,HSP90B1,19659,0.009697956312165912,0.0013303319013046552,0.10536528827601073,0.000953533382255055,0.6290453160614298
tumor_1,tumor_1,HSPA1A,19659,0.03176788711537411,0.0010365297946471296,0.08359696387845647,0.0008003914028058579,0.4461803387097897
tumor_1,tumor_1,HSPB1,19659,0.01762696308114578,0.0012100297230703439,0.09427570135992704,0.0009010630588184806,0.5377234737327644
tumor_1,tumor_1,HSPG2,19659,0.015852727101304427,0.0006194560121124432,0.048748870535495335,0.0004680491394487535,0.2660556458817608
tumor_1,tumor_1,HTT,19659,0.002905871922545257,0.00018287509521056048,0.014524543588932048,0.00013300665470499797,0.061821212266593296
tumor_1,tumor_1,IAPP,19659,0.003536794597593873,0.0001067349187418197,0.008675481212873083,8.653251948815569e-05,0.03896354864795673
tumor_1,tumor_1,ICA1,19659,0.0066910839575847775,0.0002020404799776992,0.016424387820722086,0.00015822845272066603,0.07110019825252598
tumor_1,tumor_1,ICAM1,19659,0.005417911196956576,0.00014420292681625665,0.011179048178211162,0.00011958497970221773,0.0634410109006546
tumor_1,tumor_1,ICAM2,19659,0.005730558660370631,0.0001819129588454366,0.014514945632643519,0.0001390585390170989,0.06727288750254536
tumor_1,tumor_1,ICAM3,19659,0.004955658069415479,0.00020068414800803792,0.01585542406139067,0.0001474769216433326,0.06695072778308564
tumor_1,tumor_1,ICOS,19659,0.004893245294711355,0.00013652043632648764,0.01052464376262412,0.00010930545813134471,0.04802130449624099
tumor_1,tumor_1,ICOSLG,19659,0.012361349291747772,0.0002979678146952219,0.023578870276484136,0.00024320445746329523,0.09587539702655473
tumor_1,tumor_1,IDO1,19659,0.0019104318000224437,6.769792936608862e-05,0.004844535316554613,4.8861336024873134e-05,0.023521950727596296
tumor_1,tumor_1,IER3,19659,0.014534274992232487,0.00036624007340119196,0.029285515591761468,0.0002979577258852713,0.1351430690726072
tumor_1,tumor_1,IFI27,19659,0.01689989522671392,0.0013606376203924683,0.10646636024425589,0.0010183330474150018,0.6557151653004057
tumor_1,tumor_1,IFI44L,19659,0.006155270551766659,0.00025929520204369936,0.020435370263576343,0.00019155206843956516,0.07270273724102835
tumor_1,tumor_1,IFI6,19659,0.004729203355172538,0.0014414770162794646,0.11729351005388707,0.0009868287035969796,0.6993216844560897
tumor_1,tumor_1,IFIH1,19659,0.005647981340540569,0.0002577972148013645,0.020274646462030983,0.00018892062366653175,0.09726297455486474
tumor_1,tumor_1,IFIT1,19659,0.003712211425899243,0.00011919055949848064,0.009554358578952052,9.080717881754532e-05,0.037955613075407936
tumor_1,tumor_1,IFIT3,19659,0.004226718434535361,0.00016927985347450254,0.013420234195049716,0.00012339987926307427,0.059291850009765466
tumor_1,tumor_1,IFITM1,19659,0.010244225436485037,0.00028671974340252357,0.02298335861447596,0.00022179236155741582,0.10452388504287849
tumor_1,tumor_1,IFITM3,19659,0.006811137729348514,0.001376798231690025,0.10948908352960336,0.0009599866249036752,0.6158072883538297
tumor_1,tumor_1,IFNA1,19659,0.006514078457251641,0.0001635426782334097,0.013323809663515521,0.00013557221016783578,0.05990047041228327
tumor_1,tumor_1,IFNAR1,19659,0.008476338538400347,0.0003905862791506528,0.030279311303112948,0.00029762048001414346,0.12375514305069715
tumor_1,tumor_1,IFNAR2,19659,0.009183907699352203,0.00037464214799658976,0.029168709846598327,0.0002891958363737958,0.13255573259024594
tumor_1,tumor_1,IFNG,19659,0.002827544652419768,8.54624088989578e-05,0.006695322658900943,6.303673874267806e-05,0.03354320238182557
tumor_1,tumor_1,IFNGR1,19659,0.014379960297344388,0.0005003017281338193,0.03915058865994851,0.0003904770731962894,0.17972073295225408
tumor_1,tumor_1,IFNGR2,19659,0.00967280934061422,0.00036346208035724543,0.027848443934401446,0.0002803857868039013,0.1281668091496545
tumor_1,tumor_1,IFNL3,19659,0.007333508882480394,0.00020972076100975032,0.016686662014016126,0.00017257439385300736,0.07541836880751812
tumor_1,tumor_1,IGF1,19659,0.008307317251798986,0.0002923845740818377,0.023070958327137993,0.00021562021792281654,0.10567853361177212
tumor_1,tumor_1,IGF1R,19659,0.0035710842263930744,6.499357869212575e-05,0.00550709646898675,5.701432812492598e-05,0.025908353585674716
tumor_1,tumor_1,IGF2,19659,0.0069477101110668165,0.00016640012263493154,0.014008906224512863,0.00012099145627052683,0.049558527480948654
tumor_1,tumor_1,IGF2R,19659,0.01373519521023624,0.0005961794973947777,0.046990391625996816,0.00046557692571217043,0.21892567508213562
tumor_1,tumor_1,IGFBP3,19659,0.022112933079436566,0.0003954736190791895,0.033039685079977225,0.00035546394798011957,0.19587594572445008
tumor_1,tumor_1,IGFBP5,19659,0.031237084163171214,0.00038557811821457303,0.03767385814719619,0.000355573342575392,0.1532538523721642
tumor_1,tumor_1,IGFBP6,19659,0.008516010471477401,0.00024255999761825154,0.018613935395568538,0.00019896970830301676,0.08267345904706667
tumor_1,tumor_1,IGFBP7,19659,0.01964159456788364,0.0004073317768530277,0.03609105748084106,0.0003010874359547879,0.16281636651721132
tumor_1,tumor_1,IGHA1,19659,0.008432315285762677,0.0002089468770248234,0.01708791681466191,0.00016952519770604472,0.07422090891139746
tumor_1,tumor_1,IGHD,19659,0.007864366478025511,0.00019888082896898004,0.016325609115609412,0.00015983562090741082,0.08202012154470535
tumor_1,tumor_1,IGHG1,19659,0.011477863393592077,0.0002626500078835571,0.021670330358569013,0.0002065947840230951,0.109789454923779
tumor_1,tumor_1,IGHG2,19659,0.009430019676843942,0.00019486719018283464,0.01643217035497574,0.00015650072699073655,0.0845668529563655
tumor_1,tumor_1,IGHM,19659,0.012306029552956779,0.00025584149341820097,0.021780216086561145,0.0002121816777552604,0.09587799352752467
tumor_1,tumor_1,IGKC,19659,0.011011528694289032,0.0002999778463809384,0.025248536352954837,0.00022853255487751404,0.1087953628457596
tumor_1,tumor_1,IKZF3,19659,0.0051510620230254675,0.00010920950586951966,0.00915120588212622,9.174775057293626e-05,0.050828162243161626
tumor_1,tumor_1,IL10,19659,0.007289459068442597,0.00019661686646272653,0.014874852449303509,0.00016089581149019447,0.07885970025199449
tumor_1,tumor_1,IL10RA,19659,0.0025936068562412043,5.7509752187383175e-05,0.005486646414951822,4.747069815534409e-05,0.024102629913688143
tumor_1,tumor_1,IL10RB,19659,0.008390014656363715,0.00027929495392489917,0.021803130591127613,0.00021929056335144185,0.11985512204277371
tumor_1,tumor_1,IL11,19659,0.006320953709254095,0.00014834725811048782,0.01145326880359101,0.00011367040622239788,0.06958645739963384
tumor_1,tumor_1,IL11RA,19659,0.006536503953707519,0.00021834285536876597,0.017016561557640426,0.00016727045654752525,0.07666975045918809
tumor_1,tumor_1,IL12A,19659,0.004833131608923173,9.841217793808322e-05,0.007882198698474181,7.828878344031061e-05,0.03689167039139264
tumor_1,tumor_1,IL12B,19659,0.007086448322245785,0.00018056386955209552,0.01436571091932905,0.00014891328334608916,0.06391156043368065
tumor_1,tumor_1,IL12RB1,19659,0.0032906243605313234,8.258629583369237e-05,0.006804959520350248,6.79270851126615e-05,0.04283055841070043
tumor_1,tumor_1,IL12RB2,19659,0.003717723727832453,8.644914622760634e-05,0.007227896019716724,6.819574250198879e-05,0.04536369863895491
tumor_1,tumor_1,IL13RA1,19659,0.009077224638603932,0.0005222195872974287,0.040829251024340915,0.00038667931393883577,0.21417594669371312
tumor_1,tumor_1,IL15,19659,0.002964338664096405,9.050191085551991e-05,0.007238552797530962,7.226633126194538e-05,0.04234831964150933
tumor_1,tumor_1,IL15RA,19659,0.006926570410948084,0.0003320059668228828,0.026099094354415247,0.0002470223078991164,0.11721654179677723
tumor_1,tumor_1,IL16,19659,0.004421483824064905,0.00013768654982764165,0.010947849916931774,0.00010456773040424763,0.048971098698438104
tumor_1,tumor_1,IL17A,19659,0.003974969743501471,0.00011562650700876058,0.009149686580823631,9.336344492625805e-05,0.05071069772804014
tumor_1,tumor_1,IL17B,19659,0.0054661058660257795,0.00010998221548484726,0.00886778915712881,9.615578673057801e-05,0.05133754115543766
tumor_1,tumor_1,IL17D,19659,0.006521917751783376,0.00017373906033220826,0.01435988887775593,0.00014159450180986838,0.06652549661445614
tumor_1,tumor_1,IL17RA,19659,0.009777711303576351,0.00032993831954064107,0.026191978825063793,0.00025391088886031867,0.12403571442470503
tumor_1,tumor_1,IL17RB,19659,0.007933080814036172,0.00028799911663663545,0.023261403598381556,0.00022131604126103882,0.08777338869758355
tumor_1,tumor_1,IL17RE,19659,0.004261324930645412,0.00012960158458310577,0.010170408995435785,9.911802732688832e-05,0.05058348509639182
tumor_1,tumor_1,IL18,19659,0.005588615806741268,0.00014901896707251818,0.011688736422949684,0.00011991038667548492,0.043366283510325
tumor_1,tumor_1,IL18R1,19659,0.005223927499132915,0.00015105794239411567,0.011454371688432687,0.00011903358189802092,0.04754795589720546
tumor_1,tumor_1,IL1A,19659,0.005802822806178163,0.00015679352187503108,0.012763575214850558,0.00012468518580852474,0.07147248158628927
tumor_1,tumor_1,IL1B,19659,0.004773252307484687,0.00013974643849814367,0.010312345182175692,0.0001110922730505277,0.062283450143241235
tumor_1,tumor_1,IL1R1,19659,0.0044870489165853905,0.0003038206839571565,0.023749989421007436,0.00022727539070150813,0.10346336553624587
tumor_1,tumor_1,IL1R2,19659,0.005085099793979965,9.886458743797762e-05,0.008090703212579098,8.190835663469113e-05,0.04865063237489123
tumor_1,tumor_1,IL1RAP,19659,0.006977771593141388,0.0003409250039385429,0.026362135781536743,0.0002588433402764395,0.14326777845242394
tumor_1,tumor_1,IL1RL1,19659,0.003606291849066456,9.130394138488911e-05,0.007073483119802085,7.656650693408373e-05,0.027634023746003163
tumor_1,tumor_1,IL1RN,19659,0.005101317080929045,0.000231392960500518,0.01854559135206813,0.00017179464185943367,0.09461808030045367
tumor_1,tumor_1,IL2,19659,0.0027075223179084122,8.170093822917566e-05,0.006106412242310193,6.550013024867295e-05,0.027486454917015957
tumor_1,tumor_1,IL20,19659,0.006792024713140538,0.00015127658638458338,0.012296414742585183,0.00012699990668012948,0.05675256633611133
tumor_1,tumor_1,IL20RA,19659,0.0029833891582545713,9.155462175701965e-05,0.007756793273554966,7.244591921084015e-05,0.031984776743084656
tumor_1,tumor_1,IL22RA1,19659,0.0030050457758949373,7.564398984789134e-05,0.006139054814818394,5.8773389244154894e-05,0.023350175108068843
tumor_1,tumor_1,IL23A,19659,0.005191107125241947,0.00012162205504205603,0.00941996315409949,0.0001000217592580758,0.04483500391762932
tumor_1,tumor_1,IL24,19659,0.007550745382645397,0.00021272177774773348,0.01689665659121251,0.00017075258641666263,0.07522488976648747
tumor_1,tumor_1,IL27RA,19659,0.005554384395547047,0.00014108696817516069,0.011098342259514027,0.00011361783873499691,0.06305637063241916
tumor_1,tumor_1,IL2RA,19659,0.006404066127438097,0.00013440770130608774,0.01134502600264133,0.00010991364312232614,0.040776802324385
tumor_1,tumor_1,IL2RB,19659,0.003405829946241363,7.206024675950292e-05,0.006445407815273028,5.87340630069047e-05,0.03906858205058964
tumor_1,tumor_1,IL2RG,19659,0.016131568548649368,0.0009976094280373703,0.07653529756948875,0.000772815045431885,0.5116518151233045
tumor_1,tumor_1,IL32,19659,0.021762792841224402,0.001588215079074655,0.12193779764095118,0.0012019677291844823,0.8216298058739818
tumor_1,tumor_1,IL33,19659,0.00689605425610654,0.00018023308433163263,0.014102479482736258,0.00014497161535756818,0.05226724098569395
tumor_1,tumor_1,IL34,19659,0.011252732872723476,0.0004264223098032653,0.03254673721663421,0.00032817329447939645,0.1687718200621091
tumor_1,tumor_1,IL36G,19659,0.004718396706896307,0.00013424411393495698,0.010512343539439816,0.00010622257721960191,0.04500421692979997
tumor_1,tumor_1,IL3RA,19659,0.004435048216785318,0.0001244174631407457,0.00997376234752756,0.00010543491926918742,0.04061062926869319
tumor_1,tumor_1,IL4R,19659,0.007944763368457989,0.0002785024527343748,0.021538081755446643,0.00021387499777369352,0.08572545876875128
tumor_1,tumor_1,IL6,19659,0.005516750261585873,0.0001319951798234013,0.01070309655055926,0.00010777881400187239,0.05708737427116718
tumor_1,tumor_1,IL6R,19659,0.008639251360971694,0.0008286855232747195,0.06514250828219272,0.0006141381659373656,0.3791998826345051
tumor_1,tumor_1,IL6ST,19659,0.020330833473222544,0.0008337060692669395,0.06372029790532435,0.0006487008938707709,0.3883440573276437
tumor_1,tumor_1,IL7,19659,0.004488188439028977,0.0001253061454775482,0.009922465024404848,9.725708597987023e-05,0.03984392361828857
tumor_1,tumor_1,IL7R,19659,0.0053479260387872835,0.00010641272652079117,0.009386924975534847,8.075915892781694e-05,0.03710969389936665
tumor_1,tumor_1,INHA,19659,0.013746801739801796,0.0004502907867552174,0.035379736366853196,0.00035038972111936,0.16919643772662657
tumor_1,tumor_1,INHBA,19659,0.00650084804252451,0.00016343018448050273,0.01235678701008384,0.0001322129597709436,0.06434970443050372
tumor_1,tumor_1,INHBB,19659,0.005975181764238342,0.00019960295914260714,0.015508508004084797,0.0001519906403287484,0.06025647401233939
tumor_1,tumor_1,INS,19659,0.004591887028353206,9.869433220635879e-05,0.008055989603867813,8.503185801878652e-05,0.04030044521368463
tumor_1,tumor_1,INSIG1,19659,0.009436903686957026,0.0003030353783816877,0.024888440997365983,0.00021879634907194726,0.09515760770189423
tumor_1,tumor_1,INSR,19659,0.009668342447951242,0.0004079421094235104,0.03236402087806109,0.00031423212877713523,0.15956157968048762
tumor_1,tumor_1,IRF3,19659,0.011594653685396103,0.0005578060862602228,0.04390895153381193,0.0004222683294138551,0.21782012296165904
tumor_1,tumor_1,IRF4,19659,0.008250074087749151,0.00016867569716082673,0.01346603903602622,0.00013865904379241445,0.0598131436562558
tumor_1,tumor_1,ISG15,19659,0.007192009278738952,0.0005651968453098973,0.04594217056539371,0.0003969253376741286,0.21036426533113609
tumor_1,tumor_1,ITGA1,19659,0.010286813282480633,0.00038164764624784944,0.029814609713698724,0.0002851144081001206,0.13799559621231242
tumor_1,tumor_1,ITGA2,19659,0.004997397498211311,0.00013256954232426403,0.010339848699561316,0.00010762191351885508,0.046835703354926164
tumor_1,tumor_1,ITGA3,19659,0.006825478857323345,0.00023974791624073073,0.018661305734711392,0.00019030535958885965,0.08457656475676001
tumor_1,tumor_1,ITGA5,19659,0.01588797236789273,0.00047549922627254345,0.036315760420163094,0.00038758115663080236,0.2261694554291802
tumor_1,tumor_1,ITGA6,19659,0.009951564708488791,0.00030585891136455516,0.02409804265976848,0.00024480755565038127,0.11203416925007197
tumor_1,tumor_1,ITGA8,19659,0.002966645796666208,8.466072646054373e-05,0.007001690933478679,6.885011461087246e-05,0.023406476962831206
tumor_1,tumor_1,ITGA9,19659,0.005010724267541693,0.00012795868745459917,0.010398943476740191,0.00010660319602128998,0.03842606183669729
tumor_1,tumor_1,ITGAE,19659,0.0018758566446556487,5.4816206053681054e-05,0.0041733868994200405,4.112677211264155e-05,0.02454961417229079
tumor_1,tumor_1,ITGAL,19659,0.004718086479630224,0.00015345046121322632,0.012466193340721873,0.00012136912166501278,0.042222262880823216
tumor_1,tumor_1,ITGAM,19659,0.006904618472706485,0.00030478635375940955,0.024026911085313116,0.0002346874620168378,0.10469484502311444
tumor_1,tumor_1,ITGAV,19659,0.01857083689664822,0.0008524648143641863,0.06634092779018678,0.0006534186132591758,0.3517482229469576
tumor_1,tumor_1,ITGAX,19659,0.009345608897114176,0.00019054640383834567,0.01598017343318863,0.0001647760354933923,0.08016194616397383
tumor_1,tumor_1,ITGB1,19659,0.02037173352198211,0.0008623064108764384,0.06788110779198935,0.0006602055827050928,0.3415376371537294
tumor_1,tumor_1,ITGB2,19659,0.012856396361156519,0.0002494720750107809,0.020696923275687056,0.00020649663545340314,0.10484514683927151
tumor_1,tumor_1,ITGB4,19659,0.005498442797360644,0.00014836533971296926,0.011658912141776537,0.00011864132687415878,0.04309928941087647
tumor_1,tumor_1,ITGB5,19659,0.011779087704520939,0.0004847871425436015,0.03795903858890868,0.00037335574896805486,0.1897988328074473
tumor_1,tumor_1,ITGB6,19659,0.00243270250595945,6.126153937507026e-05,0.005054730579181782,4.7145191598626494e-05,0.019059823939351028
tumor_1,tumor_1,ITGB8,19659,0.006078336282285853,0.00016692646750383918,0.013040976453705347,0.00013507181107964868,0.07032735902047149
tumor_1,tumor_1,ITK,19659,0.004417244505599195,0.00010032828351069313,0.008193528654526694,8.100803971136731e-05,0.041854337734078095
tumor_1,tumor_1,ITM2A,19659,0.005264542343422678,0.00011679264640543153,0.009535303547887633,9.652597886777719e-05,0.05016203087529938
tumor_1,tumor_1,ITM2B,19659,0.02442543021910106,0.001315663580179898,0.10195590060068209,0.0009999360455224158,0.5961182021652849
tumor_1,tumor_1,JAG1,19659,0.0051390593723573096,0.0003696739848500155,0.02950463611628796,0.00027259020761281503,0.17363051226447168
tumor_1,tumor_1,JAK1,19659,0.017078516490831745,0.0006401764585771709,0.05000753574806851,0.0004894345394642988,0.23276737449059307
tumor_1,tumor_1,JAK2,19659,0.0033575211475818877,0.00010641280291837588,0.008344233338082733,7.98197002595778e-05,0.02508790208429825
tumor_1,tumor_1,JCHAIN,19659,0.0036006186185605048,9.606635224561366e-05,0.00799925810251874,7.447079677005237e-05,0.030582935159424646
tumor_1,tumor_1,JUN,19659,0.021086575357671014,0.0012139584192364223,0.09190888028111785,0.0009538362857824064,0.6314110434702969
tumor_1,tumor_1,JUNB,19659,0.016263129908395003,0.0003708837301645717,0.030502053225417984,0.0002949485295868408,0.1464578126751447
tumor_1,tumor_1,KDR,19659,0.0063327680992579264,0.00022603713435333535,0.018139032822846457,0.00017577120070797197,0.0687272159929899
tumor_1,tumor_1,KIT,19659,0.006570817563804831,0.00017387006919197164,0.013608855164697347,0.0001404295649974359,0.05605946938243378
tumor_1,tumor_1,KITLG,19659,0.0071863575916625705,0.00022757837711213667,0.018135662647139002,0.000174461758185279,0.08128642794659333
tumor_1,tumor_1,KLF2,19659,0.005103921009231998,0.00011117655686045432,0.009536824159963443,9.111731385732423e-05,0.04568556409028795
tumor_1,tumor_1,KLK3,19659,0.005223757162306624,0.00015088894330625595,0.011194903246277293,0.0001195480545148763,0.054814203393090476
tumor_1,tumor_1,KLRB1,19659,0.0049213624267946295,0.00012295107274828385,0.009563115445267004,9.980539272796813e-05,0.04112362253501047
tumor_1,tumor_1,KLRF1,19659,0.003744253508456317,9.154393463776891e-05,0.007344307867363205,7.352142729873637e-05,0.039542937335398355
tumor_1,tumor_1,KLRK1,19659,0.004473309795236178,9.742703508932827e-05,0.008323958488935424,7.947496874226058e-05,0.03716574796373541
tumor_1,tumor_1,KRAS,19659,0.007691259646956038,0.0003355891469413806,0.026270797558081836,0.0002606700755422801,0.11261949929043187
tumor_1,tumor_1,KRT1,19659,0.004948752752949941,0.00013979022639565931,0.010971572223683708,0.0001141901854127198,0.045645057725917704
tumor_1,tumor_1,KRT10,19659,0.003175963000408853,0.00011021074268159182,0.008226735344387523,8.826157937747544e-05,0.040964547883122135
tumor_1,tumor_1,KRT13,19659,0.002194463808402257,6.783745343580035e-05,0.0053970331345052905,4.8756410996984024e-05,0.027038403309665938
tumor_1,tumor_1,KRT14,19659,0.0037651343273789216,0.0001140116130479452,0.008867596488585655,9.661367664170141e-05,0.04082786198380666
tumor_1,tumor_1,KRT15,19659,0.007523110022161899,0.00032481020634805824,0.024803714003184436,0.00024268039672980385,0.10932148846008174
tumor_1,tumor_1,KRT16,19659,0.01805004600655405,0.0004017420832648142,0.033276728280505444,0.000319143468860062,0.13162183775480152
tumor_1,tumor_1,KRT17,19659,0.013995383119808363,0.00037450238756340604,0.030118787331657543,0.00029743914537772877,0.14011604583579854
tumor_1,tumor_1,KRT18,19659,0.02312315392282687,0.0012484184499117468,0.09559273094058589,0.0009595038374581991,0.607653074050466
tumor_1,tumor_1,KRT19,19659,0.012873599821498601,0.0002993488561070382,0.02321843413963063,0.0002524685718801909,0.1519142696307632
tumor_1,tumor_1,KRT20,19659,0.007019256657140388,0.00029574254791819594,0.023407818369300774,0.00022376766163282797,0.09395990780553189
tumor_1,tumor_1,KRT23,19659,0.0047807596346618395,0.00012480703369533564,0.009998598729455303,9.732616737912584e-05,0.0503562101318068
tumor_1,tumor_1,KRT4,19659,0.005232047056278287,0.00011535292365947398,0.009199095209619663,9.145667695709143e-05,0.03861574565351507
tumor_1,tumor_1,KRT5,19659,0.0043619803242278135,0.00012613983357761456,0.009704492493253614,0.00010208941824421067,0.043963598040981634
tumor_1,tumor_1,KRT6A,19659,0.008055328073864896,0.0002041830574278672,0.015624385127557348,0.0001728957555766882,0.08980311834552951
tumor_1,tumor_1,KRT7,19659,0.00558679562858948,0.00016842925241014335,0.013652974784803823,0.00012966222962755626,0.05880940228259509
tumor_1,tumor_1,KRT8,19659,0.028476647588651448,0.0014690124423142905,0.11067206952166844,0.0011538079690300348,0.7545965380045833
tumor_1,tumor_1,KRT80,19659,0.005198328788588137,0.00013705822680177266,0.010508995508393567,0.00011170210763649373,0.04025948249695001
tumor_1,tumor_1,KRT86,19659,0.007241617831240409,0.0002478786919117373,0.0192979249731919,0.00019761917800406757,0.10382740879322287
tumor_1,tumor_1,LAG3,19659,0.005003863265788581,0.00014468667599066879,0.011320509303258283,0.0001191420473004249,0.06057289570597344
tumor_1,tumor_1,LAIR1,19659,0.0032339236185843757,0.0001496895815568524,0.01182007673081613,0.0001092249218809413,0.0514850978308272
tumor_1,tumor_1,LAMA4,19659,0.0034040238871176354,0.0001418855780387195,0.011418694166678924,0.00011181152458917352,0.04489904953189585
tumor_1,tumor_1,LAMP2,19659,0.01975747139487167,0.0012110632604968368,0.09335378699346784,0.0009131011122467076,0.5476404076607561
tumor_1,tumor_1,LAMP3,19659,0.0038105843822310295,7.988165026519887e-05,0.0066164056289943155,6.323192168522501e-05,0.040572400276119844
tumor_1,tumor_1,LCN2,19659,0.005280831903661665,0.00018482010790411445,0.014823364010194717,0.00014561998814337365,0.0598984619562634
tumor_1,tumor_1,LDB2,19659,0.005419966233471654,0.00014120341280293255,0.011227199689660083,0.00011243346674608755,0.04523717759573794
tumor_1,tumor_1,LDHA,19659,0.022284975533196333,0.00082994290913654,0.061486802151666096,0.00070058026569361,0.45981234672086513
tumor_1,tumor_1,LDLR,19659,0.00633965667029344,0.00017990545008453893,0.015004366670176975,0.0001363894750436271,0.08146725416660743
tumor_1,tumor_1,LEFTY1,19659,0.007748735172070423,0.00020531010371082272,0.01622993139412895,0.00016929078770805886,0.07975249504551687
tumor_1,tumor_1,LEP,19659,0.0038228341317964668,0.0001360186653678019,0.010772120298553314,0.00010144918417517604,0.04810701046928049
tumor_1,tumor_1,LGALS1,19659,0.03486091407057419,0.0008723092820829371,0.0708434467735355,0.0006943931796492898,0.3916862754018292
tumor_1,tumor_1,LGALS3,19659,0.0267432828870267,0.000775728752571155,0.05977040178302754,0.0006178860013526343,0.3154905037868229
tumor_1,tumor_1,LGALS3BP,19659,0.010340825227415206,0.001163505288069845,0.09185283132468021,0.0008458920657068649,0.510227415372744
tumor_1,tumor_1,LGALS9,19659,0.014119402002053366,0.0006580785025240247,0.05140938446463121,0.0004938347935022059,0.23810546236241134
tumor_1,tumor_1,LGR5,19659,0.0037137512271068194,9.486889958108299e-05,0.007539807621105764,8.026789073890234e-05,0.03739189524436672
tumor_1,tumor_1,LIF,19659,0.002636151619220865,3.887425892425841e-05,0.003525441886988946,3.742520662037225e-05,0.029698766750993
tumor_1,tumor_1,LIFR,19659,0.005628487968744303,0.0001438762483465131,0.011647559513621064,0.00011896798337470014,0.05041452526379675
tumor_1,tumor_1,LINC01781,19659,0.002831003406183422,9.116167307217719e-05,0.007271171494568911,7.504756841626688e-05,0.04183607807424544
tumor_1,tumor_1,LINC01857,19659,0.005426579509043195,0.00015379812636614085,0.011978871072574998,0.00012541332867111233,0.058799524535007294
tumor_1,tumor_1,LINC02446,19659,0.004923159149493634,0.00011272090571597408,0.00932304676158078,9.443521345821955e-05,0.04000129417829977
tumor_1,tumor_1,LMNA,19659,0.01877739887119745,0.0007188544302517894,0.05608358463840986,0.0005557716228508548,0.2809408556183781
tumor_1,tumor_1,LPAR5,19659,0.007206877456404076,0.0001621871213487178,0.012954341017270332,0.00013906395231876823,0.06092686426875602
tumor_1,tumor_1,LTB,19659,0.011661664619901622,0.00038487368765994763,0.029816346243099673,0.00029983884734251985,0.12552893042564744
tumor_1,tumor_1,LTBR,19659,0.010697042307990734,0.0004674048357267922,0.036734221661400376,0.0003614374569400137,0.18407475343597027
tumor_1,tumor_1,LTF,19659,0.002914747789471493,6.432263081227776e-05,0.0049005644327456705,4.473608521843499e-05,0.02620392511299169
tumor_1,tumor_1,LUM,19659,0.005456434762473631,0.00019376346924044574,0.01563659812119047,0.00014884828163367044,0.05374871464271245
tumor_1,tumor_1,LY6D,19659,0.007429775063083387,0.0001864245061205175,0.014489506403239797,0.0001498452066992658,0.06262650369612223
tumor_1,tumor_1,LY75,19659,0.0040323109152509435,0.00011319205132441493,0.008426645722070516,9.170387206555403e-05,0.05164772769968813
tumor_1,tumor_1,LYN,19659,0.004007086014637352,0.00012936315576722381,0.010429610013683708,9.69238363514531e-05,0.051204698869458457
tumor_1,tumor_1,LYVE1,19659,0.0032136621438787335,8.227338744888824e-05,0.006769419776846988,6.085483657335306e-05,0.029793481076300858
tumor_1,tumor_1,LYZ,19659,0.017164192271062684,0.0002924737895516712,0.02676342625602839,0.0002295621676231319,0.18784941070042868
tumor_1,tumor_1,MAF,19659,0.01957206186074829,0.000992462116528931,0.07703569981719732,0.0007545628748602155,0.3930940113088191
tumor_1,tumor_1,MALAT1,19659,0.03166701360694009,0.0016287655158735497,0.12452298236689736,0.001258931394638607,1.2152760134479537
tumor_1,tumor_1,MAML2,19659,0.0066450041676416926,0.0001466622926658864,0.011713820253797308,0.000123822692050932,0.04324934423582848
tumor_1,tumor_1,MAP1LC3B,19659,0.016593614971977984,0.0007475540623828922,0.059064515778072244,0.0005560365077981072,0.2651445581048174
tumor_1,tumor_1,MAP2K1,19659,0.007263900404230835,0.0003302848182325113,0.02530342072585382,0.0002518835293707602,0.11458074095964717
tumor_1,tumor_1,MAPK13,19659,0.010803604113176147,0.0003912690418238357,0.03053672260463767,0.00030722412495029364,0.15203635905929666
tumor_1,tumor_1,MAPK14,19659,0.011393664967058554,0.0005516128949441874,0.04261031571370723,0.0004260237613720741,0.22383289865247247
tumor_1,tumor_1,MARCKSL1,19659,0.01990015220381998,0.0010748902793516414,0.08300160630441253,0.0008224407890840364,0.4399482382189186
tumor_1,tumor_1,MARCO,19659,0.0043195356977060815,8.472906050901526e-05,0.008035758730918328,6.590640764147773e-05,0.026411068673005477
tumor_1,tumor_1,MB,19659,0.006900192544693198,0.0001562472225804993,0.012453299175535847,0.00013371401991209292,0.05551744910633757
tumor_1,tumor_1,MECOM,19659,0.006161330893538728,0.000370053921101946,0.02891027650312806,0.00027667341747482686,0.14786450710917376
tumor_1,tumor_1,MEG3,19659,0.0051481901021951226,0.0001508411527145223,0.011560574033920992,0.00011684257078714067,0.051016354157091215
tumor_1,tumor_1,MERTK,19659,0.009366472621114744,0.0003212827854319343,0.025342555087810147,0.0002456557451606031,0.09747923117973038
tumor_1,tumor_1,MET,19659,0.005450459839500916,0.00018813759390753654,0.01471093015977793,0.0001444940074854918,0.07513887810550968
tumor_1,tumor_1,MFAP5,19659,0.004201945945745556,0.00011707397201667845,0.009061684554495205,9.324564889172153e-05,0.038845351149305325
tumor_1,tumor_1,MGP,19659,0.011414393687991128,0.0002645264202937657,0.02187865185606062,0.00020539667315543712,0.1038541089049753
tumor_1,tumor_1,MIF,19659,0.04713922072547512,0.001525461821296338,0.11458567702049186,0.0012489170749192414,0.7221704518641106
tumor_1,tumor_1,MIR4435.2HG,19659,0.007053726469347782,0.00019865943313041032,0.015650703921057392,0.00016424335344103472,0.07509975890270523
tumor_1,tumor_1,MKI67,19659,0.0028881959588903093,0.00015378779753893285,0.01220087886525642,0.00011604488778306083,0.05923453703089841
tumor_1,tumor_1,MMP1,19659,0.005802821746429812,0.0002279054075192033,0.017688817043421914,0.00017388964461551802,0.08944180974251045
tumor_1,tumor_1,MMP12,19659,0.004669371131363009,0.00012480606512791666,0.010097280878905653,0.00010509465240922985,0.04598712395813096
tumor_1,tumor_1,MMP14,19659,0.01600101149336695,0.0005715572770922555,0.04469825563180323,0.00044644507002141213,0.20311412552220287
tumor_1,tumor_1,MMP19,19659,0.002591418633719273,0.0001406053354752508,0.010935711545876435,0.00011202990046524167,0.05446512189445833
tumor_1,tumor_1,MMP2,19659,0.005838939547557707,0.00013109526192755955,0.010674561535107405,0.00010758758732653868,0.05066238836446798
tumor_1,tumor_1,MMP7,19659,0.011409551430520786,0.00020123524722030713,0.01673885515739751,0.0001740365430627727,0.07131548458628682
tumor_1,tumor_1,MMP9,19659,0.00789567651642822,0.0001354570513550432,0.01155329333951132,0.00011471610018001235,0.059520208440148395
tumor_1,tumor_1,MPO,19659,0.005076315141829622,0.00017768824357965388,0.013595215924866044,0.0001354037468755758,0.06006091959225026
tumor_1,tumor_1,MRC1,19659,0.003131871327275191,0.0001380818465726923,0.011019633583891445,0.00010068874910334467,0.049441008228850336
tumor_1,tumor_1,MRC2,19659,0.006661154453128803,0.00017068479448577754,0.013409784870748346,0.0001375385682780683,0.06551683836080235
tumor_1,tumor_1,MS4A1,19659,0.004792436084742418,0.0001051518345719411,0.008471425739525567,8.770941222244183e-05,0.03946380439061217
tumor_1,tumor_1,MS4A4A,19659,0.005275958653752033,9.917813803968249e-05,0.008770425704583239,7.951842133232533e-05,0.04187690076070989
tumor_1,tumor_1,MS4A6A,19659,0.008135464592066072,0.00019875850485849404,0.01724388581928065,0.00014947161702177358,0.09165326600950378
tumor_1,tumor_1,MSMB,19659,0.004696957991637596,9.18919481088627e-05,0.007756181795505725,7.873375105125934e-05,0.04018415551206172
tumor_1,tumor_1,MSR1,19659,0.00780253982594299,0.0002010421605207868,0.01701987756469047,0.00014933743900952712,0.0777703080288563
tumor_1,tumor_1,MST1R,19659,0.006918297299577156,0.00019845777191479708,0.01577241224845493,0.00015641779144512575,0.061402387743512754
tumor_1,tumor_1,MT1X,19659,0.0150311872889793,0.0004086192799335997,0.03302295006042457,0.00030511733737586643,0.18626824226686867
tumor_1,tumor_1,MT2A,19659,0.0476034583339301,0.0011032399242971282,0.08871222806574194,0.0008414387299842478,0.603661652361437
tumor_1,tumor_1,MTOR,19659,0.007496304700618286,0.00039009471081537955,0.030536788980185636,0.0002922608025302616,0.1407412785276634
tumor_1,tumor_1,MX1,19659,0.007129560174618783,0.000517319282347467,0.04156153224680742,0.00035827799243299836,0.19576128738109091
tumor_1,tumor_1,MXRA8,19659,0.007490912831657828,0.00018637885168867527,0.014959392481115377,0.0001505570912326613,0.0667228508423393
tumor_1,tumor_1,MYC,19659,0.00544076576591661,0.00012879862834526396,0.009929709629967635,0.00010346382855729056,0.03651158722306862
tumor_1,tumor_1,MYH11,19659,0.003619877824897962,0.00010409274413840902,0.008579811092366251,7.945841215222435e-05,0.03189425789474684
tumor_1,tumor_1,MYH6,19659,0.0026645829227916755,4.84556095891539e-05,0.004297562231971477,4.166127543607883e-05,0.02602296277987805
tumor_1,tumor_1,MYL12A,19659,0.01214565909106412,0.001190633027648836,0.09310776210605629,0.0008709462052989312,0.547890858123623
tumor_1,tumor_1,MYL4,19659,0.0074691704136377116,0.0001912591017091586,0.015097069109247265,0.00015496109456054105,0.06882260581840377
tumor_1,tumor_1,MYL7,19659,0.004095475994285548,9.80267092642416e-05,0.008378036248451735,7.65399521771349e-05,0.02957550214332567
tumor_1,tumor_1,MYL9,19659,0.027859294796394974,0.0009827475889165802,0.07605568997509371,0.0007600843589878967,0.41847539228349834
tumor_1,tumor_1,MZB1,19659,0.0032189650866076757,0.00013460056278978864,0.010564535893620181,0.00010129564989206674,0.05125253612920937
tumor_1,tumor_1,MZT2A,19659,0.01985280295065352,0.0010556768244589765,0.0816791250984029,0.0007983049020193636,0.43117516066811606
tumor_1,tumor_1,NACA,19659,0.013699557621709824,0.0010687536308793127,0.08382529927240173,0.0007757788185718369,0.4277511413726439
tumor_1,tumor_1,NANOG,19659,0.0057521812345331744,0.00025809458908312587,0.019759628505648448,0.00019672323966581383,0.08423942990733954
tumor_1,tumor_1,NCAM1,19659,0.006019372653843922,0.00018639900470747084,0.01467114571689251,0.00014901561446191165,0.06915194571271847
tumor_1,tumor_1,NCR1,19659,0.0034389229008376606,5.333186559659657e-05,0.004872362186793137,4.562729208121028e-05,0.030939254969327416
tumor_1,tumor_1,NDRG1,19659,0.025251939043983974,0.0014507266774989266,0.10565832297161196,0.001163306314827712,0.8195551097875781
tumor_1,tumor_1,NDUFA4L2,19659,0.04395379701701668,0.00046046682161176927,0.04707448315734252,0.00044286643010288645,0.29814996039547087
tumor_1,tumor_1,NEAT1,19659,0.015846592279227734,0.0015138358796977897,0.11725971802897242,0.0011355974086205067,1.1332464551928325
tumor_1,tumor_1,NELL2,19659,0.0037861879860140086,6.141001108074232e-05,0.005429270355732691,4.428360000469995e-05,0.02582781324469848
tumor_1,tumor_1,NFKB1,19659,0.00800472138845311,0.00038404415363958554,0.030344877765340617,0.000285271627495091,0.14026065339731725
tumor_1,tumor_1,NFKBIA,19659,0.01686634286469054,0.000912847221925215,0.07124673999632136,0.0006884555126315709,0.39844298669904815
tumor_1,tumor_1,NGFR,19659,0.006996916798924289,0.0001657976449740135,0.012926975888244114,0.00014099101371523417,0.059779276003057324
tumor_1,tumor_1,NKG7,19659,0.005226376546519624,0.0001496170090671763,0.01250132989267506,0.00011625790139360443,0.060220840302755665
tumor_1,tumor_1,NLRC4,19659,0.003489400894012585,0.00013528699559039044,0.009917340962298404,9.547015351163054e-05,0.05334955082249071
tumor_1,tumor_1,NLRC5,19659,0.00842869223724933,0.0003272124935959427,0.025620920772499528,0.0002486291946285935,0.11382982337887367
tumor_1,tumor_1,NLRP1,19659,0.005194223328643758,0.00012033511636981026,0.010656576580883172,0.00010067656014513222,0.04802268301734528
tumor_1,tumor_1,NLRP2,19659,0.005141000046126961,0.000127395756764805,0.010279275132264058,0.00010750089752844654,0.04122604885093065
tumor_1,tumor_1,NLRP3,19659,0.005821629343644862,0.000136211523954524,0.010728935748804857,0.00011348483918792256,0.054815477682422176
tumor_1,tumor_1,NOD2,19659,0.00727260483186187,0.00023853269330734414,0.018355521440371062,0.0001883100317603928,0.08199349817381824
tumor_1,tumor_1,NOSIP,19659,0.010610989695932698,0.0004648434194700342,0.03629538598650647,0.00035034307425157036,0.16445979266817062
tumor_1,tumor_1,NOTCH1,19659,0.010738325034773632,0.000408609459226272,0.03176791414513701,0.0003147329856138213,0.16162435183847843
tumor_1,tumor_1,NOTCH2,19659,0.008189522813987802,0.000302546951882275,0.023501412808705425,0.0002390680511080851,0.10149305050582787
tumor_1,tumor_1,NOTCH3,19659,0.004586338029333109,0.00013353555045388305,0.010921803613702744,0.00010091500363511866,0.04474855386187279
tumor_1,tumor_1,NPPC,19659,0.00805132553988829,0.0001980094035569786,0.01574888287836469,0.0001609630652484101,0.08220415922402094
tumor_1,tumor_1,NPR1,19659,0.004229429724468346,0.00012224312987482356,0.009672367425664925,9.45256692132409e-05,0.04419733517340036
tumor_1,tumor_1,NPR2,19659,0.007168285858992823,0.00021971915965331382,0.017373999613374408,0.00017780304939201866,0.09391767466046551
tumor_1,tumor_1,NPR3,19659,0.00715361795170195,0.0001845825398161922,0.014538107688143015,0.00014537776096996806,0.05854715452721637
tumor_1,tumor_1,NR1H2,19659,0.010642807281705097,0.0006047491118400188,0.04765926908649168,0.00045378003487629877,0.24377291265267997
tumor_1,tumor_1,NR1H3,19659,0.007906981606589846,0.00037757685127464075,0.029551073250126902,0.0002802628227997682,0.13172462180405212
tumor_1,tumor_1,NR2F2,19659,0.008825383855502637,0.0004689468475736265,0.03676595689333379,0.00035426022875194915,0.19931076216171756
tumor_1,tumor_1,NR3C1,19659,0.01429716696005478,0.0005958647138731359,0.045610823384978585,0.0004666473729685839,0.21654057672475197
tumor_1,tumor_1,NRG1,19659,0.003715927829341372,0.00011561327193817745,0.00909271115510153,9.131921076338916e-05,0.03672129240547097
tumor_1,tumor_1,NRXN1,19659,0.004938652499757161,0.0001135835130555164,0.009144481567160835,9.29305865892783e-05,0.04487372800732723
tumor_1,tumor_1,NRXN3,19659,0.007611396947490565,0.00024800110234776,0.019490124035335867,0.00018896003918162778,0.07682674416893298
tumor_1,tumor_1,NTRK2,19659,0.0031209048529075635,7.564448773615186e-05,0.005704940093011444,5.956075318459205e-05,0.026685159798369468
tumor_1,tumor_1,NUPR1,19659,0.02297389410803585,0.001508443768603305,0.11665213699643733,0.001127844077928914,0.7220323035059352
tumor_1,tumor_1,NUSAP1,19659,0.009697157945145673,0.000530626166354282,0.0414326101246001,0.00040866579130808677,0.2615063113323351
tumor_1,tumor_1,OAS1,19659,0.007359626231125469,0.0003279709544119551,0.025709346946553618,0.00025216608789203725,0.11378940569511149
tumor_1,tumor_1,OAS2,19659,0.004261314451591782,0.00023476141408649594,0.019425527416976892,0.00017073477438188375,0.09589166083612252
tumor_1,tumor_1,OAS3,19659,0.004876919737997836,0.00028005212262729583,0.022010355207191155,0.00020536264392644787,0.09169296105290767
tumor_1,tumor_1,OASL,19659,0.00567304652305146,0.00021064593995260403,0.016703100950647646,0.0001593333922201054,0.09205731860085364
tumor_1,tumor_1,OLFM4,19659,0.004633470772074819,0.00012712445755238023,0.0104262446961625,9.851853804926944e-05,0.04878438301433446
tumor_1,tumor_1,OLR1,19659,0.00322254478003468,7.38198005495153e-05,0.0059403822201987404,5.703488596266853e-05,0.029731996167570246
tumor_1,tumor_1,OSM,19659,0.0038003521164888393,0.0001500764166925467,0.012381429167289472,0.00011525749704583556,0.05155989147167397
tumor_1,tumor_1,OSMR,19659,0.010567387631327387,0.000302694878673434,0.02310838282348824,0.0002439611258511885,0.10159281368647943
tumor_1,tumor_1,P2RX5,19659,0.0028101699360138883,9.707766477515474e-05,0.007853072804330001,7.389442275818524e-05,0.03162015315080972
tumor_1,tumor_1,PARP1,19659,0.0104470615086372,0.000608356148430333,0.04839010952955626,0.00044800212912181667,0.20487771810912245
tumor_1,tumor_1,PCNA,19659,0.011832234779553495,0.000541569279844318,0.0426572048694346,0.0004052421996526359,0.19707804031779091
tumor_1,tumor_1,PDCD1,19659,0.005689238332719062,0.00014095654840760836,0.011638964394693854,0.00011662405667139864,0.05191408943305178
tumor_1,tumor_1,PDCD1LG2,19659,0.005071811986552469,0.00010792987378431514,0.00831847175905272,8.944767276126137e-05,0.04448997185336493
tumor_1,tumor_1,PDGFA,19659,0.01215266519210453,0.00046475254973463767,0.03569417601166135,0.0003671189270103914,0.19957195256718854
tumor_1,tumor_1,PDGFB,19659,0.004948820023776087,0.00010381497260330526,0.008760659985792011,8.339047465826053e-05,0.0435832048875454
tumor_1,tumor_1,PDGFC,19659,0.0070970642219392675,0.00018701454820465392,0.015111074276604648,0.0001487594095421005,0.0653417145829471
tumor_1,tumor_1,PDGFD,19659,0.0006346135580682659,4.7553448303417965e-05,0.0033893455272337976,3.676390258930965e-05,0.021663705760674785
tumor_1,tumor_1,PDGFRA,19659,0.005073223649733308,0.00013774307147643074,0.011063256435091717,0.00010668048736588528,0.057297007510428946
tumor_1,tumor_1,PDGFRB,19659,0.006549976532677175,0.00018076835644524023,0.014401586215909085,0.00013955567240070098,0.06825574640521849
tumor_1,tumor_1,PDS5A,19659,0.011025332800462804,0.0007481768277895749,0.05860719836607736,0.0005617734774334694,0.2778823422353237
tumor_1,tumor_1,PECAM1,19659,0.00804989115188354,0.00020371442775434276,0.016819653553855087,0.0001510816193200556,0.07512661513116528
tumor_1,tumor_1,PF4,19659,0.007950100527082482,0.00018043703298008267,0.013912518668927001,0.00015106538204931003,0.07142676181626711
tumor_1,tumor_1,PFN1,19659,0.011963105451949882,0.0012830776488055805,0.10270657649148052,0.000900289720779495,0.5555161751644349
tumor_1,tumor_1,PGF,19659,0.008606943372012458,0.00019410830195762873,0.0156691089581045,0.0001584067169533725,0.07770150137472318
tumor_1,tumor_1,PGK1,19659,0.05158087420228562,0.0014829402890056064,0.11064195674904902,0.0012504712893176449,0.7451023015348808
tumor_1,tumor_1,PGR,19659,0.0026326028710246625,9.4656038951074e-05,0.007267059402665298,7.318217612479179e-05,0.03039047635466991
tumor_1,tumor_1,PHLDA2,19659,0.013644535254935877,0.0005475763431987307,0.04289097123323099,0.00041341105882024883,0.2123255387921658
tumor_1,tumor_1,PIGR,19659,0.0035138827301387497,0.0005153341546898009,0.041825675317110206,0.0004018041473229879,0.3487527804891258
tumor_1,tumor_1,PLAC8,19659,0.007953841317814271,0.00017883758866343865,0.014184442237449694,0.0001515360236663072,0.08285970987781596
tumor_1,tumor_1,PLAC9,19659,0.005456228480428504,0.0001674834589977214,0.013377987368483715,0.0001348842629169244,0.06390250393648773
tumor_1,tumor_1,PLCG1,19659,0.013012546673852932,0.000540234366667637,0.04218895878849158,0.0004168095466308537,0.20880442904968496
tumor_1,tumor_1,PLD3,19659,0.019734706083567963,0.000834201835557184,0.06515811231576127,0.0006319154130337722,0.321437525601094
tumor_1,tumor_1,PNOC,19659,0.004280736112331471,0.00012067558130182255,0.009766179555086685,9.428115700814146e-05,0.05077576844707554
tumor_1,tumor_1,POU5F1,19659,0.021979348162195093,0.0007777035885366006,0.05734817589412831,0.0006592334094043784,0.45454915311363936
tumor_1,tumor_1,PPARA,19659,0.0066043937538958885,0.0005823492539608942,0.04544633040687798,0.0004353707702057386,0.26497993712214735
tumor_1,tumor_1,PPARD,19659,0.01053320581809344,0.0003891615980365507,0.029937284318397196,0.0003047548506844109,0.13517450007964774
tumor_1,tumor_1,PPARG,19659,0.0024654317479989004,9.79335170099168e-05,0.007779880985835558,7.550499992190744e-05,0.04071130060610491
tumor_1,tumor_1,PPIA,19659,0.0270992312014798,0.0015238866911586194,0.11878670868386358,0.0011356104412955398,0.638893052737479
tumor_1,tumor_1,PRF1,19659,0.00546696352917805,0.00011232729440671388,0.009321217007619158,9.851640333259515e-05,0.04984962364112273
tumor_1,tumor_1,PROX1,19659,0.011373381554611223,0.00106125480589149,0.08189196693670005,0.0007999571550867073,0.47678055348659687
tumor_1,tumor_1,PRSS2,19659,0.005009355708794511,0.0004204318093826132,0.03316360714708118,0.0003115900006786135,0.17229926187525949
tumor_1,tumor_1,PRTN3,19659,0.005978306258625794,0.00013512362232340186,0.010864660007190512,0.00011199975843934115,0.04223489824418914
tumor_1,tumor_1,PSAP,19659,0.029007493884758078,0.0013163735659117515,0.1039326646015559,0.0009738790847541384,0.5604873024264905
tumor_1,tumor_1,PSCA,19659,0.005072464276131411,0.00013305435374406135,0.010225804495386482,0.0001027029860390436,0.04811118686892512
tumor_1,tumor_1,PSD3,19659,0.003791404807369223,0.0001731230978157644,0.01407687475051406,0.0001313349422391662,0.09418574689770869
tumor_1,tumor_1,PTEN,19659,0.004265843263510191,7.869351447792257e-05,0.0069614841532108255,6.61307101599138e-05,0.033409074749691355
tumor_1,tumor_1,PTGDR2,19659,0.0040868454096084925,9.853657297993307e-05,0.008030650902087924,8.038901371515785e-05,0.044716045053364004
tumor_1,tumor_1,PTGDS,19659,0.014549459608567471,0.0006408307112719974,0.05132521540062137,0.0004717003756220834,0.24057982804280117
tumor_1,tumor_1,PTGES,19659,0.010256211193480908,0.00023887639161335932,0.019168884848619734,0.000193743031149904,0.07943491737176732
tumor_1,tumor_1,PTGES2,19659,0.00557669264414722,0.00023822325873607803,0.019099762628453844,0.00017769744209416205,0.09462732698682866
tumor_1,tumor_1,PTGES3,19659,0.007204631873850789,0.0009766760106195028,0.0772797694099678,0.0007008197792897337,0.4277297530307008
tumor_1,tumor_1,PTGIS,19659,0.006996889933524963,0.00019073694990293848,0.015272443645362638,0.00014672880157862753,0.0760712734502185
tumor_1,tumor_1,PTGS1,19659,0.007831324502778174,0.00017480967792995845,0.01406844020513461,0.0001421287413297477,0.06040620169789969
tumor_1,tumor_1,PTGS2,19659,0.003485410778072986,8.41957376587544e-05,0.007013620216751134,7.288387051283474e-05,0.036127067798366184
tumor_1,tumor_1,PTK2,19659,0.010494335968620793,0.0004066921963823033,0.031760572829790244,0.0003107933930238049,0.16225023698263108
tumor_1,tumor_1,PTK6,19659,0.00836439963818016,0.00021511012638326233,0.01638259829764907,0.0001829663748883318,0.0821973261269259
tumor_1,tumor_1,PTPRC,19659,0.0036900889797057456,0.00011772801513509897,0.009905529925733288,8.848287866339e-05,0.05013035861105066
tumor_1,tumor_1,PTPRCAP,19659,0.007743448834331719,0.00021610985655351903,0.017482338113187938,0.0001724445125687873,0.09426367530373564
tumor_1,tumor_1,PTTG1,19659,0.01097739401569374,0.0004440209941286885,0.03466056213798555,0.0003443669634184063,0.18083038351254316
tumor_1,tumor_1,PXDN,19659,0.006861089164733626,0.00015220070045320592,0.012868321667913948,0.00011593785955625088,0.05308031092930281
tumor_1,tumor_1,QRFPR,19659,0.007752085343339437,0.000225234003530627,0.017222156708978496,0.000185030266511159,0.08927809133851022
tumor_1,tumor_1,RAC1,19659,0.01711777365191868,0.001050911375264436,0.08077380367459455,0.0007962646228413347,0.4751734100883291
tumor_1,tumor_1,RAC2,19659,0.010825802265657472,0.00035440528978748916,0.028416153785146198,0.00028159986233741854,0.12914244624562854
tumor_1,tumor_1,RACK1,19659,0.01619777323830111,0.0010602694579805799,0.08277508237162434,0.0007795207492883597,0.43335112745774323
tumor_1,tumor_1,RAG1,19659,0.004381457494123743,7.742193763199596e-05,0.006501344978759899,6.438399415709749e-05,0.03192904705993364
tumor_1,tumor_1,RAMP1,19659,0.015597482978534161,0.0010445900119864394,0.07829857009717742,0.0008138861848132718,0.48345794142454224
tumor_1,tumor_1,RAMP2,19659,0.006595743109302356,0.0001477668378273395,0.012379961656226974,0.00011557772378783962,0.045938069008097604
tumor_1,tumor_1,RAMP3,19659,0.004431836242025816,0.000150247855541716,0.012088709237257508,0.00010918194690205892,0.04600083320420674
tumor_1,tumor_1,RARA,19659,0.011305462608318636,0.0007120416676536336,0.05564953569051656,0.0005289917968752753,0.2791509444439296
tumor_1,tumor_1,RARB,19659,0.005244535497126857,0.00011706704024504987,0.009708024380645507,9.332596230530488e-05,0.039871634562037336
tumor_1,tumor_1,RARG,19659,0.004513332909816826,0.0001420882853905082,0.01152535541342364,0.00011217903812781488,0.05706100004518674
tumor_1,tumor_1,RARRES1,19659,0.007728034683268094,0.00020525031014082592,0.016356985939005194,0.00016246320212836757,0.07026121356439281
tumor_1,tumor_1,RARRES2,19659,0.009203922214169663,0.001273721574801793,0.09799527138197972,0.0009454695080307891,0.6395892626574159
tumor_1,tumor_1,RB1,19659,0.005970143850517013,0.00014235822209493138,0.011357724508660507,0.00011403925591832247,0.06042036553401894
tumor_1,tumor_1,RBM47,19659,0.02199558283255936,0.0011216843864687957,0.08584536668615368,0.0008723483231685816,0.49475366868877957
tumor_1,tumor_1,RBPJ,19659,0.012145612652915852,0.00038413050919602334,0.030224078296348274,0.00029568559299860824,0.1470914920842201
tumor_1,tumor_1,REG1A,19659,0.013416143857412414,0.0008182548972209066,0.06091868483598208,0.0006314512375947413,0.6787276129255947
tumor_1,tumor_1,RELA,19659,0.007762265136738587,0.0003922931070222326,0.030774570033824,0.00029789050661365314,0.1590896573212865
tumor_1,tumor_1,RELT,19659,0.008247907615984313,0.00024131871768200987,0.018877066921679047,0.00018895655348772614,0.08245505695772669
tumor_1,tumor_1,RGCC,19659,0.00736197634332488,0.00015801201259688655,0.013884866708744925,0.00012452647717078657,0.06316253788471234
tumor_1,tumor_1,RGS1,19659,0.012342037394273503,0.0002492108864501522,0.02161260223497651,0.00019456475037514504,0.11654319032414331
tumor_1,tumor_1,RGS13,19659,0.0019057470909370744,7.730810697960028e-05,0.005912116137307869,5.2681932909564405e-05,0.027479867589604457
tumor_1,tumor_1,RGS2,19659,0.009164217271085455,0.0007199423204749401,0.05500995562427431,0.000541183705327045,0.4053689903327708
tumor_1,tumor_1,RGS5,19659,0.008973418528574044,0.00015578724785529006,0.01417113449430664,0.00012286878194012524,0.0639254698874181
tumor_1,tumor_1,RNF43,19659,0.004855014648371109,0.00019712288771869235,0.015440963135861773,0.0001523536062702979,0.07719892046167134
tumor_1,tumor_1,ROR1,19659,0.007086935245548357,0.00018849967632391236,0.01509953381745148,0.0001498303014677369,0.08306180372913326
tumor_1,tumor_1,RORA,19659,0.009846042707860712,0.00041675726408258026,0.03221423121633378,0.0003168307467619566,0.1599245164073661
tumor_1,tumor_1,RPL21,19659,0.02806783337835807,0.0012464880847864281,0.09605637669026643,0.000957394921213635,0.5052501041091724
tumor_1,tumor_1,RPL22,19659,0.016980052645046238,0.0010116711598904347,0.07940992190253823,0.0007400297686197128,0.4162155337558855
tumor_1,tumor_1,RPL32,19659,0.02291081429563519,0.0009658146816457684,0.07618013998156062,0.000725853816302145,0.3746905206808339
tumor_1,tumor_1,RPL34,19659,0.017700813481513793,0.0012686005385590293,0.09867406373418987,0.0009303285698664689,0.5850173772729546
tumor_1,tumor_1,RPL37,19659,0.015351489900523558,0.0013578767046598201,0.10687990119291632,0.0009670721321829976,0.6026842061703921
tumor_1,tumor_1,RPS4Y1,19659,0.0038708088541340837,8.617450678517531e-05,0.007655631456392979,7.425844881753954e-05,0.02916456680280819
tumor_1,tumor_1,RSPO3,19659,0.001436835594444571,7.61801409592165e-05,0.006473461762318895,5.259416962520949e-05,0.030678647918393854
tumor_1,tumor_1,RUNX3,19659,0.006385895824497105,0.00016423764492729242,0.012728198820494752,0.00013749704749006542,0.06817528247162692
tumor_1,tumor_1,RXRA,19659,0.007351646253731502,0.0005678608994955948,0.04446219579688608,0.00041987312476312146,0.21389195990813437
tumor_1,tumor_1,RXRB,19659,0.009127234118268195,0.00043416186317657624,0.033869076572846366,0.00033354741548971746,0.17260063889848257
tumor_1,tumor_1,RYK,19659,0.009261445043819549,0.00039987796215067975,0.031093976942464095,0.0003102843600687238,0.14614322726661436
tumor_1,tumor_1,RYR2,19659,0.006165199336715262,0.0001862721091768329,0.014607013463901992,0.0001523449262291595,0.07161416703442118
tumor_1,tumor_1,S100A10,19659,0.03260909398959706,0.001365893516583459,0.10191301976014262,0.0010795340304696399,0.7610267113577099
tumor_1,tumor_1,S100A2,19659,0.009360067271021337,0.0002059964288817482,0.01686791465274019,0.0001736857793025706,0.08047028535518094
tumor_1,tumor_1,S100A4,19659,0.014842873888647464,0.00025977802027467864,0.023301864820624168,0.000212257425492906,0.12330892281988963
tumor_1,tumor_1,S100A6,19659,0.05235272493727232,0.0014923502429836893,0.11491391129859103,0.0011846155843359917,0.7596583905205975
tumor_1,tumor_1,S100A8,19659,0.0033346197337062898,9.128730696248642e-05,0.007446081547667602,7.666573423836826e-05,0.02746498145173141
tumor_1,tumor_1,S100A9,19659,0.013907640570713753,0.0005416823731159575,0.04213500778107935,0.0004231295304551459,0.171861281822214
tumor_1,tumor_1,S100B,19659,0.005413812213600591,0.00012582442451393236,0.009652048513040575,9.922416121154614e-05,0.04637518119634703
tumor_1,tumor_1,S100P,19659,0.00604591506831401,0.00017563178497837683,0.013795445232749576,0.0001416574978054151,0.061622735164703936
tumor_1,tumor_1,SAA1,19659,0.01599838138749408,0.000500162171772355,0.04086415813545569,0.0003704476530904889,0.1825496100712378
tumor_1,tumor_1,SAT1,19659,0.022378996895282062,0.0006387486825756994,0.05107153919356794,0.0005008548690755278,0.24137260904622582
tumor_1,tumor_1,SCG5,19659,0.005810839213654652,0.00017624404823416573,0.013844091244033938,0.00013824498743731183,0.05924712643358494
tumor_1,tumor_1,SCGB3A1,19659,0.004317553559791639,0.00013061616951686865,0.010245396595265771,0.000105035676517607,0.04225850591547153
tumor_1,tumor_1,SEC23A,19659,0.004234284111712905,0.0005363388463318981,0.042392075218240774,0.0003852325923242537,0.2192440920262428
tumor_1,tumor_1,SEC61G,19659,0.013400508043517737,0.0007619008082474078,0.05925475772086697,0.0005616232661611865,0.2833978870348169
tumor_1,tumor_1,SELENOP,19659,-0.0036458219741066777,0.0012941606086158534,0.10354811865102087,0.0008918697862326916,0.6678511172339221
tumor_1,tumor_1,SELL,19659,0.004894211254569576,0.00012560180451671137,0.009830501990921402,9.947242027307147e-05,0.04005740767715629
tumor_1,tumor_1,SELPLG,19659,0.0064429952898533895,0.00016823487418375497,0.013420980162443408,0.00013314577824265463,0.06778788797451538
tumor_1,tumor_1,SERPINA1,19659,-0.0030848210261277867,0.001638261053421412,0.1307513538854333,0.001120808461660515,1.0949494410984166
tumor_1,tumor_1,SERPINA3,19659,0.034041693358747425,0.0011687622085155204,0.09033986902313229,0.0008852559049178443,0.6597015116647627
tumor_1,tumor_1,SERPINB5,19659,0.003074430203380502,0.00010356625849723028,0.008701425177513267,7.659861924274398e-05,0.03987838180954652
tumor_1,tumor_1,SERPINH1,19659,0.013211966050526594,0.0008641449572001711,0.06928042507736062,0.0006332145088017287,0.32681334825933955
tumor_1,tumor_1,SFN,19659,0.01559998897752803,0.0005461793100682099,0.04288260960009466,0.0004189299184402636,0.2301585489086341
tumor_1,tumor_1,SH3BGRL3,19659,0.023326642943554323,0.0011399456850923956,0.08968910947301117,0.0008452021068655227,0.47335167349360907
tumor_1,tumor_1,SIGIRR,19659,0.008350501881675576,0.00020187910038497743,0.016908628470050008,0.00015610862521722035,0.07464711676131629
tumor_1,tumor_1,SLA,19659,0.006925310428547597,0.0001798211020352681,0.014667873733690093,0.0001352410273387425,0.07092868621991358
tumor_1,tumor_1,SLC2A1,19659,0.01348826093961018,0.0003730385850417412,0.02841390784434828,0.00031406057262563,0.16326118743393664
tumor_1,tumor_1,SLC40A1,19659,0.008225449958271229,0.00036567162047171413,0.029297196380716116,0.00026961091934979805,0.1305316699311247
tumor_1,tumor_1,SLCO2B1,19659,0.00921022054817037,0.0003856437915250225,0.030326791758002826,0.0002919886653392173,0.17877955834026013
tumor_1,tumor_1,SLPI,19659,0.012484737446312691,0.000607613516705833,0.04879321042512995,0.0004475225283816901,0.20685738954290742
tumor_1,tumor_1,SMAD2,19659,0.007701261554251983,0.00048007349486558685,0.03763050708383113,0.0003493267097916327,0.17343522333870237
tumor_1,tumor_1,SMAD3,19659,0.00575312891528973,0.00025550186815236233,0.019455216390613848,0.00019053442603753464,0.09240653634650257
tumor_1,tumor_1,SMAD4,19659,0.005046569684523111,0.00037048821115587754,0.029747727660143813,0.00027704276321121994,0.1481906916394949
tumor_1,tumor_1,SMARCB1,19659,0.010147874198798637,0.0003937320268185997,0.030613193493640577,0.0002998891612534629,0.15807396145737462
tumor_1,tumor_1,SMO,19659,0.00867530753345432,0.0003088119730104463,0.024467982374580973,0.00024285013660155382,0.10723321462195656
tumor_1,tumor_1,SNAI1,19659,0.02014436526954285,0.0005935347298957741,0.046390070377846815,0.0004655754417080417,0.219505549365672
tumor_1,tumor_1,SNAI2,19659,0.005285707583850248,0.00041332264032098405,0.03256416381464303,0.00030266869841729977,0.17559551083825548
tumor_1,tumor_1,SOD1,19659,0.011414304801416263,0.0012781649434263993,0.1006434889971269,0.0009319455163417874,0.5321595289700533
tumor_1,tumor_1,SOD2,19659,0.030004277894578203,0.0016150951488295763,0.12227577428231655,0.0012555682851884504,0.8144761200404604
tumor_1,tumor_1,SORBS1,19659,0.00242182105058902,0.00022924182060278585,0.018297811527306567,0.00016748710440615854,0.0870605575265275
tumor_1,tumor_1,SOSTDC1,19659,0.006283140068734508,0.00014385605967708336,0.011211045385965998,0.0001248487844504725,0.0429193204803731
tumor_1,tumor_1,SOX2,19659,0.004423051185980216,8.625576802048337e-05,0.006938390507568339,7.175048314122676e-05,0.02802194290786736
tumor_1,tumor_1,SOX4,19659,0.03310189342080393,0.0010681345820770444,0.07929723138990934,0.0008968402500334996,0.5213254952751705
tumor_1,tumor_1,SOX9,19659,0.030646162562539287,0.0010963653764721913,0.0834019157194323,0.000878076957148048,0.49781086081026327
tumor_1,tumor_1,SPARCL1,19659,0.01022973453434741,0.0002728838214698614,0.021641051542193715,0.00021778577880910945,0.11488314097483165
tumor_1,tumor_1,SPINK1,19659,0.001695765020802645,0.0003634859247968719,0.031054636371944517,0.0002060870365509865,0.26636704576386544
tumor_1,tumor_1,SPOCK2,19659,0.005771100020592365,0.0001383913170093039,0.011632600918405008,0.00011087439302061441,0.0613984511082008
tumor_1,tumor_1,SPP1,19659,0.05769991993850724,0.0008343109258816358,0.07560188059930134,0.000728394950513569,0.5835521420905969
tumor_1,tumor_1,SPRY2,19659,0.008241813795001423,0.00022018679849191095,0.016856262792375377,0.00018189694658340933,0.08677596614941033
tumor_1,tumor_1,SPRY4,19659,0.00525923704294208,0.0001552469829946933,0.012551313457271332,0.00012334599621627548,0.04309936191231607
tumor_1,tumor_1,SQLE,19659,0.004454770053035401,0.0003532931984274558,0.02834394615226868,0.00025201570310482097,0.1185307147987357
tumor_1,tumor_1,SQSTM1,19659,0.01762607551629499,0.001406485289012483,0.11001156715473097,0.0010516692806363892,0.6534879118738232
tumor_1,tumor_1,SRC,19659,0.006945741236040461,0.0003550951023388537,0.027289138456701466,0.000272941730971459,0.1265047940387012
tumor_1,tumor_1,SREBF1,19659,0.004087772171904964,0.00017889235806687614,0.014306217734537307,0.0001378773894487497,0.0635154409598713
tumor_1,tumor_1,SRGN,19659,0.010265964066236056,0.00021978658320690123,0.020441449795214763,0.00016151928314886874,0.12109131188280058
tumor_1,tumor_1,SRSF2,19659,0.01342738993003342,0.0011282751852652697,0.08874881743002018,0.0008294003162352342,0.47847416031706624
tumor_1,tumor_1,SST,19659,0.004819796140379554,0.00012773477718099128,0.010138682623222955,0.00010504774376018414,0.04438200398328053
tumor_1,tumor_1,ST6GAL1,19659,0.0022322825584364507,0.0005761025358974304,0.046998993178817325,0.00039017241027841757,0.2088271106473047
tumor_1,tumor_1,ST6GALNAC3,19659,0.0033836978309070994,0.00012508275240706313,0.010428084164146877,9.685711071114531e-05,0.049230270165263185
tumor_1,tumor_1,STAT1,19659,0.005483676041391866,0.0008280496305801219,0.0666616267405988,0.0005789074643847551,0.34307028019338764
tumor_1,tumor_1,STAT3,19659,0.013872420713266154,0.0008373881266745209,0.06537319531127649,0.0006081606014314401,0.32599408893646087
tumor_1,tumor_1,STAT4,19659,0.0020044434486254817,0.00015378393059868202,0.012450056450228392,0.00010666336680794066,0.04516543767242977
tumor_1,tumor_1,STAT5A,19659,0.01036719599766946,0.00033044192311860597,0.025645992627057114,0.00025421222253258375,0.08884964013474075
tumor_1,tumor_1,STAT5B,19659,0.007137707061684241,0.000247449953867499,0.019636851174712734,0.00018831498208087994,0.08932673228371127
tumor_1,tumor_1,STAT6,19659,0.008043010511999649,0.0003830433092356465,0.029938409909356034,0.00029499825540544943,0.13613127808457784
tumor_1,tumor_1,STMN1,19659,0.014450731009877454,0.0012376359461075124,0.09723116608857775,0.0009299245759245712,0.6164218302978267
tumor_1,tumor_1,SYK,19659,0.006420933441220357,0.00017229820371027587,0.013993642728348807,0.0001334026462852579,0.054748829875224225
tumor_1,tumor_1,TACSTD2,19659,0.004248547383261797,0.00010892159799616289,0.008296152894275299,8.92113990717702e-05,0.038308785636405274
tumor_1,tumor_1,TAGLN,19659,0.011620051060995621,0.00017453297408465297,0.016523060365143,0.00014657016086934066,0.08810235435460663
tumor_1,tumor_1,TAP1,19659,0.010015975000504043,0.0005000971446693961,0.03904290964460718,0.0003718346741711163,0.20423150565598563
tumor_1,tumor_1,TAP2,19659,0.006768311284003038,0.00040639386935813345,0.0319261566376999,0.0002960452604200274,0.15606423068900038
tumor_1,tumor_1,TBX21,19659,0.0029119985058351882,5.035387152303688e-05,0.004818387299230709,4.42792556372447e-05,0.026287217931351775
tumor_1,tumor_1,TCAP,19659,0.011122527618973642,0.0003151296863444055,0.02440005479090276,0.0002534714668530828,0.13748057303011255
tumor_1,tumor_1,TCF7,19659,0.004839040031138827,0.00013910416232402518,0.01106958415527341,0.00011136130900964461,0.0573631170009688
tumor_1,tumor_1,TCL1A,19659,0.00397430065394625,0.0001190168501328586,0.009097758637220758,9.1771073089173e-05,0.04453037844316406
tumor_1,tumor_1,TEK,19659,0.0028658949424014736,6.307318421152126e-05,0.005448784676753619,4.634236248321698e-05,0.025620615277432573
tumor_1,tumor_1,TFEB,19659,0.01016013628017593,0.0003145545369595374,0.024563713830867914,0.00024748546201974216,0.10284432076844785
tumor_1,tumor_1,TGFB1,19659,0.009533176115773279,0.0002175117186761149,0.017322146638187916,0.00018361176356731336,0.05196700088096924
tumor_1,tumor_1,TGFB2,19659,0.004824365424367951,0.00011713197897251647,0.009487872236596888,9.667822318389905e-05,0.038343316394353164
tumor_1,tumor_1,TGFB3,19659,0.0068007786638577695,0.00018092374240165693,0.014232441678904162,0.00014590925204380534,0.06556035243027328
tumor_1,tumor_1,TGFBI,19659,0.01007804525594015,0.00022350197790635187,0.018649243849582484,0.0001728209406704061,0.06323821682200076
tumor_1,tumor_1,TGFBR1,19659,0.004308189704396095,0.00019254032847741825,0.014656083121696062,0.00014672996974350483,0.06428107915001181
tumor_1,tumor_1,TGFBR2,19659,0.010291988237322422,0.00034239450685437465,0.027004089866635467,0.00025545855348124377,0.13284249683543328
tumor_1,tumor_1,THBS1,19659,0.012176833767905789,0.00032031467285660814,0.02588516088567422,0.00024990006126716224,0.10708223837329092
tumor_1,tumor_1,THBS2,19659,0.0056339714809262266,0.00012360965978873434,0.009592814810514933,9.847604126523117e-05,0.04111550605600619
tumor_1,tumor_1,THSD4,19659,0.0065340509909831935,0.00028671560678143526,0.022350874947933252,0.00022370087550598034,0.10705337366820904
tumor_1,tumor_1,TIE1,19659,0.007838379807576588,0.00017880865034539936,0.015001036613433757,0.000137246915590344,0.06600478244952934
tumor_1,tumor_1,TIGIT,19659,0.0062810742117584304,0.0001125938332887693,0.009496431900349872,9.702131009262736e-05,0.0567229400777766
tumor_1,tumor_1,TIMP1,19659,0.020287200655912586,0.001320432463169612,0.10377780001334469,0.0009710818391631922,0.5726399765997222
tumor_1,tumor_1,TLR1,19659,0.00603520155601172,0.00012047632949541929,0.010044224278042888,0.0001020241434747289,0.05538958693454814
tumor_1,tumor_1,TLR2,19659,0.00746745194354744,0.00023729641206877403,0.019077717158664857,0.00018508346293243872,0.07655466834150707
tumor_1,tumor_1,TLR3,19659,0.003907000344062626,0.0001551084765627845,0.011826700335405938,0.00011592769042278137,0.04650786519861515
tumor_1,tumor_1,TLR4,19659,0.006115227333298012,0.0001338163699440134,0.010923166793066024,0.00011336655960832265,0.047567477281308015
tumor_1,tumor_1,TLR5,19659,0.007359080620879528,0.0001891125053342669,0.014717842249954746,0.00015851821887433688,0.08100654028270149
tumor_1,tumor_1,TLR7,19659,0.004335363337801277,0.000130708416297933,0.009801626723562691,0.00010654175327102438,0.042477462003370214
tumor_1,tumor_1,TLR8,19659,0.0033911268177012426,7.996161473537563e-05,0.006082093466320187,6.741928880811814e-05,0.02745643713899575
tumor_1,tumor_1,TM4SF1,19659,0.015617015178216235,0.0007226266017664897,0.0565024438100993,0.0005511487670809098,0.31157102467500264
tumor_1,tumor_1,TNF,19659,0.0034701130777668302,0.00010601985337410928,0.008302905020731385,8.624388442455233e-05,0.04024185336988997
tumor_1,tumor_1,TNFAIP6,19659,0.0053965256485415895,0.00014591044559217103,0.012165760780945728,0.00011442337663784698,0.052307934858608095
tumor_1,tumor_1,TNFRSF10A,19659,0.002229327600043993,6.78762477868518e-05,0.005207041857683684,5.7183097237606704e-05,0.020029750381772064
tumor_1,tumor_1,TNFRSF10B,19659,0.0065502042564810695,0.00023471906374982276,0.018360929101597253,0.00017841851109913923,0.06893663042716033
tumor_1,tumor_1,TNFRSF10D,19659,0.0036198696051850986,0.00010797321341304493,0.008532664580093233,8.715393709491608e-05,0.04779391906442868
tumor_1,tumor_1,TNFRSF11A,19659,0.004728763617013883,0.00018016016607202582,0.013627443466873893,0.00014001618616062445,0.06650185084590819
tumor_1,tumor_1,TNFRSF11B,19659,0.00844276341719043,0.00033202204153779524,0.026102130158412434,0.00025433948158623093,0.1110764414794384
tumor_1,tumor_1,TNFRSF12A,19659,0.012887011691323419,0.0005647576491249978,0.04351673325336797,0.0004344851628775227,0.2689781005046866
tumor_1,tumor_1,TNFRSF13B,19659,0.0022883095434874947,9.281312712385991e-05,0.006834792488542308,6.768223720619363e-05,0.027002145505358573
tumor_1,tumor_1,TNFRSF14,19659,0.0199702386457827,0.0007297673175153387,0.056034446716485484,0.0005704799706304493,0.30345213230718243
tumor_1,tumor_1,TNFRSF17,19659,0.0027842114817515392,5.827950899685212e-05,0.004816092320474986,5.162934643184302e-05,0.028379446893218717
tumor_1,tumor_1,TNFRSF18,19659,0.00551913048441197,0.00017996482121247214,0.013926148927234806,0.0001405291103124973,0.0652800518428894
tumor_1,tumor_1,TNFRSF19,19659,0.0031942901409327913,7.38303462321868e-05,0.006068521603344817,5.566086672515277e-05,0.018736126015632334
tumor_1,tumor_1,TNFRSF1A,19659,0.014395679064984984,0.0006977867349862959,0.053358010347461016,0.0005382019196142379,0.29790687395852866
tumor_1,tumor_1,TNFRSF1B,19659,0.005605681354904893,0.00014866030963414968,0.012367649227910865,0.00011913952610313489,0.0637620167141513
tumor_1,tumor_1,TNFRSF21,19659,0.014919646150380935,0.00040655749531709094,0.031746593645254936,0.0003314949808969619,0.1508678768761777
tumor_1,tumor_1,TNFRSF4,19659,0.0058264211142387634,0.00011635991235451425,0.009950625034396593,9.87908613805632e-05,0.04659423994069263
tumor_1,tumor_1,TNFRSF9,19659,0.003450664452822539,7.618113957974482e-05,0.006234828074267484,6.669631906923766e-05,0.03572642355884544
tumor_1,tumor_1,TNFSF10,19659,0.010409043569058472,0.0003048242342972851,0.024437101269135626,0.00024376054472158239,0.09591066307401644
tumor_1,tumor_1,TNFSF12,19659,0.006234786971374377,0.00018302427004893235,0.014338126740869326,0.00014496481999793994,0.061332563485356664
tumor_1,tumor_1,TNFSF13B,19659,0.005081835239689935,0.00012152333548884574,0.010007333478055892,9.55574831963736e-05,0.05335110594324244
tumor_1,tumor_1,TNFSF14,19659,0.0028293852039294335,0.00011258369345387092,0.008998820463177347,8.545024132020076e-05,0.05446230660202508
tumor_1,tumor_1,TNFSF15,19659,0.0044123218780249595,9.71607112732568e-05,0.00801726720286419,7.645662840482967e-05,0.04169713394425054
tumor_1,tumor_1,TNFSF4,19659,0.00778271438754984,0.00019094262172818027,0.015193274775826476,0.00015509680409236628,0.06520776599718615
tumor_1,tumor_1,TNFSF8,19659,0.004092938864088306,0.00010673443061199859,0.008269003647091497,8.215709154083564e-05,0.04978507022814908
tumor_1,tumor_1,TNFSF9,19659,0.0048176598523416245,0.00011211677968806176,0.008826659482625362,9.488588381627663e-05,0.03989708850310093
tumor_1,tumor_1,TNNC1,19659,0.004649042799194145,0.0002349110076718796,0.018352710505607044,0.0001752999961780141,0.07495682402810012
tumor_1,tumor_1,TNNT2,19659,0.0038834747840390815,0.00010140744501097683,0.00786607343040464,7.933257885268203e-05,0.04384854553425864
tumor_1,tumor_1,TNXB,19659,0.01476169532260437,0.00030752153705388406,0.024109082145410715,0.00026342284124104674,0.12975294995637557
tumor_1,tumor_1,TOP2A,19659,0.009061058923383047,0.0006138665014089202,0.047988718443554575,0.000461983214011411,0.3886757939679013
tumor_1,tumor_1,TOX,19659,0.005571163907506717,0.00021794227084161237,0.017078363514904736,0.00016807995905399991,0.08717535664380577
tumor_1,tumor_1,TP53,19659,0.003956450169740307,0.00011050585990296695,0.008709348217071654,8.677337724468146e-05,0.04121777974386663
tumor_1,tumor_1,TPI1,19659,0.02883686324266657,0.0011182865202865858,0.0840581865807454,0.000902745057398103,0.507589754673533
tumor_1,tumor_1,TPM1,19659,0.028283851591733654,0.0010964483018595392,0.0821319133060249,0.0008749825803970958,0.5638752616545516
tumor_1,tumor_1,TPM2,19659,0.016059760363901655,0.0005929851312250782,0.04624246831470648,0.0004572511423336825,0.26235605021008324
tumor_1,tumor_1,TPSAB1,19659,0.00826327341023494,0.0002078822307593122,0.016472301580755806,0.00017298165219614876,0.07478470431351589
tumor_1,tumor_1,TPT1,19659,0.010027343240057805,0.0010994758362912725,0.08775470990575238,0.0007523461605306796,0.5332006791664624
tumor_1,tumor_1,TSC22D1,19659,0.012697882088660828,0.0004976969228209633,0.038924184370894156,0.0003866503065427089,0.19570732976577038
tumor_1,tumor_1,TSHZ2,19659,0.008992889503059608,0.00029745446739519877,0.023022515688854613,0.00023481909255163242,0.0965160625771001
tumor_1,tumor_1,TTN,19659,0.009230304752770278,0.0003803927823456474,0.02905276987281543,0.00029758315090104744,0.1739081634675704
tumor_1,tumor_1,TTR,19659,0.004898639979459934,0.0010772493986629717,0.090352947568254,0.0007450585963918023,0.5605339686941191
tumor_1,tumor_1,TUBB,19659,0.015492198834195448,0.0014453667216930012,0.11262151864175614,0.0010765810097560424,0.7256798363033652
tumor_1,tumor_1,TUBB4B,19659,0.012055737083274013,0.0011621311023769195,0.09043760237952592,0.000869073144063609,0.6017059905267915
tumor_1,tumor_1,TWIST1,19659,0.007106844520034619,0.00018667994519513714,0.014637214021739158,0.00015738155723247994,0.06031718501785073
tumor_1,tumor_1,TWIST2,19659,0.005674736280086344,0.00021254251723859776,0.017200719946754244,0.00016725752278614172,0.0669510508032057
tumor_1,tumor_1,TXK,19659,0.003557266650364327,0.0001480151734512025,0.012100630639593444,0.00010773885422289902,0.057846805139563015
tumor_1,tumor_1,TYK2,19659,0.008403490293355844,0.0003283619020967103,0.0258578809297784,0.0002513878023954771,0.10302714786008842
tumor_1,tumor_1,TYMS,19659,0.013031659062523165,0.0006897347379035014,0.053658309394291503,0.000525122693235867,0.2928002004502249
tumor_1,tumor_1,TYROBP,19659,0.012563487694568557,0.00023832971861959654,0.02085238234875695,0.00018844133314330704,0.09210998976857525
tumor_1,tumor_1,UBA52,19659,0.0145097418793455,0.0010353548411407454,0.08119364599583358,0.0007557643591983527,0.4047115030122222
tumor_1,tumor_1,UBE2C,19659,0.015493764581164537,0.000639727054843305,0.04977438962231526,0.000491874105622844,0.376944436678473
tumor_1,tumor_1,UPK3A,19659,0.0028517930413457953,5.436947126131663e-05,0.004594494432045682,4.572957275534596e-05,0.02707268553281546
tumor_1,tumor_1,VCAM1,19659,0.004367838134611383,0.00022836340222597487,0.018199775903754562,0.00016961991393978974,0.08671454397611777
tumor_1,tumor_1,VCAN,19659,0.0031226782656563574,5.418503674868499e-05,0.00485318670742934,4.328483751878272e-05,0.01714093156059541
tumor_1,tumor_1,VEGFA,19659,0.042461220228664526,0.001086306132774074,0.08220430200220176,0.0009540455050732456,0.658562492628113
tumor_1,tumor_1,VEGFB,19659,0.020333216159348057,0.000636278935130111,0.049190341191614265,0.0005109128032948321,0.2682360965587126
tumor_1,tumor_1,VEGFC,19659,0.002075048181956902,6.532427833245745e-05,0.005286326317743942,4.9305313982375896e-05,0.029068006979147538
tumor_1,tumor_1,VEGFD,19659,0.008763803184158266,0.0002267422840134781,0.017996506877760842,0.0001794685688840658,0.07195494116666548
tumor_1,tumor_1,VHL,19659,0.015535571803151344,0.0006455719974261635,0.050956694360739206,0.0004894008808029886,0.23337279228893978
tumor_1,tumor_1,VIM,19659,0.023394658867224465,0.0003534912410981401,0.0354858302953036,0.0002732258496539184,0.16216040353426286
tumor_1,tumor_1,VPREB3,19659,0.0068111412258704766,0.00016476602283540083,0.013006703050341812,0.0001377773383107051,0.054574986101147825
tumor_1,tumor_1,VSIR,19659,0.009474481153509155,0.0002495489691122362,0.01996446621374832,0.00020349764231502958,0.09851425689064308
tumor_1,tumor_1,VTN,19659,-0.060732466398483786,0.0013890247824472008,0.1366458859411856,0.0008609467245151236,1.1925268058792229
tumor_1,tumor_1,VWA1,19659,0.018006803671795246,0.0004040761245916441,0.03156972837743013,0.000339144111232186,0.16111098265846274
tumor_1,tumor_1,VWF,19659,0.005878953867161242,0.0001527937220162286,0.012292186744437984,0.00011487611476202634,0.05206473697828492
tumor_1,tumor_1,WIF1,19659,0.0041441890307472315,0.0001147055399608623,0.00921281781896522,8.69359045311805e-05,0.03766246800483617
tumor_1,tumor_1,WNT10B,19659,0.004869177948204645,0.00011302950747496543,0.009141325367147237,9.111365882710238e-05,0.043504966318964264
tumor_1,tumor_1,WNT11,19659,0.0038440331065655586,7.872304712914175e-05,0.006484668563067529,6.880881485669457e-05,0.0367699053091013
tumor_1,tumor_1,WNT3,19659,0.008348708668820062,0.00027312150005092816,0.02111891900771019,0.00021693677091018458,0.10155851462827221
tumor_1,tumor_1,WNT5A,19659,0.0020148395961985728,8.477757142252097e-05,0.006703323321512196,6.367794633790651e-05,0.030132418825403372
tumor_1,tumor_1,WNT5B,19659,0.007035962643369096,0.00020526253996637419,0.016229995970446408,0.00017033943419925748,0.07098058641542583
tumor_1,tumor_1,WNT7A,19659,0.004461252696436857,0.00010084651696464594,0.008256548783933329,8.124909954214901e-05,0.03433586474039513
tumor_1,tumor_1,WNT7B,19659,0.007611169327423564,0.00016958711313978762,0.014292351998031758,0.00013629485342452107,0.07596741505690092
tumor_1,tumor_1,WNT9A,19659,0.01059304661894378,0.0002817518987337137,0.022212204979871912,0.00023135784782568085,0.08491952961561741
tumor_1,tumor_1,XBP1,19659,0.005694106143534341,0.0008310493017715688,0.06605534011572849,0.0005826990383466746,0.3433052662158929
tumor_1,tumor_1,XCL1,19659,0.01012018773077727,0.00038969047913167844,0.030770227449639455,0.0002950349514782645,0.14846885897672973
tumor_1,tumor_1,XKR4,19659,0.003222441246753061,8.890127683309912e-05,0.00716491791687963,7.194968462207913e-05,0.024448495934394028
tumor_1,tumor_1,YBX3,19659,0.028118487185265818,0.0010268519384738577,0.0791787964160349,0.0007980062355150944,0.43475194926111965
tumor_1,tumor_1,YES1,19659,0.0035890969363110816,0.00023923235224718945,0.018983919028259272,0.0001770704532859902,0.09677639948414633
tumor_1,tumor_1,ZBTB16,19659,0.01506218367819831,0.0009467408416135253,0.0728437279722514,0.0007212905914007412,0.5000841202378182
tumor_1,tumor_1,ZFP36,19659,0.02527670802236654,0.0008633400501815428,0.06576525929997046,0.0006886450183737289,0.40899264615139774
tumor_1,tumor_2,AATK,19659,-0.004704331512459135,6.779139298324717e-05,0.015991267011606018,4.4936270009505766e-05,0.07442653255174916
tumor_1,tumor_2,ABL1,19659,0.006407956805873592,0.00011232880561022638,0.023007469452200148,8.386361296099348e-05,0.1405224134560223
tumor_1,tumor_2,ABL2,19659,0.010778697216826926,7.995739305772262e-05,0.01948571986781204,5.2688498029905233e-05,0.0999174025442073
tumor_1,tumor_2,ACACB,19659,0.029432868898965448,0.00017873193559225187,0.0470592677106228,0.00013909567726834877,0.2164859443694905
tumor_1,tumor_2,ACE,19659,0.0048999709767653336,0.00010711715245366562,0.02219833518816692,7.576176132098117e-05,0.10451136080200998
tumor_1,tumor_2,ACKR1,19659,0.0006694246440365235,5.27397922184439e-05,0.010962847130805833,3.6093428706058495e-05,0.05788741350118211
tumor_1,tumor_2,ACKR3,19659,-0.00786607132338147,7.116593447442372e-05,0.018534087585148396,4.5344056735936104e-05,0.06741640477529472
tumor_1,tumor_2,ACKR4,19659,-0.0033996562946124868,6.65441127884659e-05,0.016324593494612853,4.3446364828115306e-05,0.08591802112731464
tumor_1,tumor_2,ACP5,19659,-0.0041048308489220284,0.0001199934288331284,0.026298585665866136,7.135858618809477e-05,0.13025399676479532
tumor_1,tumor_2,ACTA2,19659,0.005821433134012793,5.9803689296484274e-05,0.013405963030320527,3.7460536010612804e-05,0.06853287356253153
tumor_1,tumor_2,ACTG2,19659,-0.00013158751516250235,3.419035919037756e-05,0.0076549839477862355,2.7003207123220802e-05,0.035763366387684965
tumor_1,tumor_2,ACVR1,19659,0.00815669120001305,0.00011525303406464671,0.02804698712148939,8.455060032654185e-05,0.14139379312699585
tumor_1,tumor_2,ACVR1B,19659,0.029143032236057426,0.00017421207381415713,0.044770735535651085,0.00013982541597904545,0.2098716393728969
tumor_1,tumor_2,ACVR2A,19659,0.009203083428780068,8.538075836368932e-05,0.020031584707952917,6.20794900611202e-05,0.08863182908870589
tumor_1,tumor_2,ACVRL1,19659,-0.009017947384596532,0.00011807279775266048,0.03116899742688725,7.965011309486877e-05,0.1241146237955439
tumor_1,tumor_2,ADGRA2,19659,0.010230093920513194,5.535299302913779e-05,0.012610775578426065,3.738112867363683e-05,0.06398350219946855
tumor_1,tumor_2,ADGRA3,19659,0.002551090501973088,8.430018304704307e-05,0.02070189545285316,5.8065426976248006e-05,0.0798422242453878
tumor_1,tumor_2,ADGRE2,19659,-0.0019997783632064716,4.224268998650946e-05,0.009823170029721918,2.2629150348874887e-05,0.042378567870648774
tumor_1,tumor_2,ADGRE5,19659,-0.008736488404602996,0.00010998982672954088,0.030658986188700228,8.339886412402539e-05,0.14145640339101279
tumor_1,tumor_2,ADGRF1,19659,-0.007059904386382177,5.249240697849881e-05,0.01463650778054582,3.173602670485168e-05,0.06170899123937022
tumor_1,tumor_2,ADGRF3,19659,-0.0031443262144590076,5.0459822547946855e-05,0.013312055272953574,3.4940713457733784e-05,0.05725391647967273
tumor_1,tumor_2,ADGRF5,19659,0.0014483422460766415,4.045644940543655e-05,0.00970843029381159,2.883164851160806e-05,0.04895023204741257
tumor_1,tumor_2,ADGRG1,19659,0.011442853804884086,0.00012243298262496293,0.02769470274173816,8.874307176742809e-05,0.1516645671352777
tumor_1,tumor_2,ADGRG3,19659,-0.003361961049579599,7.20206471618452e-05,0.015814352078367375,4.891395075550211e-05,0.07743523148264075
tumor_1,tumor_2,ADGRG5,19659,0.0008784050239722191,3.262530416063668e-05,0.007311652637626823,2.290093667994179e-05,0.03374318248971088
tumor_1,tumor_2,ADGRG6,19659,0.006082120483538499,7.197494015573852e-05,0.019105702499721225,5.141444167491228e-05,0.08367514123574832
tumor_1,tumor_2,ADGRL1,19659,0.0008127516868541639,4.037791200562441e-05,0.008235437931660438,2.457281661965278e-05,0.050374290023178794
tumor_1,tumor_2,ADGRL2,19659,-0.0014347999593864263,4.740223851559547e-05,0.011663391742781123,3.288128169660378e-05,0.048910528989563266
tumor_1,tumor_2,ADGRL4,19659,0.0018358086877642205,3.107218318173269e-05,0.006749711568427098,2.2119995820839563e-05,0.02878324842325265
tumor_1,tumor_2,ADGRV1,19659,-0.0017751994172769982,1.9934448598695445e-05,0.005378940605180151,1.2869275720172635e-05,0.026480281587594728
tumor_1,tumor_2,ADIPOQ,19659,0.00022412656554238338,1.8532116487120962e-05,0.005884042306958505,1.2660791349544205e-05,0.02980167192725956
tumor_1,tumor_2,ADIRF,19659,0.0077263530170809044,0.00030146107338726566,0.07655994338978044,0.0002275511652283847,0.3426470789754676
tumor_1,tumor_2,ADM2,19659,0.0006213286995967913,4.8560329345075154e-05,0.0095649929040116,3.456213888537183e-05,0.057849764898120756
tumor_1,tumor_2,AGR2,19659,-0.003004876161316788,3.439646187249622e-05,0.008226490793144725,2.38680915841207e-05,0.039514410445180524
tumor_1,tumor_2,AHI1,19659,0.011238065881952034,8.164851350556605e-05,0.017369621723672006,6.0437737593926926e-05,0.0760622628275922
tumor_1,tumor_2,AHR,19659,0.0045254641717836185,9.605976618141758e-05,0.022693287090092478,6.931290617868002e-05,0.08980042356067978
tumor_1,tumor_2,AIF1,19659,-0.0005045207264306876,6.608007030523995e-05,0.012727960147444631,3.8190447429522264e-05,0.06377439589033942
tumor_1,tumor_2,AKT1,19659,0.025197153117202987,0.0002468353365208479,0.06178908108537136,0.00018765393770063635,0.2670643737250598
tumor_1,tumor_2,ALCAM,19659,0.0036210398401034564,3.614873349696777e-05,0.008683693876453614,2.453271893269564e-05,0.03775676051184225
tumor_1,tumor_2,ALOX5AP,19659,-0.0015614855673244286,5.211471723905191e-05,0.012192698343222019,3.420771127719549e-05,0.06318936971140715
tumor_1,tumor_2,ANGPT1,19659,0.002190738224563559,4.9088215172415884e-05,0.009770357171207623,3.5125655936805976e-05,0.04905689460091931
tumor_1,tumor_2,ANGPT2,19659,-0.00014956486792041596,2.933424789001961e-05,0.006951249428876998,1.9435804457044334e-05,0.02898524827748144
tumor_1,tumor_2,ANGPTL1,19659,-0.0077068470963584145,6.327480475007314e-05,0.01691937255885582,4.018546332761589e-05,0.07610616993124716
tumor_1,tumor_2,ANKRD1,19659,0.002188670789892505,5.703611415779316e-05,0.011999265547825372,3.909888265065409e-05,0.05057886299998595
tumor_1,tumor_2,ANXA1,19659,-0.0026989548508504413,5.881941955788801e-05,0.01526467039287405,3.517095579136069e-05,0.06504258139095878
tumor_1,tumor_2,ANXA2,19659,0.0460470445511443,0.0005462705453455649,0.1496336662618271,0.0004098467856342546,0.7040168865060094
tumor_1,tumor_2,ANXA4,19659,0.0384278708711885,0.0003854518600309699,0.1093299226218373,0.0003133397426149074,0.4441081318993881
tumor_1,tumor_2,APOA1,19659,0.2291163475647075,0.0005376555475610349,0.2951537541378851,0.000415147640799885,1.160828417097475
tumor_1,tumor_2,APOC1,19659,0.27019858177332706,0.0007319908911830275,0.3018171500337864,0.0006221565446385255,1.0205326876053893
tumor_1,tumor_2,APOD,19659,0.002339565351424826,4.382714192644818e-05,0.008553982391801683,3.264770047343783e-05,0.05238700993401696
tumor_1,tumor_2,APOE,19659,0.21356396441062184,0.0007849409381567141,0.26565355194678636,0.000673467499877343,1.0702958364869333
tumor_1,tumor_2,APP,19659,0.0036469943171839937,0.0003333296815910819,0.09255199937735517,0.0002488021002446871,0.3949327938506977
tumor_1,tumor_2,AQP3,19659,0.043691911787571404,0.00015627279586027064,0.051768840230540715,0.00011706191664569718,0.20364577033977244
tumor_1,tumor_2,AR,19659,0.06800458834927393,0.00028763437139685266,0.08269170137984287,0.00022271676166442478,0.3433552242599144
tumor_1,tumor_2,AREG,19659,-0.0002715244786647573,5.9028650789472616e-05,0.011851618202487797,4.253510591412061e-05,0.059690722200401634
tumor_1,tumor_2,ARF1,19659,0.06727702426518296,0.0004075406044746232,0.10948561847800589,0.0003279065014595697,0.47366203251058253
tumor_1,tumor_2,ARG1,19659,-0.00728753961925576,3.329808641750812e-05,0.01368183179209805,1.6897291052083538e-05,0.024564694957779236
tumor_1,tumor_2,ARHGDIB,19659,0.0105445885372344,8.858392610090565e-05,0.019030936261623554,6.0495809483849996e-05,0.09235879233260699
tumor_1,tumor_2,ARID5B,19659,0.006738015481521776,7.716228292554217e-05,0.019744485588505695,5.7534059522341064e-05,0.073809939779385
tumor_1,tumor_2,ATF3,19659,0.0023610788376042463,3.9445211505146994e-05,0.011476011189473036,2.820994547550668e-05,0.04818428166724835
tumor_1,tumor_2,ATG10,19659,0.009012111994094935,8.369928179669243e-05,0.019180840194278653,6.581395018015246e-05,0.08631871848402087
tumor_1,tumor_2,ATG12,19659,0.001762638157314605,8.47727880230585e-05,0.018910744918681905,6.082720337982262e-05,0.08841540321589161
tumor_1,tumor_2,ATG5,19659,0.010866888151840691,0.00014307931188718714,0.039147161024196395,0.00010648914324090449,0.1596074765931396
tumor_1,tumor_2,ATM,19659,0.00649515684190752,8.199135832935071e-05,0.017587569075122985,6.006906381149436e-05,0.09713276738948966
tumor_1,tumor_2,ATP5F1B,19659,0.053207371528291435,0.0002975350337370937,0.08814549165215961,0.00022846550473497977,0.34156493309696545
tumor_1,tumor_2,ATP5F1E,19659,0.10157865210350965,0.0005031267691581686,0.15159668713576685,0.000419893231083348,0.6021861558333527
tumor_1,tumor_2,ATR,19659,0.0189143716057914,0.00011961053241862674,0.028723257030469122,9.233092949248964e-05,0.13729107836493498
tumor_1,tumor_2,AXL,19659,0.005086098552767584,5.7942494833694265e-05,0.011382447054867465,3.869996195895313e-05,0.05858144955383739
tumor_1,tumor_2,AZGP1,19659,0.022431731989811014,0.00012254970359022635,0.0371285803879256,8.43363269404053e-05,0.09450655471993764
tumor_1,tumor_2,AZU1,19659,-0.0026739560255869973,3.783454618684175e-05,0.00925329727205923,2.73357387024212e-05,0.049823670520127095
tumor_1,tumor_2,B2M,19659,0.07683064956179157,0.0007222534365598892,0.21103941519941816,0.000541714471748968,0.9324944860628731
tumor_1,tumor_2,B3GNT7,19659,-0.00702250302823771,5.8642512022361466e-05,0.01760267651261314,4.147301353601463e-05,0.06509589257158122
tumor_1,tumor_2,BAG3,19659,0.006494497061179383,0.00013145163447472215,0.02927739114522232,9.195860113072181e-05,0.1260488302127232
tumor_1,tumor_2,BASP1,19659,-0.0034616417800211277,6.468849211279852e-05,0.01414618908031468,3.885395794005437e-05,0.07407141952824821
tumor_1,tumor_2,BAX,19659,0.014327230067011055,0.00020625626910395292,0.04887795851181127,0.00015300606043961178,0.22201180275793267
tumor_1,tumor_2,BBLN,19659,0.0012662265393754608,0.00016272874533905608,0.03555493923641626,0.00011511751857914373,0.15079079067478235
tumor_1,tumor_2,BCL2,19659,-0.004392661041021792,7.949840120024766e-05,0.016667831359507466,5.275308460737185e-05,0.07821495594777218
tumor_1,tumor_2,BCL2L1,19659,0.021440158468045856,0.00025069843285259274,0.05937090676821348,0.00019224609205816193,0.27460873654809026
tumor_1,tumor_2,BECN1,19659,0.01809432405949401,0.00012073469290481019,0.030997821967042115,9.241802676251039e-05,0.13449476652417305
tumor_1,tumor_2,BEST1,19659,-0.010338009842896243,4.0970660982474425e-05,0.014030562678415574,1.9490992563163914e-05,0.05418133818909345
tumor_1,tumor_2,BGN,19659,-0.00016769105590793887,0.0001635215744956709,0.0336077350625906,0.00010251678064124927,0.14395306323647616
tumor_1,tumor_2,BID,19659,0.004858296303386178,0.00013904141730944802,0.030207282350422714,0.00010414882068351109,0.13134840348737076
tumor_1,tumor_2,BIRC3,19659,-0.04689963372560966,0.0002327887407835024,0.08263029627590743,0.0001557700928567237,0.28373270692580066
tumor_1,tumor_2,BIRC5,19659,-0.007055273280154077,8.378384789447297e-05,0.024036296617317977,6.462349935889601e-05,0.1256285129401517
tumor_1,tumor_2,BMP1,19659,0.0014174534420106808,5.897576603146145e-05,0.01334924393510815,4.3121287168882995e-05,0.0660298202909776
tumor_1,tumor_2,BMP2,19659,-0.001528190268731645,5.578652955923239e-05,0.012038526219464628,3.77003731482932e-05,0.05645095832061371
tumor_1,tumor_2,BMP3,19659,-0.003047385796816638,3.2023872778526874e-05,0.007711141393942749,2.5433933754318423e-05,0.03070927845640567
tumor_1,tumor_2,BMP4,19659,-0.009272844647790466,5.794387572372902e-05,0.016977055273949437,3.1783632842433314e-05,0.054756943160704896
tumor_1,tumor_2,BMP5,19659,0.002958575494841724,3.2204420983002716e-05,0.0073019544314436744,2.172690629628931e-05,0.0398504157420389
tumor_1,tumor_2,BMP7,19659,0.0020219865206310117,3.110274349866162e-05,0.007005167400232379,2.358570768490901e-05,0.025653585295579172
tumor_1,tumor_2,BMPR1A,19659,0.0021632861503145463,8.120329837621841e-05,0.017147642680798606,5.6066889204677516e-05,0.08956782703577762
tumor_1,tumor_2,BMPR2,19659,0.01455692073112932,9.107675443685334e-05,0.02357938432502451,6.499770374271649e-05,0.10036250989023232
tumor_1,tumor_2,BRAF,19659,0.00876401610059172,9.503908373090217e-05,0.01971426624652665,6.689308595178737e-05,0.08603184108514747
tumor_1,tumor_2,BRCA1,19659,0.0033050911075585424,6.614417388847675e-05,0.013839640729924246,4.572588160831063e-05,0.06648714185231583
tumor_1,tumor_2,BST1,19659,-0.0005514530202745179,2.4384262276699554e-05,0.005798518920694483,1.9533830785221515e-05,0.03493831462231851
tumor_1,tumor_2,BST2,19659,0.03890677504885751,0.00034076627601850227,0.08412123765638953,0.0002555854661964479,0.3590584618227859
tumor_1,tumor_2,BTF3,19659,0.02664680843161285,0.00034570448817021064,0.08532564140413154,0.00024449686956471507,0.37237150847076245
tumor_1,tumor_2,BTG1,19659,0.03713086811592364,0.0003096843811228857,0.07758578606441335,0.00023531252103546366,0.32734516211797043
tumor_1,tumor_2,BTK,19659,-0.00689321545356458,2.7070265911867707e-05,0.010774385030307242,1.96699957809959e-05,0.030842170374778044
tumor_1,tumor_2,C11orf96,19659,-0.002169200537983144,9.618366442192141e-05,0.021033408994559,6.0475325528279726e-05,0.0983634464252275
tumor_1,tumor_2,C1QA,19659,0.01968331980729384,0.00010530672758452224,0.02471851717649521,6.85272112990741e-05,0.1198236593525065
tumor_1,tumor_2,C1QB,19659,0.03499416340828652,0.0001440631491325542,0.039745934762705305,9.594627579646522e-05,0.16182827577957176
tumor_1,tumor_2,C1QC,19659,0.026966823297303343,0.00011187904191791306,0.03062675525817333,8.34566042551671e-05,0.11640664037486859
tumor_1,tumor_2,C5AR2,19659,-0.004707712491103409,5.394467967136304e-05,0.013561114609519854,3.243884303762711e-05,0.05831900453360058
tumor_1,tumor_2,CACNA1C,19659,0.008805741996218015,3.611449555468364e-05,0.010932732838352686,2.444461846606234e-05,0.04323461537073866
tumor_1,tumor_2,CALB1,19659,-0.00098743835863292,6.60549671974292e-05,0.01351715210745901,4.242428450364877e-05,0.06936218433589995
tumor_1,tumor_2,CALD1,19659,0.011636471440393582,0.00025908259964902087,0.06919870288963288,0.0001638900982907017,0.240159559581604
tumor_1,tumor_2,CALM1,19659,0.01821660507784979,0.0003332923774496127,0.08893540562873806,0.00023070081731915647,0.355244718703983
tumor_1,tumor_2,CALM2,19659,0.03212629987600427,0.0005157715038317627,0.15209473765932618,0.0003940841216793328,0.6590109430593452
tumor_1,tumor_2,CALM3,19659,0.01667026102775388,0.0004015930329613853,0.11096488408107821,0.0003248659034472973,0.5088493747701838
tumor_1,tumor_2,CAMP,19659,0.013280653355784234,6.780181271230023e-05,0.019216688875247478,5.803932928964454e-05,0.07829524135033876
tumor_1,tumor_2,CARMN,19659,0.006848814758204055,6.610644215915352e-05,0.01236111366792517,4.8791913300286324e-05,0.05795611740791147
tumor_1,tumor_2,CASP3,19659,0.008852472908514332,9.226973183320041e-05,0.02047983491202286,6.369196551311682e-05,0.08580482796772418
tumor_1,tumor_2,CASP8,19659,0.006032225395328215,4.426971204934827e-05,0.011841929121418298,3.433008317605521e-05,0.056081524838989004
tumor_1,tumor_2,CASR,19659,-0.0037425217334336645,4.532173334418459e-05,0.01074290583924928,3.109414935622398e-05,0.05045714235672605
tumor_1,tumor_2,CAV1,19659,0.02102899900693705,0.00019361696557726208,0.04399070986794578,0.00012811030310235343,0.18752447214755322
tumor_1,tumor_2,CCDC80,19659,0.0021982949485519015,6.798846363444767e-05,0.012940348955519845,4.5349130619373264e-05,0.05643655503239118
tumor_1,tumor_2,CCL11,19659,0.0008559642975190218,4.632068415106739e-05,0.010208736087190222,3.1205459698896255e-05,0.05359544961011016
tumor_1,tumor_2,CCL13,19659,-0.0004408830835222607,4.3067207055210725e-05,0.009469294173122733,2.531924436954488e-05,0.04591832864700591
tumor_1,tumor_2,CCL15,19659,0.016090056779960914,0.00016642305724283234,0.038382524457355634,0.0001267204821106301,0.17166787919472812
tumor_1,tumor_2,CCL17,19659,-0.0019210765161102668,6.686933485530893e-05,0.014049025168875007,4.328540054308171e-05,0.05981855192298781
tumor_1,tumor_2,CCL18,19659,0.0016128071422025758,2.551575624158803e-05,0.007070398105927969,2.4740192085670077e-05,0.04271145364111458
tumor_1,tumor_2,CCL19,19659,-0.001806571535882475,5.0721602992781464e-05,0.01076194673844466,3.415568739391644e-05,0.05667136655199105
tumor_1,tumor_2,CCL2,19659,0.00032981207863690576,5.937367759500482e-05,0.013031136222414225,3.895858035905696e-05,0.06914565456067916
tumor_1,tumor_2,CCL20,19659,0.001296804115662067,7.72198880517373e-05,0.020885605683845,5.576362891302891e-05,0.08515179584309295
tumor_1,tumor_2,CCL21,19659,-0.014453589258085629,5.718082666400321e-05,0.021422451329112677,3.7385286030976264e-05,0.07043443430593041
tumor_1,tumor_2,CCL22,19659,-0.004115567945546121,3.46952496668912e-05,0.009868627510939478,2.3776863467798246e-05,0.04959322012471071
tumor_1,tumor_2,CCL26,19659,-0.0019579743934192715,3.097137683303803e-05,0.007043714960074758,2.015377647193859e-05,0.029298198994137818
tumor_1,tumor_2,CCL28,19659,-0.0002314988574648587,0.0001419131697589151,0.03923072999585262,9.633769045182405e-05,0.1475219915903681
tumor_1,tumor_2,CCL3,19659,-0.0028703309589284145,4.6887974904531825e-05,0.01058613653664495,3.005685551738261e-05,0.0487694990507681
tumor_1,tumor_2,CCL4,19659,-0.00445945436409987,4.693825710429906e-05,0.010788817989426141,3.064377949746934e-05,0.051742636105625
tumor_1,tumor_2,CCL5,19659,0.011511970346644685,8.628023442273884e-05,0.022956648962981052,6.754482958787744e-05,0.1549596709984284
tumor_1,tumor_2,CCL8,19659,-0.005682847223569734,4.273222004726229e-05,0.012189480332415426,2.4454966575044297e-05,0.047986107146987554
tumor_1,tumor_2,CCND1,19659,-0.0033425057065823867,7.462779054358101e-05,0.01574584247275656,3.861667636044014e-05,0.07306985423283423
tumor_1,tumor_2,CCR1,19659,-0.0038178452103325737,6.158119501695519e-05,0.01406125209468927,3.961886522449927e-05,0.0671843842826067
tumor_1,tumor_2,CCR10,19659,0.001014868144386604,5.988855867363389e-05,0.011271578149325808,4.252993867893832e-05,0.0775988927547382
tumor_1,tumor_2,CCR2,19659,-0.00575765269398261,3.7623351444335306e-05,0.010938178772522046,2.3082387362107695e-05,0.03818663105420745
tumor_1,tumor_2,CCR5,19659,0.0019541635654847364,5.228350962611235e-05,0.009372175228536839,3.5249092605235974e-05,0.04467605242875677
tumor_1,tumor_2,CCR7,19659,-0.0017326089836641131,4.772436237346222e-05,0.010468438881857717,3.088086113338639e-05,0.04265978097569477
tumor_1,tumor_2,CCRL2,19659,0.0007753241125796867,3.344757258777665e-05,0.0071082783349557975,2.2577849878866153e-05,0.0326506774154611
tumor_1,tumor_2,CD14,19659,0.007124295222697434,0.00011668930454068813,0.02601616038686023,6.940823792295014e-05,0.1234284904941479
tumor_1,tumor_2,CD163,19659,0.010597172128701274,9.344082699992092e-05,0.018980096370826725,6.439438876660888e-05,0.07931743268962324
tumor_1,tumor_2,CD164,19659,0.0274277070545192,0.0003071163315497236,0.08888254778578245,0.00023711185394579252,0.3733030310495427
tumor_1,tumor_2,CD19,19659,-0.011651541001100274,6.341757615210711e-05,0.020190473494509212,4.2265584247252977e-05,0.0710532586443035
tumor_1,tumor_2,CD1C,19659,-0.0016190665207645588,6.906759204453279e-05,0.013695702819422086,4.4168165835244775e-05,0.07607395538994262
tumor_1,tumor_2,CD2,19659,0.009330944131157436,3.209162137141269e-05,0.010233414140973587,2.7486550695904294e-05,0.03661707481118105
tumor_1,tumor_2,CD209,19659,-0.0027059412886010032,6.200781764981544e-05,0.013628400024846199,3.79909254981483e-05,0.0570901825234542
tumor_1,tumor_2,CD22,19659,0.0002551982879706511,2.837017978333738e-05,0.00643838205642866,1.5927672532637475e-05,0.023515075836591022
tumor_1,tumor_2,CD24,19659,-0.0647583188392579,0.0003728704065939301,0.13370205005744548,0.0002663157788121779,0.48288590434633444
tumor_1,tumor_2,CD27,19659,-0.005553277732998271,6.482716238165026e-05,0.015130233120882783,4.624491089119191e-05,0.07957793025206852
tumor_1,tumor_2,CD274,19659,0.006346081560415555,6.165080989473081e-05,0.012910745422682663,4.276733540317033e-05,0.0585805038926613
tumor_1,tumor_2,CD276,19659,0.0180926078206373,0.00023869446239247803,0.05487130782139208,0.00018095168542221074,0.25515570105801266
tumor_1,tumor_2,CD28,19659,0.005926630707852333,5.592626575725326e-05,0.01129762193254892,4.1562795917425106e-05,0.05668641206974656
tumor_1,tumor_2,CD300A,19659,-0.007080133629582296,4.474335382406021e-05,0.013240662637666049,2.4606065100614103e-05,0.0561575938984449
tumor_1,tumor_2,CD33,19659,-0.0018801701584106722,3.8917703804345e-05,0.009074388695310864,3.0751863768342575e-05,0.04359809847073384
tumor_1,tumor_2,CD34,19659,0.0021762329873822816,7.181613652832537e-05,0.01475782780149119,5.037006968996329e-05,0.07606026893055336
tumor_1,tumor_2,CD36,19659,0.000446233292717076,4.528636599382687e-05,0.010246640776442125,2.6306765951628832e-05,0.04525062618735052
tumor_1,tumor_2,CD37,19659,0.0016572553778664238,4.035166747532774e-05,0.007922043452272725,2.9759641050210484e-05,0.04243684737823766
tumor_1,tumor_2,CD38,19659,0.002203870003674912,6.10805297492304e-05,0.012569869597998214,4.8113368488466315e-05,0.06710496080303878
tumor_1,tumor_2,CD3D,19659,-0.004671482795073838,3.6663843598970706e-05,0.010447609948249791,2.548276947380861e-05,0.055801999543966085
tumor_1,tumor_2,CD3E,19659,0.0023614438933649735,3.625778103428656e-05,0.007744662573340215,2.6322013891749533e-05,0.03222964234093563
tumor_1,tumor_2,CD3G,19659,0.003469150734144299,5.993913145257909e-05,0.011607307052367021,4.317539453563631e-05,0.04722240562750797
tumor_1,tumor_2,CD4,19659,0.006205807086464989,4.374912231411424e-05,0.00868556614184195,2.96534438617073e-05,0.06002999498023923
tumor_1,tumor_2,CD40,19659,0.008885829748503365,9.780595631039257e-05,0.02335512512247013,7.18920390095845e-05,0.10566900392394785
tumor_1,tumor_2,CD40LG,19659,-0.001409664471076663,5.282361497308583e-05,0.011539177523802823,3.952269076289629e-05,0.05770014249410669
tumor_1,tumor_2,CD44,19659,-0.036732307034627786,0.00023425306323822138,0.06518087880244401,0.00012956339817174503,0.22302824800156912
tumor_1,tumor_2,CD47,19659,-0.000350956450310225,0.00011610645525598191,0.028422141573317718,7.924997808650975e-05,0.11885853677066553
tumor_1,tumor_2,CD48,19659,-0.008380268142707436,2.470521533915764e-05,0.010817875316496074,1.348296411219548e-05,0.04061948052723531
tumor_1,tumor_2,CD52,19659,0.0036481125804357973,3.717631878278443e-05,0.007492330571302762,2.130363533400946e-05,0.03837093660907239
tumor_1,tumor_2,CD53,19659,-0.0028805546260770617,5.609009410082638e-05,0.011903275628312926,3.255513477407674e-05,0.062228118534456076
tumor_1,tumor_2,CD55,19659,-0.004221535137560751,7.964591546776461e-05,0.017927951065946513,5.722297740636747e-05,0.06698486480406514
tumor_1,tumor_2,CD58,19659,0.011615998470570743,9.03684079860068e-05,0.020386178285990673,6.904354375192413e-05,0.08451551888485555
tumor_1,tumor_2,CD59,19659,-0.0016057857406299157,0.0003973544537376894,0.10920716346991415,0.00028642107369229394,0.4259246784107475
tumor_1,tumor_2,CD5L,19659,0.006077747888169723,5.83226681882723e-05,0.013008473482632158,4.40581024422848e-05,0.05782469879700915
tumor_1,tumor_2,CD63,19659,0.09475599608890357,0.0005107429334527618,0.14877461818167623,0.00041106659883647295,0.6494154876209925
tumor_1,tumor_2,CD68,19659,-0.019048126130409605,0.00021345789860017716,0.06192811125230403,0.00012136706441275413,0.23175219724091206
tumor_1,tumor_2,CD69,19659,6.533241047439542e-05,5.081338934562076e-05,0.010723291111199398,3.223996029648745e-05,0.05077374007554604
tumor_1,tumor_2,CD70,19659,0.005062180267563247,2.7018669006908273e-05,0.007740734259993197,1.9883011098190122e-05,0.03008541844674102
tumor_1,tumor_2,CD74,19659,0.016567203868990608,0.0005799154703076184,0.16709335375538553,0.0003497855873506328,0.8239542712147635
tumor_1,tumor_2,CD79A,19659,0.004651544801381581,3.5538293560375035e-05,0.008593811180419927,2.458611939100794e-05,0.04126613778946986
tumor_1,tumor_2,CD80,19659,0.0029716195940938783,5.75377321026667e-05,0.012359545718628562,4.3066769734742116e-05,0.05926088519265239
tumor_1,tumor_2,CD81,19659,0.006553227487055014,0.0004714975083812591,0.11253360282455202,0.0003419881006812211,0.5192988628422551
tumor_1,tumor_2,CD83,19659,-0.001080069606285689,6.267057520776648e-05,0.012941570472211181,4.325177156949937e-05,0.07265021785101029
tumor_1,tumor_2,CD84,19659,0.003852390502622384,4.7931073368199813e-05,0.009904712626468075,3.123025923046437e-05,0.05193688990829602
tumor_1,tumor_2,CD86,19659,-0.0033197809037462944,5.073558900048276e-05,0.0110421487577576,3.1544682493235824e-05,0.044520219870084136
tumor_1,tumor_2,CD8A,19659,-0.0018504454914653457,5.837685736335717e-05,0.012809585845878147,3.928459077142916e-05,0.07106592595093116
tumor_1,tumor_2,CD8B,19659,0.0004798565950481345,4.851339520339008e-05,0.01000999289755847,3.422887645866561e-05,0.0621888989187384
tumor_1,tumor_2,CD9,19659,0.0009249666491029276,0.00022395012468790225,0.05904650687281706,0.00016637933193737703,0.2588642042986783
tumor_1,tumor_2,CD93,19659,0.0039273523614477565,3.1959197950402526e-05,0.008495036652129292,2.5189005151790086e-05,0.04790151813092375
tumor_1,tumor_2,CDH1,19659,0.010760132986811544,0.00016335327389247446,0.035424123214838885,0.00011720677055518794,0.16254022393052853
tumor_1,tumor_2,CDH11,19659,0.005653041471623018,5.369680649294553e-05,0.010496298688447713,3.717680405629868e-05,0.04534869207536733
tumor_1,tumor_2,CDH19,19659,-0.0004301247526629315,4.54568073696381e-05,0.009779211482868524,3.216420034980619e-05,0.04934050671807743
tumor_1,tumor_2,CDH5,19659,0.001664043894812925,6.128069081530525e-05,0.010695391094180468,4.2855526881106875e-05,0.06039257716768089
tumor_1,tumor_2,CDKN1A,19659,0.037961463804807014,0.0003800598393010194,0.09610412214660832,0.0002965651470115856,0.4697534798008853
tumor_1,tumor_2,CDKN3,19659,0.0029837456277235592,8.520386731212203e-05,0.020166010938901642,6.842266489681942e-05,0.11637781134899354
tumor_1,tumor_2,CEACAM1,19659,-0.00034430267131431213,5.1193018857808465e-05,0.012301729902481257,3.497102342935212e-05,0.04213052377096254
tumor_1,tumor_2,CEACAM6,19659,-0.0005683105513040384,3.43204769109858e-05,0.007646587413778182,2.2951483697509906e-05,0.03404361092408048
tumor_1,tumor_2,CELSR1,19659,-0.010746517241990484,0.0001488651489715651,0.03809156296534086,0.00010099592784052184,0.15132173912817634
tumor_1,tumor_2,CELSR2,19659,0.0032608086757041264,8.384962032369626e-05,0.01767859539007417,6.230982367825125e-05,0.08766642053583475
tumor_1,tumor_2,CENPF,19659,-0.005805014505857995,7.217731160783304e-05,0.021184977493714327,5.356050413959706e-05,0.10022042197303568
tumor_1,tumor_2,CFD,19659,-0.002515714024213245,7.375020408670515e-05,0.016466461041962328,4.313190414433406e-05,0.06324603964720582
tumor_1,tumor_2,CFLAR,19659,0.0010472587047895077,0.00011152327917204992,0.028163624990979623,8.103801326152548e-05,0.13252354677440376
tumor_1,tumor_2,CHEK1,19659,0.0006454222330879347,9.679937894114293e-05,0.021463607410967138,7.022451071550717e-05,0.09587793000764303
tumor_1,tumor_2,CHEK2,19659,0.002210412122911045,8.639466178221278e-05,0.019164983275534012,6.731534956780716e-05,0.09158043439523213
tumor_1,tumor_2,CHI3L1,19659,-0.005186890260158629,9.212281032739543e-05,0.0334402987206165,5.498209017366566e-05,0.06896553770289067
tumor_1,tumor_2,CIDEA,19659,-0.009248955371910485,4.2673166277726664e-05,0.014576378726932019,2.6057908517739292e-05,0.037338488215294716
tumor_1,tumor_2,CIITA,19659,-0.007488984273727376,0.00010480888994154659,0.030725979445936767,6.932330646281196e-05,0.10828215116760583
tumor_1,tumor_2,CLCF1,19659,-0.00015884222992365625,7.365135630027801e-05,0.015630632142199848,5.2743073354828355e-05,0.07894475434886745
tumor_1,tumor_2,CLDN4,19659,0.0033284211275746906,0.00015342026826886356,0.03761715527996819,0.0001204151406184402,0.17050207612947038
tumor_1,tumor_2,CLEC10A,19659,-0.0019338308098155166,3.4695307016201144e-05,0.00884811730230221,1.7629252559324023e-05,0.031740372779834665
tumor_1,tumor_2,CLEC12A,19659,0.00037447515033930956,4.335456497596727e-05,0.009752532614237646,2.7476553806277078e-05,0.050122375465208424
tumor_1,tumor_2,CLEC14A,19659,-0.001358165610634695,2.6768714472894434e-05,0.006706606694502143,1.7683647990906165e-05,0.024701057882439016
tumor_1,tumor_2,CLEC1A,19659,-0.0009432298023132592,3.9376143196763045e-05,0.00963425459524499,3.0320128642791638e-05,0.04597148958807321
tumor_1,tumor_2,CLEC2B,19659,-0.0009888854406427646,3.741046639119614e-05,0.007338371446210361,2.2823510716984974e-05,0.03193645401495139
tumor_1,tumor_2,CLEC2D,19659,0.001394480337803382,6.3402360532153e-05,0.012895613539417455,4.8249955304795716e-05,0.07515093934548103
tumor_1,tumor_2,CLEC4A,19659,-0.000501396874551116,6.540502746124633e-05,0.012423718319958043,4.103187381652509e-05,0.06402152788798468
tumor_1,tumor_2,CLEC4D,19659,-0.006023636860930722,3.385241990072168e-05,0.01073606348746641,2.2969907112178442e-05,0.04266414069216049
tumor_1,tumor_2,CLEC4E,19659,0.005590860875328815,3.4673198613711176e-05,0.007822118421475587,2.5349635116200294e-05,0.031861814766530425
tumor_1,tumor_2,CLEC5A,19659,-0.005230922509345604,2.8373171475583994e-05,0.008284231868075913,1.7875043609225044e-05,0.03110428151942433
tumor_1,tumor_2,CLEC7A,19659,-0.00017394258978150492,4.895472367122654e-05,0.009713307216617964,3.3794496076356854e-05,0.053418773561031654
tumor_1,tumor_2,CLOCK,19659,0.006653051292667285,8.828186257537936e-05,0.02011061760755302,6.767297660147498e-05,0.08176151996324726
tumor_1,tumor_2,CLU,19659,0.128090842712385,0.0006817959449765956,0.19927706809950263,0.00057375113292786,0.9119536400459408
tumor_1,tumor_2,CMKLR1,19659,-0.0033474182254315072,5.353594212358774e-05,0.013298929529496701,4.0023329354948844e-05,0.05520197831110659
tumor_1,tumor_2,CNTFR,19659,-0.005729064641939071,7.710026377533003e-05,0.017279789437108253,4.944021244226013e-05,0.07963624873479944
tumor_1,tumor_2,COL11A1,19659,-0.0010685121928785534,2.8735148793571975e-05,0.007680873282424667,2.2111665149151915e-05,0.04427651899132223
tumor_1,tumor_2,COL12A1,19659,-0.007980617755976912,3.839840859374757e-05,0.012945342611067074,2.758935065798205e-05,0.03999987461144698
tumor_1,tumor_2,COL14A1,19659,0.00034950770565816334,6.543787743052383e-05,0.012488531040180186,4.254580516843911e-05,0.053948846832854794
tumor_1,tumor_2,COL15A1,19659,0.0022626361523867245,9.071858956026932e-05,0.018941515824829613,6.429546637863907e-05,0.08213840329865554
tumor_1,tumor_2,COL16A1,19659,0.021767792026401705,9.804723129110749e-05,0.02657017916863491,8.2031894371802e-05,0.10353394597602458
tumor_1,tumor_2,COL17A1,19659,0.0052361026447266526,5.893357884262792e-05,0.010938898857118816,4.0639639002466306e-05,0.04470133201258084
tumor_1,tumor_2,COL18A1,19659,0.033271513868090505,0.00019904213200872548,0.057141427511950116,0.00014915388214586383,0.22348066084127147
tumor_1,tumor_2,COL1A1,19659,0.004302897126360302,0.00010057259934896308,0.020530075935967236,6.786841576368365e-05,0.09180002950711744
tumor_1,tumor_2,COL1A2,19659,-0.000772622817582191,2.702296352547748e-05,0.0061176348731288984,1.3903512833181739e-05,0.029993137151915907
tumor_1,tumor_2,COL21A1,19659,0.005081886465920031,3.073446643253643e-05,0.007402161612282044,2.530172342062366e-05,0.031082110153584058
tumor_1,tumor_2,COL27A1,19659,0.0027502566175434417,0.0002226505968373544,0.0537555578902983,0.0001498002853559144,0.2532818604390313
tumor_1,tumor_2,COL3A1,19659,0.08352846771984038,0.00014353775973293661,0.08686614549883231,0.00011990519023413705,0.26505405340835364
tumor_1,tumor_2,COL4A1,19659,0.011765388103541278,6.165933657592448e-05,0.019619017965180917,4.539890569162722e-05,0.07898183621972346
tumor_1,tumor_2,COL4A2,19659,0.007535357003725219,6.153600994611403e-05,0.01554907381720661,4.4308244952757734e-05,0.076873155654625
tumor_1,tumor_2,COL4A5,19659,0.0006072861887386682,4.604522076557168e-05,0.010230208206981981,3.490284941229748e-05,0.05036779489392672
tumor_1,tumor_2,COL5A1,19659,0.0026257784861983256,6.0520424308495325e-05,0.011937860452542165,4.036777233546859e-05,0.044523093825593434
tumor_1,tumor_2,COL5A2,19659,-0.006636058046082716,4.596051985612005e-05,0.012313883263670623,2.8010030532955566e-05,0.05003406138939217
tumor_1,tumor_2,COL5A3,19659,0.004879482624651266,3.530071191629621e-05,0.00861432761353928,2.7501705282111304e-05,0.04612453267380059
tumor_1,tumor_2,COL6A1,19659,0.024975825662777874,0.00018032334754608965,0.0430147575845667,0.00012637550330870103,0.18876278257572696
tumor_1,tumor_2,COL6A2,19659,-0.011872837835049454,0.00010362866558228607,0.022556604899885674,5.670327762080875e-05,0.09946294058047929
tumor_1,tumor_2,COL6A3,19659,0.0037587805071082835,4.6318687186861565e-05,0.009960951491938522,3.3483509500537556e-05,0.04912154993012206
tumor_1,tumor_2,COL8A1,19659,0.0018678203593799126,3.0291633298384103e-05,0.006415242215741568,2.119580130069476e-05,0.025043949933976017
tumor_1,tumor_2,COL9A2,19659,-0.043568491283122,0.00016264760097373134,0.06093988327792323,9.777764873168715e-05,0.19703905192346233
tumor_1,tumor_2,COL9A3,19659,-0.0019401780171321263,0.00010841009572092732,0.023836069079143936,7.683628198665791e-05,0.11940415406126056
tumor_1,tumor_2,COTL1,19659,0.006484392280472215,0.00011971200007379295,0.022271693274192123,7.811812305746174e-05,0.14024935522463305
tumor_1,tumor_2,COX4I2,19659,-0.0007557898416949971,5.02553631916433e-05,0.010890872612585326,3.2698604477046445e-05,0.04182139948078359
tumor_1,tumor_2,CPA3,19659,-0.004532783237095517,4.668644674017953e-05,0.012334682747325246,2.85813687983644e-05,0.036597894116347625
tumor_1,tumor_2,CPB1,19659,-0.00014628287472235986,3.7742279269500095e-05,0.007395487128591084,2.6336411322119858e-05,0.02867075522448113
tumor_1,tumor_2,CRIP1,19659,-0.00993978059138841,0.00010768018803833043,0.025012484980362716,6.789710548490653e-05,0.0936573973664934
tumor_1,tumor_2,CRP,19659,0.004881517081216128,5.978001897102135e-05,0.0132168906571009,4.052766373286328e-05,0.056472496702049214
tumor_1,tumor_2,CRYAB,19659,-0.05424144534023019,0.0003703111380860723,0.11273580065581765,0.00023226892897998204,0.4236894647009447
tumor_1,tumor_2,CSF1,19659,0.011029357060491038,0.00019348896254114934,0.049685081070674354,0.00015007955476216013,0.21762564089141426
tumor_1,tumor_2,CSF1R,19659,0.009778794333050895,6.192603130363586e-05,0.013033297162128182,4.530871412649323e-05,0.07754899941641259
tumor_1,tumor_2,CSF2,19659,-0.007200586641709215,5.165011050196894e-05,0.013252183734943135,3.234692662414669e-05,0.05583540161096253
tumor_1,tumor_2,CSF2RA,19659,0.0006450970471322194,3.0105591677134134e-05,0.007591570535753048,2.4989201812719562e-05,0.03936828676176527
tumor_1,tumor_2,CSF2RB,19659,0.0018639379097352957,4.005441302034897e-05,0.009035729623020069,2.9789307874450193e-05,0.05194752250716607
tumor_1,tumor_2,CSF3,19659,-0.0022197988905663336,2.8266872977997975e-05,0.0071607776586895076,1.8108705640689808e-05,0.0320766173206892
tumor_1,tumor_2,CSF3R,19659,0.005912266330400012,3.63079080595168e-05,0.007476132165593598,2.6449997734247476e-05,0.041909104748541065
tumor_1,tumor_2,CSHL1,19659,-0.007496264994100288,4.273112998162955e-05,0.013871384245223222,2.965358039178767e-05,0.06376609032385516
tumor_1,tumor_2,CSK,19659,0.02652964167409589,0.0002308452619485762,0.058398945254862424,0.0001806986643288039,0.26076670298694193
tumor_1,tumor_2,CSPG4,19659,-0.0005709563989113228,6.392234427662289e-05,0.012686603586553043,4.080203727265108e-05,0.07972826935246576
tumor_1,tumor_2,CST7,19659,-2.402502889827131e-05,3.664050391906581e-05,0.007101941725241147,2.7357575657991486e-05,0.049011681360824434
tumor_1,tumor_2,CSTB,19659,0.05278972121635591,0.0004374596195349811,0.1279362409235713,0.0003271535590411161,0.5276860480721765
tumor_1,tumor_2,CTLA4,19659,-0.0010051808130253587,2.626062657318112e-05,0.006725985996451302,1.527573497604472e-05,0.025284823310689757
tumor_1,tumor_2,CTNNB1,19659,0.04006136496726807,0.000263230257220649,0.07232668690137896,0.0001965066883199002,0.314421574551745
tumor_1,tumor_2,CTSD,19659,-0.03794784985748555,0.0006204121143724681,0.18267448684895618,0.00045841076973406655,0.860316415140136
tumor_1,tumor_2,CTSG,19659,0.0015895278003371677,2.243879805620645e-05,0.00648302635856553,2.2145810245987124e-05,0.024619580607217518
tumor_1,tumor_2,CTSW,19659,0.002445092769454325,4.38121968922605e-05,0.009489523339052546,2.4476496237050415e-05,0.04592900059905901
tumor_1,tumor_2,CUZD1,19659,-0.004805235116893153,3.5171900409648946e-05,0.011057950640546838,2.434848373239197e-05,0.04718705885596094
tumor_1,tumor_2,CX3CL1,19659,0.0037142180646158344,0.0001408794335894328,0.029137237693236517,9.419628246086419e-05,0.13695342577680755
tumor_1,tumor_2,CX3CR1,19659,0.005972269009254913,5.9932751640357175e-05,0.01211356206493539,4.1190162082037845e-05,0.05498955891037795
tumor_1,tumor_2,CXCL1,19659,0.025913817773605456,0.00014709806036815906,0.03902579279662143,9.632895472209479e-05,0.19747245203906422
tumor_1,tumor_2,CXCL10,19659,0.028315282415092107,0.0001148158989570223,0.04336449246018105,8.880141128839386e-05,0.22581373328737403
tumor_1,tumor_2,CXCL12,19659,0.006743443429904386,0.00014654477253556427,0.031004026139083873,9.566985488338009e-05,0.11741968080646219
tumor_1,tumor_2,CXCL13,19659,-0.0064804952749933685,3.3303858846357906e-05,0.011346056626529696,2.442558047478231e-05,0.04612474151892051
tumor_1,tumor_2,CXCL14,19659,0.010276999352695496,7.052802302223414e-05,0.015103126794454733,5.1711150930302666e-05,0.05435688534122496
tumor_1,tumor_2,CXCL16,19659,0.005925625608923677,0.00017582868948893903,0.041297256126143336,0.00012563041244369695,0.2033955809576687
tumor_1,tumor_2,CXCL17,19659,0.0007206468746280982,3.859867061102066e-05,0.008746295404498292,2.3722945348103632e-05,0.05137020238818948
tumor_1,tumor_2,CXCL5,19659,-0.0013590082399008176,9.989204563504447e-05,0.02130920694500653,6.816986457047553e-05,0.10995862186638365
tumor_1,tumor_2,CXCL8,19659,0.004107233657521488,4.631608078591613e-05,0.009986749251332229,2.960363560951853e-05,0.06512459224280534
tumor_1,tumor_2,CXCL9,19659,0.03654443188269853,0.00022008511151301875,0.08276290385039961,0.00013522906510974835,0.46859065455889193
tumor_1,tumor_2,CXCR1,19659,-0.0022507984602147453,5.050252752337908e-05,0.012373985394625512,3.204281229089615e-05,0.051617411203756444
tumor_1,tumor_2,CXCR2,19659,-0.0004096895821305937,6.591163135807204e-05,0.013642457197345687,4.4022632743984635e-05,0.05981469111559323
tumor_1,tumor_2,CXCR3,19659,-0.009328155194870754,7.73031880855027e-05,0.01992249643267195,5.4761460444992294e-05,0.08227377021572314
tumor_1,tumor_2,CXCR4,19659,0.0003601324632672905,6.993708953267053e-05,0.015658401742973976,4.783405108059025e-05,0.08995032460329302
tumor_1,tumor_2,CXCR5,19659,-0.007356767672436169,5.699297424875008e-05,0.016086479749702426,3.709769545480977e-05,0.061390937231909234
tumor_1,tumor_2,CXCR6,19659,0.007044076517800519,5.938255366922045e-05,0.011624443769108938,4.254749983911385e-05,0.04770184569694731
tumor_1,tumor_2,CYP1B1,19659,-0.008452143324927056,5.707743222243861e-05,0.016041847530958404,3.4689256677238545e-05,0.0512011485017688
tumor_1,tumor_2,CYP2U1,19659,0.0012251339889903633,5.9054321327164855e-05,0.012697050837367194,4.3865421943869094e-05,0.06715264074004341
tumor_1,tumor_2,CYSTM1,19659,0.06074326799502079,0.0004345219408090162,0.12749931643334636,0.0003429182278483547,0.48548885525224617
tumor_1,tumor_2,CYTOR,19659,0.004992245960535055,0.00018226836124760813,0.040199114502165484,0.0001307519305130593,0.2008271104014819
tumor_1,tumor_2,DCN,19659,0.004358469374818766,8.569515924531046e-05,0.016414406150280995,5.683801489972946e-05,0.05179968349144306
tumor_1,tumor_2,DDC,19659,0.010314323203527341,0.00012163832173856384,0.03587476333057848,9.391584081826716e-05,0.17385642301663976
tumor_1,tumor_2,DDIT3,19659,0.006008040846503914,8.551679835950838e-05,0.01797741175577277,6.185547845364584e-05,0.09305337904257274
tumor_1,tumor_2,DDR1,19659,-0.024013544088078178,0.00026678412125576194,0.07323044138328265,0.0001894267618174993,0.29974909388025495
tumor_1,tumor_2,DDR2,19659,0.00610740435517632,4.572429472803716e-05,0.010752503976093775,3.610970715478461e-05,0.05951575550233475
tumor_1,tumor_2,DDX58,19659,0.004393450077504695,6.697163531824564e-05,0.014287265659714924,4.9136432825715087e-05,0.06736268960993058
tumor_1,tumor_2,DHRS2,19659,-0.003090883981629018,8.589938545507563e-05,0.020993679011337908,5.4991408159442526e-05,0.08511730466665485
tumor_1,tumor_2,DLL1,19659,-0.010968372314587388,8.59968115246089e-05,0.02329339827778261,5.468663301645946e-05,0.08186189055829189
tumor_1,tumor_2,DLL4,19659,-0.00034376643257461677,4.5473606877683296e-05,0.010810605095381742,3.185740189431902e-05,0.056317104615922445
tumor_1,tumor_2,DMBT1,19659,0.001671915274539592,5.005955124433006e-05,0.010306148101225153,3.0270637998580913e-05,0.04318194228906107
tumor_1,tumor_2,DNMT1,19659,0.018353592314605763,0.00014340579379660133,0.033705680782358735,0.00010919966532328867,0.14381000156721918
tumor_1,tumor_2,DNMT3A,19659,0.010796456831895423,0.00015105466341570333,0.034145354614528896,0.00010900057740518533,0.16863968033381266
tumor_1,tumor_2,DPP4,19659,0.014387029875458321,0.0002315846438897492,0.06853296339512913,0.00017075532389192646,0.24641773016492854
tumor_1,tumor_2,DPT,19659,0.0023641292695019546,6.028867779591262e-05,0.013792215744070881,3.904959979689825e-05,0.05426769493394186
tumor_1,tumor_2,DST,19659,0.008172529115578663,0.00010363396693660223,0.023698395305339983,7.060649985435327e-05,0.09175100048080469
tumor_1,tumor_2,DUSP1,19659,-0.007295129365233288,0.0004235728273313535,0.10043782110391511,0.0002879101797068829,0.5142930789738515
tumor_1,tumor_2,DUSP2,19659,0.005599893658733228,5.223153112392452e-05,0.01216691949941664,4.399975653257601e-05,0.06948877387823728
tumor_1,tumor_2,DUSP4,19659,-0.0018812902490283174,6.320044546823187e-05,0.01321804087740373,4.48320448701698e-05,0.053827393861232406
tumor_1,tumor_2,DUSP5,19659,0.002631461162245787,3.6384904628488386e-05,0.008271691861233752,2.438820082615962e-05,0.04225153305761573
tumor_1,tumor_2,DUSP6,19659,0.043808855596127086,0.00027724094007887916,0.05990512886583131,0.00018844018007429557,0.2859800869754327
tumor_1,tumor_2,EFNA1,19659,-0.10118400667249201,0.0002873398587235369,0.12911518522070145,0.000198491086236264,0.39406657735577233
tumor_1,tumor_2,EFNA4,19659,0.0027565732245938028,0.0001240838407273717,0.026543255937965297,8.731320479619268e-05,0.13540412632601068
tumor_1,tumor_2,EFNA5,19659,0.011230577989173223,7.333833250703189e-05,0.016826016598886724,5.7410230925620295e-05,0.07108992837893649
tumor_1,tumor_2,EFNB1,19659,0.0014757264345039932,0.00012618476068182913,0.02935226442939175,9.115761020988307e-05,0.13993650755899373
tumor_1,tumor_2,EFNB2,19659,0.006395110351254887,2.9423159469312466e-05,0.00852650235863691,2.5586013029167425e-05,0.03959971719119238
tumor_1,tumor_2,EGF,19659,-0.0009898866228421988,6.932652124855657e-05,0.01786107872263866,5.0236586261353426e-05,0.07480481057234441
tumor_1,tumor_2,EGFR,19659,0.02263695322704043,0.00023452006690562524,0.05912946093153072,0.00018598340978264152,0.2731298907909428
tumor_1,tumor_2,EIF5A,19659,0.06620461305147554,0.0003690324530786607,0.10236442313425376,0.00027353657053919727,0.4193596246547259
tumor_1,tumor_2,ELANE,19659,0.004416379634690484,4.1090184663898635e-05,0.008729859561225402,3.0798939075099846e-05,0.05252277484189501
tumor_1,tumor_2,EMP3,19659,-0.003638941139974592,0.00016057658189405456,0.03918066850467684,0.00012165338172948527,0.17010616477427826
tumor_1,tumor_2,ENG,19659,-0.006238914239658766,5.967362983598155e-05,0.014969931341183943,3.2837875149769124e-05,0.06357762605026225
tumor_1,tumor_2,ENO1,19659,-0.2724569546670986,0.000608609602834893,0.3199265272910394,0.00031626330778640607,0.9191386000327636
tumor_1,tumor_2,ENTPD1,19659,0.0003203228084484475,3.6315974321238206e-05,0.007033134101041988,1.7664558046141475e-05,0.040766532081308995
tumor_1,tumor_2,EOMES,19659,0.0021024031071621,1.9067435772388415e-05,0.005536786209530584,1.388170099487266e-05,0.019934312747070915
tumor_1,tumor_2,EPCAM,19659,0.0009074285002687291,0.00010425550369129634,0.027368328417185905,8.317076559339359e-05,0.1327795227477458
tumor_1,tumor_2,EPHA2,19659,0.008077089935203851,0.00011955607083979448,0.02386915930793401,8.79086402435395e-05,0.12436160156123291
tumor_1,tumor_2,EPHA3,19659,-0.004038365899348176,5.6660444193323816e-05,0.014057407643278097,3.6689415740739856e-05,0.051410631772999996
tumor_1,tumor_2,EPHA4,19659,0.0014942510531564983,2.769307402447603e-05,0.006631217939191063,1.6507376231101276e-05,0.022805137792779238
tumor_1,tumor_2,EPHA7,19659,0.003045549253997134,2.1960655868789068e-05,0.00526506744779571,1.6813608620689545e-05,0.030110140361605538
tumor_1,tumor_2,EPHB2,19659,0.011281565411537553,5.305177032424438e-05,0.013724311001918513,3.975097867248932e-05,0.07405793703510113
tumor_1,tumor_2,EPHB3,19659,0.00565957881638783,6.809204103986045e-05,0.012814507925268212,4.905115032622014e-05,0.06306331024006737
tumor_1,tumor_2,EPHB4,19659,-0.008030068360959212,4.6490387917215755e-05,0.014067184292032024,3.0142450972253282e-05,0.05982457380019092
tumor_1,tumor_2,EPHB6,19659,0.003354092527543225,5.6084298267349194e-05,0.010839312546025484,3.4385798407086094e-05,0.0497199805865061
tumor_1,tumor_2,EPOR,19659,0.001219751174438081,5.8512835070894404e-05,0.012104658892114716,4.422558234350735e-05,0.07059120663615857
tumor_1,tumor_2,ERBB2,19659,-0.0037999009589553163,0.0001382356338384204,0.033000537442650094,9.580972458812301e-05,0.13847923387209185
tumor_1,tumor_2,ERBB3,19659,0.008142742538043767,0.00011877819198244362,0.03155927983872699,9.382741413692688e-05,0.13986734828050254
tumor_1,tumor_2,ESAM,19659,0.002216343437280979,8.019822840820163e-05,0.017483432930594085,4.9199317899250165e-05,0.06811238279117561
tumor_1,tumor_2,ESR1,19659,-0.002971339778394512,3.994287654757995e-05,0.011487048457934865,3.053946410069945e-05,0.05442565453932909
tumor_1,tumor_2,ETS1,19659,0.014078549651858358,7.96912664906716e-05,0.020735782273013294,5.660483003384823e-05,0.09019498411163433
tumor_1,tumor_2,ETV4,19659,0.0034930748914750896,6.414084519131761e-05,0.011647371285270441,4.478374600947769e-05,0.08086103292892327
tumor_1,tumor_2,ETV5,19659,0.008131591424887358,8.813124347755503e-05,0.019574546189658,7.33445332953492e-05,0.08289801521628702
tumor_1,tumor_2,EZH2,19659,0.009806590387438977,9.454365897566479e-05,0.021546925610577812,7.007169348679486e-05,0.09918778775772057
tumor_1,tumor_2,EZR,19659,-0.03146129763504246,0.0003909172938683713,0.1164710323758126,0.00029117631275606896,0.4431771778060492
tumor_1,tumor_2,FABP4,19659,-0.001029305767511065,4.631227721071665e-05,0.011331097367781245,3.274895420069657e-05,0.04622451913264786
tumor_1,tumor_2,FABP5,19659,-0.0018604672920038228,0.00010602404669721174,0.023205032985922934,7.258775128189461e-05,0.11475526241289243
tumor_1,tumor_2,FAM30A,19659,-9.301090933846965e-05,6.75338225618729e-05,0.014699730549170953,4.119368235024553e-05,0.05611111861859199
tumor_1,tumor_2,FAP,19659,-0.003068563232828998,4.739544605900092e-05,0.011640334815910904,3.0393479693195432e-05,0.052584349602784894
tumor_1,tumor_2,FAS,19659,-0.0008911503612621084,4.204251970410272e-05,0.01033426617217292,3.162906245720516e-05,0.04034949149479915
tumor_1,tumor_2,FASLG,19659,-0.00019803843140492962,5.7285766361102234e-05,0.012552670852005296,4.134924179029394e-05,0.057288413724249664
tumor_1,tumor_2,FASN,19659,0.04364821548199467,0.00020493710227302794,0.06455537605938513,0.00018169186837116612,0.22036934443148154
tumor_1,tumor_2,FAU,19659,0.048730875453324045,0.0004964251960389301,0.12299823075572898,0.00037334644107961797,0.5409498388659172
tumor_1,tumor_2,FCER1G,19659,0.008048541908570666,4.952801293985789e-05,0.012696181255353836,3.0439742545514938e-05,0.04694905496219273
tumor_1,tumor_2,FCGBP,19659,0.0020312689269760555,4.219573219684989e-05,0.008810525697037889,3.210295070385629e-05,0.04438600696149907
tumor_1,tumor_2,FCGR3A,19659,0.0015751792990970504,9.454592266903636e-05,0.016352964026016204,5.58143297439343e-05,0.10352450427778519
tumor_1,tumor_2,FCRLA,19659,0.002064727634108893,7.224146787706324e-05,0.014523300505881603,5.2365542964507954e-05,0.07407535828582115
tumor_1,tumor_2,FES,19659,0.04179846494759866,0.00017720266618264619,0.05003611353357753,0.0001386918985439485,0.18835315268540048
tumor_1,tumor_2,FFAR2,19659,-0.0026220059868878147,5.3529833081815814e-05,0.012481700648684469,3.4797633760850344e-05,0.07014028579588945
tumor_1,tumor_2,FFAR3,19659,0.005361533382249913,9.38033264392916e-05,0.017770658804627474,6.568824227512e-05,0.09046368889135606
tumor_1,tumor_2,FFAR4,19659,0.005489608400468955,5.6233803659041986e-05,0.011330965645977012,3.8491932261422886e-05,0.05818255669664402
tumor_1,tumor_2,FGF1,19659,-0.005533610018338489,2.5653079832567626e-05,0.008274905075216263,1.4975359337866156e-05,0.03008319957323256
tumor_1,tumor_2,FGF12,19659,-0.004717011784583147,4.99266406743923e-05,0.013121977066336468,3.190035514119431e-05,0.050127912966936895
tumor_1,tumor_2,FGF13,19659,0.006525089612888066,0.00011419594537622503,0.024532551946974,7.767897155486519e-05,0.10654626942355253
tumor_1,tumor_2,FGF18,19659,-0.011034750392692428,0.00013909360626423715,0.04098206826984209,0.00010077200817995848,0.16713580625765015
tumor_1,tumor_2,FGF2,19659,-0.011168946681959275,4.3891238429263655e-05,0.015426928304309945,2.322254450739575e-05,0.04931630590580392
tumor_1,tumor_2,FGF7,19659,-0.0016065991130172434,3.9834848782578576e-05,0.00879901840744109,3.2597838825995975e-05,0.04438482113147764
tumor_1,tumor_2,FGF9,19659,-0.004895780727425874,5.114388384284436e-05,0.01249669848504148,3.7210751999901997e-05,0.04795969819329575
tumor_1,tumor_2,FGFR1,19659,0.0013778226744182518,6.335042594229057e-05,0.012985399010774973,4.556755639549186e-05,0.058669032533046395
tumor_1,tumor_2,FGFR2,19659,0.01219284685608677,6.129070401746887e-05,0.015925820764740493,4.377682461580688e-05,0.05751140109244496
tumor_1,tumor_2,FGFR3,19659,0.03741947610130769,0.00018180331006669334,0.04699361710663023,0.000145597863061243,0.21659057712661345
tumor_1,tumor_2,FGG,19659,0.2273901978931113,0.0004264961686659073,0.25659536078142214,0.00031510995408966203,0.8550941973977129
tumor_1,tumor_2,FGR,19659,0.00218974124333528,4.61850862029658e-05,0.010018205893094694,3.6277044473629774e-05,0.056791704691946145
tumor_1,tumor_2,FHIT,19659,0.0030935833742702324,3.4312859960842384e-05,0.007940347510059741,2.7901228172617322e-05,0.041480366956524004
tumor_1,tumor_2,FKBP11,19659,0.03530123906567358,9.53060684633877e-05,0.03701915826543872,7.904277849372858e-05,0.09769899043085879
tumor_1,tumor_2,FKBP5,19659,0.0762017749407927,0.0004966897040495292,0.14493520905816243,0.00041931871804528595,0.7142950330168999
tumor_1,tumor_2,FLT1,19659,-0.0009007017911401447,4.799779772971806e-05,0.01018027935172919,2.8211019493999976e-05,0.061157686199193914
tumor_1,tumor_2,FLT3LG,19659,-0.001615560508159853,5.4589576910448486e-05,0.01123561490249024,3.2476409713177826e-05,0.05000043526221874
tumor_1,tumor_2,FN1,19659,0.054120177646049185,0.0005928253805233273,0.1805474481529092,0.00047614541394697,0.9830535672095042
tumor_1,tumor_2,FOS,19659,-0.008061462895919084,0.0001110608090537459,0.024150550830507638,5.703392610191865e-05,0.08989043383486439
tumor_1,tumor_2,FOXF1,19659,0.006923500565815119,9.009765670542345e-05,0.016765095325513443,6.042967356529188e-05,0.08167938075718023
tumor_1,tumor_2,FOXP3,19659,7.603686032206118e-06,3.553894096896674e-05,0.00812027959540906,2.6852982146120254e-05,0.04201235766725814
tumor_1,tumor_2,FPR1,19659,-0.0010130360246197719,7.194125894962041e-05,0.014590897548373755,4.543725796384417e-05,0.07535921354563549
tumor_1,tumor_2,FYB1,19659,0.008135481498931976,6.856919320223574e-05,0.016839964773135083,5.287618835002654e-05,0.0719203924960134
tumor_1,tumor_2,FYN,19659,0.0072290612289242304,4.195342643273455e-05,0.009638284862867578,3.309253206050393e-05,0.046974259808730504
tumor_1,tumor_2,FZD1,19659,-0.005185780735961474,6.221028633756087e-05,0.016313959596185642,3.6775575602971014e-05,0.06577059469346724
tumor_1,tumor_2,FZD3,19659,0.0008292556461548447,4.524482069734886e-05,0.00939179980159344,3.3477322120027685e-05,0.039614839453921476
tumor_1,tumor_2,FZD4,19659,-0.0008856972989605054,0.00011095104974005901,0.026359444762492884,8.041331421811651e-05,0.12321064855716368
tumor_1,tumor_2,FZD5,19659,0.010678995599825682,0.00010854035596169663,0.02794829029631462,8.22784891227743e-05,0.1427769756512198
tumor_1,tumor_2,FZD6,19659,0.0008316977369423335,9.227321237891363e-05,0.020846074599747775,7.028752938433834e-05,0.09771348092966145
tumor_1,tumor_2,FZD7,19659,-0.007955995628007563,9.535036517962794e-05,0.025409929887205213,6.652365996401384e-05,0.11274887835553371
tumor_1,tumor_2,FZD8,19659,-0.0007434891476524941,0.00011815014583132042,0.02776942728740118,9.046612113967744e-05,0.13512996046631093
tumor_1,tumor_2,G0S2,19659,-0.02110544570310339,0.0001970073888737334,0.05514619649739457,0.00010455777506212904,0.16604322331300983
tumor_1,tumor_2,G6PD,19659,0.025367498893850336,0.0003026353442015102,0.10748969010917402,0.0002474472609982836,0.454833480846197
tumor_1,tumor_2,GADD45B,19659,-0.02946424957048127,0.00020244564718241027,0.05723791652911518,0.0001267140627769194,0.21713923382086073
tumor_1,tumor_2,GAS6,19659,-0.009710209096460098,7.148233324316938e-05,0.019446317404533224,5.119411325688163e-05,0.08102669233641105
tumor_1,tumor_2,GATA3,19659,0.0021693129888667255,4.586377454260951e-05,0.00874438485529745,3.711770816769366e-05,0.058865926454691485
tumor_1,tumor_2,GC,19659,0.420225977845457,0.0005887664428300114,0.42938903302656917,0.0005265284314802197,1.1616025452275953
tumor_1,tumor_2,GCG,19659,-0.0027908026661214915,4.9090234367829146e-05,0.011145350941197908,3.189558877471154e-05,0.04792702993936265
tumor_1,tumor_2,GDF15,19659,-0.014304956423596332,9.001571894024878e-05,0.029002870430616445,6.324378967215192e-05,0.10318371630953387
tumor_1,tumor_2,GLUD1,19659,0.029390711231774273,0.00016291562195287123,0.04911636937451044,0.00012908084642085073,0.16873441211967544
tumor_1,tumor_2,GLUL,19659,0.0029713112974520542,0.0006084199406544169,0.18273582996914145,0.00041169630099627025,0.8473698495787071
tumor_1,tumor_2,GNLY,19659,0.001084460893623996,3.932628356375742e-05,0.007987138817242296,2.397693181557727e-05,0.028622557529089755
tumor_1,tumor_2,GPBAR1,19659,-0.001274923173899915,6.608527131451259e-05,0.014681739288166348,4.586291717319422e-05,0.07254824809162037
tumor_1,tumor_2,GPER1,19659,-0.005991882767727834,8.927000323682134e-05,0.023365291805498352,5.806710770950632e-05,0.11154077873350052
tumor_1,tumor_2,GPNMB,19659,-0.0016264395671890715,6.491209425859415e-05,0.01563485867632918,3.9116161571890276e-05,0.08988382150263778
tumor_1,tumor_2,GPR183,19659,-0.00521009574508352,1.9975025706792588e-05,0.008441155295262117,1.7323939569867984e-05,0.030929001620065268
tumor_1,tumor_2,GPX1,19659,0.011856564685468866,0.000479424215319212,0.10221650087310094,0.0002849765528934428,0.4675187465799871
tumor_1,tumor_2,GPX3,19659,-0.0274275281221076,0.000466421348373411,0.13031357986567052,0.0003365075413696514,0.5565603530554704
tumor_1,tumor_2,GSK3B,19659,0.008116082228927495,0.00011717834029905849,0.0326612702075183,8.382942283280103e-05,0.1474567579327496
tumor_1,tumor_2,GSN,19659,-0.03283591091618536,0.0002334878393422662,0.06593144305157532,0.00014200608800136203,0.24071291052584143
tumor_1,tumor_2,GSTP1,19659,0.04525873137852955,0.00027519893382407925,0.07891203680581327,0.00021652554020813012,0.32555941839961433
tumor_1,tumor_2,GZMA,19659,-0.001867384002264717,2.879119597983621e-05,0.007000555855408368,1.931743015570055e-05,0.03370539262354692
tumor_1,tumor_2,GZMB,19659,-0.00022253688427004864,4.591341665462438e-05,0.011107687192968408,2.9817477618657626e-05,0.04648183880018149
tumor_1,tumor_2,GZMH,19659,0.0024482719731929573,3.2630209548349366e-05,0.008853635184875887,2.3782140512231787e-05,0.050307962031711395
tumor_1,tumor_2,GZMK,19659,0.0008735663826072882,4.244563911326241e-05,0.008203108462043763,2.9533568236866713e-05,0.04505987943367827
tumor_1,tumor_2,H2AZ1,19659,0.03107905669653358,0.0004742448513814066,0.1258303171512814,0.0003646587243765181,0.6768947399018508
tumor_1,tumor_2,H4C3,19659,-0.01918638752896292,0.0004905039053542068,0.1324611826181439,0.00036924680479672806,0.7702404190342758
tumor_1,tumor_2,HAVCR2,19659,0.0029175808342581395,2.9797727644835352e-05,0.0069212139047544145,1.7095668642634307e-05,0.02619627817433635
tumor_1,tumor_2,HBA1,19659,-0.004503996148489458,0.00010217551136530926,0.022493315968698316,6.223970868508704e-05,0.10856620889312754
tumor_1,tumor_2,HBB,19659,-0.0031978713704593443,7.621734968969267e-05,0.017644126518889146,5.015551591117369e-05,0.07794655375195568
tumor_1,tumor_2,HCAR2,19659,-0.002654762358293699,9.246448483805282e-05,0.019092362584743568,5.944547305625066e-05,0.08762294594057493
tumor_1,tumor_2,HCK,19659,-0.0012250309794977496,3.51365024027204e-05,0.009245209572703635,2.1296526693382763e-05,0.04357582160647028
tumor_1,tumor_2,HCST,19659,0.0021037759335970356,6.845393865251526e-05,0.012475640044150957,4.0733815587927616e-05,0.07179805812990533
tumor_1,tumor_2,HDAC1,19659,0.028992673969883066,0.00017599029243159993,0.04531898910331426,0.0001393161063679783,0.1961376388756485
tumor_1,tumor_2,HDAC11,19659,0.003374170721276431,9.121036967366054e-05,0.02035912345678833,7.196859341561083e-05,0.08797081376004812
tumor_1,tumor_2,HDAC3,19659,0.021163290365701377,0.00014323184605117425,0.035748917878332974,0.00010880268911754245,0.14516008886152262
tumor_1,tumor_2,HDAC4,19659,0.006867542288337325,0.00010416331520530286,0.021328874835643594,7.99200488359193e-05,0.1314070851056584
tumor_1,tumor_2,HDAC5,19659,-0.003238149110534545,9.53054113159489e-05,0.02300870901304667,7.03894473755649e-05,0.10642776044025293
tumor_1,tumor_2,HEXB,19659,-0.0014864300665392047,0.00012402930109863078,0.030166933563882732,8.547519250702775e-05,0.11335402023565784
tumor_1,tumor_2,HEY1,19659,-0.0031432786559270785,6.94801686072739e-05,0.015999823051069756,4.0872287672913686e-05,0.0765922649824073
tumor_1,tumor_2,HGF,19659,0.0028180040439898836,3.4786860942782366e-05,0.00819062167042232,2.7689931229399357e-05,0.036389493775670766
tumor_1,tumor_2,HIF1A,19659,0.04583674220838594,0.00025826054189360715,0.07377291431916191,0.00020270922178112398,0.30790753666162485
tumor_1,tumor_2,HILPDA,19659,-0.004789946408807516,0.000140018860623706,0.04148045387257386,0.00011769247210560794,0.1493017414733327
tumor_1,tumor_2,HLA.A,19659,0.05830458583042299,0.000716886801252043,0.16911061333152824,0.0005385601933791385,0.7807954520477074
tumor_1,tumor_2,HLA.DPA1,19659,0.029723651084453163,0.0004225775850207879,0.12254020257416742,0.00025999499945834106,0.5707911491749089
tumor_1,tumor_2,HLA.DPB1,19659,0.013985847709808477,0.00023149790023505108,0.06039311332178127,0.00014283007488673216,0.26654894028262666
tumor_1,tumor_2,HLA.DQA1,19659,-0.024395896476102276,0.0002044430243751237,0.0625573181661064,0.00010351202500934629,0.251679750873847
tumor_1,tumor_2,HLA.DQB1,19659,-0.022551430122461337,0.0004341527743329578,0.11898913645960141,0.000244500844005512,0.5197210340725198
tumor_1,tumor_2,HLA.DRA,19659,0.07855783094700744,0.0004003327265926339,0.13240915126438169,0.00028103299765722627,0.5786085791859169
tumor_1,tumor_2,HLA.DRB1,19659,0.03729188085566698,0.0005413465163274694,0.14619573245594453,0.0003262966205962727,0.7208884433141131
tumor_1,tumor_2,HMGB2,19659,-0.008843022821792716,0.0002156965631145252,0.057651314395820955,0.00015881700939352882,0.2870148509936259
tumor_1,tumor_2,HMGCS1,19659,0.026482975345205932,0.00018121740507575087,0.0554348020280219,0.00013415617301399803,0.18852303408072352
tumor_1,tumor_2,HMGN2,19659,0.07731202477260948,0.0006313687359057993,0.16419580451204438,0.000509433383230864,0.8552353823430818
tumor_1,tumor_2,HPGDS,19659,-0.005583196019223131,5.8455507809494496e-05,0.014903758588714627,4.026416534668306e-05,0.05927399474683866
tumor_1,tumor_2,HSD17B2,19659,0.0776150402166533,0.00015600125802797492,0.07891972115986931,0.0001381797415991028,0.1803595828836229
tumor_1,tumor_2,HSP90AA1,19659,0.1596644040463612,0.00052415392147873,0.18810784524522015,0.0004226297015389122,0.6903484237166646
tumor_1,tumor_2,HSP90AB1,19659,0.11357843599406348,0.0005122464096236691,0.1579428213005552,0.0004018723462205351,0.6772860004677901
tumor_1,tumor_2,HSP90B1,19659,0.10713253347662188,0.0004951550390457915,0.14717990762571023,0.0003870433323503881,0.6435454334009878
tumor_1,tumor_2,HSPA1A,19659,0.027367694367438078,0.0004064944856410662,0.09380052824205223,0.000233918704303461,0.4383490590078563
tumor_1,tumor_2,HSPB1,19659,0.06768476579696837,0.00046164719575095313,0.11906247677681239,0.00033612282523543875,0.5443687576417267
tumor_1,tumor_2,HSPG2,19659,0.020161253244069068,0.0002104495006011955,0.050160957792483626,0.00016209276150202639,0.26353867182662816
tumor_1,tumor_2,HTT,19659,0.007402994345292411,5.8666977843666916e-05,0.015273495056826606,4.39472469636997e-05,0.06218090904337843
tumor_1,tumor_2,IAPP,19659,0.0017054087587704864,3.912980039198871e-05,0.008206711826332754,2.6561791681219515e-05,0.03879131229835784
tumor_1,tumor_2,ICA1,19659,0.007444952124570588,7.358017934131156e-05,0.01433915876131904,5.14017049465722e-05,0.0708537610237684
tumor_1,tumor_2,ICAM1,19659,-0.0019585715084227693,5.002930410944262e-05,0.011623560088670111,3.384685526946878e-05,0.06337966718281979
tumor_1,tumor_2,ICAM2,19659,0.004124404586009005,6.342078836233705e-05,0.011311818386316114,4.2071170936991996e-05,0.06671129846704613
tumor_1,tumor_2,ICAM3,19659,0.008653784685435291,6.355904751917785e-05,0.014339781253188324,4.529663596003095e-05,0.0664697950512109
tumor_1,tumor_2,ICOS,19659,-0.0015920669656565064,4.180194561752358e-05,0.009745261457484982,2.70002410450717e-05,0.04766665040111491
tumor_1,tumor_2,ICOSLG,19659,-0.0009833828466092377,9.835492185216772e-05,0.019481656417242865,7.108259150710574e-05,0.09432857177011911
tumor_1,tumor_2,IDO1,19659,-0.004428142354504302,1.7744772668584247e-05,0.007645266796086327,1.4328311784655618e-05,0.02346402192535986
tumor_1,tumor_2,IER3,19659,-0.004249888282883252,0.00012689994991630046,0.028386484977515024,8.196105311789705e-05,0.13295450808274295
tumor_1,tumor_2,IFI27,19659,0.042362590731025954,0.0005077004708066921,0.14774753749572386,0.00042206774302865497,0.6742208876729545
tumor_1,tumor_2,IFI44L,19659,0.009956050036445027,8.26998997780565e-05,0.02069976855998116,6.0874944093251154e-05,0.07309476016036445
tumor_1,tumor_2,IFI6,19659,0.22483247660447808,0.000534880117328798,0.24260924212199483,0.0004257055324908684,0.8187956405678387
tumor_1,tumor_2,IFIH1,19659,0.004812272444593477,7.843137539574053e-05,0.018619513148191304,6.445593879023933e-05,0.09713211767345223
tumor_1,tumor_2,IFIT1,19659,0.002140242992150147,4.510675957703284e-05,0.01055436535201947,3.0923325522887924e-05,0.0378153458666312
tumor_1,tumor_2,IFIT3,19659,0.011765228086879081,5.306011280593146e-05,0.014778719480696664,4.0639920785406596e-05,0.05950328467192251
tumor_1,tumor_2,IFITM1,19659,0.00873653891239973,9.875794090989065e-05,0.02498561827506112,5.8071294950809545e-05,0.10349891418892032
tumor_1,tumor_2,IFITM3,19659,0.14327693884753878,0.0005386659053036929,0.1671551702557737,0.00041277010313660475,0.6489854343671844
tumor_1,tumor_2,IFNA1,19659,0.005130567783291327,6.234569319269991e-05,0.01221208152715997,4.321408251681887e-05,0.05956277023446912
tumor_1,tumor_2,IFNAR1,19659,0.010125943099532679,0.0001262400977145163,0.031991983586286764,9.296849139858664e-05,0.12339997821649426
tumor_1,tumor_2,IFNAR2,19659,0.005137054405565842,0.00013446748880378736,0.031810219545495115,9.874842828361099e-05,0.13166610649339988
tumor_1,tumor_2,IFNG,19659,0.002348682465872818,2.2944242586801747e-05,0.005879845050135569,1.8891176701195846e-05,0.033414246627319885
tumor_1,tumor_2,IFNGR1,19659,-0.018114670858684772,0.00017572010149409983,0.05003949212840032,0.00011966403079081494,0.17798338754505952
tumor_1,tumor_2,IFNGR2,19659,0.0016128836745861752,0.00012772692754346282,0.02796861395522936,8.60494374997084e-05,0.12704601289165282
tumor_1,tumor_2,IFNL3,19659,-0.005097552642385017,7.939352220371667e-05,0.01864798896745574,5.450579299000056e-05,0.075002900987554
tumor_1,tumor_2,IGF1,19659,0.004889401191775139,8.951971101582641e-05,0.020178099750473456,5.885127265731374e-05,0.10567363008093116
tumor_1,tumor_2,IGF1R,19659,-0.0027761466368880125,1.8428857498320594e-05,0.006024035742054723,1.3937726435501271e-05,0.025775372817079423
tumor_1,tumor_2,IGF2,19659,0.010244343640065589,6.79486515157903e-05,0.017221196209572683,3.365407769745625e-05,0.048620022008741964
tumor_1,tumor_2,IGF2R,19659,0.004261874679154923,0.0002110191098333619,0.05452654464161573,0.00015452830951334708,0.21783525738884232
tumor_1,tumor_2,IGFBP3,19659,-0.031004848358844983,0.00020178375582539728,0.05625355291287189,0.00013187818043708865,0.19495453102551583
tumor_1,tumor_2,IGFBP5,19659,-0.03758354913188456,0.00015970240524014177,0.05441567430396723,6.504606357890626e-05,0.15414912820698654
tumor_1,tumor_2,IGFBP6,19659,-0.004761056140902005,7.781312504855781e-05,0.01842330795322835,5.0112024555794854e-05,0.08221381425482477
tumor_1,tumor_2,IGFBP7,19659,0.01258331754263482,0.00016163385640363348,0.031568883971455027,0.00010205655309713104,0.15923498043035988
tumor_1,tumor_2,IGHA1,19659,-0.004198195086538662,7.200849814068954e-05,0.016889582128285847,4.513352676122646e-05,0.0736506852799722
tumor_1,tumor_2,IGHD,19659,-0.0012873097573867895,6.82977297476743e-05,0.01406969781722937,5.054208473635424e-05,0.08167444571608315
tumor_1,tumor_2,IGHG1,19659,-0.0008790262647350607,8.220713253116343e-05,0.019937490102823106,5.5138143531586627e-05,0.10889728385525976
tumor_1,tumor_2,IGHG2,19659,-0.004609449439668281,5.65523110601408e-05,0.015128712538304594,4.011039135341734e-05,0.08446462792882498
tumor_1,tumor_2,IGHM,19659,0.004253988113693549,8.091416292504091e-05,0.02047374152748651,4.9554982875946817e-05,0.09377040058278188
tumor_1,tumor_2,IGKC,19659,0.004735528693818535,0.00010819048077530586,0.022965640010537414,6.996241127756394e-05,0.10801466324986808
tumor_1,tumor_2,IKZF3,19659,0.0020392938447962973,3.3757996918984534e-05,0.007122658331395697,2.9750900847641527e-05,0.05043409597578393
tumor_1,tumor_2,IL10,19659,-0.000402385242047612,6.018860067508413e-05,0.012800034778301125,4.266353427955748e-05,0.07819395294698331
tumor_1,tumor_2,IL10RA,19659,0.0007657058834798418,2.6004440238244978e-05,0.005750851763438033,1.8064190189163177e-05,0.02406504118475703
tumor_1,tumor_2,IL10RB,19659,0.00105594898537529,9.593494622441758e-05,0.0197158418398384,6.725179173515989e-05,0.11930696794043379
tumor_1,tumor_2,IL11,19659,-0.004025188674696907,3.712291639132557e-05,0.011302391377564426,2.7596204410435692e-05,0.06899481686846155
tumor_1,tumor_2,IL11RA,19659,0.002749168157308052,6.365536737958982e-05,0.013713335189842333,4.64508136834666e-05,0.07597411592338053
tumor_1,tumor_2,IL12A,19659,-0.0008648685358629199,2.5876600156645522e-05,0.0068758985636188,1.9496611690718467e-05,0.036769791136827656
tumor_1,tumor_2,IL12B,19659,-0.0006648046628673095,6.224380136331987e-05,0.01344742103407747,3.913059530326837e-05,0.06327144070617566
tumor_1,tumor_2,IL12RB1,19659,0.0032688163616359338,2.6778686396444538e-05,0.006504348286636619,1.9430500344803606e-05,0.042500409260844106
tumor_1,tumor_2,IL12RB2,19659,0.004835197328841365,2.7747461271012764e-05,0.006940762960885955,2.165983004836765e-05,0.04527582328110031
tumor_1,tumor_2,IL13RA1,19659,0.021003026100501566,0.00017795366223184934,0.0435048082079709,0.00013687558577142164,0.21480405190398644
tumor_1,tumor_2,IL15,19659,0.00047980774781627425,2.8886048646799487e-05,0.006920694093814904,2.2495182171941144e-05,0.042400690211852055
tumor_1,tumor_2,IL15RA,19659,0.012850315274878787,0.00010779395141200509,0.024346314660425136,7.969709995925338e-05,0.11693301331920866
tumor_1,tumor_2,IL16,19659,-0.0022919117652991745,4.722006243852383e-05,0.01193223320808692,3.053053691572485e-05,0.048546952457869684
tumor_1,tumor_2,IL17A,19659,0.0045303897339974974,3.979798979130187e-05,0.008577639861606538,2.614070375866651e-05,0.05050726727386751
tumor_1,tumor_2,IL17B,19659,-0.0039079720915678766,4.08561058548999e-05,0.009810699590246986,2.2621509454305154e-05,0.05079731616730756
tumor_1,tumor_2,IL17D,19659,-0.001646339726848027,6.132871555674047e-05,0.01435775703518798,4.834217117010198e-05,0.06623934196638645
tumor_1,tumor_2,IL17RA,19659,0.004667077949445415,0.00011236761175967451,0.024063681333930626,7.908981494902265e-05,0.12258600547478855
tumor_1,tumor_2,IL17RB,19659,0.005577966153054703,0.0001040877197767821,0.023702808029942464,7.0746875248012e-05,0.08779646804439646
tumor_1,tumor_2,IL17RE,19659,-0.00017059283083081822,4.1700041693037874e-05,0.009499146965495722,2.895016470342362e-05,0.05055935806940526
tumor_1,tumor_2,IL18,19659,-0.0016441261585206778,5.340472060387332e-05,0.011600325526906017,3.4453329538429636e-05,0.04273834686011369
tumor_1,tumor_2,IL18R1,19659,-0.0037941877090146314,4.573363903717207e-05,0.011839827037728545,3.295813427938448e-05,0.046483306023634076
tumor_1,tumor_2,IL1A,19659,0.0008497195993276538,5.0739056214703326e-05,0.009907206269532056,3.597459424387238e-05,0.07132694744520056
tumor_1,tumor_2,IL1B,19659,-0.001235959889249546,4.6152524046697605e-05,0.010910107763505912,3.217490863136405e-05,0.06199857385734662
tumor_1,tumor_2,IL1R1,19659,0.014685149526193125,9.942538128656512e-05,0.026082855388452036,7.876549957025335e-05,0.1044409986884656
tumor_1,tumor_2,IL1R2,19659,-0.0013539420393016506,2.918913364954533e-05,0.00837112469420762,2.0999203731261614e-05,0.048500624810099445
tumor_1,tumor_2,IL1RAP,19659,0.002711514366480922,0.00013065520276672022,0.03161196222324776,9.279381136110568e-05,0.14302774557145065
tumor_1,tumor_2,IL1RL1,19659,-0.003064823421717427,2.354490386202865e-05,0.007310298328412302,1.9630617880986877e-05,0.027589983940175485
tumor_1,tumor_2,IL1RN,19659,0.011746640892791172,7.435900864162695e-05,0.018052656281855255,5.249426574971636e-05,0.09471193238434786
tumor_1,tumor_2,IL2,19659,-0.005730372493133177,2.1664433298697667e-05,0.009769259626427182,1.634747365411532e-05,0.027656547154244437
tumor_1,tumor_2,IL20,19659,-0.003261356824012527,4.546066632483785e-05,0.01075991273847373,3.223929586282259e-05,0.0558395637116896
tumor_1,tumor_2,IL20RA,19659,-6.121587888396652e-05,3.4414242221219874e-05,0.008074953096942308,2.5216020797149932e-05,0.031896367685564676
tumor_1,tumor_2,IL22RA1,19659,-0.00028036971157028234,2.730820090150821e-05,0.007290923143064428,1.4045830613929969e-05,0.02335501692788683
tumor_1,tumor_2,IL23A,19659,-0.0046979001382754,3.3491718395585094e-05,0.010604939694877871,2.357081043732387e-05,0.04527963531467579
tumor_1,tumor_2,IL24,19659,-0.001840870294847749,8.059259888120053e-05,0.016966604106648856,5.640537330034861e-05,0.07450813912373828
tumor_1,tumor_2,IL27RA,19659,-0.0008230106771366343,4.924261163450073e-05,0.009998191740751165,3.297668006664254e-05,0.06246314691702852
tumor_1,tumor_2,IL2RA,19659,-0.0008839680522140601,5.0921844635634724e-05,0.0098534092668648,3.2848432632218226e-05,0.04041495863666485
tumor_1,tumor_2,IL2RB,19659,0.004773103195899706,2.776506070694747e-05,0.006939632744389121,2.305019928162039e-05,0.03900225130212828
tumor_1,tumor_2,IL2RG,19659,0.009260807580439786,0.00038052801341423786,0.11876712963537417,0.0003051244602195748,0.5262744506387421
tumor_1,tumor_2,IL32,19659,-0.01582815108967276,0.0006426818417084908,0.1861883981331921,0.0004845519201987549,0.8536969042118792
tumor_1,tumor_2,IL33,19659,0.0010958106391563169,5.676749239102905e-05,0.011270723640192017,4.183136495392088e-05,0.0518451695361384
tumor_1,tumor_2,IL34,19659,0.0002692829801189514,0.00013771784008443473,0.035203597478904336,0.00010628515692132801,0.16958690818008865
tumor_1,tumor_2,IL36G,19659,7.670928633010207e-05,4.691339970797967e-05,0.00965800519773604,3.063250391002543e-05,0.04476716247984992
tumor_1,tumor_2,IL3RA,19659,-0.0010504026410959005,4.8552431742023424e-05,0.011176972366013688,3.4110073897961166e-05,0.040130437392535474
tumor_1,tumor_2,IL4R,19659,0.006057087115580453,9.904721201252269e-05,0.018602941049123793,6.723109358349036e-05,0.08528927005334105
tumor_1,tumor_2,IL6,19659,-0.002192208182412129,4.475097839053115e-05,0.009552677398756638,2.9437841131403504e-05,0.05648174144849866
tumor_1,tumor_2,IL6R,19659,0.03149967657555554,0.0002872562418855822,0.07886540550447509,0.00022750493090007418,0.38374918183764994
tumor_1,tumor_2,IL6ST,19659,-0.02632664857945589,0.00030487339339168803,0.08795169001922987,0.00020168135195623493,0.3932877112052195
tumor_1,tumor_2,IL7,19659,0.00046825357858006127,4.2432189605959896e-05,0.009894654214951795,3.068412191736009e-05,0.03939224578392484
tumor_1,tumor_2,IL7R,19659,-0.0029092211573990092,3.482676303989576e-05,0.010270699637391674,2.4868224327747055e-05,0.03724642045952168
tumor_1,tumor_2,INHA,19659,-0.000512169382448085,0.00015529699054044627,0.032596676409497705,0.00010461357154551054,0.1674993659274622
tumor_1,tumor_2,INHBA,19659,-0.008061613029072646,5.6134796326192326e-05,0.01628525349199207,3.344311647088153e-05,0.06395303539725011
tumor_1,tumor_2,INHBB,19659,-0.0033411272189625522,6.140557214405337e-05,0.015156515259463404,4.084809375094483e-05,0.0595217415853185
tumor_1,tumor_2,INS,19659,-0.003728902482762732,3.537468782529252e-05,0.008235372309529648,2.149118370945874e-05,0.040193970637803424
tumor_1,tumor_2,INSIG1,19659,0.010640477152782223,0.00011312087610523307,0.02873753778679755,6.841178809667992e-05,0.09414099478223646
tumor_1,tumor_2,INSR,19659,0.005418888404298377,0.0001461596981233456,0.036819887534181854,0.00010813477477361975,0.15970581098317332
tumor_1,tumor_2,IRF3,19659,0.019585215653019912,0.00019367878204507187,0.04447611606991529,0.00014112338903946652,0.21700594938278087
tumor_1,tumor_2,IRF4,19659,-0.005294825678897912,5.568928815166193e-05,0.013381867029070908,3.4463280969392824e-05,0.05891343387271066
tumor_1,tumor_2,ISG15,19659,0.05130639235539808,0.00018207396260545196,0.06289855725617938,0.00014193219158560886,0.21746697490772804
tumor_1,tumor_2,ITGA1,19659,-0.005016494087486044,0.00012283507245722478,0.03279751171976869,8.393615948883428e-05,0.1376251731757287
tumor_1,tumor_2,ITGA2,19659,0.00012890048827887872,4.588144847022683e-05,0.009669713112790699,3.103030896019956e-05,0.04686487576262516
tumor_1,tumor_2,ITGA3,19659,0.005789726475585602,9.083856368098458e-05,0.023384939423267255,6.75524923121139e-05,0.08392090869752353
tumor_1,tumor_2,ITGA5,19659,-0.024600631426389054,0.00016627960131699313,0.05350991072518167,0.00012871163560928335,0.22479494793466373
tumor_1,tumor_2,ITGA6,19659,-0.011205415837179631,0.00011038753378093627,0.030713506037921466,7.554686486018775e-05,0.11087302718488308
tumor_1,tumor_2,ITGA8,19659,0.004275556450504193,2.6238422804775788e-05,0.006518688256704474,2.0050450327506923e-05,0.02324695664939841
tumor_1,tumor_2,ITGA9,19659,0.002726083955664463,5.062529305603748e-05,0.009654692866334417,3.899916746246254e-05,0.038115479055149226
tumor_1,tumor_2,ITGAE,19659,0.002673366791721951,1.5163943329102405e-05,0.005442545252626974,1.2319567352821153e-05,0.02446666706009313
tumor_1,tumor_2,ITGAL,19659,0.005881308982416145,6.172164100548085e-05,0.01238397948335735,4.448527703643837e-05,0.04183256706041374
tumor_1,tumor_2,ITGAM,19659,0.011213419849327177,9.207314771324672e-05,0.022418334405668667,7.409897820138023e-05,0.10505448278555221
tumor_1,tumor_2,ITGAV,19659,0.01530871474822885,0.00029831752243694774,0.07446862515969066,0.0002317624246650309,0.35453673987483963
tumor_1,tumor_2,ITGAX,19659,-0.0063203716988712395,6.86861419836817e-05,0.017368387779307822,4.5681226577489205e-05,0.07899472852682839
tumor_1,tumor_2,ITGB1,19659,0.015024382183950288,0.00031431571959518483,0.07964553611864772,0.00022230958995157884,0.34146054857986036
tumor_1,tumor_2,ITGB2,19659,-0.012036702708078778,8.687608307025407e-05,0.02196332491709558,4.68831758197694e-05,0.10434380079546732
tumor_1,tumor_2,ITGB4,19659,-0.00538249340326104,4.531939818056882e-05,0.012390707129059902,2.92899617265698e-05,0.04264032667698091
tumor_1,tumor_2,ITGB5,19659,0.005808188255347232,0.00016064131716832188,0.03938215004472169,0.0001270394378369075,0.18998891577995175
tumor_1,tumor_2,ITGB6,19659,0.003829136072842334,1.8314008363928925e-05,0.005192947553105858,1.4168543800860559e-05,0.0190315083307317
tumor_1,tumor_2,ITGB8,19659,-0.005847966695937061,6.0365650214193816e-05,0.016538052625777542,3.8696646842104067e-05,0.06923566736600131
tumor_1,tumor_2,ITK,19659,0.002134120598615612,3.177911042123983e-05,0.008095264780544094,2.3347604618365084e-05,0.0415915987343398
tumor_1,tumor_2,ITM2A,19659,-0.001461073536479077,3.63111799549805e-05,0.008332205552025455,2.5876938097833115e-05,0.05001393349126574
tumor_1,tumor_2,ITM2B,19659,0.007800371515199795,0.0005319253017760709,0.14409640349570046,0.00039680753782559265,0.6078327668549581
tumor_1,tumor_2,JAG1,19659,0.012974772903461088,0.00012624186925329575,0.03883117024785207,0.0001070612139954692,0.17546705479260724
tumor_1,tumor_2,JAK1,19659,0.0031867725380234795,0.00023376698293576688,0.05579389470279396,0.0001634173075464278,0.23094457189609505
tumor_1,tumor_2,JAK2,19659,0.0025491865621234937,2.8653858685345693e-05,0.006909439658640574,2.092393766707096e-05,0.02492547903604127
tumor_1,tumor_2,JCHAIN,19659,0.0036343370072493978,2.852034179082773e-05,0.009990202650297824,1.8578849310710198e-05,0.030361327615820416
tumor_1,tumor_2,JUN,19659,-0.03310939601420094,0.0005073616132059683,0.14417669217517365,0.00038178488795168405,0.6482103835825452
tumor_1,tumor_2,JUNB,19659,0.010323134407627912,0.00014401615976500563,0.03511371552621378,8.910615100266214e-05,0.14454229398025345
tumor_1,tumor_2,KDR,19659,0.0047907803335308415,7.604231331884757e-05,0.014894743485540058,5.321022507653986e-05,0.06875508058897392
tumor_1,tumor_2,KIT,19659,-0.005293206625718331,5.8202734979568996e-05,0.01414263722328044,3.799801108329632e-05,0.05525242766811912
tumor_1,tumor_2,KITLG,19659,0.001478509516578642,7.460459578178367e-05,0.016355837758923665,4.9134361791421977e-05,0.08106649775577487
tumor_1,tumor_2,KLF2,19659,0.003045800552952511,4.609664369169078e-05,0.00847602885905736,3.3379151659536404e-05,0.045578846607294374
tumor_1,tumor_2,KLK3,19659,-0.00217495647784101,4.178134231853718e-05,0.010631340295693178,2.9091747844588664e-05,0.05457051374004501
tumor_1,tumor_2,KLRB1,19659,-1.6193565560509627e-05,4.4659907425273005e-05,0.009918732712249682,2.8297860096720178e-05,0.04076486349238846
tumor_1,tumor_2,KLRF1,19659,-0.0011809067644591587,2.826244753853341e-05,0.007371216418432028,1.7371451523525607e-05,0.03930677114347976
tumor_1,tumor_2,KLRK1,19659,-0.0022412426146767262,4.015904784335003e-05,0.010160260444505203,2.6861691024461752e-05,0.03686330624407671
tumor_1,tumor_2,KRAS,19659,0.0031304109897213905,0.00011221669312780454,0.026364253525340504,8.269214107343967e-05,0.11231931946158176
tumor_1,tumor_2,KRT1,19659,0.0010579613109747271,5.1650426852795774e-05,0.011213106438686221,3.1736174514966045e-05,0.045144393966741025
tumor_1,tumor_2,KRT10,19659,-0.0007867911935430183,3.563106803615261e-05,0.008553446422993462,2.5281213286612873e-05,0.04080809734319875
tumor_1,tumor_2,KRT13,19659,0.005297771916477023,2.0752375963552788e-05,0.006731819035869115,1.6075337872305395e-05,0.026889758402879355
tumor_1,tumor_2,KRT14,19659,-0.00035463043834059617,3.918225347204318e-05,0.009541082533902701,2.715657982416258e-05,0.04051937874751826
tumor_1,tumor_2,KRT15,19659,0.005407584299735551,0.00010236416594862363,0.024837356938211312,7.307440638846108e-05,0.10856198281238734
tumor_1,tumor_2,KRT16,19659,0.00044866365188863213,0.00012899530021031057,0.029139266354216854,7.885555119694603e-05,0.13100823292718103
tumor_1,tumor_2,KRT17,19659,0.0038741575303073957,0.0001313409537815953,0.02312441902448143,8.804616199006545e-05,0.1380266834185738
tumor_1,tumor_2,KRT18,19659,0.00086387829862001,0.00047715385148820266,0.12288644099503368,0.0003585613877691989,0.612304465153133
tumor_1,tumor_2,KRT19,19659,-0.026342970824940803,0.00012188988948498812,0.04348354718624542,8.780340583549195e-05,0.1545076009631781
tumor_1,tumor_2,KRT20,19659,0.010276647735431807,9.641461680009197e-05,0.027141914689824614,7.751026123494743e-05,0.09378862728689809
tumor_1,tumor_2,KRT23,19659,0.00670152287591764,4.319199990817795e-05,0.009587630155760692,3.3493046250912726e-05,0.050135159143300724
tumor_1,tumor_2,KRT4,19659,-0.0010988507431431195,3.931956570076223e-05,0.007280398491435853,2.7229043714336302e-05,0.038408007659440815
tumor_1,tumor_2,KRT5,19659,0.00048605843265801693,4.028225723433699e-05,0.00957878765659,3.380687017136494e-05,0.043667228534876326
tumor_1,tumor_2,KRT6A,19659,-0.002895520369045835,6.697811414257356e-05,0.01596755861721164,4.0113401245494106e-05,0.08896387475784275
tumor_1,tumor_2,KRT7,19659,0.008005070794106372,6.633246351456389e-05,0.013242806727069003,4.586229715408041e-05,0.058146330504488565
tumor_1,tumor_2,KRT8,19659,-0.03577748318830497,0.0005842200178105434,0.1681280436393179,0.00043793051094579555,0.767915027397591
tumor_1,tumor_2,KRT80,19659,-0.003325765028279846,4.781329961050091e-05,0.0116319958347221,3.180182642576249e-05,0.040127700647437835
tumor_1,tumor_2,KRT86,19659,0.0016745830751334722,8.483016409338939e-05,0.016116596482161856,6.327395449010854e-05,0.10345688040172323
tumor_1,tumor_2,LAG3,19659,-0.0034331045367759403,5.6810036919453585e-05,0.012274487327220172,3.711483218152147e-05,0.06055867483098533
tumor_1,tumor_2,LAIR1,19659,0.012029746838870562,5.2959243926158656e-05,0.013514022200341199,3.564127686857269e-05,0.05115329035351074
tumor_1,tumor_2,LAMA4,19659,0.007197397463605414,5.1627936770238676e-05,0.011050072247557085,3.6432337829894836e-05,0.044550904662570265
tumor_1,tumor_2,LAMP2,19659,0.01687133763671157,0.0004534052036296339,0.12772610023528397,0.0003324210915932246,0.5558556595880007
tumor_1,tumor_2,LAMP3,19659,-0.002794703904031878,2.3317029177069568e-05,0.008222663118878005,1.8059506400954513e-05,0.04065581813794984
tumor_1,tumor_2,LCN2,19659,-0.000183729513864766,6.836469067818713e-05,0.017181881180983162,5.021072060676914e-05,0.05961422495990396
tumor_1,tumor_2,LDB2,19659,-0.0015306762663604516,4.588267321900555e-05,0.009979264879014573,2.908752264794902e-05,0.04492863330294315
tumor_1,tumor_2,LDHA,19659,-0.11353545298888368,0.0003617103901716337,0.15916270867496135,0.00025134296432754397,0.5039393399113811
tumor_1,tumor_2,LDLR,19659,0.0013041196471521993,7.248884164574804e-05,0.0180892048091048,4.564166242918584e-05,0.08090312249841927
tumor_1,tumor_2,LEFTY1,19659,-0.00311456011411452,7.013564209737366e-05,0.015865734893093578,5.392382945601782e-05,0.07896662041923573
tumor_1,tumor_2,LEP,19659,0.0060341263970632945,4.101899993829508e-05,0.009430177132793052,2.9243621225144352e-05,0.04796163157379281
tumor_1,tumor_2,LGALS1,19659,-0.005837874513230693,0.00029804394497003636,0.07105244008990133,0.0001816932120766219,0.3792575877599207
tumor_1,tumor_2,LGALS3,19659,-0.03399399571093072,0.00027693901077868597,0.08508376028265377,0.0001769168551585717,0.31288735702472403
tumor_1,tumor_2,LGALS3BP,19659,0.08659431457264091,0.0004258442231784697,0.12429900051828555,0.00034772849928157334,0.5269172506707973
tumor_1,tumor_2,LGALS9,19659,0.006756858605031346,0.00021902717441498403,0.05509208988270783,0.00017461369566516583,0.23742535159504716
tumor_1,tumor_2,LGR5,19659,-0.0011187220638980472,3.931466909849155e-05,0.00812745213371127,2.7677846534827452e-05,0.0374882674053741
tumor_1,tumor_2,LIF,19659,-0.0018007698394723885,2.04394692028333e-05,0.006010813204860301,1.7018764877932813e-05,0.029656973957371796
tumor_1,tumor_2,LIFR,19659,0.003719670950994634,5.216845511447887e-05,0.011823998644017205,3.571305028388199e-05,0.05030045587975943
tumor_1,tumor_2,LINC01781,19659,0.0032124944137865256,3.483265022037077e-05,0.007964957308582373,2.278461315063592e-05,0.04159814776781638
tumor_1,tumor_2,LINC01857,19659,-0.0017388777912430132,4.823451567867195e-05,0.012209465276229915,3.7038407994691614e-05,0.05812056672442286
tumor_1,tumor_2,LINC02446,19659,0.0010793914868074683,4.4032421148397556e-05,0.009119342100624667,3.452977062340191e-05,0.039755777768531356
tumor_1,tumor_2,LMNA,19659,0.005569802628443694,0.00025951878255283046,0.06280297458757053,0.00018987317121378942,0.2799450070075258
tumor_1,tumor_2,LPAR5,19659,-0.007141046303570887,6.254610854571401e-05,0.015048525278253797,3.951066671538135e-05,0.05957657625661621
tumor_1,tumor_2,LTB,19659,0.00730177337588285,0.00012969867447624127,0.02511113938322691,8.755716550338658e-05,0.12422384396914692
tumor_1,tumor_2,LTBR,19659,0.0038522006932878543,0.00016685274353536177,0.03981997486266158,0.00012732065659577875,0.18311673598582834
tumor_1,tumor_2,LTF,19659,0.0006499502103880152,1.1571679953039997e-05,0.004554157439662224,1.2378546633900294e-05,0.026051287012100122
tumor_1,tumor_2,LUM,19659,0.008694740576937046,6.075084391506638e-05,0.013835069470469872,4.826185560754786e-05,0.053451868656846
tumor_1,tumor_2,LY6D,19659,-0.005491878639693842,6.175987685109404e-05,0.016275482455071332,3.9361861048128385e-05,0.06236312174513383
tumor_1,tumor_2,LY75,19659,-0.0015651335999882394,4.2944962298891173e-05,0.010082914432335166,3.066263444739649e-05,0.051498530152749175
tumor_1,tumor_2,LYN,19659,0.0013452426082382566,4.292098524559548e-05,0.010169259874014479,2.579342720551214e-05,0.05111267930270732
tumor_1,tumor_2,LYVE1,19659,0.0022953343001001062,2.8100051479350536e-05,0.007012746681868226,2.261491346752838e-05,0.02963025219346868
tumor_1,tumor_2,LYZ,19659,-0.007106887710693574,0.00011685528454050889,0.031078109372074215,6.0060406176796215e-05,0.18588282641644133
tumor_1,tumor_2,MAF,19659,0.008087327577316969,0.0003776444848101465,0.09429770823383538,0.0002862939750536906,0.39846649997133665
tumor_1,tumor_2,MALAT1,19659,0.017942145756186502,0.0006631597529819041,0.1614093775168845,0.0004238009137453149,1.2148389256805596
tumor_1,tumor_2,MAML2,19659,-0.006731032954916541,5.254042991687965e-05,0.01331488972673217,3.2148943367846626e-05,0.04255061812197831
tumor_1,tumor_2,MAP1LC3B,19659,0.02235644272773938,0.00026010073228042297,0.06446746252598447,0.0001867206723457609,0.2661948134658464
tumor_1,tumor_2,MAP2K1,19659,0.012671190188150983,0.00011355219131088544,0.02716884545263128,8.975568698405848e-05,0.11327282959578226
tumor_1,tumor_2,MAPK13,19659,-0.002754355233318596,0.00013365134919673263,0.030130973532496504,9.766799816189988e-05,0.152074825968297
tumor_1,tumor_2,MAPK14,19659,0.005103158525814829,0.00020003267424346618,0.05325579656537878,0.00015107472903326996,0.22519878861457238
tumor_1,tumor_2,MARCKSL1,19659,-0.0074595507265909616,0.0003947675565462005,0.10585205722017761,0.0002919532963976892,0.44545853260505036
tumor_1,tumor_2,MARCO,19659,-0.0007188488118128038,4.8530947362399315e-05,0.00959839723306736,3.395969146620027e-05,0.02588607860327428
tumor_1,tumor_2,MB,19659,-0.008734684455168402,6.720371546063664e-05,0.020286293525671198,3.149236958960902e-05,0.05527440544722796
tumor_1,tumor_2,MECOM,19659,0.00517673237536625,0.00011977053106862056,0.03706957143247491,9.073421769936114e-05,0.1498197281750872
tumor_1,tumor_2,MEG3,19659,0.0004808003700200114,5.239653488108646e-05,0.011145889297253927,3.052543807679388e-05,0.05044319272239731
tumor_1,tumor_2,MERTK,19659,0.001710259476073988,0.0001041278394773579,0.023441435527032296,6.90840799884955e-05,0.09720679328757112
tumor_1,tumor_2,MET,19659,0.007437043674244702,6.292429944766714e-05,0.015656130617327454,4.393764055456235e-05,0.07519832904216392
tumor_1,tumor_2,MFAP5,19659,0.0006922301607875098,4.440799929158842e-05,0.009248281649358255,3.09307525348941e-05,0.0387667980888875
tumor_1,tumor_2,MGP,19659,0.0029725269594955196,8.51620652815157e-05,0.018780447519859248,5.550700406299537e-05,0.1025734388922862
tumor_1,tumor_2,MIF,19659,-0.19649652941035914,0.0006022338656082229,0.2599271786356549,0.00034312578210192826,0.781872320300765
tumor_1,tumor_2,MIR4435.2HG,19659,-0.0023672272838645312,6.755453040203926e-05,0.015610228640614449,5.147212397789739e-05,0.0744773469638447
tumor_1,tumor_2,MKI67,19659,0.0033321469274144714,4.171152186755404e-05,0.01111427324409893,4.094500998299553e-05,0.05920220108931251
tumor_1,tumor_2,MMP1,19659,0.005342206470145782,8.45960842487106e-05,0.01940209014791808,5.8079226370638106e-05,0.08869849265312206
tumor_1,tumor_2,MMP12,19659,0.0012193022019500951,4.5565587958280344e-05,0.009961458960774206,3.058799787452412e-05,0.04558205747472406
tumor_1,tumor_2,MMP14,19659,-0.010508487983707663,0.00019987080643323862,0.05291967071953726,0.00014345713918918865,0.200882173158958
tumor_1,tumor_2,MMP19,19659,0.010837424057316723,4.501512858126411e-05,0.011865170471197022,3.7739452998622363e-05,0.054222984316527015
tumor_1,tumor_2,MMP2,19659,-0.001298618371220332,4.565605628172517e-05,0.009336496264223197,2.946248675027155e-05,0.05030778934274114
tumor_1,tumor_2,MMP7,19659,-0.013861644787763769,6.605642770203598e-05,0.022850867098126896,3.991828779429144e-05,0.06968982884067318
tumor_1,tumor_2,MMP9,19659,-0.0035341353079080874,4.695858232879002e-05,0.012077978384439723,2.975424170965278e-05,0.05921501229191743
tumor_1,tumor_2,MPO,19659,0.002503255356209868,5.8366741804267084e-05,0.012253985911472443,4.041630328845256e-05,0.05929705505649121
tumor_1,tumor_2,MRC1,19659,0.00945596887439992,5.156061545209292e-05,0.014937626828001658,3.7283971591072e-05,0.04963085151006198
tumor_1,tumor_2,MRC2,19659,-0.005369993713350158,5.691634193427618e-05,0.014328377559198188,3.770297980496091e-05,0.06514835534862341
tumor_1,tumor_2,MS4A1,19659,-0.0027123858130296457,3.508564612574062e-05,0.008515679736906537,2.294147473724101e-05,0.03900642158314719
tumor_1,tumor_2,MS4A4A,19659,0.005767206632216149,3.490520997552121e-05,0.007833900166273434,2.3819042579051464e-05,0.041711690321311654
tumor_1,tumor_2,MS4A6A,19659,0.012704983756320981,6.964349844768785e-05,0.01666600483701939,4.815906691616188e-05,0.09137261802738246
tumor_1,tumor_2,MSMB,19659,0.0025313510931810374,3.5688179701984604e-05,0.00787119216117137,2.4065329707932405e-05,0.04003643457419698
tumor_1,tumor_2,MSR1,19659,0.007576592232966801,6.409038999149462e-05,0.01548434249495174,4.404331633206067e-05,0.0773171360094571
tumor_1,tumor_2,MST1R,19659,-0.00015987788552395706,6.891882222840764e-05,0.014498663873914495,4.998661022567896e-05,0.06092289676214576
tumor_1,tumor_2,MT1X,19659,0.023044186585313566,0.00016978950995223034,0.05476070787260967,0.00011013585104532861,0.18605809260806722
tumor_1,tumor_2,MT2A,19659,0.005776790966191168,0.00043490363353197514,0.1264412694221953,0.00019445890085937644,0.6058126998140907
tumor_1,tumor_2,MTOR,19659,0.015202748288422122,0.00012287812534332818,0.029818547025064823,9.460325660054146e-05,0.14090984910328802
tumor_1,tumor_2,MX1,19659,0.04850046649694426,0.00015734275170647908,0.06188391028817726,0.00011673872376629666,0.20642981345457373
tumor_1,tumor_2,MXRA8,19659,-0.004082381917042737,6.690632408830724e-05,0.014695586186985132,4.37098744084615e-05,0.06605139491345921
tumor_1,tumor_2,MYC,19659,-0.004927380773429707,3.9052818159022144e-05,0.01134539945960415,2.68093894816599e-05,0.036447965793278865
tumor_1,tumor_2,MYH11,19659,-1.671127319806644e-05,3.9225997402210165e-05,0.009410293298836522,2.5325934018028057e-05,0.03172299344570152
tumor_1,tumor_2,MYH6,19659,-0.005327941365614879,2.106860428643323e-05,0.0074744610877041425,1.3310975176218684e-05,0.026027817048379448
tumor_1,tumor_2,MYL12A,19659,0.056415274427564444,0.0004612077618306726,0.13359522200939694,0.00035735254954056194,0.5655751431390027
tumor_1,tumor_2,MYL4,19659,0.0010511431651652008,6.893268043368595e-05,0.013292108539263927,4.428841222006383e-05,0.06782884975752647
tumor_1,tumor_2,MYL7,19659,0.0021276128629387943,3.8872888736240407e-05,0.007899435914723547,2.849045408792083e-05,0.02937928528980007
tumor_1,tumor_2,MYL9,19659,-0.02283451054056804,0.0003655874653997245,0.10469515176596281,0.00024589389334911946,0.41948854097661326
tumor_1,tumor_2,MZB1,19659,0.00622393011436544,3.9191121543596156e-05,0.010054149385153211,2.882485217493083e-05,0.05076917456643979
tumor_1,tumor_2,MZT2A,19659,0.02104402993002199,0.00037867988332714834,0.09375863164477893,0.00027800619746552166,0.4356345171767081
tumor_1,tumor_2,NACA,19659,0.05317128149851201,0.00038605866707568765,0.11184737514866486,0.0002700902881003961,0.44369243417474313
tumor_1,tumor_2,NANOG,19659,-0.0025728300067239082,8.04419663095852e-05,0.02201234519224324,5.91819136234023e-05,0.08413480595696439
tumor_1,tumor_2,NCAM1,19659,-0.001952415255902553,6.558186664469975e-05,0.01626862509746895,4.59551156629815e-05,0.06874850775948489
tumor_1,tumor_2,NCR1,19659,-0.0059854004607517945,1.0607405358447226e-05,0.007487662721659701,7.621741878241966e-06,0.030904745921711912
tumor_1,tumor_2,NDRG1,19659,-0.027777592513437012,0.0005669281023683545,0.16476548557325643,0.0004453689019212719,0.8457623236159634
tumor_1,tumor_2,NDUFA4L2,19659,-0.17181404419291657,0.00019709149433294238,0.17570539977802466,0.00011849837916433584,0.3674165897260329
tumor_1,tumor_2,NEAT1,19659,0.06151616564736333,0.0006238972571553143,0.17182491841782427,0.0004936969521953103,1.1494747628261743
tumor_1,tumor_2,NELL2,19659,0.0014308727423343194,1.547029759862611e-05,0.005133535644672711,1.0868317501479684e-05,0.025629834812818653
tumor_1,tumor_2,NFKB1,19659,0.01344213750818538,0.00013267007003067805,0.031091832068528814,9.256856913993082e-05,0.14127268411951668
tumor_1,tumor_2,NFKBIA,19659,0.023128357360221823,0.00034146022693295596,0.08514811237007676,0.0002513284851381055,0.40435519810497667
tumor_1,tumor_2,NGFR,19659,0.0006207006276972727,5.56766827182956e-05,0.010790604530148209,3.9025062509075003e-05,0.059284474083201665
tumor_1,tumor_2,NKG7,19659,0.005028495289904726,4.760552356093935e-05,0.010923252010981292,3.1708804772255965e-05,0.05968458985269078
tumor_1,tumor_2,NLRC4,19659,-0.0017145275960775998,3.189187789144515e-05,0.009724961244620793,2.791062328438528e-05,0.05321209616636806
tumor_1,tumor_2,NLRC5,19659,0.013998759182470288,0.00010350791675132567,0.02181014164191135,8.280572035353636e-05,0.11253493137600838
tumor_1,tumor_2,NLRP1,19659,0.007532684760861464,5.7645645434965797e-05,0.014481967995669504,4.2247557925398864e-05,0.04777616004095986
tumor_1,tumor_2,NLRP2,19659,-0.0011038015262843479,4.826055313927205e-05,0.00953310312443122,3.278721448507138e-05,0.04086559222126306
tumor_1,tumor_2,NLRP3,19659,-0.005296537732891464,4.1879585655582885e-05,0.012671067613877707,3.3446344202877244e-05,0.054433103205546285
tumor_1,tumor_2,NOD2,19659,0.008830436931817768,7.607815643605031e-05,0.015090391582819005,5.705629404308452e-05,0.08108954265304233
tumor_1,tumor_2,NOSIP,19659,0.010005085470879796,0.00015400119029344847,0.03556473342608182,0.00011149600940118638,0.16476143637977153
tumor_1,tumor_2,NOTCH1,19659,0.003975846310448351,0.0001389775164829302,0.031093926772135006,0.00010464591067015976,0.1594586710215186
tumor_1,tumor_2,NOTCH2,19659,-2.7487285016793867e-05,0.0001035343196525172,0.023671880468327838,7.59124785920927e-05,0.10069785949727203
tumor_1,tumor_2,NOTCH3,19659,0.005334435476653315,4.2538920544572574e-05,0.00894878596156302,2.5705773841545027e-05,0.04452873322381752
tumor_1,tumor_2,NPPC,19659,-0.0036098008002977593,6.940454126143909e-05,0.015867732123558544,4.3862228952715396e-05,0.08139604540653007
tumor_1,tumor_2,NPR1,19659,-0.0011445443213675378,4.703281746383539e-05,0.011435583023839235,2.7073253651542712e-05,0.04388046566133905
tumor_1,tumor_2,NPR2,19659,0.0005218103999084673,7.011023502432404e-05,0.016083075974854873,5.268344107268833e-05,0.0935774966579698
tumor_1,tumor_2,NPR3,19659,-0.007833460781722692,5.76765559238274e-05,0.016863639435434646,3.7501624249825537e-05,0.05805210187245565
tumor_1,tumor_2,NR1H2,19659,0.024346131900554423,0.0002251728039260059,0.05572024313162127,0.0001693527422169763,0.24574629495114628
tumor_1,tumor_2,NR1H3,19659,0.008363297098686762,0.00011921201699417744,0.026738613387290756,8.624919227192629e-05,0.13153439091947253
tumor_1,tumor_2,NR2F2,19659,0.01308028698529857,0.00015751309806522884,0.03844333115703719,0.00011818422976769614,0.20062468114199744
tumor_1,tumor_2,NR3C1,19659,-0.009183197251850158,0.00021131137025125242,0.055716750192524124,0.0001507404651132799,0.21695991512251128
tumor_1,tumor_2,NRG1,19659,0.004899428877681062,3.935334379884852e-05,0.008420381817161912,3.0110655913853293e-05,0.03634600433070707
tumor_1,tumor_2,NRXN1,19659,-0.005006913316301901,4.558385258528857e-05,0.011868161209556471,3.115574831925523e-05,0.04451419081867506
tumor_1,tumor_2,NRXN3,19659,0.004600669805635946,7.474228994102998e-05,0.015402512091105717,5.1526860200992984e-05,0.07652913944911723
tumor_1,tumor_2,NTRK2,19659,-0.0023232691403438305,2.4490036853038698e-05,0.0068247252340106436,1.4487406236662169e-05,0.026560581853618054
tumor_1,tumor_2,NUPR1,19659,0.05723542964085084,0.000563950054933095,0.1674855715040106,0.0004282064729451033,0.7442620126250298
tumor_1,tumor_2,NUSAP1,19659,-0.004549127967911742,0.00017675737634492863,0.04986969945029264,0.00013541307942374997,0.26297442413417277
tumor_1,tumor_2,OAS1,19659,0.008627801131446858,0.00010912143244690725,0.02569252205723626,8.495256554447714e-05,0.11327020502915555
tumor_1,tumor_2,OAS2,19659,0.022227308208282878,7.042427280748208e-05,0.02623250301642327,5.915099407729019e-05,0.09659576479787534
tumor_1,tumor_2,OAS3,19659,0.0166794070482157,7.536166993451386e-05,0.022385799948371855,6.324810541563221e-05,0.09224503895507821
tumor_1,tumor_2,OASL,19659,0.006491546175265979,6.721974995845834e-05,0.015893165989769413,5.1720114665536655e-05,0.09164983399313564
tumor_1,tumor_2,OLFM4,19659,0.004613353060327728,4.62675254934745e-05,0.009164541941684711,3.210267141089344e-05,0.048347145452947306
tumor_1,tumor_2,OLR1,19659,0.0010569287311431455,2.1298319421539222e-05,0.006257290714266177,1.5106791047342399e-05,0.029549063343298775
tumor_1,tumor_2,OSM,19659,0.01095495435520671,5.2870719983277655e-05,0.014823253332895959,3.9687720135727114e-05,0.05112540080082405
tumor_1,tumor_2,OSMR,19659,0.0022473072300085366,0.00010468792861856648,0.02333029928997639,7.361781325888086e-05,0.10070716101579931
tumor_1,tumor_2,P2RX5,19659,0.002693635649377277,3.320153415471577e-05,0.0071756756417847446,2.1085196489593045e-05,0.031495099543856646
tumor_1,tumor_2,PARP1,19659,0.02845269187556169,0.00019780559398862473,0.05004819059171064,0.00014447367584515198,0.2071208946134675
tumor_1,tumor_2,PCNA,19659,0.012375753898449476,0.00016828167818311996,0.039988625475259346,0.00012742005745798585,0.1979215717880702
tumor_1,tumor_2,PDCD1,19659,0.00014432977755298248,5.0214242225841745e-05,0.009492747007564428,3.514923003333972e-05,0.051313222643454795
tumor_1,tumor_2,PDCD1LG2,19659,-0.008530120450660894,3.26117054079485e-05,0.01201839573264275,2.256836234982426e-05,0.044201778861562645
tumor_1,tumor_2,PDGFA,19659,-0.015623345868261218,0.00016315874757976705,0.04794468251253571,0.000122133850772432,0.19914058069224821
tumor_1,tumor_2,PDGFB,19659,0.0019712464698111434,3.2690891543395486e-05,0.007889963807379687,2.1916910472799043e-05,0.043339037241072256
tumor_1,tumor_2,PDGFC,19659,0.0015535736698593793,6.502660190013532e-05,0.013084794564564028,4.615671786194704e-05,0.0649123505695636
tumor_1,tumor_2,PDGFD,19659,0.0016671975845760668,1.880886161698648e-05,0.004659125421241132,1.1697451629496454e-05,0.021607546364829807
tumor_1,tumor_2,PDGFRA,19659,-0.0031591401967893235,4.7437110511047463e-05,0.011979658044648695,2.8531156261714233e-05,0.05718402021108863
tumor_1,tumor_2,PDGFRB,19659,-0.0008733575458762159,5.1849673165497294e-05,0.011725170650291373,3.6018687959533355e-05,0.06733273662819694
tumor_1,tumor_2,PDS5A,19659,0.030504512300719495,0.0002546052623679376,0.06687251987517297,0.00019432893952534667,0.2785590986361116
tumor_1,tumor_2,PECAM1,19659,0.006213460966038291,6.253958861336313e-05,0.012531131568128972,4.4371471615509726e-05,0.07450805951175517
tumor_1,tumor_2,PF4,19659,-0.007987861082805714,5.688922494694293e-05,0.016703387160507267,3.445187677275335e-05,0.07093136213363352
tumor_1,tumor_2,PFN1,19659,0.1274058888427828,0.0004806284318589385,0.1553707375656908,0.0003873211821691524,0.5792964295225119
tumor_1,tumor_2,PGF,19659,-0.0028676240867256493,7.129424827698454e-05,0.01437080092182865,4.817767711392522e-05,0.07687414180082067
tumor_1,tumor_2,PGK1,19659,-0.21333689203021663,0.0005692709640065264,0.26707184883955715,0.00032050003428668567,0.8225847401040431
tumor_1,tumor_2,PGR,19659,0.0013663940115794036,3.416679897382685e-05,0.00843520034002732,2.1454232231500176e-05,0.030310010388418667
tumor_1,tumor_2,PHLDA2,19659,0.016678214225895504,0.00016868050388798615,0.03972257754040963,0.00013554966439769146,0.2127731057004064
tumor_1,tumor_2,PIGR,19659,-0.0038454110656803214,0.0001811999421566089,0.08562764303088968,0.00017269282352733149,0.3647991033822505
tumor_1,tumor_2,PLAC8,19659,-0.004126302914866297,6.410938969962956e-05,0.014707442478624183,4.5033015068783997e-05,0.08225337043535384
tumor_1,tumor_2,PLAC9,19659,0.001658266334431057,5.562697443103552e-05,0.011373131322426261,3.678108127299852e-05,0.06335627252157985
tumor_1,tumor_2,PLCG1,19659,0.0035313175722283567,0.00019223041143152543,0.04357733747144148,0.00013895805020334697,0.20499970911247126
tumor_1,tumor_2,PLD3,19659,0.010095337147207683,0.0002967251236038508,0.06862047635049925,0.00021664743273662994,0.3192857457982293
tumor_1,tumor_2,PNOC,19659,-0.0007276893411550067,4.747624324872179e-05,0.010638550295947343,3.470679492990213e-05,0.050437032516666404
tumor_1,tumor_2,POU5F1,19659,-0.10154848502666722,0.0003254729980868479,0.139597153936665,0.0002164939770927606,0.46921412980156063
tumor_1,tumor_2,PPARA,19659,0.007321335063344323,0.0002200822890512477,0.06514417012393323,0.00017553673470213467,0.26840055073460406
tumor_1,tumor_2,PPARD,19659,0.0003962596940563881,0.00013693046456814543,0.03052386225983474,0.00010031778052078393,0.13321020329730235
tumor_1,tumor_2,PPARG,19659,0.005804466068239844,3.293567659361001e-05,0.008811657679136903,2.81637563128219e-05,0.04036292665509951
tumor_1,tumor_2,PPIA,19659,0.07392141313159298,0.000609653039773549,0.1460610698038594,0.00045113130677829836,0.6342181782273365
tumor_1,tumor_2,PRF1,19659,-0.0026550945015734544,3.9466711339210135e-05,0.010402285527460475,2.6197472008185853e-05,0.049362722285531624
tumor_1,tumor_2,PROX1,19659,0.035400465605037186,0.00039265336563434086,0.10582480847083624,0.0003086515986689303,0.48594047186172934
tumor_1,tumor_2,PRSS2,19659,0.03526371049954467,0.00012652102394781928,0.04379580374704792,0.00010629240588302685,0.17397508268380504
tumor_1,tumor_2,PRTN3,19659,-0.003052954592903239,4.365376946099227e-05,0.010069731018924822,2.7767534831069298e-05,0.04192106819034152
tumor_1,tumor_2,PSAP,19659,0.03490176316799044,0.0004908339651909596,0.12997317033460715,0.00033652171614201114,0.5628150951118196
tumor_1,tumor_2,PSCA,19659,-0.00010566180246929088,3.666488846388765e-05,0.008827844860938083,2.7857983289296707e-05,0.047724973624177505
tumor_1,tumor_2,PSD3,19659,0.004476526048925247,7.274813080343304e-05,0.01732801898780118,5.278295965197585e-05,0.09420912342793297
tumor_1,tumor_2,PTEN,19659,-0.0013933597040847812,3.423223591637571e-05,0.008583632103817965,2.0173970669862642e-05,0.03309335219669405
tumor_1,tumor_2,PTGDR2,19659,0.001768099535248097,3.621934879352706e-05,0.007378207445093489,2.5164322099230695e-05,0.044604232189263675
tumor_1,tumor_2,PTGDS,19659,0.0475736129091328,0.00019469864687729087,0.06265110233082685,0.00015948254258561025,0.24855290210982867
tumor_1,tumor_2,PTGES,19659,-0.0021913705988450714,8.37422589794929e-05,0.016567471421878133,5.106332416048334e-05,0.07827466748642241
tumor_1,tumor_2,PTGES2,19659,0.006764708428224244,8.564190842014545e-05,0.020488106444484854,6.267542372049789e-05,0.09450962679657057
tumor_1,tumor_2,PTGES3,19659,0.045654149043319145,0.00034482112311433035,0.10744764340971427,0.0002737372806317344,0.4427060425481059
tumor_1,tumor_2,PTGIS,19659,0.002607833545563486,6.566523390198212e-05,0.012553344286782685,4.0444696912004947e-05,0.07562382809917753
tumor_1,tumor_2,PTGS1,19659,-0.00918341746855171,5.7059213517086184e-05,0.015710952464538314,3.4603454441561646e-05,0.05932400323235258
tumor_1,tumor_2,PTGS2,19659,-0.0023245594299713067,3.121812393146076e-05,0.008357740701121509,1.945254729917053e-05,0.03629978578098452
tumor_1,tumor_2,PTK2,19659,-0.00014411168625328433,0.0001341573542498192,0.03349446219317649,0.00010497805748099365,0.16242200836970944
tumor_1,tumor_2,PTK6,19659,-0.005638591135530892,6.848035775190336e-05,0.017397926161549858,4.739731885837195e-05,0.08152169333006828
tumor_1,tumor_2,PTPRC,19659,0.006348144421447263,4.342288407602018e-05,0.010128171723316084,3.4259635876458535e-05,0.049971267187026255
tumor_1,tumor_2,PTPRCAP,19659,0.005437629723692982,8.314807765627812e-05,0.0170789440958029,6.0167051825682785e-05,0.09338750584338273
tumor_1,tumor_2,PTTG1,19659,-0.003291744067728689,0.00014114442415228675,0.03615842331115565,0.00010645954034006245,0.1807923323385932
tumor_1,tumor_2,PXDN,19659,-0.0008583034279370294,4.812301543473365e-05,0.010327338795398874,2.8730661616876497e-05,0.05258961965549417
tumor_1,tumor_2,QRFPR,19659,-0.004710764161667483,7.570063879614234e-05,0.017665902903779424,5.1492937441532144e-05,0.08828390584121822
tumor_1,tumor_2,RAC1,19659,0.007870742504751808,0.0003910922029514671,0.1103102539690205,0.0003058188211080575,0.48159441395508973
tumor_1,tumor_2,RAC2,19659,0.003293935351444774,0.00012630488116871716,0.030344101659443096,9.809670628862771e-05,0.12862237849531638
tumor_1,tumor_2,RACK1,19659,0.03746968066715679,0.00040214294809839653,0.1054112833077547,0.0002778763556948544,0.4397595285410959
tumor_1,tumor_2,RAG1,19659,0.00021388646801878217,2.5734209965825215e-05,0.005653693091447007,1.6773032329107023e-05,0.0316320866204125
tumor_1,tumor_2,RAMP1,19659,-0.003343084803383279,0.00038497483414421486,0.11119288958915992,0.00028819333202018257,0.49321741861600066
tumor_1,tumor_2,RAMP2,19659,-0.005662405910228591,4.6719089238901084e-05,0.012726508341420764,2.6577284711536478e-05,0.04615637052646958
tumor_1,tumor_2,RAMP3,19659,-0.00037449740209858376,4.330245294054308e-05,0.011381383237631581,3.262676455530295e-05,0.045633274819278355
tumor_1,tumor_2,RARA,19659,0.04258700058211345,0.00024130471487795899,0.05775886134076467,0.00019962874982572238,0.282278600818783
tumor_1,tumor_2,RARB,19659,-0.001336418077692839,3.9450864949706805e-05,0.009365190749894064,2.5085524895360007e-05,0.039706069134742186
tumor_1,tumor_2,RARG,19659,0.003310294578380489,5.059467253062004e-05,0.011058391855784328,3.85864672432263e-05,0.056718145634398434
tumor_1,tumor_2,RARRES1,19659,0.0002543998792282606,6.890986394463494e-05,0.0157039389525858,4.4836356475833094e-05,0.06946469640777216
tumor_1,tumor_2,RARRES2,19659,0.0390929209639083,0.000508307828119158,0.13571758626166375,0.0004060169930401998,0.6497946343660407
tumor_1,tumor_2,RB1,19659,0.0027033314230978365,4.408717315032141e-05,0.009962242042722651,3.0840590017870366e-05,0.05993177292244496
tumor_1,tumor_2,RBM47,19659,-0.006859496550459007,0.00041849213216583537,0.11244000512996737,0.00031498185088992225,0.4997509719310026
tumor_1,tumor_2,RBPJ,19659,0.0012852736444899085,0.00012430706529506532,0.0288957179334888,8.583188102754238e-05,0.1460333943172641
tumor_1,tumor_2,REG1A,19659,0.02635051312918104,0.0003083165488168268,0.1257664513877349,0.00024059008020600186,0.7153001856400668
tumor_1,tumor_2,RELA,19659,0.012583415777288373,0.0001348943282319778,0.03413766222320972,0.00010039231910548551,0.15822379019310134
tumor_1,tumor_2,RELT,19659,0.0018101487009622107,8.265452423331512e-05,0.016033087720858284,5.3592345359089747e-05,0.08177142659454065
tumor_1,tumor_2,RGCC,19659,-0.0010989689637308849,4.6382952233219634e-05,0.011626042403153583,3.680989148013608e-05,0.0625472068157856
tumor_1,tumor_2,RGS1,19659,-0.009874355507955531,9.216220401156865e-05,0.023945517768830686,5.857914306010801e-05,0.11577817051709656
tumor_1,tumor_2,RGS13,19659,0.004265324865043424,2.1614317026955618e-05,0.006764789222122781,1.796231675735386e-05,0.027421596037435048
tumor_1,tumor_2,RGS2,19659,0.042651779914082574,0.0002570034367566377,0.0904324659470311,0.0001917521949560294,0.41822727084753736
tumor_1,tumor_2,RGS5,19659,0.0028994571015887216,5.810320192385853e-05,0.011843326165227095,3.6459044101958235e-05,0.06325250692461364
tumor_1,tumor_2,RNF43,19659,0.003705472308291327,7.141466371562142e-05,0.016146350298276786,5.8827837622490944e-05,0.07714172809409076
tumor_1,tumor_2,ROR1,19659,0.001263014182904692,6.987267036429193e-05,0.016725957732198742,5.061017520268535e-05,0.08348472363113751
tumor_1,tumor_2,RORA,19659,0.003908803309479524,0.00015399883770874831,0.03585123864406956,0.00011279145735895915,0.1596677490198574
tumor_1,tumor_2,RPL21,19659,0.025977861815685954,0.0004636262614893127,0.10635292138669832,0.00031115030993606954,0.4999613006466991
tumor_1,tumor_2,RPL22,19659,0.044029986686021844,0.00037304832015143256,0.0983562806259542,0.00026564890681027867,0.4242493637709135
tumor_1,tumor_2,RPL32,19659,0.024088399909332293,0.0003649142725558646,0.08965205702216007,0.00023611561952442925,0.3748902290987367
tumor_1,tumor_2,RPL34,19659,0.047082041100212725,0.0004945213428582745,0.1335995420152553,0.0003583069412882369,0.5949200936787522
tumor_1,tumor_2,RPL37,19659,0.0852321410840174,0.0005329876207599583,0.14597204746210893,0.00041004800766736234,0.6150289814727078
tumor_1,tumor_2,RPS4Y1,19659,-0.005391373097153114,4.5723777697944714e-05,0.013349760448450283,1.8758800385319507e-05,0.029100092880462086
tumor_1,tumor_2,RSPO3,19659,0.007632134462455142,2.6806794078303018e-05,0.009066097640756787,1.846650803776723e-05,0.03069452497423359
tumor_1,tumor_2,RUNX3,19659,-0.0005086619474304172,5.272165233470016e-05,0.010939419846850065,3.666818715089524e-05,0.06793466400173975
tumor_1,tumor_2,RXRA,19659,0.028000329451627802,0.00018556370615011012,0.04736528060595787,0.00014108485326329526,0.21469594744002557
tumor_1,tumor_2,RXRB,19659,0.013993518363343893,0.00015293201721993408,0.036866937882205686,0.00011944535779312636,0.17153573813089806
tumor_1,tumor_2,RYK,19659,0.005690256066850018,0.00013520400180349614,0.03271827028168079,9.888554082247869e-05,0.1465701775579385
tumor_1,tumor_2,RYR2,19659,0.0018731682150748765,7.243356118168715e-05,0.01556915730810995,5.2161634521283766e-05,0.07089368061970568
tumor_1,tumor_2,S100A10,19659,-0.06031709748210705,0.0005267057106902292,0.1824686367666078,0.0003737835508986922,0.7873946642783344
tumor_1,tumor_2,S100A2,19659,-0.0026405747513815413,6.506479326521056e-05,0.014466526542249083,4.8864312254641514e-05,0.07885163392870112
tumor_1,tumor_2,S100A4,19659,0.0014149457862868537,9.87841766883748e-05,0.020595850962959787,5.563802351973341e-05,0.12182267613489425
tumor_1,tumor_2,S100A6,19659,-0.10413450494921098,0.0005622046700593686,0.19826340205914653,0.0003678068755107774,0.7700665300202749
tumor_1,tumor_2,S100A8,19659,-0.000960581569957841,2.982488311163507e-05,0.008358527832340559,2.5540296780349935e-05,0.027217192747993106
tumor_1,tumor_2,S100A9,19659,0.004671187851872852,0.0001558833863698121,0.042909625242903635,0.00013332261355306307,0.17054051471966086
tumor_1,tumor_2,S100B,19659,-0.008687861375824307,3.6068896654115846e-05,0.013267595714142997,2.476077520446602e-05,0.046552775342891824
tumor_1,tumor_2,S100P,19659,0.0003452911856909946,5.795935627254649e-05,0.012563725669055687,4.081697821884726e-05,0.061486575635094035
tumor_1,tumor_2,SAA1,19659,0.015622564736327149,0.00019549303611832172,0.049559165160053015,0.00011259178830278753,0.18206688172696156
tumor_1,tumor_2,SAT1,19659,-0.003698238012292735,0.0002457798674047375,0.05502655464055867,0.00014065288860208315,0.2385844621260676
tumor_1,tumor_2,SCG5,19659,-0.0016721100073107456,5.5375342510350876e-05,0.012000615176779767,3.381549517765636e-05,0.05833038098916159
tumor_1,tumor_2,SCGB3A1,19659,-0.003169159791684113,4.44024707080606e-05,0.011009878558219707,2.895734412898401e-05,0.04223369659917337
tumor_1,tumor_2,SEC23A,19659,0.039706156262940794,0.0001796540848115535,0.05786019687685462,0.00014049456012325134,0.22496062146842033
tumor_1,tumor_2,SEC61G,19659,0.01847781293067439,0.000271370582037377,0.0737788677987012,0.0002005926149643847,0.28779531551314463
tumor_1,tumor_2,SELENOP,19659,0.1699521711902281,0.0005183951418028566,0.19103812548866814,0.0004286574251611739,0.7121227150685271
tumor_1,tumor_2,SELL,19659,-0.0026169739248819153,3.831488864804231e-05,0.010292842323005027,2.7453932733921562e-05,0.03998358831086078
tumor_1,tumor_2,SELPLG,19659,0.00587357648800297,5.984711691616555e-05,0.011690042132459246,4.062451614657923e-05,0.06717860042610227
tumor_1,tumor_2,SERPINA1,19659,0.2068352673492302,0.0007028757194301511,0.24956478066545346,0.000532828592847169,1.137765523213547
tumor_1,tumor_2,SERPINA3,19659,0.016253666168774134,0.00045332180970677485,0.13901149215671949,0.00026125296495449745,0.6821921614046857
tumor_1,tumor_2,SERPINB5,19659,0.004004584887444979,3.9230535284092735e-05,0.009008986535696949,2.8747735531593573e-05,0.03992194561972122
tumor_1,tumor_2,SERPINH1,19659,0.05312396797937412,0.000287974158185378,0.07905897186100548,0.0002080721194501018,0.335936233902196
tumor_1,tumor_2,SFN,19659,-0.011867172478136482,0.00018699218196491224,0.053952040359315515,0.00013733153698117047,0.2290202864305742
tumor_1,tumor_2,SH3BGRL3,19659,0.048931147575100954,0.00041792170344188967,0.1071860784557247,0.0003037605719242038,0.4807392849555619
tumor_1,tumor_2,SIGIRR,19659,-0.00017482689118258275,8.102670197733064e-05,0.016753557200185766,4.3013978840423466e-05,0.07444380234476883
tumor_1,tumor_2,SLA,19659,0.003828540200213984,6.250986298723226e-05,0.01125295581057322,4.321284906744653e-05,0.0705011104761686
tumor_1,tumor_2,SLC2A1,19659,-0.014562296517994362,0.0001459551849117328,0.04397905320059046,0.0001291591191427358,0.16492628429916753
tumor_1,tumor_2,SLC40A1,19659,0.0172503973391157,0.00013262466604982973,0.035327892923030096,8.671366540858832e-05,0.1314231383157209
tumor_1,tumor_2,SLCO2B1,19659,-0.0066027492235979715,0.00014178018253875862,0.03763657040619074,9.458147385909782e-05,0.17978081166370258
tumor_1,tumor_2,SLPI,19659,0.04095486474947639,0.00018677039817857337,0.05069971926429514,0.0001472463586317216,0.20865731896642464
tumor_1,tumor_2,SMAD2,19659,0.021050540879745876,0.00016416384058958448,0.0417966821397846,0.00011942176751852139,0.173386543837369
tumor_1,tumor_2,SMAD3,19659,0.011140863982390864,7.953629457939537e-05,0.022239475112088722,6.0682330321464727e-05,0.09258473580672971
tumor_1,tumor_2,SMAD4,19659,0.018469484964557786,0.00013174981257373775,0.03624580214154903,9.998471839842871e-05,0.14940997513421786
tumor_1,tumor_2,SMARCB1,19659,0.001377962759953045,0.00012716964322653513,0.03139593177151235,9.687534378888345e-05,0.15801014818025283
tumor_1,tumor_2,SMO,19659,0.007778027473787209,0.00010969365038153181,0.02250028181149536,8.624527425480216e-05,0.10726750485698607
tumor_1,tumor_2,SNAI1,19659,0.0012081470830738658,0.00019329518648777762,0.03735614136025832,0.00012666933221879527,0.21500794727928932
tumor_1,tumor_2,SNAI2,19659,0.014438205842672063,0.00013747717299194602,0.037971000076633815,0.0001104162289170932,0.177091754961453
tumor_1,tumor_2,SOD1,19659,0.06095178811237213,0.0004838614359971246,0.14073223866098744,0.00037094484566677397,0.5515956443582184
tumor_1,tumor_2,SOD2,19659,-0.032425214673142674,0.0006754049920510067,0.19516661978373687,0.00048231658575717643,0.8349168216185138
tumor_1,tumor_2,SORBS1,19659,0.013107601525919074,7.097402175159228e-05,0.021790524828260754,5.6633822427017606e-05,0.08727358629387846
tumor_1,tumor_2,SOSTDC1,19659,-0.006145392105571263,4.9650986274016423e-05,0.013344315937419296,3.4974322884056725e-05,0.04253190058848634
tumor_1,tumor_2,SOX2,19659,-0.007290855337878393,2.7094704294068092e-05,0.009634775145370571,1.3322151910510628e-05,0.028000854369056312
tumor_1,tumor_2,SOX4,19659,-0.11317594961272573,0.00043861935263539144,0.16824927954366573,0.0002940722558981788,0.5476813329775164
tumor_1,tumor_2,SOX9,19659,-0.09009067349734112,0.0004154242849819243,0.15269101170689953,0.0002697502692369668,0.5088284923403
tumor_1,tumor_2,SPARCL1,19659,-0.0020471341328216846,0.00010062653657442764,0.029580871907145118,6.603712161412131e-05,0.11752353107440416
tumor_1,tumor_2,SPINK1,19659,0.07769403399690825,0.0001280043584236318,0.10488241029380238,8.556705897702648e-05,0.2795539842792513
tumor_1,tumor_2,SPOCK2,19659,0.00756511785065051,4.790238303896084e-05,0.011442632573638308,3.834900257699615e-05,0.06093557658587684
tumor_1,tumor_2,SPP1,19659,-0.1727201125936862,0.00032693948387658696,0.19522838523520752,0.0001581799209891454,0.6333483164515429
tumor_1,tumor_2,SPRY2,19659,-4.891591636718208e-06,6.775176597885434e-05,0.015496747427246165,5.176987582083488e-05,0.0856469293199366
tumor_1,tumor_2,SPRY4,19659,0.00414638946334206,4.504704990072427e-05,0.009977732602862843,3.196744898227905e-05,0.04288144167027853
tumor_1,tumor_2,SQLE,19659,0.012671086235788418,0.00011504965307346879,0.03462779820861439,9.902701458033275e-05,0.11924426761309659
tumor_1,tumor_2,SQSTM1,19659,0.0367819033075968,0.0005391624789533295,0.1619673439732771,0.0004190920554877343,0.6777285712481311
tumor_1,tumor_2,SRC,19659,0.006435926142886521,0.00011307728881944299,0.02670763475480562,8.644853990325075e-05,0.12557118006234116
tumor_1,tumor_2,SREBF1,19659,0.0013353219455722674,6.271375943842833e-05,0.01683456454935035,4.534736341553884e-05,0.06328351290316617
tumor_1,tumor_2,SRGN,19659,0.019073006415948952,8.692537058171864e-05,0.023549617835731215,6.650148073204122e-05,0.12072829703375387
tumor_1,tumor_2,SRSF2,19659,0.06105017830828113,0.0004103233074101076,0.10644036136990927,0.0003341330447005588,0.4914941240885999
tumor_1,tumor_2,SST,19659,5.6088093564568435e-05,4.959543052843074e-05,0.010214347229449326,3.8545799643152297e-05,0.04398694606624612
tumor_1,tumor_2,ST6GAL1,19659,0.09020903441787609,0.0001735331656316795,0.09260364778887883,0.00014731963372314574,0.22461700836221565
tumor_1,tumor_2,ST6GALNAC3,19659,0.007654882949031804,4.8293027065788785e-05,0.012432845371325135,4.03130680182874e-05,0.04902437919682851
tumor_1,tumor_2,STAT1,19659,0.087982673451179,0.0002721146884302566,0.10157184036407571,0.00022183177478269525,0.36589581733089716
tumor_1,tumor_2,STAT3,19659,0.031094913903621547,0.00028643056065463844,0.07229449345493234,0.00020763818505511113,0.3302308461031972
tumor_1,tumor_2,STAT4,19659,0.01413807803540861,4.924524579336114e-05,0.01575097676048784,3.6598879137203815e-05,0.04534007873865394
tumor_1,tumor_2,STAT5A,19659,0.00028094100665676384,0.0001041019543930324,0.02206058733207806,6.537574970539762e-05,0.08745867077548825
tumor_1,tumor_2,STAT5B,19659,0.0017291198974492606,8.15655560978042e-05,0.02014017791515085,6.135481085574244e-05,0.089096178645752
tumor_1,tumor_2,STAT6,19659,0.00419408112080138,0.00013386271745689308,0.03414552217010024,9.322196459872627e-05,0.13585165927194492
tumor_1,tumor_2,STMN1,19659,0.030632411866227633,0.00042961012674277917,0.11896006931386935,0.00033979883740400556,0.6315567839445024
tumor_1,tumor_2,SYK,19659,-0.005302230373512512,5.9939657671402475e-05,0.015039500797775607,3.958214136006571e-05,0.05404586949360296
tumor_1,tumor_2,TACSTD2,19659,-0.011744806332676373,3.6517567552403366e-05,0.01592249317914062,2.2858336563255978e-05,0.03769861922691856
tumor_1,tumor_2,TAGLN,19659,-0.0001624198911710721,7.839596243111267e-05,0.019195536422615758,4.231898835488659e-05,0.08636505071727
tumor_1,tumor_2,TAP1,19659,0.017325415072874384,0.0001654755307460162,0.04337119463191948,0.0001271197260224385,0.20588477421168272
tumor_1,tumor_2,TAP2,19659,0.026787047739399307,0.00013292705244351995,0.036281488118441056,0.00010734736810374013,0.15634696793485472
tumor_1,tumor_2,TBX21,19659,0.001052865760921151,2.2515947823167737e-05,0.004928807422094829,1.621282776537497e-05,0.026150162865443593
tumor_1,tumor_2,TCAP,19659,-0.012167181383946865,0.00010896335391334558,0.03135095020125864,7.677807898909925e-05,0.13608596204645163
tumor_1,tumor_2,TCF7,19659,-0.0003205203239502472,4.5252070072349974e-05,0.011002575176720583,3.42646916289494e-05,0.05685118321348961
tumor_1,tumor_2,TCL1A,19659,-0.0011407944853967823,3.3120526511278235e-05,0.008108950537988567,2.4516959527215092e-05,0.04420788555599091
tumor_1,tumor_2,TEK,19659,0.0017577348775535198,1.9508533458386426e-05,0.004994733481274685,1.3505429505275059e-05,0.02554358802037986
tumor_1,tumor_2,TFEB,19659,-0.0006035578765545074,9.964338916147474e-05,0.022510724800808783,7.105668672066637e-05,0.10152203375691257
tumor_1,tumor_2,TGFB1,19659,0.0004909758347896844,7.495698931443348e-05,0.017216607506914065,4.6960711935829596e-05,0.050628166877628646
tumor_1,tumor_2,TGFB2,19659,-0.0010617369360392938,4.055934427999692e-05,0.010129144630564049,2.9111078324347916e-05,0.03840894651074929
tumor_1,tumor_2,TGFB3,19659,-0.004040950623692087,6.2404237831016e-05,0.015529775571427113,4.7413396166183085e-05,0.06511841621968958
tumor_1,tumor_2,TGFBI,19659,-0.0017799771861396105,6.880829877482581e-05,0.014735928473650106,4.5081264916433914e-05,0.06213246200655662
tumor_1,tumor_2,TGFBR1,19659,0.0009012985027546927,6.072996815084934e-05,0.015049066209402048,4.638989813617087e-05,0.06446111079248455
tumor_1,tumor_2,TGFBR2,19659,0.013432419684070478,0.00010878462927021602,0.022054635198219128,8.062990165795379e-05,0.13197754645907214
tumor_1,tumor_2,THBS1,19659,0.0019188233430269149,0.00010146482810343704,0.021150775471427165,7.420549960583003e-05,0.10490381435439866
tumor_1,tumor_2,THBS2,19659,-0.0019047386712162096,3.3413748651059365e-05,0.009621353601193863,2.5056477520886536e-05,0.04064190347791964
tumor_1,tumor_2,THSD4,19659,0.015147127056588819,9.140181413559043e-05,0.021706096229481546,6.780256751770985e-05,0.10681888106452497
tumor_1,tumor_2,TIE1,19659,0.0008966374050179086,5.9655430158047824e-05,0.011137564923089172,3.5209834562390116e-05,0.06556658032093513
tumor_1,tumor_2,TIGIT,19659,-0.0030137457143399942,3.7128342249236975e-05,0.010367197377176219,2.531418722297359e-05,0.056744601356859395
tumor_1,tumor_2,TIMP1,19659,0.09407738672572331,0.0004642757880377217,0.13974224814013467,0.0003431792027681264,0.5992929656907566
tumor_1,tumor_2,TLR1,19659,-0.00588090740823428,4.5043609892106845e-05,0.011504874879164257,2.6457799027824317e-05,0.05487650363847707
tumor_1,tumor_2,TLR2,19659,0.0017644278383167383,8.561470010902288e-05,0.01994972724749485,5.9795051945485523e-05,0.07564744681873187
tumor_1,tumor_2,TLR3,19659,0.001172540458275965,4.79667254564351e-05,0.011345211006983342,3.1263623263467226e-05,0.04608533678501527
tumor_1,tumor_2,TLR4,19659,-0.0045187194350114115,5.0600317076472984e-05,0.011091181681761892,3.570526827565272e-05,0.04693932993753855
tumor_1,tumor_2,TLR5,19659,-0.007080227841711337,6.675299326391571e-05,0.017637153493726864,4.976431796792559e-05,0.08010015338319966
tumor_1,tumor_2,TLR7,19659,-0.0050838146276771645,4.665872453762598e-05,0.012501950860237629,2.798270606725973e-05,0.04230592437426377
tumor_1,tumor_2,TLR8,19659,-0.0021219856716630675,2.535653783145729e-05,0.007028370322819262,1.816783182140227e-05,0.027241353962603354
tumor_1,tumor_2,TM4SF1,19659,0.021805667045305302,0.00025517897386584767,0.07133275809321138,0.00019252263980058337,0.31668940761493186
tumor_1,tumor_2,TNF,19659,9.930833753571122e-05,4.3786498623394375e-05,0.01036068750240295,2.8670460871762714e-05,0.04008346383087933
tumor_1,tumor_2,TNFAIP6,19659,0.0005595533682072361,5.5691758669777824e-05,0.012084319733964021,3.649204735218632e-05,0.05167526524628143
tumor_1,tumor_2,TNFRSF10A,19659,0.000410643043556011,2.3659108668421438e-05,0.005658577464303391,1.7858952313898492e-05,0.01995785488423768
tumor_1,tumor_2,TNFRSF10B,19659,0.0027698279385141764,7.143170522294597e-05,0.01676568712357592,5.050608597357763e-05,0.06858664058792724
tumor_1,tumor_2,TNFRSF10D,19659,-0.002381334054473814,4.281446313055309e-05,0.011809326241430902,2.96434163254745e-05,0.047614106012051925
tumor_1,tumor_2,TNFRSF11A,19659,0.0028363205083281147,5.904404996368762e-05,0.015314032736976383,4.424205430245741e-05,0.06642920940777587
tumor_1,tumor_2,TNFRSF11B,19659,0.019393295193205394,0.00010617859063622894,0.02476718180390652,8.53913284065964e-05,0.11070847521192113
tumor_1,tumor_2,TNFRSF12A,19659,-0.0028680578469057125,0.00020886285111653641,0.05686367315124754,0.00016330161977672747,0.2680578733833582
tumor_1,tumor_2,TNFRSF13B,19659,0.004010161067573232,2.4656616114707632e-05,0.007323348655467877,2.1542384285512847e-05,0.026849785339754267
tumor_1,tumor_2,TNFRSF14,19659,-0.0099708128490664,0.0002748379848206775,0.07047232742093454,0.00019239513151683992,0.3017310270339643
tumor_1,tumor_2,TNFRSF17,19659,-0.0010374201526361778,2.165650852913093e-05,0.005947686142098511,1.452983076666868e-05,0.02826883193198908
tumor_1,tumor_2,TNFRSF18,19659,0.003952299596931197,5.154101207572292e-05,0.010961917019931202,3.747076414650177e-05,0.06501867297130837
tumor_1,tumor_2,TNFRSF19,19659,0.0014063633440484125,2.26232567733341e-05,0.005059944379299135,1.56817862878894e-05,0.01857445435355081
tumor_1,tumor_2,TNFRSF1A,19659,0.005002888222202508,0.0002584771376038933,0.06467873813777068,0.0001918542588607714,0.29753962526223676
tumor_1,tumor_2,TNFRSF1B,19659,0.0020559986930588675,5.3896388123178365e-05,0.009419406414840133,4.0079180947198475e-05,0.0635380089168032
tumor_1,tumor_2,TNFRSF21,19659,-0.009862307942471404,0.0001421329142817875,0.03502942460134654,9.883848510068197e-05,0.14935788252940238
tumor_1,tumor_2,TNFRSF4,19659,0.0017541319468347672,3.527435868955356e-05,0.007498186334610035,2.6788397723843228e-05,0.046334333353668586
tumor_1,tumor_2,TNFRSF9,19659,0.00016165305352256024,2.8922080430732338e-05,0.006887328605060456,2.299927766783269e-05,0.035742895315211694
tumor_1,tumor_2,TNFSF10,19659,-0.002282958129367155,0.00011466729324205223,0.025031717348673453,7.365987996552175e-05,0.09545842398677104
tumor_1,tumor_2,TNFSF12,19659,0.003936781484342904,5.7853570400079935e-05,0.01052074801011499,3.9171100078574796e-05,0.06099741515175934
tumor_1,tumor_2,TNFSF13B,19659,0.003450218379661726,4.457333124871431e-05,0.00906065003525033,3.280255053622858e-05,0.05291299047102351
tumor_1,tumor_2,TNFSF14,19659,0.003319710872741826,4.6501672407813613e-05,0.010251266800975323,3.172510544688398e-05,0.05444329400334177
tumor_1,tumor_2,TNFSF15,19659,0.0018844489362828912,3.14464155035162e-05,0.0064636414143146885,2.3791342069970463e-05,0.04139897339832828
tumor_1,tumor_2,TNFSF4,19659,-0.005501341136227178,6.31068352771199e-05,0.01563380900502053,4.076681920002131e-05,0.06395115134371868
tumor_1,tumor_2,TNFSF8,19659,-0.004120966014237439,3.526533610900423e-05,0.010464751091654265,2.36272459451886e-05,0.04955338335089413
tumor_1,tumor_2,TNFSF9,19659,-0.005677150017824198,4.014500042348459e-05,0.011204916312891708,2.3138503700949786e-05,0.03926627565897845
tumor_1,tumor_2,TNNC1,19659,0.012579786167065293,7.797638196848889e-05,0.01773373034973956,6.062922689204792e-05,0.0749805977274694
tumor_1,tumor_2,TNNT2,19659,-1.217333388732405e-05,3.3583427347192e-05,0.007351327016650251,2.3358386223094453e-05,0.04359208009250307
tumor_1,tumor_2,TNXB,19659,-0.018577545688369772,0.00011716079063834376,0.03145949926517354,6.876004930917035e-05,0.1277679957428988
tumor_1,tumor_2,TOP2A,19659,-0.003529034672644469,0.0001947690056546304,0.05440379125037914,0.00015374419237009664,0.38937717965653673
tumor_1,tumor_2,TOX,19659,0.0013458965563568394,6.951569142239177e-05,0.017989494006182015,5.477607945422653e-05,0.08671531712185529
tumor_1,tumor_2,TP53,19659,0.001745209204984,3.638337846295775e-05,0.00807699064436446,2.2108657811486674e-05,0.041030896888466784
tumor_1,tumor_2,TPI1,19659,-0.08678615341718429,0.0004467697733475795,0.15373503682324158,0.00030330360018333347,0.5154976072471423
tumor_1,tumor_2,TPM1,19659,-0.057199923109890985,0.000433508782403423,0.14030838859769174,0.00029914451133439566,0.5847240782369045
tumor_1,tumor_2,TPM2,19659,-0.0018496337772244565,0.00020838308351392717,0.04882889040078534,0.000141827160653857,0.2592153644080567
tumor_1,tumor_2,TPSAB1,19659,-0.0021452757261209887,7.021657992466731e-05,0.015018306299347663,4.785489662418024e-05,0.07359231099380892
tumor_1,tumor_2,TPT1,19659,0.09444213550741959,0.00040807659102888285,0.14288188133561813,0.0003008675042379327,0.5549463377657597
tumor_1,tumor_2,TSC22D1,19659,-0.006982848235261065,0.0001800951612886636,0.04843982200741956,0.0001351160506084402,0.19546619571585372
tumor_1,tumor_2,TSHZ2,19659,-9.411282049232108e-05,0.00010554662345353375,0.022747808199249757,6.864192871194492e-05,0.09533366081228958
tumor_1,tumor_2,TTN,19659,-0.011972340119511739,0.00012695111104327718,0.03897950702693496,9.334536616215934e-05,0.17460567581584802
tumor_1,tumor_2,TTR,19659,0.09694597087900461,0.00043518328388972527,0.16574037381728257,0.0003335437564305347,0.6111487474565753
tumor_1,tumor_2,TUBB,19659,0.06636592364415744,0.0005426975994901066,0.13558517184182967,0.0004455180340201824,0.7495336304038532
tumor_1,tumor_2,TUBB4B,19659,0.02370851156720818,0.0004043050143431153,0.11326098229925205,0.00033195230422753834,0.6164317316126391
tumor_1,tumor_2,TWIST1,19659,-0.002271848981445065,5.876272445116683e-05,0.012562035680768597,4.255471641115661e-05,0.059370846842987324
tumor_1,tumor_2,TWIST2,19659,0.003477036678715703,7.792677035699923e-05,0.01746764434881941,5.729514644114383e-05,0.06659186726879571
tumor_1,tumor_2,TXK,19659,0.008125891785044834,5.310376608623442e-05,0.011443243024139207,3.839574450207798e-05,0.057816400724698236
tumor_1,tumor_2,TYK2,19659,0.007143255557018428,0.00010667718032603277,0.022861125000072077,7.933876144116422e-05,0.10246042418155066
tumor_1,tumor_2,TYMS,19659,0.008411384446314209,0.00021428251414977545,0.0531321783868957,0.0001713880379783153,0.29411496766534095
tumor_1,tumor_2,TYROBP,19659,-0.0035522992354074154,7.947504040147085e-05,0.01813056657402124,3.9625725204693966e-05,0.08996125868588913
tumor_1,tumor_2,UBA52,19659,0.057203645267678696,0.00035689978316255395,0.09944319281648625,0.0002663999421781028,0.4116506308931804
tumor_1,tumor_2,UBE2C,19659,-0.019462516191488206,0.00020160924313659007,0.061736076457597544,0.0001503945567131619,0.3756283474429379
tumor_1,tumor_2,UPK3A,19659,-0.00492089466972123,2.057060234365589e-05,0.007606232022306932,1.5382146307964028e-05,0.026961479678844553
tumor_1,tumor_2,VCAM1,19659,0.01713362868315164,8.407180876482211e-05,0.021013819678452582,6.556165627267663e-05,0.08700837583471452
tumor_1,tumor_2,VCAN,19659,-0.00279434931470794,1.636511548496427e-05,0.006503356146277077,1.1115936476560043e-05,0.01682267557781806
tumor_1,tumor_2,VEGFA,19659,-0.18472629924341688,0.0004389426007230406,0.21924671994036538,0.0002589937133268822,0.7273939937149656
tumor_1,tumor_2,VEGFB,19659,-0.021044307806448996,0.0002337643333046333,0.0632494343452569,0.000158778313866733,0.2689464780455533
tumor_1,tumor_2,VEGFC,19659,0.002663805588276965,2.9884951475877725e-05,0.007010535860838841,1.9322227267475007e-05,0.029015778510599832
tumor_1,tumor_2,VEGFD,19659,-0.0023418411798974163,7.376147784814053e-05,0.015649348626617144,4.993065014836283e-05,0.07096639850720067
tumor_1,tumor_2,VHL,19659,0.01607563569609251,0.0002182857224343775,0.04903497646173496,0.00015572886207975973,0.2325189436965395
tumor_1,tumor_2,VIM,19659,0.004154028360601574,0.00012233640536825626,0.03753024550573874,7.954928796999536e-05,0.1562989921325853
tumor_1,tumor_2,VPREB3,19659,-0.003087915894740989,5.592211454172281e-05,0.012629382147496029,3.502692655384477e-05,0.05377518410357279
tumor_1,tumor_2,VSIR,19659,0.001155451882573359,9.20341319759732e-05,0.017874099788069763,5.447415865168032e-05,0.09757229014372464
tumor_1,tumor_2,VTN,19659,0.3995992116066328,0.0006521815852451964,0.4164154235903862,0.0006072070650138198,1.3324961241048179
tumor_1,tumor_2,VWA1,19659,-0.01807963375423394,0.00015203968339803846,0.03782390608052946,9.022220272713696e-05,0.1563114057234291
tumor_1,tumor_2,VWF,19659,0.0040355230745410765,4.664623795552131e-05,0.009270871875419083,3.631090792415823e-05,0.05188955884194071
tumor_1,tumor_2,WIF1,19659,-0.0006541342772928106,4.02748841379678e-05,0.00962571892343502,2.5847451764303702e-05,0.03732463653146829
tumor_1,tumor_2,WNT10B,19659,-0.0008163462047772555,3.7190830536290066e-05,0.009299594159839452,2.4229425229365593e-05,0.04314367509985849
tumor_1,tumor_2,WNT11,19659,-0.007417322896001981,3.1261878026726444e-05,0.011266539169728317,1.4153338270510774e-05,0.0365154085906443
tumor_1,tumor_2,WNT3,19659,-0.00540723632430838,9.122243252576515e-05,0.022767515289260624,6.162156781369144e-05,0.10142913623459382
tumor_1,tumor_2,WNT5A,19659,0.0005101139784256056,3.139780544798913e-05,0.008458630586767536,2.0106321033654447e-05,0.030129762600306597
tumor_1,tumor_2,WNT5B,19659,0.0026178597796692616,7.883640163565285e-05,0.014872875233925586,5.77309438444304e-05,0.07005986538748774
tumor_1,tumor_2,WNT7A,19659,-0.000821361830341979,3.633346110261335e-05,0.007603753496855277,2.0285386879983338e-05,0.03397960999850743
tumor_1,tumor_2,WNT7B,19659,0.0018725767490296783,5.6759490155624384e-05,0.010946245104701897,3.8211869263667866e-05,0.07526967069506713
tumor_1,tumor_2,WNT9A,19659,-0.006451197933566756,9.926996312250017e-05,0.021139872062360714,6.494817740285188e-05,0.08329981624208545
tumor_1,tumor_2,XBP1,19659,0.07748908802845712,0.0002834261248357047,0.09276630602172703,0.0002202692966155699,0.3490751924629284
tumor_1,tumor_2,XCL1,19659,0.009501054098335897,0.0001245344331728183,0.026816397645764704,9.487680846826088e-05,0.14732534666979472
tumor_1,tumor_2,XKR4,19659,-0.00016643558748239245,3.0742248673279496e-05,0.006827898627635787,1.7426425813640006e-05,0.024445359178100836
tumor_1,tumor_2,YBX3,19659,-0.007359053207759113,0.0003782136650976332,0.09404223364187063,0.0002530924708484256,0.4304133995109754
tumor_1,tumor_2,YES1,19659,0.01445323922148015,7.897216694510581e-05,0.020541428939459823,6.295557711916907e-05,0.0971977372907675
tumor_1,tumor_2,ZBTB16,19659,0.026196282467855964,0.000365638673703768,0.08903799525439493,0.00028177796271860106,0.5010587585560923
tumor_1,tumor_2,ZFP36,19659,-0.03750663502070284,0.0003316879223544842,0.0960481637639166,0.0002240742910986843,0.41222519205697783
tumor_1,random,AATK,19659,0.0055006018054436475,0.0003167652208085811,0.015211843952489304,0.0002707718945485702,0.07481094660337986
tumor_1,random,ABL1,19659,0.009082012607957771,0.0005232735926781484,0.024650253320801736,0.00045244294677176657,0.14062159535295918
tumor_1,random,ABL2,19659,0.005595446530242719,0.0003377716517957087,0.01677136623650089,0.0002710511486804283,0.09975377603106045
tumor_1,random,ACACB,19659,0.012981891830699694,0.0007858350734903858,0.037479207447879095,0.0006637624581281612,0.21351956201852634
tumor_1,random,ACE,19659,0.007925609722024784,0.00046102191071627663,0.02172746324468389,0.000390629329314542,0.10450834291486744
tumor_1,random,ACKR1,19659,0.0038896777549902286,0.00022428508066944634,0.01044829934810326,0.0001793236089790251,0.058155633264288284
tumor_1,random,ACKR3,19659,0.0045935985474296346,0.00025727354740246686,0.012989101839154273,0.00023617606544115285,0.06820561437845805
tumor_1,random,ACKR4,19659,0.005001641198305998,0.00026211001094991775,0.013172791508666962,0.0002216350376016389,0.08633826860390555
tumor_1,random,ACP5,19659,0.008198181190405988,0.0004935344177546779,0.023858302817603434,0.0003982000076286271,0.13054326138690292
tumor_1,random,ACTA2,19659,0.0028795294412636537,0.00017204248758853142,0.010365187651153006,0.00017451433135654498,0.0688099050706089
tumor_1,random,ACTG2,19659,0.0018227303822784123,9.97146654439252e-05,0.005296763099599831,9.367443321764577e-05,0.03566808278239153
tumor_1,random,ACVR1,19659,0.008735901530457987,0.0005120260002871425,0.024657235460128386,0.00044917154947465073,0.14070853338401865
tumor_1,random,ACVR1B,19659,0.013411534363394203,0.0007782905350350797,0.03797220922587631,0.000685991560915434,0.20936760684350722
tumor_1,random,ACVR2A,19659,0.006201306250497977,0.0003608364301979691,0.01796178040588546,0.00030708268095737287,0.08808783385477688
tumor_1,random,ACVRL1,19659,0.008241669329327562,0.00047518671260993493,0.02376271193500568,0.0004319699340198035,0.12407953291283105
tumor_1,random,ADGRA2,19659,0.003866147955385839,0.0002382990658516776,0.011621478595791029,0.00018685130379099966,0.06432155294037423
tumor_1,random,ADGRA3,19659,0.0060576034795652624,0.00034723336115879955,0.01799256662745829,0.00029624567816326816,0.07987933426004028
tumor_1,random,ADGRE2,19659,0.0028692320481442423,0.00016696756481842252,0.008623370122655943,0.0001464172717640578,0.042634172067998174
tumor_1,random,ADGRE5,19659,0.008449379041308885,0.0004975022366973837,0.024122266570529953,0.0004370290869359021,0.1421492750074654
tumor_1,random,ADGRF1,19659,0.003990286808546272,0.00024489524362378577,0.011379952265257941,0.00019554510084579673,0.06167892761212322
tumor_1,random,ADGRF3,19659,0.003756778390026983,0.0002268283241130966,0.011046478289581092,0.00019002326711209624,0.05705058603904335
tumor_1,random,ADGRF5,19659,0.0030400233950576396,0.0001888813944960292,0.009446096271373116,0.00014067052826464478,0.04908522845156883
tumor_1,random,ADGRG1,19659,0.00926850749352825,0.0005415658252422612,0.02538320928852958,0.0004707193062997948,0.15127933463098248
tumor_1,random,ADGRG3,19659,0.004867601993937297,0.00029212205403663256,0.013861188270076574,0.00024758387903312006,0.07749580510186616
tumor_1,random,ADGRG5,19659,0.002226720512377753,0.0001242208614717205,0.006165768185308203,0.00010407044574607513,0.033824693859973456
tumor_1,random,ADGRG6,19659,0.0051284496661413385,0.000306918359418474,0.0156293791568748,0.00026329486385278354,0.08347696984017508
tumor_1,random,ADGRL1,19659,0.0026650283383430084,0.00015922647606762962,0.00803897694563738,0.00012909962125052466,0.0504649113087016
tumor_1,random,ADGRL2,19659,0.0037795029600040083,0.00021322554302455316,0.010515145067535533,0.00017547559113334445,0.04880918131697714
tumor_1,random,ADGRL4,19659,0.002046532034740842,0.00012241384481643234,0.006214440207358701,0.00010846800848700395,0.028773522416070275
tumor_1,random,ADGRV1,19659,0.0011250227475394124,7.494100161645863e-05,0.003684409520939216,5.128647826955139e-05,0.02651760549394782
tumor_1,random,ADIPOQ,19659,0.0012810532638877123,6.647954506486214e-05,0.0034626286542273803,5.6728569302833645e-05,0.02981205196817231
tumor_1,random,ADIRF,19659,0.01893533072317826,0.001168101737698872,0.056477708944244906,0.001002806669885952,0.3368268501094901
tumor_1,random,ADM2,19659,0.0036650627017137906,0.0002142356870334438,0.009652112277742077,0.00018594379081196576,0.057890474276677685
tumor_1,random,AGR2,19659,0.0026344928045696145,0.00014620558481118396,0.006519072963552731,0.00013001195274990179,0.039484654643226966
tumor_1,random,AHI1,19659,0.00563175331267178,0.00033535339529104733,0.015578765771487955,0.0002902322668581462,0.07583345303961991
tumor_1,random,AHR,19659,0.006941052100129091,0.00041747169712549073,0.019488186515158334,0.00034469770931338996,0.09020003521588191
tumor_1,random,AIF1,19659,0.004696456304723812,0.0002743935736879673,0.013258143716913242,0.00022354166688879682,0.06403862790106103
tumor_1,random,AKT1,19659,0.017489927963584544,0.0010370184582417792,0.051586070783008794,0.0008846069701003114,0.2629431197283856
tumor_1,random,ALCAM,19659,0.0024176024574946737,0.00014957204661741568,0.007002288090111358,0.0001133343989153099,0.03774703756703689
tumor_1,random,ALOX5AP,19659,0.0038370286492983583,0.00022489215312940355,0.011316301631241667,0.00018474303662653597,0.06310995531802371
tumor_1,random,ANGPT1,19659,0.003485765658040249,0.00021402747287251875,0.009691607892431602,0.00017549133314660208,0.0491719590406509
tumor_1,random,ANGPT2,19659,0.001994466852572768,0.00012147184375713608,0.006159876746528813,9.743770884243829e-05,0.028969008542526938
tumor_1,random,ANGPTL1,19659,0.004320016883973479,0.0002668864240661913,0.012297360672091466,0.00021747777638171284,0.07645630223087607
tumor_1,random,ANKRD1,19659,0.003980653304131279,0.00022638504497923606,0.011178115183133462,0.00019428627406914312,0.0505688069926691
tumor_1,random,ANXA1,19659,0.0042827053444003445,0.0002402990399160392,0.012035517857281014,0.00021467879804857503,0.06545292008448385
tumor_1,random,ANXA2,19659,0.03588660130451801,0.002178240843772122,0.10833864352715157,0.0018756937386123725,0.6825693913774948
tumor_1,random,ANXA4,19659,0.025653222577820805,0.0015508010821224617,0.07700772782489888,0.0013655936285994436,0.43193229970657104
tumor_1,random,APOA1,19659,0.026136431360511258,0.0019253112005939326,0.10114647839730964,0.0011369707577805587,1.0288879613324282
tumor_1,random,APOC1,19659,0.03791589260763036,0.002583617479387071,0.1265286749276872,0.0018849033256547894,0.9018238412214469
tumor_1,random,APOD,19659,0.002919722943898309,0.0001765529960025967,0.007924344995978553,0.00014476738775957908,0.05237209341030798
tumor_1,random,APOE,19659,0.04105239326550361,0.002843445486895259,0.1349866764471382,0.002121392811423958,0.9918709145538432
tumor_1,random,APP,19659,0.021759547050039886,0.0012899100034093613,0.06508178818861296,0.00114104170711977,0.3877341916983567
tumor_1,random,AQP3,19659,0.011289345880560953,0.0006697148988214607,0.032383736281223825,0.0005627971511164162,0.20064890344441752
tumor_1,random,AR,19659,0.020332786887134684,0.0012240772845150691,0.05924647915062829,0.0010325974191422737,0.33529153882868246
tumor_1,random,AREG,19659,0.004320755758219927,0.00024859689549493045,0.011898787851393786,0.00021571849241940787,0.059725871410509876
tumor_1,random,ARF1,19659,0.02810157292199732,0.0017037549893702245,0.08365564758097901,0.0014538460619773984,0.46486004635310874
tumor_1,random,ARG1,19659,0.0008507149963198105,5.441212255458871e-05,0.005558761363245311,6.120820463232672e-05,0.02442593684422182
tumor_1,random,ARHGDIB,19659,0.005907090274698843,0.0003371684677206499,0.017323335525939083,0.000296358380265357,0.09267224312381053
tumor_1,random,ARID5B,19659,0.0052108700296002956,0.0003036869256324976,0.014949021038036605,0.00026988294421319633,0.07340848480970368
tumor_1,random,ATF3,19659,0.0029224633930879746,0.0001715091074467379,0.00887495215766861,0.00015961227145861462,0.04817672477012655
tumor_1,random,ATG10,19659,0.006109087539944208,0.0003558085856159854,0.01719195829833308,0.0003069955651392055,0.08612883999295215
tumor_1,random,ATG12,19659,0.006024273429461041,0.0003633710018835268,0.017373154690699798,0.0003000570268943434,0.0882729736025218
tumor_1,random,ATG5,19659,0.009861140078876124,0.0005962771691257163,0.03036625683896031,0.0004996728511194487,0.15796537140108985
tumor_1,random,ATM,19659,0.006355462707873802,0.0003608988059577807,0.017281656277368492,0.0003147538484738767,0.09684072128092183
tumor_1,random,ATP5F1B,19659,0.01934485140749414,0.0011454492436016705,0.05940698839134164,0.0009885446250910864,0.3335693527929398
tumor_1,random,ATP5F1E,19659,0.03143089187104435,0.001938934139632647,0.09746052554916426,0.001698667193912242,0.5757988513634367
tumor_1,random,ATR,19659,0.008821082110530702,0.0005117908721907631,0.025120227400644964,0.000458289852404564,0.13628532639363347
tumor_1,random,AXL,19659,0.004061359958749243,0.0002386733140949753,0.011689862776219844,0.000200435515568442,0.05870043038972004
tumor_1,random,AZGP1,19659,0.0069430326272638425,0.0004510709339387679,0.02424256505908057,0.00032961082299477897,0.09438199707097074
tumor_1,random,AZU1,19659,0.0032444225233937882,0.0001931795101153029,0.009182600731474378,0.00015138518962221358,0.04981958460783144
tumor_1,random,B2M,19659,0.03980364419994208,0.0025832767909885917,0.13010931107004248,0.002229505524973848,0.8985198969966781
tumor_1,random,B3GNT7,19659,0.0038185665993162726,0.00021123421121395987,0.01110449642085289,0.0001909588685510784,0.06518854615894268
tumor_1,random,BAG3,19659,0.009786590846935048,0.0005740243069292406,0.027429731327873037,0.00048486106589976785,0.12661884740410456
tumor_1,random,BASP1,19659,0.0044017780673319155,0.0002620588974514867,0.012814065062541033,0.00020651907280862185,0.07431195345710703
tumor_1,random,BAX,19659,0.014791394593478844,0.000867422359329555,0.04279881908379094,0.0007535827791314734,0.22043862462414113
tumor_1,random,BBLN,19659,0.012516584328326818,0.0007254184018254586,0.03459702354287918,0.0006143301721645889,0.15119182328931552
tumor_1,random,BCL2,19659,0.005352658884689767,0.0003121003080265283,0.015110282091153318,0.0002694930580203026,0.07891557803368397
tumor_1,random,BCL2L1,19659,0.01797736164589745,0.0010741355896858034,0.051875651484525206,0.0009460915230257505,0.2732175278645091
tumor_1,random,BECN1,19659,0.00862935251324963,0.0005120670903589331,0.025383080892050054,0.00043374011724050913,0.13356292621921217
tumor_1,random,BEST1,19659,0.0029378310519438443,0.00016808221663630488,0.00848547258313469,0.00014511016513746823,0.05437608545553493
tumor_1,random,BGN,19659,0.008854595150072224,0.0005172381521536444,0.02577474106949184,0.0004457318845364986,0.14432267202881083
tumor_1,random,BID,19659,0.009910545305122153,0.0005909381120998461,0.027658073366356485,0.0004896408138043522,0.13122907985735932
tumor_1,random,BIRC3,19659,0.014237760892126042,0.0008472041390000639,0.043052463114974696,0.00076772416112094,0.27586899940970444
tumor_1,random,BIRC5,19659,0.006318201950730733,0.00037878274678094815,0.018229922404948317,0.00032216006708164036,0.12571526289307816
tumor_1,random,BMP1,19659,0.0045097899953079335,0.00027010304971116216,0.01348381273355046,0.00022055989039694674,0.06619154551434239
tumor_1,random,BMP2,19659,0.004027927542058227,0.0002277516678543413,0.010813897290107921,0.00020122668567574222,0.05627486044776323
tumor_1,random,BMP3,19659,0.0024749496084426133,0.00014301080373992753,0.0063012652601153255,0.00011942004964463849,0.030909093390757834
tumor_1,random,BMP4,19659,0.003845336049821396,0.00023060122004399933,0.011377657643635929,0.00018519571305358138,0.05545981434236992
tumor_1,random,BMP5,19659,0.00220820214041307,0.00013079030097622144,0.006109054691570719,0.00010758584701067158,0.03983588912199014
tumor_1,random,BMP7,19659,0.002235228888799621,0.00011243666322579638,0.005344003383285308,9.407743172234582e-05,0.025708945141423904
tumor_1,random,BMPR1A,19659,0.005757554160291086,0.000332662945393593,0.016163346017845172,0.00028459466751212743,0.08979779743668977
tumor_1,random,BMPR2,19659,0.007190547643490963,0.0004187080196522676,0.02010158178236352,0.000349111414176277,0.09969523662888145
tumor_1,random,BRAF,19659,0.006801501602118054,0.0004014950187536092,0.018903581387890122,0.0003483928027741759,0.08582810779840584
tumor_1,random,BRCA1,19659,0.0045286337241247695,0.00026973336428945236,0.012869734046180595,0.00022747540008675562,0.06637615017572547
tumor_1,random,BST1,19659,0.0017761208862198917,0.00010292392952615248,0.005248117890669244,8.957906394566122e-05,0.034952116812343566
tumor_1,random,BST2,19659,0.02212794607176333,0.0013571607018123303,0.06621030699456014,0.0011572439852388773,0.35371863894150884
tumor_1,random,BTF3,19659,0.02254100165549238,0.0013517784387197815,0.06782952704205447,0.0011926408228217543,0.3689278053987643
tumor_1,random,BTG1,19659,0.020804002007803142,0.0012484481742793545,0.060821014019829825,0.0010769204771058024,0.32435053769294475
tumor_1,random,BTK,19659,0.0018328007137311648,0.00011106249693509754,0.006109919261920757,0.00010137879112181171,0.03099869984553994
tumor_1,random,C11orf96,19659,0.006211156721460282,0.000358826515061612,0.018196516681959575,0.0003351256842498377,0.09811331933212823
tumor_1,random,C1QA,19659,0.0062332484870556894,0.0004076406530116258,0.019733795654667728,0.00030043416536824544,0.12031405153148374
tumor_1,random,C1QB,19659,0.008734183405021972,0.0005364146024886846,0.027234940744066304,0.00041131744783600284,0.1621253134213539
tumor_1,random,C1QC,19659,0.007375912314964093,0.00045993441451650603,0.022942366644641946,0.00034911080727162045,0.1160483269518475
tumor_1,random,C5AR2,19659,0.003859485177958695,0.00022034806046246645,0.011017949801931135,0.0001895512812907025,0.05835081650803675
tumor_1,random,CACNA1C,19659,0.0023520256891066222,0.0001324039354031299,0.00690785194047675,0.00010731080863963068,0.04348856384827574
tumor_1,random,CALB1,19659,0.004938910241150231,0.0002848362274107063,0.01363046253871284,0.00023445582127207655,0.0696556502507037
tumor_1,random,CALD1,19659,0.015615377235877012,0.0009490729484537035,0.04825435416075903,0.0008004088582821773,0.23697554977375934
tumor_1,random,CALM1,19659,0.021907629047695408,0.0013049365348733921,0.06623485598933827,0.0011165199104314623,0.3510779110677944
tumor_1,random,CALM2,19659,0.031399622151559066,0.001931065515396165,0.09926017634647818,0.0016832170790193606,0.6342809163859081
tumor_1,random,CALM3,19659,0.027051236610468328,0.0016081405106195916,0.08172193709811121,0.0014223505747406147,0.4978969782298
tumor_1,random,CAMP,19659,0.004994194583625384,0.0002899535655018077,0.014659300984416729,0.00024827548330892625,0.07788922156540296
tumor_1,random,CARMN,19659,0.004052631672563383,0.00022735075816119897,0.010960463026741819,0.00020296701149677103,0.058080974648336704
tumor_1,random,CASP3,19659,0.007189832684825616,0.00041790988540207663,0.020132603058943474,0.0003446672587368131,0.08566071396822816
tumor_1,random,CASP8,19659,0.0033957667933367,0.00019745527831433433,0.009685505926282159,0.0001704361332082767,0.056030826953826905
tumor_1,random,CASR,19659,0.00292978142270441,0.0001758388283697928,0.008165452635576385,0.00014678019042840273,0.050479553561457835
tumor_1,random,CAV1,19659,0.01336374668476184,0.0007758632253442561,0.03730960610729643,0.0006564048386836766,0.1875598341581243
tumor_1,random,CCDC80,19659,0.004239997381832483,0.00023700941798678371,0.011835045791210013,0.00020608962027218606,0.05665268433311945
tumor_1,random,CCL11,19659,0.003606551847160977,0.00022105479433866474,0.010633100928062498,0.00018412779857976527,0.0536562134012475
tumor_1,random,CCL13,19659,0.002554566041363482,0.00015672153524308325,0.007878553252260483,0.0001378857320435051,0.045909828523074785
tumor_1,random,CCL15,19659,0.012159708473963872,0.0007225605019562545,0.03447118403416674,0.0006074691681748924,0.17074727457565586
tumor_1,random,CCL17,19659,0.004274729199037073,0.00026252852034627816,0.012148354799267878,0.00021324221474682806,0.06010885094005871
tumor_1,random,CCL18,19659,0.0021497354910230155,0.0001265536261736764,0.006662873969276383,0.00011769966973515816,0.04265205797384464
tumor_1,random,CCL19,19659,0.0034259027723808322,0.00019502735842187333,0.009554067338496149,0.00016608080310790094,0.05636013368364497
tumor_1,random,CCL2,19659,0.004305859163244903,0.00024174867554675156,0.011777912290405184,0.00020299052272677157,0.06922498847856336
tumor_1,random,CCL20,19659,0.005302617601725131,0.0003151708110004135,0.015255271571155065,0.0002677248212935184,0.08495894565938444
tumor_1,random,CCL21,19659,0.004323118091684309,0.00025301922375635264,0.012959174350245817,0.00022950506012647473,0.07061466382488044
tumor_1,random,CCL22,19659,0.002528586395666988,0.0001465871553967279,0.007084403397376421,0.00011930592275084222,0.04936968731213251
tumor_1,random,CCL26,19659,0.002127496330414351,0.00012293062085183876,0.0057115058836659125,0.00010430294159553122,0.02934894280158278
tumor_1,random,CCL28,19659,0.009206389264125014,0.0005545948147954327,0.027932893639876,0.0004561055919807708,0.14800657304306158
tumor_1,random,CCL3,19659,0.003580275301359777,0.00021803207277939926,0.009783891684291519,0.0001747951506723157,0.04883963403767777
tumor_1,random,CCL4,19659,0.0036289990642441776,0.0002136157673223712,0.009750087136226781,0.0001689186048013429,0.051992278954360704
tumor_1,random,CCL5,19659,0.005960411572364815,0.0003633101440755809,0.01777286897962022,0.00030638901789799576,0.15493622014458616
tumor_1,random,CCL8,19659,0.002740836230808401,0.00017777488077282803,0.00882458520986019,0.00014531386170829104,0.04803202272175818
tumor_1,random,CCND1,19659,0.005012813844541382,0.00028572147071358607,0.01369778317308081,0.00024092340129204626,0.07291803414295978
tumor_1,random,CCR1,19659,0.004192604472222758,0.00024727445654273625,0.011740207085867711,0.0002071854982736654,0.06781412883441679
tumor_1,random,CCR10,19659,0.004464616858313189,0.0002532158183778263,0.011988289301596847,0.00021146791924265624,0.07785625101111829
tumor_1,random,CCR2,19659,0.0027442644763614934,0.00015380314571646273,0.00756782027574653,0.0001327546149782799,0.038151853375119935
tumor_1,random,CCR5,19659,0.0033781682964719637,0.0001963005719377632,0.009544604307900786,0.00016665226479106415,0.04460693555651127
tumor_1,random,CCR7,19659,0.003421506107631743,0.00018261803192760214,0.009342456273428534,0.00015295395103497869,0.042923966375809704
tumor_1,random,CCRL2,19659,0.002430033182464375,0.00013655666932559164,0.006910344970331212,0.0001230963218170817,0.0325981086370446
tumor_1,random,CD14,19659,0.007756047469994268,0.00046620025055394825,0.023597022145467814,0.00036748596719420143,0.12372142744517582
tumor_1,random,CD163,19659,0.00563024026173796,0.000341505041604394,0.016785492585705046,0.0002689804139680981,0.07915504290335734
tumor_1,random,CD164,19659,0.02121330309643183,0.001275090432166996,0.06458262496394693,0.0010886807036308683,0.3663967269830417
tumor_1,random,CD19,19659,0.004845874548020717,0.0002862064621067834,0.013784766296789167,0.0002472605912991026,0.07064307148475207
tumor_1,random,CD1C,19659,0.004811645936815142,0.0002755413126893499,0.012920971261728234,0.00022603364014681148,0.07613132480641623
tumor_1,random,CD2,19659,0.002600236553395112,0.00014385740451358054,0.006767588214717779,0.0001228431014959882,0.03678610054416277
tumor_1,random,CD209,19659,0.004498987612800815,0.000249688099730498,0.012317136083599998,0.00021302668145710177,0.056969841128385226
tumor_1,random,CD22,19659,0.001839573397059294,0.00011629851453439483,0.005599821945099512,9.704704100506858e-05,0.023591911118507263
tumor_1,random,CD24,19659,0.024384990977051844,0.0014494299568991193,0.07439004721896836,0.0013286643465022694,0.4649165118122209
tumor_1,random,CD27,19659,0.0043508658096112025,0.0002545960831600627,0.011896143710884342,0.0002132652847039099,0.07966202578874058
tumor_1,random,CD274,19659,0.004519138913604479,0.0002574654360908028,0.011841651767572261,0.00021659756360364513,0.05859753231488237
tumor_1,random,CD276,19659,0.017858832374211833,0.0010443247172402107,0.05023946841635283,0.0008951869373921036,0.2545893156704741
tumor_1,random,CD28,19659,0.004181363930146143,0.00023742076555321196,0.011248936679723886,0.0001998869741937301,0.05667934024825102
tumor_1,random,CD300A,19659,0.0030632270970794187,0.00019933315654671927,0.009654427210736536,0.00015010243517625733,0.0561797415130151
tumor_1,random,CD33,19659,0.002592331374103787,0.00016146368708353144,0.007506302388680457,0.00013642588679757824,0.04366183603018314
tumor_1,random,CD34,19659,0.005658716531508791,0.00031111527152058693,0.015418351289077975,0.00027440688743707775,0.07649240413809762
tumor_1,random,CD36,19659,0.00291184680024278,0.00017007628448617557,0.008219792375074721,0.00014531840262342263,0.0453469686477452
tumor_1,random,CD37,19659,0.0029995981187018322,0.00017550343895653885,0.008037889980304054,0.0001496553659999201,0.0425457680015756
tumor_1,random,CD38,19659,0.004750071064013787,0.00027471051956337925,0.013137915510646306,0.00022535574510755102,0.06729173995229813
tumor_1,random,CD3D,19659,0.002287480568675672,0.0001406650708825291,0.00693841374940087,0.00012411001097470194,0.055708954886433557
tumor_1,random,CD3E,19659,0.0025589871828191942,0.00013789933572707765,0.0068438682846480164,0.00011903768876913882,0.032400941842510717
tumor_1,random,CD3G,19659,0.0038567719579533553,0.00021992407556459799,0.010883997489759675,0.00019220159568874803,0.04735039220860193
tumor_1,random,CD4,19659,0.0025569933321341375,0.00015340221867449243,0.00758130814373185,0.00012293060811837628,0.06019150994375113
tumor_1,random,CD40,19659,0.007856936207960743,0.000468821149925011,0.02236394779524711,0.00036785088042370483,0.10525839864530177
tumor_1,random,CD40LG,19659,0.0035528064785031377,0.00020643350051412332,0.009976583212671902,0.0001820702614117717,0.05769769912719638
tumor_1,random,CD44,19659,0.01449672075743055,0.0008379835317231769,0.04071604848427522,0.0007378924909150239,0.2226990819658381
tumor_1,random,CD47,19659,0.008126417175454084,0.0004661571534871423,0.0234085321726955,0.00041126168469321267,0.11898742298618095
tumor_1,random,CD48,19659,0.0014659128926917619,0.00010894226990991294,0.005182198222653249,7.745343940268468e-05,0.040851214819763074
tumor_1,random,CD52,19659,0.0017512543275694625,0.00010924548425050115,0.005483384405016093,9.055917374855179e-05,0.03836454800509849
tumor_1,random,CD53,19659,0.003331833528345763,0.00018490785917312752,0.009776654895975843,0.00017144362238169655,0.06244187636027548
tumor_1,random,CD55,19659,0.005365504971188766,0.0003086226326520471,0.014569809009412987,0.00027014105428254406,0.06676446379101642
tumor_1,random,CD58,19659,0.006563571250054602,0.0003762274517836707,0.01844131038252995,0.0003164472533651832,0.08487380160077429
tumor_1,random,CD59,19659,0.025824654247715795,0.0015723864006989066,0.07776380517137277,0.0013457257849885395,0.41629887189696635
tumor_1,random,CD5L,19659,0.003089836609003932,0.00019231791656886275,0.01009873902936618,0.00016853147414791673,0.057837512673826044
tumor_1,random,CD63,19659,0.03235719772267033,0.0019802601323621947,0.09767877498645969,0.0016994143334559714,0.6244214189599802
tumor_1,random,CD68,19659,0.014199100472207835,0.0008751463637809012,0.0430620912404132,0.0006928874816861488,0.2292990137949742
tumor_1,random,CD69,19659,0.003266010154014981,0.00020304560366259127,0.00917396025187455,0.0001722706062001362,0.05085410282829426
tumor_1,random,CD70,19659,0.0019081265704200454,9.71832133641733e-05,0.005344280650621954,9.155220608412509e-05,0.029872301283177343
tumor_1,random,CD74,19659,0.032719165544832424,0.002040828329934564,0.1026509654523496,0.001724916590098869,0.7954119573721989
tumor_1,random,CD79A,19659,0.0027820216457093393,0.00017364280565573944,0.008241513376470269,0.00012974844858101465,0.04143638739131343
tumor_1,random,CD80,19659,0.004723254208455321,0.0002613414449854356,0.012150412429122412,0.00021727218570427638,0.05925159876295215
tumor_1,random,CD81,19659,0.029324397410885893,0.0017508158462514309,0.08775905400787572,0.0015369993932631816,0.5165985345533726
tumor_1,random,CD83,19659,0.00458327705860426,0.0002598861205837256,0.012240488707818012,0.0002179401203889252,0.0726731708281538
tumor_1,random,CD84,19659,0.0038275696731563,0.0002184364683634883,0.010333297581649383,0.00017560861081311152,0.052049680261636935
tumor_1,random,CD86,19659,0.003346391491955004,0.00019814371730528504,0.009487208550643085,0.00016388894144821092,0.04495550168241764
tumor_1,random,CD8A,19659,0.003877075417897222,0.0002226738702012311,0.011384767299671765,0.0001914408940300556,0.07116757489692267
tumor_1,random,CD8B,19659,0.003624574749793203,0.00020606115341374073,0.00967487730435469,0.00017962457905872718,0.06219675448272148
tumor_1,random,CD9,19659,0.01595547868200285,0.0009439107811768311,0.04671378592459842,0.0008372003178146044,0.256310732791923
tumor_1,random,CD93,19659,0.002536985593795772,0.00016747757672457884,0.008674620421026024,0.00012347203933619848,0.04806036531282988
tumor_1,random,CDH1,19659,0.010541076486203251,0.0006290195135824009,0.030574461926000124,0.0005282490372104312,0.163415569068676
tumor_1,random,CDH11,19659,0.00433494476254468,0.00024992728167514186,0.011394077393359587,0.0002034657356425563,0.0455442427809138
tumor_1,random,CDH19,19659,0.003604982199978376,0.0002135240636030463,0.010166065246138702,0.000168410108879801,0.049305378297255606
tumor_1,random,CDH5,19659,0.004261596722426863,0.00024505829741569996,0.011409129366587337,0.00019502177229487503,0.06078481422344201
tumor_1,random,CDKN1A,19659,0.026607770971673817,0.0015964227874284038,0.07834769513522762,0.0014060930282989647,0.46368595854276995
tumor_1,random,CDKN3,19659,0.007014547909517452,0.0003978539411240423,0.01988631135452141,0.00034346431763556794,0.11653156816852402
tumor_1,random,CEACAM1,19659,0.0033068696199569287,0.0001835723943725266,0.009804846642488593,0.0001620027948251014,0.042251991108929306
tumor_1,random,CEACAM6,19659,0.002483905678954834,0.00014033763161078143,0.0069070864068882885,0.00012441775663739904,0.03424711094679513
tumor_1,random,CELSR1,19659,0.009778656454194908,0.0006090823558573934,0.02815735651587279,0.0005039612659477088,0.1504741165580553
tumor_1,random,CELSR2,19659,0.00609994209455122,0.0003651691877515546,0.017467867231650343,0.0003002316590153385,0.08791155987016322
tumor_1,random,CENPF,19659,0.0055978950240825375,0.000335503362626418,0.016017145488884547,0.00029659613693034195,0.1002810207491569
tumor_1,random,CFD,19659,0.005157392567562844,0.0003322238234029612,0.015455576784128431,0.0002570985127119834,0.0635886991388053
tumor_1,random,CFLAR,19659,0.007586100731940421,0.000441988146895324,0.022005356140762333,0.0003936066578595062,0.13135853363327127
tumor_1,random,CHEK1,19659,0.007218766407795249,0.0004237878233004322,0.01979986074937172,0.0003563712541905252,0.09602205020187785
tumor_1,random,CHEK2,19659,0.006857272211175743,0.00040395804068481565,0.018761105766248263,0.00033813957027156613,0.09135173322501763
tumor_1,random,CHI3L1,19659,0.00508460129520568,0.00029656263016375223,0.01821888969984038,0.0002579267259788761,0.0695675663098482
tumor_1,random,CIDEA,19659,0.0026849102038673913,0.00014734828715592214,0.007333566368050092,0.00012884197792583762,0.03755695069723991
tumor_1,random,CIITA,19659,0.006797307165678501,0.0003905197291272991,0.020578080375581103,0.0003708920218243352,0.10857907099861488
tumor_1,random,CLCF1,19659,0.005372617628661376,0.00031055463268667084,0.014636517394769632,0.00026966647207904215,0.07885392191467713
tumor_1,random,CLDN4,19659,0.011349277995848743,0.0006831798190565502,0.032728573304585715,0.0005675779494609729,0.16977196277565515
tumor_1,random,CLEC10A,19659,0.002012920976530269,0.00012693933462944968,0.006767117759146813,0.00010685392883198293,0.031979423202294605
tumor_1,random,CLEC12A,19659,0.0035758166020520357,0.00021446673575274108,0.01036626453499526,0.0001743945054634145,0.05023891190027868
tumor_1,random,CLEC14A,19659,0.0019620717869282944,0.00011813966463729243,0.00582507985918195,9.375280621833369e-05,0.024664340226237674
tumor_1,random,CLEC1A,19659,0.0030313692167871263,0.00018044887118571836,0.008889183515019678,0.00014291744927608826,0.045947832886843384
tumor_1,random,CLEC2B,19659,0.002604798059485119,0.00015302416559915573,0.0071149605443604795,0.00012337808849910786,0.03195278603265882
tumor_1,random,CLEC2D,19659,0.005017865741318636,0.0002922615786553,0.013806203430337966,0.0002538127039739996,0.07528483520332818
tumor_1,random,CLEC4A,19659,0.00436027691907962,0.00024800151960990027,0.01175613516478445,0.00020893357954091275,0.06433675573378679
tumor_1,random,CLEC4D,19659,0.002489926407464332,0.00015536552444504506,0.007288790484681423,0.00012199901895561572,0.0427689127966301
tumor_1,random,CLEC4E,19659,0.002427798023594159,0.00013925675347308314,0.00679662123228592,0.00011745011656872286,0.03192225551524539
tumor_1,random,CLEC5A,19659,0.0017139208787310613,8.971862502780875e-05,0.00476819392823047,8.95615391221218e-05,0.031086369967350962
tumor_1,random,CLEC7A,19659,0.003338921022052315,0.00019952264148491815,0.00927158472101162,0.0001658026867230552,0.05346086343537837
tumor_1,random,CLOCK,19659,0.00668675600774626,0.000376901977769073,0.01885841244979393,0.00033178700741420716,0.08142951049417421
tumor_1,random,CLU,19659,0.039306041985298065,0.0025306286861718898,0.12485728733488091,0.0021231359322615388,0.8824600778069357
tumor_1,random,CMKLR1,19659,0.004034489652596623,0.0002228007404802879,0.01055659882929793,0.00019139277665217034,0.05549815952892465
tumor_1,random,CNTFR,19659,0.0053196745845395165,0.00031790851299580013,0.014589506981854485,0.00025487466420689384,0.08045258441046525
tumor_1,random,COL11A1,19659,0.002063146830080736,0.00012277826704859315,0.0062456018124515695,0.00010868753451469989,0.04435750999650119
tumor_1,random,COL12A1,19659,0.003154112277977429,0.00017134001804499613,0.008382043988550076,0.00015436019213404813,0.040232574743735976
tumor_1,random,COL14A1,19659,0.005069270697529628,0.00028291795533276227,0.013276179277014665,0.00023678889183108498,0.0541861217142484
tumor_1,random,COL15A1,19659,0.0069889904708700405,0.0004142181155472618,0.019411140335089776,0.00034508635285503234,0.08236278839669346
tumor_1,random,COL16A1,19659,0.008716103849436833,0.0005204153208279693,0.023735867163959062,0.00043652933310669333,0.10297304423500517
tumor_1,random,COL17A1,19659,0.0042032010226676604,0.000250446133250688,0.011568647684678936,0.00019312532756265963,0.04486146518559007
tumor_1,random,COL18A1,19659,0.013894549696646307,0.0008824302719223257,0.04183464668389576,0.0006475990635601574,0.21871357555078758
tumor_1,random,COL1A1,19659,0.005951630862702043,0.00035680088936615906,0.018763816655831923,0.0003200324076865707,0.09194355024317229
tumor_1,random,COL1A2,19659,0.0013743236877455844,7.771498386684067e-05,0.004357091389070423,7.651541804874115e-05,0.02999469783010698
tumor_1,random,COL21A1,19659,0.0025931528817707454,0.00014670539558134257,0.00682478034874995,0.0001240365201602918,0.031083262045127524
tumor_1,random,COL27A1,19659,0.014422051633439664,0.0008702261359147854,0.04138164556979947,0.000746802443016117,0.25323095368893395
tumor_1,random,COL3A1,19659,0.009831107779380382,0.0005788366787942759,0.029311224419067066,0.0004996393175554292,0.2511742457311633
tumor_1,random,COL4A1,19659,0.004577969586158047,0.0002774949229282043,0.014792880105650868,0.0002478693876307147,0.07930678389760028
tumor_1,random,COL4A2,19659,0.004288103661017983,0.00026083739333600893,0.013468213472823273,0.00024570317630942615,0.07708428256131046
tumor_1,random,COL4A5,19659,0.003739994777905349,0.00021793112507849523,0.010544399271064781,0.00018182941644534023,0.0503136294833881
tumor_1,random,COL5A1,19659,0.0038504260879283687,0.00021756797670981432,0.010971272066858745,0.0001922749768292243,0.04462215303448165
tumor_1,random,COL5A2,19659,0.00321371687340703,0.00018541286682649698,0.008857045258272012,0.00015813031305026722,0.05019998196797095
tumor_1,random,COL5A3,19659,0.002719907685514558,0.00015206973693773253,0.00763054715267288,0.0001205730248111114,0.046238932139166605
tumor_1,random,COL6A1,19659,0.012344834015506337,0.000724556359801005,0.03493847334018889,0.0006127821281755563,0.18680793454777309
tumor_1,random,COL6A2,19659,0.00638384838090447,0.0003918056192320636,0.018032750450546517,0.00031097391098064506,0.10075936184480998
tumor_1,random,COL6A3,19659,0.0032404026587400533,0.00019038340091560543,0.00903595185593859,0.00015700894976264552,0.049168893283916944
tumor_1,random,COL8A1,19659,0.002152742212593254,0.0001339660662614143,0.006060025742872234,0.00010196210929424512,0.025105957547737152
tumor_1,random,COL9A2,19659,0.010876302990735144,0.000629713811231485,0.03126177398022809,0.0005605211923871418,0.19344693826337186
tumor_1,random,COL9A3,19659,0.00882802457514616,0.0005092143906505035,0.023951051633378104,0.0004173253631610809,0.11946656853940156
tumor_1,random,COTL1,19659,0.008906085376070485,0.0005134081029941434,0.025001708180366244,0.00041860239150702565,0.14090317504245337
tumor_1,random,COX4I2,19659,0.00357331962023997,0.0002109811342013866,0.010325479454046483,0.00016655351642735924,0.04178320322852081
tumor_1,random,CPA3,19659,0.0032605355276495336,0.00020358510759965845,0.00933337032544487,0.0001682027924605457,0.0369428302603654
tumor_1,random,CPB1,19659,0.002396772925360753,0.00013155576491062754,0.006090251356145377,0.000103804240650269,0.028701820040017072
tumor_1,random,CRIP1,19659,0.0071190348618045945,0.0003994195913110927,0.01990674929483475,0.0003517377402719715,0.09431155539408462
tumor_1,random,CRP,19659,0.0042178127809212925,0.0002412307301846086,0.011662329212505696,0.00020405745441566268,0.05661040705361455
tumor_1,random,CRYAB,19659,0.02442844926274309,0.0014654162808907054,0.07153849440356627,0.0012712312083372414,0.42421439946941064
tumor_1,random,CSF1,19659,0.013724149528467705,0.0008076115178252417,0.03941551680990775,0.0007134791731676544,0.21565402012781448
tumor_1,random,CSF1R,19659,0.004138528450054269,0.00024089793597363473,0.011602210513095287,0.0001974584454572662,0.07769120812064587
tumor_1,random,CSF2,19659,0.003516324206944524,0.00020557382016895222,0.009454881837121107,0.0001668572725010635,0.055563885466375806
tumor_1,random,CSF2RA,19659,0.0021866117128727623,0.00011716252153155422,0.006123053803763292,0.00011104377928280036,0.039402753597863584
tumor_1,random,CSF2RB,19659,0.003042953245421745,0.00016976065327206852,0.00841783636897534,0.00014663785818577204,0.05193521047017894
tumor_1,random,CSF3,19659,0.0022388207450322606,0.0001244160732235854,0.00615609261438988,0.00011067634590518684,0.0321792326142171
tumor_1,random,CSF3R,19659,0.0024054611703299743,0.00015845261742947967,0.006585054721341603,0.00011865887337476236,0.04200827279358869
tumor_1,random,CSHL1,19659,0.0035312792139465246,0.00019772835827720414,0.009478059565402376,0.00016063947578477133,0.0638891436650467
tumor_1,random,CSK,19659,0.016547372039896674,0.0009939540210803682,0.04895127092097655,0.0008477099996335102,0.25602075028540416
tumor_1,random,CSPG4,19659,0.004503716571824341,0.00025873986228988887,0.012858882282898335,0.00020750349475480757,0.07985694573490218
tumor_1,random,CST7,19659,0.002416638798847415,0.00014387905226175438,0.006920349137319673,0.0001262230690510673,0.048993981442411724
tumor_1,random,CSTB,19659,0.029814632026286026,0.0018082568789267108,0.08991169640725705,0.001529637571240717,0.5057650469212442
tumor_1,random,CTLA4,19659,0.001743139231881561,9.910385219556248e-05,0.004853122817266478,8.423471901524076e-05,0.025301424961496455
tumor_1,random,CTNNB1,19659,0.01770661475796178,0.0010476700227811384,0.05300459325906167,0.0009122323152659647,0.30924500327676674
tumor_1,random,CTSD,19659,0.038018758234912964,0.0024937873025127157,0.120685945890266,0.0020371207574503137,0.8399501646059415
tumor_1,random,CTSG,19659,0.0017650485894992341,0.00011047703756183275,0.005666460470975831,9.070544672290103e-05,0.024698283899223242
tumor_1,random,CTSW,19659,0.002879810592829874,0.00016258693873737133,0.00843844316481039,0.00014132119506944977,0.046019927604143404
tumor_1,random,CUZD1,19659,0.0024074385839556265,0.00013873460934710568,0.00746993664955065,0.00012486058690063732,0.04687002515338311
tumor_1,random,CX3CL1,19659,0.010088036603656392,0.0005798880711718659,0.0272292074961466,0.0005042546407682597,0.13812798300761717
tumor_1,random,CX3CR1,19659,0.004659309832618839,0.00026621881489014254,0.012644778622458445,0.0002098825900040782,0.05497375959865358
tumor_1,random,CXCL1,19659,0.011119525423425513,0.0006359225494892975,0.03147501999689872,0.0005402509725963045,0.1981829407809398
tumor_1,random,CXCL10,19659,0.008366714806504234,0.0005344457262325594,0.025681396846854332,0.00041766659089472467,0.22318047052977957
tumor_1,random,CXCL12,19659,0.008319645201771909,0.000508987551935662,0.02446012109370908,0.00042314515771839633,0.11748692504691371
tumor_1,random,CXCL13,19659,0.0023054916147150035,0.00012891137771813956,0.006923537930600932,0.0001165609835601806,0.04619575332419361
tumor_1,random,CXCL14,19659,0.00398321722668388,0.00023902876422256453,0.011285977582265077,0.00019682680109626456,0.054824306059237625
tumor_1,random,CXCL16,19659,0.012203796700735008,0.0007501812256264856,0.035596597169402416,0.0006303653865304048,0.20280221833267512
tumor_1,random,CXCL17,19659,0.00323354960565386,0.0001910331832057922,0.009155564009735866,0.00015505559663835921,0.051403865920358116
tumor_1,random,CXCL5,19659,0.007370536445712367,0.00041710562253481826,0.019828579681021346,0.0003628077715708227,0.10977642929251222
tumor_1,random,CXCL8,19659,0.003457086098847161,0.00018354138044940864,0.009246294938329725,0.0001631540748641992,0.06516708899416405
tumor_1,random,CXCL9,19659,0.014764042260097138,0.0009068912646182212,0.04564828812241577,0.0006846119379456302,0.4565322682558836
tumor_1,random,CXCR1,19659,0.003987279007443175,0.00022538023771829152,0.010764156221470629,0.000180596645331767,0.05176331829793501
tumor_1,random,CXCR2,19659,0.004190761840216911,0.000245670641785336,0.011696397051433754,0.0002061100098782383,0.059685359129724266
tumor_1,random,CXCR3,19659,0.005565986283844713,0.00031487829686618554,0.014768397509283323,0.0002777672700380603,0.08244489256163907
tumor_1,random,CXCR4,19659,0.0049151874265032204,0.00029734755798962103,0.015030797248673722,0.00024493478855334966,0.08995166129765841
tumor_1,random,CXCR5,19659,0.004042206203268535,0.00023151721478586288,0.011173777171079998,0.00019938426495635583,0.06190046631216668
tumor_1,random,CXCR6,19659,0.003935845726594424,0.00023398998209576077,0.011213838510582122,0.0001972112657688842,0.04768802425330461
tumor_1,random,CYP1B1,19659,0.004010409550841084,0.00024229697925278408,0.011790223903258581,0.0001992726651882209,0.05196736656734193
tumor_1,random,CYP2U1,19659,0.004285777471150445,0.0002365775238107639,0.01191685516677152,0.0002031512755342833,0.06713867532433562
tumor_1,random,CYSTM1,19659,0.028614233508107646,0.0017662931882342786,0.0870439463399567,0.0015139980954439107,0.46712795264207363
tumor_1,random,CYTOR,19659,0.013368438850722609,0.0007991780431573202,0.0377143201649512,0.0006753905319107141,0.19996493015580674
tumor_1,random,DCN,19659,0.00418060892645056,0.0002396984878755153,0.011917302818779682,0.0002144162980593578,0.0521365796719788
tumor_1,random,DDC,19659,0.008733725663316405,0.0005251337126004895,0.027241471878633006,0.0004436008295808489,0.17210708112491596
tumor_1,random,DDIT3,19659,0.006869733117352063,0.0004153429853577579,0.018333462250979253,0.00034119817053819627,0.09293646016305866
tumor_1,random,DDR1,19659,0.01795278491985387,0.001032214762835137,0.05164842566700441,0.000932725975113368,0.29754882027321794
tumor_1,random,DDR2,19659,0.0037473241907279,0.00020626066676815913,0.009505461048670907,0.00016631258402136244,0.059523265567667925
tumor_1,random,DDX58,19659,0.00505722387818842,0.0003028994332416536,0.014009017916095438,0.00025778567000161545,0.06740009699055212
tumor_1,random,DHRS2,19659,0.006249838920671223,0.0003705974206786147,0.01825773463833622,0.0003236633161439845,0.08596824657073757
tumor_1,random,DLL1,19659,0.006123703903720383,0.00035994895931640167,0.0173830950534817,0.00030523434563182496,0.0818130510780967
tumor_1,random,DLL4,19659,0.0038656180372324384,0.00021881100464751714,0.010460522188941243,0.00017985092278767554,0.05641498935390772
tumor_1,random,DMBT1,19659,0.0032259529971876387,0.0001869498842494946,0.009472256144408761,0.00016165367889634812,0.04318474950914807
tumor_1,random,DNMT1,19659,0.011110919593985505,0.0006697834471728413,0.03218273686359397,0.0005657095851986459,0.1422885211401977
tumor_1,random,DNMT3A,19659,0.01080054688198765,0.0006442324020118767,0.03133470425111752,0.0005519462105803212,0.16833048449681523
tumor_1,random,DPP4,19659,0.016236862519237123,0.0009631086761649581,0.04844443274453122,0.0008379064190498133,0.2438328695209734
tumor_1,random,DPT,19659,0.0039032581334109235,0.00021875421773515915,0.011049061951305795,0.0001991947315691933,0.05427708406231711
tumor_1,random,DST,19659,0.006919408654879134,0.00041430198128763774,0.019759425634988545,0.00035347226043460007,0.09168315191671092
tumor_1,random,DUSP1,19659,0.027385535314093608,0.0016599429709340465,0.08032519626541786,0.0014376933488645693,0.5133113879199536
tumor_1,random,DUSP2,19659,0.003981499267482713,0.00023305273332368238,0.011269049257981058,0.00020247437823515493,0.06963728977917734
tumor_1,random,DUSP4,19659,0.004119102186340752,0.00024282069201685813,0.01134807731972777,0.00021581876557383344,0.054021383257728706
tumor_1,random,DUSP5,19659,0.0024603261233056956,0.0001373380817625352,0.007071151139555821,0.00011686611501955013,0.042382751886112804
tumor_1,random,DUSP6,19659,0.02033121858087373,0.001234882987935886,0.05867872700841599,0.0010007244080548732,0.2827043551442793
tumor_1,random,EFNA1,19659,0.014972515377434482,0.0009658601025955038,0.047150582756445035,0.000902504998445542,0.3686567982846577
tumor_1,random,EFNA4,19659,0.008602462428743176,0.00048562462145600237,0.023837051463071652,0.00042580246114284887,0.13581975929629903
tumor_1,random,EFNA5,19659,0.0054141724034614215,0.000319649736413772,0.014703640192661368,0.0002616117961347541,0.07063788562545092
tumor_1,random,EFNB1,19659,0.009384905289630426,0.0005453269866726022,0.026212549931548555,0.00048204515413389365,0.13990382844538368
tumor_1,random,EFNB2,19659,0.002739924414214019,0.00016442935406022792,0.0077180172168402495,0.00012856061579951013,0.03971363397430296
tumor_1,random,EGF,19659,0.005667561247884762,0.0003487615730096693,0.01671289136773314,0.00028082439070194497,0.07511339588018984
tumor_1,random,EGFR,19659,0.016034690936063467,0.0009673117176823529,0.047618330452488665,0.0008405756112351787,0.2709418424061787
tumor_1,random,EIF5A,19659,0.024542881327775188,0.0014524189996764976,0.07474472806127878,0.0012554269798131044,0.4073363953197163
tumor_1,random,ELANE,19659,0.0027300140913817496,0.00016507639796572063,0.008051768998765665,0.00014200686805237138,0.05249548444990463
tumor_1,random,EMP3,19659,0.012090874490597644,0.0006993902523092661,0.03355925107325803,0.0006257686223033232,0.16975093888268272
tumor_1,random,ENG,19659,0.004034049512276593,0.00022994743434808589,0.011901424207957569,0.00019901487956851063,0.06381464910500527
tumor_1,random,ENO1,19659,0.03478951584217207,0.002327599088587022,0.11587477128233512,0.0020587112586731697,0.772440560331338
tumor_1,random,ENTPD1,19659,0.0023785732398581344,0.00013766061008914032,0.006788851310851901,0.00011184795361746688,0.040770276244051815
tumor_1,random,EOMES,19659,0.0012725806329328287,7.128925878267278e-05,0.003997926578030662,6.529472336347394e-05,0.019986439199779465
tumor_1,random,EPCAM,19659,0.007145636853658174,0.00040647787424278757,0.020445312510146342,0.00036047380230138054,0.13144505208332116
tumor_1,random,EPHA2,19659,0.009183261682180349,0.0005333761390759551,0.025084093099502547,0.00045511310796710205,0.12468541862148204
tumor_1,random,EPHA3,19659,0.003786292040715939,0.00021499605163550142,0.010584243091664747,0.00018319924260622593,0.05182202228136531
tumor_1,random,EPHA4,19659,0.0016819047738654753,9.933346140891755e-05,0.005234467412215639,9.014889004765407e-05,0.02284664926618303
tumor_1,random,EPHA7,19659,0.0016201331124548763,9.565948696343437e-05,0.004642635732546189,8.11447733305111e-05,0.03016382857848941
tumor_1,random,EPHB2,19659,0.003917219393402322,0.00023004796490539613,0.0111687797446783,0.00018704375934032398,0.07377148594201935
tumor_1,random,EPHB3,19659,0.0049404177942418285,0.0002718517267612117,0.012954729474164092,0.00022479918290790743,0.06329072694738982
tumor_1,random,EPHB4,19659,0.0035492674333756705,0.00020112307050134114,0.009384141405518989,0.00017124327279978953,0.060355629203222995
tumor_1,random,EPHB6,19659,0.0032854096733812106,0.00019804080268078043,0.009659539850123518,0.00017104705454236757,0.04982802746306616
tumor_1,random,EPOR,19659,0.004542389976951166,0.0002695894192655553,0.012597520364829978,0.00022077107673363765,0.07077558049731328
tumor_1,random,ERBB2,19659,0.009468301105045767,0.0005713505876373305,0.027458674070961652,0.000504557486974031,0.13814897529250122
tumor_1,random,ERBB3,19659,0.008676580372786874,0.0005147384737843597,0.025216034892375627,0.00043769497881871784,0.13928428176252447
tumor_1,random,ESAM,19659,0.005493814720298421,0.00030583505442859934,0.016020288143041298,0.00026441533693424195,0.068382102636216
tumor_1,random,ESR1,19659,0.0028884069934306186,0.0001501543951541964,0.007681691732038358,0.0001273191340963835,0.05476392336694865
tumor_1,random,ETS1,19659,0.00576466174936545,0.00033516937351648767,0.01660912622317192,0.00028032410695252386,0.08965040670661732
tumor_1,random,ETV4,19659,0.004415601577390531,0.00025597951861030225,0.011884345102558192,0.00021885811219673316,0.08080499184534846
tumor_1,random,ETV5,19659,0.007044000677275328,0.0004096138110209207,0.01950859584880612,0.0003474388979758381,0.08268913284965128
tumor_1,random,EZH2,19659,0.007154170609697956,0.0004210388379395715,0.02059174230360804,0.00036922795544497923,0.09926454452413344
tumor_1,random,EZR,19659,0.025767873385035583,0.0015322109115610686,0.07557439631521383,0.0013693934264194937,0.43445471939134545
tumor_1,random,FABP4,19659,0.0031651995777793873,0.00017938962530483015,0.009029750237714653,0.00016143814054426987,0.046243859320632644
tumor_1,random,FABP5,19659,0.007824228759379399,0.0004529600742044969,0.0219795475648817,0.00038200576931154485,0.11531760992467563
tumor_1,random,FAM30A,19659,0.004572691674542454,0.00026213432180836497,0.013159956692216895,0.0002264994934912177,0.05633729837486197
tumor_1,random,FAP,19659,0.003547674421884027,0.0002111744080898145,0.010120549445717011,0.0001759216465192313,0.0527143205029341
tumor_1,random,FAS,19659,0.0031736385131552205,0.0001964725777177474,0.009194826603682309,0.0001729044804000976,0.040438728694940584
tumor_1,random,FASLG,19659,0.004639512474019387,0.00026151449463867796,0.01252820951189946,0.0002190013397635989,0.057263997486439434
tumor_1,random,FASN,19659,0.014687469328956742,0.0008858547852391385,0.04599630383410712,0.0007522647581431465,0.21660665307199375
tumor_1,random,FAU,19659,0.030816130647290347,0.001862889840286705,0.09337873406589996,0.0015947175870105646,0.5299500480027954
tumor_1,random,FCER1G,19659,0.003265666745839385,0.00020656380270329543,0.00957372210496998,0.00015626117718340127,0.04662568569181462
tumor_1,random,FCGBP,19659,0.003283262412992826,0.00018695193226838823,0.008721983179475996,0.00015762079594257777,0.04452901217862272
tumor_1,random,FCGR3A,19659,0.0064346109896027915,0.00038927855805543634,0.017899951379990363,0.0002930882176621591,0.104066174755023
tumor_1,random,FCRLA,19659,0.005296928115269421,0.0003004657798334752,0.014572838549509063,0.00025482968953432545,0.07398051828353427
tumor_1,random,FES,19659,0.012630000266641739,0.0007581706562051316,0.03664664169444211,0.0006350611968268878,0.18601356260530488
tumor_1,random,FFAR2,19659,0.004065123551987402,0.00023004181091194222,0.010463643538072009,0.00018658219357999903,0.07016214404269983
tumor_1,random,FFAR3,19659,0.007264109109334396,0.0004193172620319587,0.019294974626603605,0.00034666670749841096,0.09072259784134018
tumor_1,random,FFAR4,19659,0.003831865653464629,0.00021963163868633312,0.010811017113639933,0.00018295742566199218,0.05818046407740894
tumor_1,random,FGF1,19659,0.0016941853839951633,9.68382642156808e-05,0.0046358178782611404,7.994751240208524e-05,0.029817285220444117
tumor_1,random,FGF12,19659,0.0036382131044582775,0.00022632784714225472,0.010743344125086676,0.00017574202378324523,0.05026611548715002
tumor_1,random,FGF13,19659,0.008196922379067604,0.0004923035281289401,0.02266300502560501,0.00039338770031022575,0.10665839764927618
tumor_1,random,FGF18,19659,0.00930180028536203,0.0005381627728134861,0.027746149862248697,0.0005110427891518061,0.16663795450115834
tumor_1,random,FGF2,19659,0.0029993055722174955,0.0001758765605298705,0.008808468739603085,0.00015197794493326821,0.04962733727692441
tumor_1,random,FGF7,19659,0.0026624025227066626,0.0001540623936177527,0.007442068208822508,0.00013413770416995216,0.044401283881695376
tumor_1,random,FGF9,19659,0.0038393807908420332,0.0002222865686603348,0.009857853681856812,0.00018890521428167238,0.047892407903603
tumor_1,random,FGFR1,19659,0.004607058053601157,0.00028331419105631823,0.012839879875782759,0.0002390614058399732,0.05885673723423054
tumor_1,random,FGFR2,19659,0.0038328791397432655,0.0002184853734638763,0.011492677977534792,0.00020086803911736095,0.05760626681070761
tumor_1,random,FGFR3,19659,0.013574887698582477,0.000804968908243814,0.03913814709775043,0.0006987645722240633,0.21505972968091708
tumor_1,random,FGG,19659,0.026014519275860452,0.001680042847299271,0.08824395215204359,0.0011278198003448212,0.7465454410230319
tumor_1,random,FGR,19659,0.003732231997762254,0.0002278905115066946,0.010875627820298217,0.00018897397581910214,0.056776289337112
tumor_1,random,FHIT,19659,0.0029136705591238507,0.0001680678881632931,0.008140856218595576,0.00014495399959037,0.04149010481444334
tumor_1,random,FKBP11,19659,0.007014233861121398,0.00040993666621249745,0.020042378853653498,0.0003319931181088321,0.09602859205178044
tumor_1,random,FKBP5,19659,0.031272529829967144,0.0018797802060376218,0.09591453304878879,0.00169018894786308,0.6959060668391251
tumor_1,random,FLT1,19659,0.003394180027048597,0.00021727259913057232,0.009971368130190542,0.00016055442060981015,0.06096993264968379
tumor_1,random,FLT3LG,19659,0.003688419548092026,0.00022364592380182452,0.010965347029630914,0.0001826550621109231,0.050063227080971676
tumor_1,random,FN1,19659,0.03570865679869496,0.0023091238609326214,0.11501458294279303,0.0018969120268745602,0.9430448890128511
tumor_1,random,FOS,19659,0.00623136781862952,0.00035609676354023004,0.017634158003078305,0.0003352855978868852,0.08953899302433485
tumor_1,random,FOXF1,19659,0.006329460397018397,0.0003485697213815164,0.016787294897675442,0.0002987552506203575,0.08204508377491651
tumor_1,random,FOXP3,19659,0.002538584615079029,0.0001460199878294863,0.007406209656987947,0.00011591009472089169,0.04204033292602051
tumor_1,random,FPR1,19659,0.004857969904271362,0.00029022633976001394,0.013590489715089324,0.00023231991283889983,0.07567170613689134
tumor_1,random,FYB1,19659,0.004912771306244294,0.0002746636854886366,0.013794834979923187,0.000237778244741677,0.07159921031397262
tumor_1,random,FYN,19659,0.0032089127248366364,0.0001777975188956877,0.008718356778637219,0.00015091402954705153,0.0472210914384003
tumor_1,random,FZD1,19659,0.004596482078354874,0.00027090734801203843,0.014139872358309297,0.00022235442492325605,0.06610316750645831
tumor_1,random,FZD3,19659,0.003200568245578216,0.00018415924359966557,0.00868678602661775,0.00016727688393160996,0.039764691695409644
tumor_1,random,FZD4,19659,0.008162350485699105,0.0004927438878397026,0.022820239346011094,0.00039450610764419063,0.12308860278838726
tumor_1,random,FZD5,19659,0.008095012634768143,0.0004962183706476429,0.024344983064371085,0.0004138736070530958,0.14192516700653568
tumor_1,random,FZD6,19659,0.006761849342704537,0.00038367116739409856,0.018507359106770333,0.00034717596642892796,0.09718898245594039
tumor_1,random,FZD7,19659,0.006853401885006989,0.0004001591433871911,0.019340593880561176,0.0003490541246292128,0.11211824015510878
tumor_1,random,FZD8,19659,0.009109227046565877,0.0005206822500778516,0.02465980981477884,0.0004546628029217445,0.13479315866698885
tumor_1,random,G0S2,19659,0.012218192527342093,0.0007432774515722673,0.03780957381187728,0.0006544040430738593,0.16647331837552762
tumor_1,random,G6PD,19659,0.02072995518746789,0.0012133197963970967,0.06406642739245143,0.0011201546044064352,0.42887315808733406
tumor_1,random,GADD45B,19659,0.011989645506701414,0.0007198460105102932,0.03511298237997631,0.0006531382008779943,0.2163291614423785
tumor_1,random,GAS6,19659,0.005708884634631823,0.0003420701319661876,0.015416510670785389,0.00027738317930446426,0.08102226123856235
tumor_1,random,GATA3,19659,0.003785833321839383,0.0002186119759889826,0.0101772502592497,0.0001845724133047106,0.05889095651586743
tumor_1,random,GC,19659,0.03449311099128447,0.002246949034262267,0.11605000447319284,0.0016331011163228987,0.9538742154408448
tumor_1,random,GCG,19659,0.003299309544433412,0.00019587082839719538,0.009452323058097834,0.00015799648985434224,0.04804451773722749
tumor_1,random,GDF15,19659,0.006599973588105566,0.0004032795054764451,0.018339442907185387,0.0003497998737793431,0.10374831616331207
tumor_1,random,GLUD1,19659,0.011425647997721864,0.0007133639926676299,0.03563282824543469,0.0005832595934729688,0.16771121997932464
tumor_1,random,GLUL,19659,0.032320266782059175,0.0022274198504290497,0.11066872016044729,0.0019333420929825993,0.8172221004916883
tumor_1,random,GNLY,19659,0.0021334199540546726,0.0001393300283625087,0.006630713442571962,0.0001141604589039544,0.028678416830511276
tumor_1,random,GPBAR1,19659,0.004766815133611489,0.00027874611778474915,0.013207833874225769,0.00023342800276229304,0.07295747006049
tumor_1,random,GPER1,19659,0.0063876510960791276,0.000359548272353703,0.01755512732461196,0.0003157675291249207,0.11141959848881973
tumor_1,random,GPNMB,19659,0.004662471724598497,0.0002900766519052754,0.01407482414960691,0.00022251242734394272,0.09016830999103619
tumor_1,random,GPR183,19659,0.001420479594724677,8.366150094758922e-05,0.004928985353724306,7.517693120467346e-05,0.03047153090752682
tumor_1,random,GPX1,19659,0.031089020349324852,0.0019050182971888127,0.09304288503641377,0.0015159816919654116,0.46499798860241165
tumor_1,random,GPX3,19659,0.030778874155816906,0.0018795087884396937,0.09080324719339831,0.00156213601945171,0.5466774633165246
tumor_1,random,GSK3B,19659,0.008802477594364016,0.0005143208591611153,0.026381246825705057,0.00045275730188488566,0.14638416263767046
tumor_1,random,GSN,19659,0.01565994503058683,0.000915307742318844,0.04512249584211171,0.0007952387319375619,0.24095133189886572
tumor_1,random,GSTP1,19659,0.018998343041150556,0.0011406929034995434,0.057117372591043644,0.0009730475661405539,0.31755731542179627
tumor_1,random,GZMA,19659,0.002132060544352043,0.00012219194334402825,0.006035182572223992,0.00010055698602167248,0.03380330966125772
tumor_1,random,GZMB,19659,0.0033658729903951377,0.0001954649675454258,0.009846222947567991,0.00016835590548740242,0.04641641077590926
tumor_1,random,GZMH,19659,0.002612182640420727,0.0001619117386758621,0.008397905406786286,0.00013442612068535937,0.05036041441028431
tumor_1,random,GZMK,19659,0.0034014636570145946,0.00018241732847086359,0.008325474954640519,0.0001527530789574492,0.04511302693941459
tumor_1,random,H2AZ1,19659,0.03243631637853742,0.0019720090822963553,0.09726113091782948,0.0017286888914781581,0.661795144198775
tumor_1,random,H4C3,19659,0.02831620792166407,0.0017658967773751257,0.08841457158717274,0.0015886275369314847,0.7532642910768316
tumor_1,random,HAVCR2,19659,0.0019289499767571106,0.00011999690922804503,0.005586510340608454,0.00010042643622684119,0.026232325184128248
tumor_1,random,HBA1,19659,0.007306601099730192,0.00045128182423117473,0.02101498625697288,0.0003575050744423399,0.10871985646892343
tumor_1,random,HBB,19659,0.00589259414050289,0.0003525953506863391,0.017006768441912873,0.0002931935610877235,0.07788876420830639
tumor_1,random,HCAR2,19659,0.006297481919745072,0.00035672986073004737,0.017138101749463803,0.00030642616979927934,0.0883074505844624
tumor_1,random,HCK,19659,0.002271108551119441,0.00014357237588929496,0.00728982555746253,0.00011137926191497321,0.043504817830647455
tumor_1,random,HCST,19659,0.0045407213527193626,0.0002557521873192853,0.01290539498922003,0.00021481734214086852,0.07216796413273079
tumor_1,random,HDAC1,19659,0.01294493917111457,0.0007509749086333446,0.03676801546210493,0.0006428859514440396,0.19446396740299793
tumor_1,random,HDAC11,19659,0.006527501150025178,0.00038369284176506736,0.017970598240962258,0.00033135042561140707,0.08781833105585872
tumor_1,random,HDAC3,19659,0.010347524923371206,0.0006141486331236976,0.029820992821759595,0.000517999175719557,0.1442482690654579
tumor_1,random,HDAC4,19659,0.008492408968860516,0.00048470215186020247,0.02317180350799292,0.00041883964432662353,0.1312429126546799
tumor_1,random,HDAC5,19659,0.006967936141138026,0.00041139975866596676,0.019800707238024864,0.00035548167158784826,0.1064802503355368
tumor_1,random,HEXB,19659,0.008806663839376446,0.0005097632689079702,0.025583385125978787,0.00042717515622923394,0.11365683781186109
tumor_1,random,HEY1,19659,0.005129806678073252,0.0003026191998214989,0.014753012161598075,0.00025998258425597565,0.07681511862451926
tumor_1,random,HGF,19659,0.0027883008609257865,0.00016105881416261455,0.007128099435688829,0.00013596730904988849,0.03648072626406659
tumor_1,random,HIF1A,19659,0.018514571533645892,0.0010860736048497605,0.05446246220222445,0.000963707198836283,0.2992196446812921
tumor_1,random,HILPDA,19659,0.009452254062037065,0.0005796328155598518,0.027473290794321946,0.0004734156135030249,0.1481695894286834
tumor_1,random,HLA.A,19659,0.04171039892244597,0.00269191743548176,0.12839901616078284,0.002272020728145727,0.7754725987313498
tumor_1,random,HLA.DPA1,19659,0.02657934382602436,0.0016045497194380543,0.08051998619427218,0.001374434788841017,0.5573554328027928
tumor_1,random,HLA.DPB1,19659,0.015406730628445775,0.0009212239976076854,0.044756418387354176,0.0007845794163346919,0.26403105659226617
tumor_1,random,HLA.DQA1,19659,0.011681963044606569,0.0006848208844363742,0.0345314213022822,0.0005825205718428582,0.25239443278840357
tumor_1,random,HLA.DQB1,19659,0.027780120702201462,0.0016905158700096488,0.08224009185104413,0.0014279905819735875,0.5152299079122293
tumor_1,random,HLA.DRA,19659,0.025051447850167358,0.0015129364801518869,0.07684769113260304,0.0012898054716495681,0.5532995905790727
tumor_1,random,HLA.DRB1,19659,0.03227003716178524,0.0019681989476963693,0.09770400883730161,0.0016424626561142121,0.7020925945052294
tumor_1,random,HMGB2,19659,0.015743210714428038,0.0009265775044466849,0.04580699061837665,0.0008209610586369987,0.28525013128473314
tumor_1,random,HMGCS1,19659,0.01176089420802374,0.0007127787869568359,0.037979359744502575,0.0006116578559887835,0.18541716125340987
tumor_1,random,HMGN2,19659,0.03791113816588447,0.0022934119924216925,0.11663083125321198,0.0020370685944781203,0.8362050446965368
tumor_1,random,HPGDS,19659,0.004211553656529506,0.00024518359924515816,0.011704579053780258,0.00022164940591085902,0.05931752511481007
tumor_1,random,HSD17B2,19659,0.013804389956702908,0.000826511872360501,0.0387364416802347,0.0006692534332211142,0.1683394483035368
tumor_1,random,HSP90AA1,19659,0.03327265634128322,0.0020444213525230228,0.10450671555169928,0.0017548539569738964,0.6471574700082464
tumor_1,random,HSP90AB1,19659,0.032805910321898876,0.002019022932357504,0.10188996517330624,0.0017295255547610292,0.6475244513155772
tumor_1,random,HSP90B1,19659,0.032503683029054486,0.001989192249799883,0.09741988956233846,0.0016353035005016805,0.6265184528711624
tumor_1,random,HSPA1A,19659,0.02538510429699379,0.0014936057195784537,0.07485409377709283,0.0012860689069773522,0.4386560542961183
tumor_1,random,HSPB1,19659,0.02948053505669519,0.0017608118589555839,0.08855207288630935,0.0015501601111187627,0.5350978003251806
tumor_1,random,HSPG2,19659,0.015343417413636956,0.0008820661966764417,0.043615843935360034,0.000802447065910687,0.2634572660384219
tumor_1,random,HTT,19659,0.0044909086349573316,0.00025576799785907977,0.012978854681685392,0.00022222105728552912,0.06175811904684927
tumor_1,random,IAPP,19659,0.0028091376734426313,0.0001673136440216744,0.007396546660606153,0.00013141425080916676,0.03874890920603521
tumor_1,random,ICA1,19659,0.005188790181944257,0.0003019333560069582,0.014215733199104444,0.0002472461496846276,0.07076406868965512
tumor_1,random,ICAM1,19659,0.003626337301345998,0.00021171558572564422,0.009516428431863266,0.0001694041929111866,0.06327248555794997
tumor_1,random,ICAM2,19659,0.00464983102512582,0.00025673520446470896,0.012471483402372297,0.00021809494121294374,0.06691801191020166
tumor_1,random,ICAM3,19659,0.004709749586183433,0.00028566667678827994,0.014000737794448343,0.00023315135471818434,0.06669572781118524
tumor_1,random,ICOS,19659,0.0032587448487574563,0.00019246740999689634,0.009055852573746807,0.00014822943788307097,0.04778707766870218
tumor_1,random,ICOSLG,19659,0.007238941015410607,0.0004195109026808162,0.019588110668564477,0.0003556190231694167,0.09464570715153657
tumor_1,random,IDO1,19659,0.001462786007746262,7.920462603933151e-05,0.004427197086462545,7.039037594485295e-05,0.023465919869058334
tumor_1,random,IER3,19659,0.008951052365039548,0.0005253802546513364,0.025366384712046643,0.00047123981704291713,0.13330827659027109
tumor_1,random,IFI27,19659,0.03284035769703232,0.002033189214305036,0.10103826939904655,0.001768135091205456,0.6540962172476609
tumor_1,random,IFI44L,19659,0.006268336683887124,0.0003908460640965445,0.01821424359039004,0.00032589894198558315,0.07252527235939743
tumor_1,random,IFI6,19659,0.035401172711524306,0.0022166194782877154,0.10796414402693137,0.0017113109658668986,0.7044805655757655
tumor_1,random,IFIH1,19659,0.006407817795966868,0.0003861113550503771,0.017676602965117062,0.0003364837838325388,0.09692389739721934
tumor_1,random,IFIT1,19659,0.003028035822001697,0.00019213656638686596,0.008470433617940282,0.00015250543691420844,0.037795343706318006
tumor_1,random,IFIT3,19659,0.0039131854575583476,0.00025508366999295274,0.01175669230701883,0.0002018481934516911,0.05903457304594686
tumor_1,random,IFITM1,19659,0.006946438170094113,0.00041781202930478385,0.019867925107685362,0.0003541708243122053,0.10347717522071764
tumor_1,random,IFITM3,19659,0.03339806280472493,0.002030604663446999,0.10153395551532504,0.0017204957977699064,0.614222824742236
tumor_1,random,IFNA1,19659,0.004079140049893678,0.00022717512694748042,0.011516968431379497,0.00019767564929325343,0.05961896431634944
tumor_1,random,IFNAR1,19659,0.009356683476069015,0.0005528952388747461,0.02689808207114644,0.0004544762613064012,0.12281657800106442
tumor_1,random,IFNAR2,19659,0.0090681034486947,0.0005173298689802184,0.026484074425683245,0.00046437324368849746,0.13152922398224115
tumor_1,random,IFNG,19659,0.001912751546929918,0.00010818395633603879,0.005671200739327134,9.371683674029903e-05,0.03338776115426691
tumor_1,random,IFNGR1,19659,0.012165962201611608,0.0007222718184741731,0.035378968292908194,0.0006357992241474214,0.17868306362860273
tumor_1,random,IFNGR2,19659,0.008646329913436729,0.0005101839429248635,0.02485228867826079,0.0004366065848498106,0.12720993240770406
tumor_1,random,IFNL3,19659,0.005253196161503169,0.000313441253907969,0.01481616527266208,0.0002663958894676717,0.07476612154390676
tumor_1,random,IGF1,19659,0.006799145408470819,0.000418575801715457,0.020040691456656056,0.00031284177725114887,0.10536252805720014
tumor_1,random,IGF1R,19659,0.001367612682532869,8.749317959906077e-05,0.004284985852537925,6.313565607385869e-05,0.02578105281511252
tumor_1,random,IGF2,19659,0.0037242321906446178,0.00020781141278600716,0.012238798496311546,0.00016806172787996578,0.04917150452060363
tumor_1,random,IGF2R,19659,0.014520181403958568,0.0008708152814786115,0.042733553742267893,0.0007405880457661797,0.2173242596290153
tumor_1,random,IGFBP3,19659,0.010146437647963136,0.0006333416437863745,0.02944640061740299,0.0005361458727754416,0.1921249912457714
tumor_1,random,IGFBP5,19659,0.00875525110533339,0.000489697531047502,0.02625382691072244,0.00040774622807787214,0.1471086319445989
tumor_1,random,IGFBP6,19659,0.005786945847263353,0.0003433698436536513,0.01590186878538543,0.0002900026615090021,0.08201374844995711
tumor_1,random,IGFBP7,19659,0.009552816240002973,0.0005615280382472667,0.029468931640093343,0.0005291437746354246,0.15996949564910512
tumor_1,random,IGHA1,19659,0.0050313675420820105,0.00032114442642947646,0.01491949388234246,0.000259366000883504,0.07367436420085778
tumor_1,random,IGHD,19659,0.0050716222090200075,0.0003047225146486622,0.013851677534802464,0.00024982426668219255,0.0817691652079886
tumor_1,random,IGHG1,19659,0.006281404228913878,0.0003801282191117097,0.01847715903472153,0.0003104933013795089,0.10908676105539294
tumor_1,random,IGHG2,19659,0.0045465430291064,0.0002719571176412155,0.013268159641021352,0.00021754570711784201,0.08419682964206546
tumor_1,random,IGHM,19659,0.006408676263442925,0.00037274254126764764,0.018309438473650578,0.0003450115968426095,0.09465543594781042
tumor_1,random,IGKC,19659,0.007696952569228854,0.000486991428902288,0.022186665826342235,0.000403857053176863,0.1078364496214729
tumor_1,random,IKZF3,19659,0.0030741537326801982,0.00016875752801584693,0.007302060368116918,0.00014182275394814035,0.05055561160395637
tumor_1,random,IL10,19659,0.004746443397911778,0.00025408708914834366,0.012542842523093895,0.00021957850727269355,0.07829899012604447
tumor_1,random,IL10RA,19659,0.0014109447634935203,0.00010060977129601147,0.004545010491385863,7.144351170397679e-05,0.024058804580278696
tumor_1,random,IL10RB,19659,0.006820787290202426,0.00039970199100813,0.01897440472744897,0.0003380705140121081,0.11928475941592334
tumor_1,random,IL11,19659,0.0032337465176554094,0.00019195359634615144,0.009492287524296542,0.00015055379140474663,0.06921142623269205
tumor_1,random,IL11RA,19659,0.0051530699598140535,0.00029609253417303385,0.014639553634369399,0.0002469053417423445,0.07625254898982818
tumor_1,random,IL12A,19659,0.0023289563627427066,0.00012340624512947589,0.0062524100931631256,0.0001073341062053798,0.036736338968694625
tumor_1,random,IL12B,19659,0.004534868617089242,0.0002494874554209997,0.012252443674687445,0.0002135988841956361,0.06337656215570686
tumor_1,random,IL12RB1,19659,0.0017856654979393181,0.00011411231293512006,0.005698040285902345,9.289659160434987e-05,0.04256755032497922
tumor_1,random,IL12RB2,19659,0.00224263259907083,0.00012580662658306986,0.005998322551616086,0.00010250562564352086,0.045247908108168367
tumor_1,random,IL13RA1,19659,0.012821739146045253,0.0007403903782642312,0.03663836009359857,0.0006363137053128341,0.21359685730915098
tumor_1,random,IL15,19659,0.002167605902632776,0.00013009549336790365,0.006341835657311168,0.00011427000857085637,0.042312331571981415
tumor_1,random,IL15RA,19659,0.008148739118638948,0.0004861665430745029,0.02305252408249511,0.00040852401904006527,0.11652068755942731
tumor_1,random,IL16,19659,0.0031506684381552496,0.00019051935453608638,0.00983755697228431,0.00016000098853542562,0.048747612886245587
tumor_1,random,IL17A,19659,0.002955131515150613,0.0001740383680133917,0.008053063285999007,0.000141253461238698,0.0506333989932776
tumor_1,random,IL17B,19659,0.0025889270251419857,0.00015483621556224594,0.007234341519684326,0.0001277060366621174,0.05098584657961166
tumor_1,random,IL17D,19659,0.004539555176133042,0.0002759111082632596,0.01244167845787974,0.00023036889259000665,0.06613199241782718
tumor_1,random,IL17RA,19659,0.008118278534077757,0.00046886372066757306,0.022901381494399603,0.000394230566980573,0.12299740263432501
tumor_1,random,IL17RB,19659,0.0072911094722499905,0.000416906253751474,0.020757663755187936,0.00036630226420893846,0.08754395151204022
tumor_1,random,IL17RE,19659,0.003259144513610792,0.00017600721799504847,0.008719910529684544,0.00016114266172623107,0.05048804103454807
tumor_1,random,IL18,19659,0.003607801257103471,0.00020456188771705494,0.010024478728978605,0.0001816832084951601,0.042967764032021
tumor_1,random,IL18R1,19659,0.0036261817921235196,0.0002026318102387623,0.009822282201027191,0.00018054641608742888,0.04714856027013301
tumor_1,random,IL1A,19659,0.003969126657704903,0.0002318364382964196,0.010566147155757497,0.00018655828184033994,0.0712709739449729
tumor_1,random,IL1B,19659,0.003202343636946905,0.0001759815565952068,0.008917802472857655,0.00015855999739073346,0.062006939633486594
tumor_1,random,IL1R1,19659,0.0075232797826497375,0.00044374836948335596,0.021513290930965923,0.0003854746751227354,0.10321114406105888
tumor_1,random,IL1R2,19659,0.0023703229324550596,0.0001231219374838572,0.00650798443791206,0.00010731556243320747,0.04846547487791553
tumor_1,random,IL1RAP,19659,0.008200860211082411,0.0005027002251523289,0.024440600622126614,0.00042725238585237786,0.14302898444166162
tumor_1,random,IL1RL1,19659,0.002095584047908299,0.00012365891354843329,0.005845697680892209,0.00010398937280493151,0.027557059498891333
tumor_1,random,IL1RN,19659,0.005768482969413713,0.00034298930567032887,0.01633043524747264,0.0002909815636306751,0.09446524421832217
tumor_1,random,IL2,19659,0.0018656652830661463,0.00010769220512661412,0.005503050461965277,0.00010096688166390454,0.02744784873235364
tumor_1,random,IL20,19659,0.003688380874742094,0.00021776822648752922,0.009909058448091718,0.00017351898159022984,0.05613957675894295
tumor_1,random,IL20RA,19659,0.002409864276118118,0.00014709592004773404,0.006880159960772889,0.00012603127219946387,0.03192513909444374
tumor_1,random,IL22RA1,19659,0.0017123224230051505,0.00010275378817193188,0.005372675187666468,8.323148793163882e-05,0.02335066940404839
tumor_1,random,IL23A,19659,0.0027698701274670745,0.0001586884051088774,0.007927750088949083,0.000135186322449603,0.04472337881688419
tumor_1,random,IL24,19659,0.005455772294058639,0.00031694065159599145,0.014803273694010258,0.0002803152931255994,0.07464945253108535
tumor_1,random,IL27RA,19659,0.0034889410231744708,0.0001943919468367832,0.009313445337587805,0.00016000944750649133,0.06266152181791686
tumor_1,random,IL2RA,19659,0.0033397481222310356,0.0001916124195295689,0.009380529580956259,0.00016471648205012947,0.04042871354591303
tumor_1,random,IL2RB,19659,0.0018221358485772672,0.00012014850154386197,0.005200306953039615,8.427672370463295e-05,0.03892991614590825
tumor_1,random,IL2RG,19659,0.024278589553018315,0.0014381073799084932,0.07489493111853116,0.0012984959144917185,0.5110357754204349
tumor_1,random,IL32,19659,0.03704142184145728,0.0024052929721485746,0.11872361327206324,0.002043075609576001,0.8220507917902034
tumor_1,random,IL33,19659,0.004297972202209452,0.0002518436226185222,0.011796695730938198,0.00021171174470691073,0.05195404901060239
tumor_1,random,IL34,19659,0.010537125199897556,0.0006058108468551213,0.02919848112404392,0.0005371522683350526,0.16788779008927837
tumor_1,random,IL36G,19659,0.0034628623767643508,0.0001990640888195094,0.009194563609781988,0.0001650421747848907,0.04485715189095641
tumor_1,random,IL3RA,19659,0.003248643881148024,0.0001859431035889657,0.008815518873782322,0.00016431485346460252,0.04037768085449819
tumor_1,random,IL4R,19659,0.007015876491689619,0.00040052149037592724,0.018880792812194753,0.00034600852609324175,0.08525338325383122
tumor_1,random,IL6,19659,0.0032626427654534147,0.00019302870972569638,0.008972901267823515,0.00015944731603875553,0.056707634729930734
tumor_1,random,IL6R,19659,0.020125697448276834,0.0012120414085692844,0.0605395188626419,0.0010563077520824842,0.3778421399879051
tumor_1,random,IL6ST,19659,0.01968523528315036,0.0011691862896833292,0.05977135454703878,0.0010307873715084564,0.3858797778830934
tumor_1,random,IL7,19659,0.0031741051962657424,0.00017748378912125058,0.008571396894164408,0.0001548583836959883,0.039565314839326036
tumor_1,random,IL7R,19659,0.002535424129977262,0.0001420180515288549,0.007777750928826023,0.00012988527068458797,0.037038612913081095
tumor_1,random,INHA,19659,0.011190576043127383,0.0006580051615150322,0.031106672168526146,0.0005509592374853404,0.16717360264466286
tumor_1,random,INHBA,19659,0.0037655738320223806,0.000216428825869926,0.010728130749476003,0.00018689448267670885,0.06406303314386196
tumor_1,random,INHBB,19659,0.004604925524586078,0.0002853338712885859,0.013552706764876507,0.00022179814837512983,0.059950221433463124
tumor_1,random,INS,19659,0.0024032540066567833,0.0001447512675821206,0.006674702381886198,0.00011858472535890413,0.04012930966144816
tumor_1,random,INSIG1,19659,0.0066522330092079075,0.0004050512749657032,0.02290774369288299,0.0003326928820421181,0.09465239915480897
tumor_1,random,INSR,19659,0.010429981663386151,0.0006094299776207381,0.02941489777739937,0.0005412383277850729,0.15872019462488846
tumor_1,random,IRF3,19659,0.013770776299335371,0.0008038438920164795,0.03946862305101462,0.0007043003847536754,0.21628603261802404
tumor_1,random,IRF4,19659,0.004147412108950113,0.00022318035887409322,0.010908398538051154,0.00018115846068273087,0.05921697032797496
tumor_1,random,ISG15,19659,0.013730870752916891,0.0008537683855107722,0.040879703883806115,0.0006951249768901627,0.2102203994282461
tumor_1,random,ITGA1,19659,0.0088228955191108,0.000523403079068655,0.026557084270710567,0.0004610512045090532,0.13699436977237714
tumor_1,random,ITGA2,19659,0.003361572506898896,0.00018827304427496242,0.00877826739489362,0.0001592812706842345,0.046710762403373976
tumor_1,random,ITGA3,19659,0.005967604817100692,0.000358401054695291,0.017421411205187542,0.0003190744927084452,0.08403928906691419
tumor_1,random,ITGA5,19659,0.011607468045764959,0.0006877531779816002,0.03307335974207343,0.0006118572270979079,0.2241596241716067
tumor_1,random,ITGA6,19659,0.007565770038077212,0.0004412416822823455,0.02160656159852674,0.00040237035261369067,0.11096761081028875
tumor_1,random,ITGA8,19659,0.0018961261699412095,0.00012054181385546808,0.005834358324188238,9.419898494114158e-05,0.023299009997506608
tumor_1,random,ITGA9,19659,0.0035251652164396755,0.00018427928147601546,0.008752497170230194,0.0001665447258625297,0.03824137204540647
tumor_1,random,ITGAE,19659,0.0012762972499410245,7.375977141419718e-05,0.0037505597633936557,6.446913844152747e-05,0.02449044032636407
tumor_1,random,ITGAL,19659,0.003940867736442548,0.0002287392109007666,0.010830079266669113,0.00018567694170351726,0.04199210134189248
tumor_1,random,ITGAM,19659,0.007571767306290248,0.000440109286488088,0.021092164893515827,0.00038130181853859944,0.10418760588286942
tumor_1,random,ITGAV,19659,0.021268871603386294,0.0012499961528244705,0.06112765618974442,0.0011007920533513936,0.35166587950831485
tumor_1,random,ITGAX,19659,0.004875182750041681,0.00028205673085987364,0.013256733311295019,0.00023740472597327545,0.07931597144934241
tumor_1,random,ITGB1,19659,0.021210873621746687,0.0012553607156588745,0.06208863684089788,0.0010669621709582565,0.3389478443613073
tumor_1,random,ITGB2,19659,0.005562992241052429,0.00033319897115632364,0.016448276912495723,0.0002720780364144989,0.1036395156156753
tumor_1,random,ITGB4,19659,0.003362757504086602,0.00020433196138028235,0.010005508298425276,0.00017109713577060566,0.04273951445191883
tumor_1,random,ITGB5,19659,0.012035462604711037,0.0006952219380229638,0.03407714447989401,0.0006147461739234569,0.18872500485404772
tumor_1,random,ITGB6,19659,0.0016692634595465098,9.421181165230693e-05,0.004202133302570066,7.169549935304769e-05,0.01901268772034214
tumor_1,random,ITGB8,19659,0.004186595801874792,0.0002445987112166896,0.01181327878309514,0.00021446516082429705,0.0698272651143224
tumor_1,random,ITK,19659,0.0022847641174443146,0.0001286061959153418,0.0067243898912181885,0.00011173406591654437,0.0416267601379064
tumor_1,random,ITM2A,19659,0.002873726348952198,0.0001641287249966725,0.00778389591882383,0.0001376909195227626,0.050068641578446406
tumor_1,random,ITM2B,19659,0.03157911271827453,0.0019197068657968268,0.09762765011405802,0.001727266810133469,0.5917714986718156
tumor_1,random,JAG1,19659,0.008893767283014069,0.0005049763157825663,0.02744428347297829,0.0004902463677889945,0.17321071701678076
tumor_1,random,JAK1,19659,0.01576075935014558,0.0009327626058829347,0.04535926203423455,0.0008207052290207348,0.2304466729308537
tumor_1,random,JAK2,19659,0.002550031889233424,0.00014387271677418498,0.00702899184313521,0.00011766516398704364,0.025008426251563614
tumor_1,random,JCHAIN,19659,0.002213820217218866,0.00013268184926276143,0.007080437396239187,0.00011725596846338399,0.030420667172215442
tumor_1,random,JUN,19659,0.029583541587817723,0.0018323103700240342,0.09056248556167548,0.001699128891507908,0.6284261482664772
tumor_1,random,JUNB,19659,0.008739709600983794,0.0005366664229857937,0.026341185045502334,0.0004607999526212998,0.14433378006395184
tumor_1,random,KDR,19659,0.005723206814164559,0.0003386113374285022,0.015778696724585116,0.0002882513643613221,0.06856987305358409
tumor_1,random,KIT,19659,0.004070507888268376,0.0002447815982151758,0.011578766700909132,0.0002031514481884059,0.05552908501303714
tumor_1,random,KITLG,19659,0.0057269812450053545,0.0003386003523420456,0.015778987396533467,0.00028467154443966155,0.08098857301509506
tumor_1,random,KLF2,19659,0.002987156323711818,0.00016533301722620287,0.008011256453910928,0.0001489901864436272,0.04551518634281558
tumor_1,random,KLK3,19659,0.0033295581686042853,0.00018871104296808475,0.009624605961227347,0.00016069173489398757,0.05459493848061762
tumor_1,random,KLRB1,19659,0.003017270480878047,0.00017044953413381718,0.00825829202973148,0.00014679426617028666,0.0408483983836882
tumor_1,random,KLRF1,19659,0.001894206463583043,0.0001111713252766408,0.0063107027641296064,0.00010244117113674349,0.03936969781427696
tumor_1,random,KLRK1,19659,0.002570372040100838,0.00015612509618542585,0.007340439649527508,0.00013617802853328138,0.037050461505016195
tumor_1,random,KRAS,19659,0.008298543251610915,0.0004908248276108621,0.02360513315948258,0.0004257471445480913,0.11223082368579011
tumor_1,random,KRT1,19659,0.003416067014088635,0.00020312279176000727,0.009740256413182975,0.00017089793646615146,0.04527684223291918
tumor_1,random,KRT10,19659,0.002468532958296343,0.00014905579337389058,0.00733105134185959,0.00012664818005546062,0.040855966954845876
tumor_1,random,KRT13,19659,0.0015672094159590408,9.209911331069029e-05,0.004529933037929981,7.252320561038028e-05,0.026974770038107422
tumor_1,random,KRT14,19659,0.0027075841793227375,0.0001608016279624729,0.007897826940070619,0.00013969764089306498,0.04058899892627422
tumor_1,random,KRT15,19659,0.007740552431812206,0.0004579697876924114,0.022097388802640006,0.0003911154034084531,0.10855712579406736
tumor_1,random,KRT16,19659,0.009687383241218686,0.0005644888462320428,0.027707346002838234,0.0004431314491998225,0.12989856867940883
tumor_1,random,KRT17,19659,0.009483933016936199,0.0005548828498375533,0.02581512080732885,0.00044404923548498363,0.1385833682446766
tumor_1,random,KRT18,19659,0.029481129393865907,0.0018084052093331829,0.09115722615608066,0.001599093653281483,0.603464672398478
tumor_1,random,KRT19,19659,0.007469969645943741,0.0004234392603758051,0.021280853795881093,0.0004097452206459333,0.1508098061016208
tumor_1,random,KRT20,19659,0.007079326776630641,0.00039513322085899243,0.020749754899176357,0.0003481390204392644,0.09365542731850562
tumor_1,random,KRT23,19659,0.0031359394171468344,0.00017701716694798526,0.00846217143469158,0.00014839934181180842,0.050096745251053586
tumor_1,random,KRT4,19659,0.0029062103718497704,0.00015473455774679071,0.007430905318219517,0.00012753285278518234,0.03845122589297043
tumor_1,random,KRT5,19659,0.0031707734505712396,0.00017714983250550562,0.00837383388001198,0.00015380634366007044,0.04373842132981435
tumor_1,random,KRT6A,19659,0.0048141054749923536,0.0002753294011687041,0.013549299447182469,0.00022588534451842748,0.08914879751201142
tumor_1,random,KRT7,19659,0.004359022797305586,0.00023792248469961484,0.0118933101903517,0.00021549445715015347,0.05836406261567072
tumor_1,random,KRT8,19659,0.03472955177801117,0.0021825975171186856,0.10888689759423702,0.002009998788404757,0.7504205180162303
tumor_1,random,KRT80,19659,0.003295824886400339,0.00018567122078615682,0.009205256591438398,0.00016501857899785176,0.04014323026059591
tumor_1,random,KRT86,19659,0.006308342040765101,0.00037186227727251293,0.016826875798190654,0.000314942602247863,0.10350395527118102
tumor_1,random,LAG3,19659,0.003601088971981601,0.00021925310208412987,0.009995843659014039,0.00017519685838730722,0.060337744522289925
tumor_1,random,LAIR1,19659,0.0034300367393043383,0.00020734164377750322,0.010509053369903211,0.00016354196883852624,0.05125093122561175
tumor_1,random,LAMA4,19659,0.0035096314596573613,0.0002141193545427383,0.009900120006934559,0.0001693571235137046,0.0447739514061419
tumor_1,random,LAMP2,19659,0.02879006600107279,0.001806641530281218,0.08825109724047393,0.0015264185851653564,0.5439396702672614
tumor_1,random,LAMP3,19659,0.001745534389731682,0.00010269989706486205,0.005569037406639139,8.692056433335408e-05,0.04054866437463036
tumor_1,random,LCN2,19659,0.00464892624018831,0.00027998913603481874,0.013488160516469972,0.00023545969662039953,0.05965011434309684
tumor_1,random,LDB2,19659,0.0033580022443766575,0.00018912671712681482,0.009549284655647403,0.00015911926088659446,0.044995621377819386
tumor_1,random,LDHA,19659,0.018707123745273183,0.0011571578688507238,0.06337871869069608,0.001091322721211168,0.45903531156193855
tumor_1,random,LDLR,19659,0.004351273954703985,0.0002699526574797735,0.013373251755063511,0.00024268187094596876,0.0809473504706509
tumor_1,random,LEFTY1,19659,0.0052323702686309995,0.00030203573235659803,0.013935530792094256,0.00024867785128821623,0.07909529795366158
tumor_1,random,LEP,19659,0.003337497831372895,0.00018492441272512425,0.009193798712400683,0.00016019519388003035,0.04790685788701557
tumor_1,random,LGALS1,19659,0.02103449867681477,0.0012216737888568622,0.06010335589342588,0.0010235813463855589,0.38217201493400965
tumor_1,random,LGALS3,19659,0.01833277998871207,0.0010922587009292199,0.05464885910308108,0.0009520398240016219,0.3103863824982147
tumor_1,random,LGALS3BP,19659,0.02838610285320617,0.0017391318083536751,0.08496724449766935,0.0014644964135264514,0.510293070847277
tumor_1,random,LGALS9,19659,0.015976708867542665,0.0009635271346712404,0.04640353451855263,0.000843331600789456,0.23649111750114452
tumor_1,random,LGR5,19659,0.002547135238872862,0.00014419130384533805,0.006582501727424051,0.00012699408575178505,0.037317897868363675
tumor_1,random,LIF,19659,0.0011914557052691039,5.666404713914373e-05,0.0030814324006993668,5.531578312335784e-05,0.029664605349378658
tumor_1,random,LIFR,19659,0.00371965399006569,0.00020539504888410676,0.00992502446878885,0.00018104984132917126,0.050317849323058106
tumor_1,random,LINC01781,19659,0.0021036738354103593,0.00013228203878299237,0.006538234029011993,0.00010385407405998704,0.041665828917400075
tumor_1,random,LINC01857,19659,0.003923806339702063,0.00021794937750295736,0.010347430375872,0.0001777624336272411,0.05834434501604626
tumor_1,random,LINC02446,19659,0.0030291180826412427,0.00016418885051318197,0.007940316348432284,0.00015190307793001989,0.039762336880181985
tumor_1,random,LMNA,19659,0.017695724682054235,0.0010593082768934883,0.05082904656353571,0.0008879141585062647,0.27832325127087154
tumor_1,random,LPAR5,19659,0.004061337372786386,0.00024899617070324703,0.011241236559680378,0.00020763579992178366,0.0602739928955784
tumor_1,random,LTB,19659,0.009422726817065708,0.0005548976402170809,0.026002290506352953,0.0004598758469709442,0.12453259288122731
tumor_1,random,LTBR,19659,0.011466634605292882,0.0006799771229802676,0.03353618431741714,0.0006120844609968817,0.18284264561064226
tumor_1,random,LTF,19659,0.0013097646557197985,7.512993723562875e-05,0.003963665955806951,6.152230495827459e-05,0.026085235506090265
tumor_1,random,LUM,19659,0.004864123762607062,0.00027847712218914813,0.01325798165144087,0.0002459119340565894,0.05343526495296809
tumor_1,random,LY6D,19659,0.004512552598532905,0.0002471436095737741,0.012598191444890008,0.00021984336617697012,0.06224268703226117
tumor_1,random,LY75,19659,0.0027717256930653556,0.0001563010076312912,0.007632458239815664,0.0001356489614215959,0.051543467878840975
tumor_1,random,LYN,19659,0.0030663653288917356,0.00018182931919116707,0.009036558590100479,0.00015108217801064266,0.05110210301060607
tumor_1,random,LYVE1,19659,0.0020494468336241497,0.00011244078975138027,0.005692215717869806,9.439669579846153e-05,0.029663561896504532
tumor_1,random,LYZ,19659,0.006348062676178941,0.0004233979903904883,0.02218982876873819,0.00032270973384101613,0.18590932892018783
tumor_1,random,MAF,19659,0.024479046122107172,0.0014958761429015616,0.0717910590344395,0.0012525995417031516,0.39030663687669964
tumor_1,random,MALAT1,19659,0.03815317935493949,0.0025793153920730936,0.1200464079429427,0.0021514625967901276,1.2069494943540855
tumor_1,random,MAML2,19659,0.0035910093272936267,0.0002151122053912468,0.009844831617209298,0.00017817636196620462,0.04276087047984658
tumor_1,random,MAP1LC3B,19659,0.018254129935986962,0.001083669225307267,0.05332402833895898,0.0009143188255767094,0.2628388275222455
tumor_1,random,MAP2K1,19659,0.0078119453690298785,0.00046645579159812364,0.0226518960972782,0.00039722879744684663,0.11329504471131986
tumor_1,random,MAPK13,19659,0.0099756287226192,0.0005782178188827813,0.027086506348331246,0.0004946811544987652,0.15109747388438172
tumor_1,random,MAPK14,19659,0.013561581696409569,0.000787180593430226,0.03971858689222479,0.0007107481414495674,0.22313154198189075
tumor_1,random,MARCKSL1,19659,0.0258409735724416,0.0015609699746096546,0.07778619063597073,0.0013744103763308456,0.43742302949069733
tumor_1,random,MARCO,19659,0.0017063818874154142,0.00013284988641131258,0.0068854384154314035,0.00011778963215668405,0.026034665588004186
tumor_1,random,MB,19659,0.0034192426793374004,0.00021217606695843864,0.01103325941966887,0.00018591507761113435,0.055102240786900195
tumor_1,random,MECOM,19659,0.008927795548002224,0.0005150465629836408,0.026817982702733133,0.00047205114423075,0.14781424924973938
tumor_1,random,MEG3,19659,0.003535723136449436,0.0002039828430093371,0.00990087891679144,0.00016856398616967635,0.05067277230425821
tumor_1,random,MERTK,19659,0.0077746250019882735,0.0004561368269760081,0.022106231327592735,0.0003838076478467198,0.09702667275237321
tumor_1,random,MET,19659,0.004470939710170631,0.0002508725126896206,0.012889924605899883,0.00022731512249789062,0.07497622486770214
tumor_1,random,MFAP5,19659,0.0029850583005798575,0.00016659561022882587,0.008059308530407346,0.0001326075599087729,0.03877838212451109
tumor_1,random,MGP,19659,0.006319436987258826,0.00036462412207155764,0.017778348553879043,0.00030937838778304983,0.10260723538476865
tumor_1,random,MIF,19659,0.034293164972506195,0.0022643465442749996,0.11243753086093262,0.001978111804342228,0.7091472070884501
tumor_1,random,MIR4435.2HG,19659,0.005060209963630158,0.00029593117617109354,0.013668694954952074,0.0002532572818386719,0.07456357412641929
tumor_1,random,MKI67,19659,0.003607220979745868,0.00022194016436187695,0.010841963327683505,0.0001946394295400344,0.05914005951497712
tumor_1,random,MMP1,19659,0.00553588114766833,0.00033479270614875323,0.016315970235439355,0.0002858787910856822,0.08896727463821563
tumor_1,random,MMP12,19659,0.003317741355181534,0.000184456295004942,0.008766026028446495,0.00015885861299455792,0.04568937380012824
tumor_1,random,MMP14,19659,0.013993457370776688,0.0008325239907975058,0.040477766412943886,0.0007355429114475187,0.2010204655470246
tumor_1,random,MMP19,19659,0.0036555265080011495,0.00021498438684456418,0.009543310364859805,0.0001765630828543014,0.054279877453521044
tumor_1,random,MMP2,19659,0.00322844864264253,0.0001844518418058673,0.008809864372014526,0.0001490796642609491,0.050428571883920636
tumor_1,random,MMP7,19659,0.004689518022927033,0.0002688282300263235,0.013633821106970045,0.00023576936756278396,0.07016764858207336
tumor_1,random,MMP9,19659,0.0034594985964950626,0.0001847140651634161,0.009215012102759636,0.0001525125666505961,0.05913806184925726
tumor_1,random,MPO,19659,0.004050663924264901,0.0002461634730476583,0.0118265024828676,0.00019228747534566436,0.05962454415902242
tumor_1,random,MRC1,19659,0.003399773751007893,0.00019667949465088132,0.009938004885364959,0.0001688777930375183,0.04940987221496686
tumor_1,random,MRC2,19659,0.003986240562349611,0.0002477942944682449,0.011595173971900404,0.00020242028263614786,0.06508023269618755
tumor_1,random,MS4A1,19659,0.0025095230434066212,0.0001509059929510616,0.006959563249729609,0.0001198376090288739,0.03918066347905271
tumor_1,random,MS4A4A,19659,0.002282193300876907,0.0001382591955941903,0.006780973234324222,0.00010846076446456172,0.04168143495193743
tumor_1,random,MS4A6A,19659,0.004494135058725394,0.00028562726951300636,0.013987850029095594,0.00020929594819817533,0.09100896546298623
tumor_1,random,MSMB,19659,0.0025530393141158826,0.00013719445824224158,0.006277504041158047,0.00011028399096577258,0.040067363494938425
tumor_1,random,MSR1,19659,0.004750387412473171,0.0002845180950155565,0.013856051941163492,0.00022148875194247437,0.0770913462321389
tumor_1,random,MST1R,19659,0.004900106901558847,0.00028708849591657057,0.013696112822841892,0.0002461396884107481,0.061056801650213446
tumor_1,random,MT1X,19659,0.01004610033538601,0.0005523662305736363,0.03012520221404849,0.0005080477757741399,0.1838817301191285
tumor_1,random,MT2A,19659,0.02531217664205062,0.0014552461099770193,0.07893842000623608,0.0013488371919644646,0.5901891682225971
tumor_1,random,MTOR,19659,0.00946364739007391,0.0005697874162448102,0.02721700145410529,0.00047117978936185226,0.1400827717905892
tumor_1,random,MX1,19659,0.012387556239787862,0.0007690300904813161,0.03711014337394466,0.0006361463661334376,0.1964549617426601
tumor_1,random,MXRA8,19659,0.004600180576742699,0.00027300717067852234,0.012812817833153332,0.00023263816523148682,0.06623021469169457
tumor_1,random,MYC,19659,0.0030339730630253893,0.00017361626738301942,0.008393153260894556,0.0001498091798354988,0.036351021925313524
tumor_1,random,MYH11,19659,0.002472236138052249,0.00014860064436584075,0.007577066925600694,0.00011959274565011095,0.03176052237081692
tumor_1,random,MYH6,19659,0.0013598742661369973,7.786282777315443e-05,0.0037259079538247072,6.734331732369965e-05,0.02596449899247285
tumor_1,random,MYL12A,19659,0.02831691237808629,0.0017310471278795176,0.08922888547804765,0.0015548969310076445,0.5489020184375389
tumor_1,random,MYL4,19659,0.00458179150857579,0.0002688980825631291,0.01290127982772643,0.0002227298500422957,0.06819125819199619
tumor_1,random,MYL7,19659,0.0026321875246721727,0.00015315600480032615,0.007220339021550432,0.00012843458459949156,0.029444500394053597
tumor_1,random,MYL9,19659,0.02326180231519823,0.001432809988460521,0.07036927935527856,0.0012208779680341027,0.4127893374891539
tumor_1,random,MZB1,19659,0.0031644228160998314,0.0001884040877462459,0.00926827919279136,0.00015981556165022928,0.05110213265578817
tumor_1,random,MZT2A,19659,0.025230003542301982,0.0015186392218161338,0.07554408332397018,0.0012790224488510278,0.42775782762010256
tumor_1,random,NACA,19659,0.025151291239135575,0.0015247172877723388,0.07809811939600822,0.0013011793727433732,0.42787205147581464
tumor_1,random,NANOG,19659,0.006012183952992465,0.0003625120055799546,0.017938927406904386,0.00031313787682372344,0.08405539769130481
tumor_1,random,NCAM1,19659,0.004642401259474741,0.00027597955496189126,0.0130722250800821,0.00024176537949251962,0.06876732697032845
tumor_1,random,NCR1,19659,0.000979996717387295,6.630923373532349e-05,0.003768933405911603,5.2636400195409535e-05,0.030852689942402183
tumor_1,random,NDRG1,19659,0.034791244234252755,0.0022118046539671165,0.10563581044463725,0.0019345890148912172,0.8179965027151155
tumor_1,random,NDUFA4L2,19659,0.00920681675881931,0.0005420756653218654,0.03419700156899391,0.0005614878777521458,0.29196905800081663
tumor_1,random,NEAT1,19659,0.036451457949212465,0.0023633775202578826,0.11405542624848175,0.002088010087285543,1.1322533027853736
tumor_1,random,NELL2,19659,0.0012161752942130345,6.932169916754901e-05,0.004012868615023948,5.9149453389167104e-05,0.025651287238177244
tumor_1,random,NFKB1,19659,0.009334921134545131,0.0005583208399285929,0.027289595055863397,0.000483874012882539,0.13988061557189654
tumor_1,random,NFKBIA,19659,0.022242687430313393,0.001328676907094611,0.06614142597791872,0.001166068365832177,0.39712953114576727
tumor_1,random,NGFR,19659,0.004068372335072334,0.0002339488916048072,0.010773585503004229,0.00018302483214611447,0.05940328262598347
tumor_1,random,NKG7,19659,0.003435788775803067,0.00022731100607731176,0.010591026000001853,0.00015414756397608172,0.05991677587097148
tumor_1,random,NLRC4,19659,0.003026717742304794,0.00016685790119377067,0.008576802868154248,0.00014619054764876104,0.05327311551038627
tumor_1,random,NLRC5,19659,0.008303410109935799,0.00046981396777355376,0.02217102413449886,0.0004145926925988143,0.11281359784515879
tumor_1,random,NLRP1,19659,0.003397550132718547,0.00019517082875774108,0.009208070517396966,0.0001682680486699819,0.047733591826168834
tumor_1,random,NLRP2,19659,0.003266544859758114,0.00018389564416030233,0.008614641356764818,0.00015704577575129797,0.04093241342139834
tumor_1,random,NLRP3,19659,0.0034835377840345223,0.00018909853566757538,0.009089495190658258,0.00017426982797415824,0.05441555460671442
tumor_1,random,NOD2,19659,0.005821392330117389,0.00032848006673045344,0.01571344683776128,0.0002835886837990606,0.08135969567464854
tumor_1,random,NOSIP,19659,0.01130498132997068,0.000664552765037492,0.03227914564879138,0.0005690244809644606,0.16356796857047112
tumor_1,random,NOTCH1,19659,0.010015329143772032,0.0005947056625589562,0.028386963367369022,0.0005161826331663171,0.1602143218195234
tumor_1,random,NOTCH2,19659,0.007541817349116309,0.00043750330995072736,0.02088489570731248,0.0003777109032143785,0.10074176565370722
tumor_1,random,NOTCH3,19659,0.0030501252041403963,0.00018363178693760364,0.009122478116785569,0.0001500310093610065,0.0446613909537969
tumor_1,random,NPPC,19659,0.004899409095744138,0.0003021994131919802,0.013716111516302665,0.0002479652388772443,0.08159530997575441
tumor_1,random,NPR1,19659,0.0030548439004524667,0.00016876478707859112,0.008797654549305247,0.00014979982078131587,0.043999551735912724
tumor_1,random,NPR2,19659,0.005317466468130769,0.00030199396272151223,0.014992985555498403,0.0002698726342485817,0.093337154464365
tumor_1,random,NPR3,19659,0.004486318289946716,0.0002532324312840781,0.012523150752917758,0.00023109291260451633,0.05796938772243783
tumor_1,random,NR1H2,19659,0.015034774129822667,0.0009028705863060361,0.043910531078306725,0.0007652825657208542,0.24283266772608686
tumor_1,random,NR1H3,19659,0.009093310904554923,0.0005434197531578588,0.02634369220361358,0.00045578872539970476,0.131043820353047
tumor_1,random,NR2F2,19659,0.011714118872217983,0.0006695473494107295,0.03318609213254699,0.0005829046400957765,0.1990696609652208
tumor_1,random,NR3C1,19659,0.014455186288518246,0.0008734327834140504,0.042056207494184226,0.0007599921740385146,0.21554990387569184
tumor_1,random,NRG1,19659,0.0028196265812936907,0.00016630449044036154,0.007846073271027643,0.000146790409101142,0.036529730638673395
tumor_1,random,NRXN1,19659,0.0029266649988910114,0.00017027734690951816,0.008089145050933689,0.00015126678110979213,0.04463819354463479
tumor_1,random,NRXN3,19659,0.006022251168666911,0.0003461110598621413,0.016708459838895757,0.00028599535422315964,0.07662979266216444
tumor_1,random,NTRK2,19659,0.0017763475333499406,9.310743652468455e-05,0.004778051465852116,8.135893016703842e-05,0.026541426154948044
tumor_1,random,NUPR1,19659,0.03630839633692426,0.002314940758664882,0.1109601075854773,0.0019209295960078937,0.7190569329473881
tumor_1,random,NUSAP1,19659,0.012930765491096632,0.0007835671310306873,0.03829691782993562,0.0006964327224822678,0.26129055268791435
tumor_1,random,OAS1,19659,0.007941352843357506,0.0005015399753086352,0.02297634038971097,0.00041020266577953895,0.11300639752322139
tumor_1,random,OAS2,19659,0.00581527587257163,0.0003696220680670049,0.017161189136627116,0.00027979393663905724,0.09558172136168959
tumor_1,random,OAS3,19659,0.00673518584299954,0.00041004923122679043,0.01931198363809803,0.0003373978064276337,0.09146638841479485
tumor_1,random,OASL,19659,0.0050708997987886865,0.0003142172103784785,0.014907181002551164,0.00026730207546932884,0.09176348520865672
tumor_1,random,OLFM4,19659,0.003124467448604147,0.00018416631455894008,0.008935506371900138,0.00013958226221789978,0.0485069031561754
tumor_1,random,OLR1,19659,0.001638753567488055,0.00010069169423493876,0.005085645125564611,7.926724473459794e-05,0.02962531936453892
tumor_1,random,OSM,19659,0.0037309286927703347,0.00021795199259155967,0.010688311903609766,0.00018270201250051115,0.051202687211335106
tumor_1,random,OSMR,19659,0.006928542164549497,0.00039874764350639967,0.019891755631237767,0.00035636840511952097,0.10086716481290241
tumor_1,random,P2RX5,19659,0.00215114698939022,0.00013565361399050455,0.006762772925358013,0.00010797720167692634,0.03150661584267609
tumor_1,random,PARP1,19659,0.014754989777649833,0.0008757044025561563,0.04308212677038078,0.0007384307315536256,0.20381130813924106
tumor_1,random,PCNA,19659,0.01282635454518225,0.0007718605742250438,0.03766988073443682,0.0006489724645573,0.196566583357976
tumor_1,random,PDCD1,19659,0.003657307870737408,0.00022378742067600036,0.009851485137091552,0.00017730319850761548,0.051568522651395145
tumor_1,random,PDCD1LG2,19659,0.002405978154393514,0.00013775282004158942,0.0068434022736895625,0.00011917343841101048,0.044188508370159967
tumor_1,random,PDGFA,19659,0.01163911732722997,0.0006743779439329765,0.03294163520126692,0.0006144359408970432,0.19824334313423891
tumor_1,random,PDGFB,19659,0.0023977866468256983,0.0001514655557168029,0.007230400652362215,0.00011929955567472077,0.04337335665584938
tumor_1,random,PDGFC,19659,0.0046582404356384464,0.0002605901009449738,0.01278269598764106,0.00022967184077734906,0.06491719741952348
tumor_1,random,PDGFD,19659,0.0009405049819009787,6.084539761765877e-05,0.0033965733250012516,5.502160244696773e-05,0.02164523702110633
tumor_1,random,PDGFRA,19659,0.003257650574466482,0.00019497741551457307,0.009677502355401919,0.00016775975176742237,0.05711405353583689
tumor_1,random,PDGFRB,19659,0.004311101475579748,0.000258259981652656,0.011999055026336192,0.0002104789036705928,0.06764913058986502
tumor_1,random,PDS5A,19659,0.018392867174026457,0.001084950719049574,0.05348708371472294,0.0009441766945396718,0.2756088294876265
tumor_1,random,PECAM1,19659,0.004933848571147119,0.0002768395810340251,0.013762408564067791,0.00023301721629679243,0.07450113666695841
tumor_1,random,PF4,19659,0.004363599933924626,0.00024110213949589472,0.011884932488755332,0.0002174696054775729,0.07077973958580994
tumor_1,random,PFN1,19659,0.03091904886296535,0.0018235826803735188,0.0949837170852888,0.0016003515614177255,0.5520445331637044
tumor_1,random,PGF,19659,0.004952751593774669,0.00028603117915557824,0.013170158053221087,0.0002469313075277691,0.07707538958999254
tumor_1,random,PGK1,19659,0.03276436196571465,0.0021574190969816383,0.1085496206302113,0.0018920656485820605,0.7321714572742648
tumor_1,random,PGR,19659,0.0022697809974099353,0.0001355340289058123,0.006588879508195676,0.00011091538418955742,0.03033451441778081
tumor_1,random,PHLDA2,19659,0.013560350379569814,0.0008044680216434274,0.03831023742021338,0.0006984106395254698,0.21044296303533475
tumor_1,random,PIGR,19659,0.013097307664596197,0.0007333318667487895,0.04260770759380737,0.0007588457228843445,0.34973671209992996
tumor_1,random,PLAC8,19659,0.004238694515268993,0.000234799237062293,0.01170409421956393,0.00020925206902578018,0.08221453756255027
tumor_1,random,PLAC9,19659,0.0039845488008014695,0.0002428913610942342,0.011497141741242427,0.0001910177131911351,0.06353785693694702
tumor_1,random,PLCG1,19659,0.013431633895092434,0.0007966322760890663,0.037938273500428846,0.0006916941503543986,0.20639103888770682
tumor_1,random,PLD3,19659,0.02031182139291485,0.0012070794783414385,0.05893016028088386,0.001013403098272716,0.318361549688169
tumor_1,random,PNOC,19659,0.0031922369301870556,0.00018394079656841982,0.008665458639415983,0.00015611103857673706,0.05057596231250309
tumor_1,random,POU5F1,19659,0.018304411494736147,0.0011359841695699165,0.05771898609913935,0.0010686986521317805,0.4521147616562292
tumor_1,random,PPARA,19659,0.014104318340363759,0.0008631642571618175,0.04330533682993957,0.0007696521228154353,0.2641269697741181
tumor_1,random,PPARD,19659,0.009634213497257444,0.0005569744497288099,0.02677479430185995,0.00047942103321700066,0.13403948749106576
tumor_1,random,PPARG,19659,0.0023705910187698017,0.00012787320196755222,0.006676699478734248,0.00012033711092543999,0.04052094901548013
tumor_1,random,PPIA,19659,0.036556109216628344,0.0021986120062838913,0.11177622433073428,0.0019306372660765482,0.6294975365859984
tumor_1,random,PRF1,19659,0.0028083977611782175,0.00015866655081074157,0.007728851421956137,0.00013744043319555293,0.04951352197972828
tumor_1,random,PROX1,19659,0.025848979070563605,0.0015846954332076895,0.0773851464709395,0.0013763436395081644,0.4761717581589734
tumor_1,random,PRSS2,19659,0.010311307756491644,0.0006027337591923707,0.030118163751540684,0.0005161368744067826,0.17210296495458663
tumor_1,random,PRTN3,19659,0.0029675686165272206,0.00018488926642420283,0.008976072504977848,0.00014565272141272775,0.041940085331742094
tumor_1,random,PSAP,19659,0.031047631968129236,0.0019317354105041666,0.09603967143896724,0.001569880383402488,0.552860604572689
tumor_1,random,PSCA,19659,0.002998562847187413,0.00017184438468886064,0.008370285546339359,0.0001347266191164767,0.047818956960024785
tumor_1,random,PSD3,19659,0.004337430932849996,0.00025583547112504554,0.012835486503469074,0.00023967596262384837,0.09390368708622396
tumor_1,random,PTEN,19659,0.001850521542208457,0.00011828302126059084,0.0058996866547032486,9.262244146282153e-05,0.03318113810896336
tumor_1,random,PTGDR2,19659,0.002522607060118329,0.00014739286226807678,0.006883821802483724,0.00012007381301337502,0.04463956569294256
tumor_1,random,PTGDS,19659,0.01564271011859101,0.001025670667173793,0.044643532834058426,0.000671783345947169,0.23823816936874356
tumor_1,random,PTGES,19659,0.005716048879328619,0.00033343718387175795,0.016124011537016463,0.0002702588236880646,0.07866144847641668
tumor_1,random,PTGES2,19659,0.00581265719797631,0.00034212816248975004,0.017324900049933208,0.0002995432786666696,0.0943010349935882
tumor_1,random,PTGES3,19659,0.023183479521949806,0.0013898570392540596,0.07255730186850803,0.0012306029048351384,0.42832942717946576
tumor_1,random,PTGIS,19659,0.004583732729503968,0.0002576224088879332,0.01298419385396156,0.00021381502601906728,0.07565688622486126
tumor_1,random,PTGS1,19659,0.0041424299059584,0.00023776569503189429,0.011481227025738722,0.00019826438319770043,0.05983721682056877
tumor_1,random,PTGS2,19659,0.002100283016720592,0.00012463678244839882,0.006216576359533158,0.00010654388672509529,0.036107169227625836
tumor_1,random,PTK2,19659,0.009998772654559606,0.0005820029640569359,0.028578910448043775,0.0005317585848912729,0.16158516219375385
tumor_1,random,PTK6,19659,0.005102811480672747,0.00029943543420745994,0.01425578225867056,0.0002569015712831109,0.08158014884126119
tumor_1,random,PTPRC,19659,0.003006964373471037,0.00017279991499043025,0.0085307712660437,0.00015077756602722303,0.04998394378616903
tumor_1,random,PTPRCAP,19659,0.0054538018577251065,0.0003011296868653743,0.01527568977448853,0.00026735097029973533,0.09359996020143799
tumor_1,random,PTTG1,19659,0.010775352455135539,0.0006385762698454409,0.030996954973116823,0.0005572007994140396,0.18003639739236083
tumor_1,random,PXDN,19659,0.003594160708538391,0.00021340148539212244,0.010470163250364562,0.00016444497129399863,0.052676738030261315
tumor_1,random,QRFPR,19659,0.0054192903373691545,0.0003202149186169062,0.014899434545936036,0.0002659781015494927,0.08877524544343844
tumor_1,random,RAC1,19659,0.025174016896451483,0.0015053918180042737,0.07694674821430668,0.0013491522107905783,0.47250573200178403
tumor_1,random,RAC2,19659,0.008889335274229812,0.0005106783499229362,0.02504674387981376,0.0004495862357341733,0.12830825193668272
tumor_1,random,RACK1,19659,0.024829091584969664,0.0015135042163688442,0.07751577571715668,0.0013149471159514376,0.4324697040064211
tumor_1,random,RAG1,19659,0.00192400791757959,0.00010417783539217106,0.005155299063431819,8.840707731564679e-05,0.03170336243370969
tumor_1,random,RAMP1,19659,0.02513742254083095,0.001507547159552511,0.07594033877383624,0.0013492696678999527,0.48139574909883853
tumor_1,random,RAMP2,19659,0.0034069575239932697,0.00020871383155196253,0.010251470282351693,0.00016529982887002187,0.04578667509389765
tumor_1,random,RAMP3,19659,0.0033788910814209865,0.00019827281971565615,0.010483126640676075,0.00016768489814044155,0.045783511455110275
tumor_1,random,RARA,19659,0.017898909638138533,0.0010629314166386826,0.05045445153672666,0.0009151584974005356,0.27838881240809993
tumor_1,random,RARB,19659,0.002848214954105588,0.00016559021682106863,0.007972943828550589,0.0001360643112118302,0.03971466343811485
tumor_1,random,RARG,19659,0.0037555973208541365,0.00021095323930980694,0.0099833596420081,0.00018753000973447163,0.056853333603309006
tumor_1,random,RARRES1,19659,0.005136825945581748,0.00028466007299799876,0.014060931501031684,0.00025498938460162226,0.0696070273605782
tumor_1,random,RARRES2,19659,0.02982752389843545,0.0018819630898739494,0.09427680242491163,0.0015911414144697668,0.6371167827161598
tumor_1,random,RB1,19659,0.0033933165556748303,0.0001931733102346409,0.009482840416147897,0.00016713984401887545,0.059995419642221194
tumor_1,random,RBM47,19659,0.027345444543843838,0.001636546505750242,0.08150748498923191,0.0014243233668826986,0.49238703709170617
tumor_1,random,RBPJ,19659,0.009035531986809692,0.0005301469037760472,0.02614475812987907,0.000457166516646866,0.14593834574213413
tumor_1,random,REG1A,19659,0.020475664235112566,0.001167707216889633,0.06406680012439296,0.001090863959371578,0.6828472555875089
tumor_1,random,RELA,19659,0.009464763991531488,0.0005643202152511421,0.02789090633714192,0.0004774548004774457,0.1577954886024157
tumor_1,random,RELT,19659,0.005601431672669823,0.0003336912795329239,0.016395681307763522,0.0002868978572490326,0.0818820164158239
tumor_1,random,RGCC,19659,0.003850583615465293,0.00022163690193886983,0.01125820627909496,0.00020405030265667593,0.06265392905136259
tumor_1,random,RGS1,19659,0.006001913087629455,0.00036955649153941935,0.017728913935850067,0.0002947049022361035,0.11558077415730453
tumor_1,random,RGS13,19659,0.001636189432609399,9.425682899832809e-05,0.0052616059780215595,8.434535737050777e-05,0.027397820808733923
tumor_1,random,RGS2,19659,0.017162454771033817,0.0010145348344545513,0.054025328655961845,0.0009309929780064412,0.40587020462346646
tumor_1,random,RGS5,19659,0.0034145663597930516,0.0002259576564248571,0.011130493519764906,0.00018168584532333304,0.06332427417653827
tumor_1,random,RNF43,19659,0.005120115421061102,0.0002916660543565819,0.014150861697804423,0.0002671199123210635,0.076975229494651
tumor_1,random,ROR1,19659,0.004705612880975429,0.00026096564664651524,0.013220482650656127,0.00023780012127704617,0.08296803609312818
tumor_1,random,RORA,19659,0.010263057805319603,0.0006065461059966197,0.029236422835944114,0.000532400872812256,0.15936140981817615
tumor_1,random,RPL21,19659,0.029586129368976078,0.0017739540883025626,0.0889935624439229,0.0015115093093137813,0.49832689985750533
tumor_1,random,RPL22,19659,0.02431003618572788,0.0014339654169705518,0.07326612220418588,0.0012216178634654627,0.41389579220424066
tumor_1,random,RPL32,19659,0.023028183466673326,0.0013570797318249851,0.06952606087101038,0.001149726911283102,0.3710187904608384
tumor_1,random,RPL34,19659,0.029979287517077062,0.0018050857683790764,0.09365605850741392,0.0015902404499836384,0.5820959062078054
tumor_1,random,RPL37,19659,0.032417704376373445,0.001944730069354538,0.10024800641751472,0.0017226807709679207,0.5977989513521533
tumor_1,random,RPS4Y1,19659,0.0019611840931015975,0.00011918112270517983,0.007388782372878422,0.00011229673403223035,0.0290077813214409
tumor_1,random,RSPO3,19659,0.001874491402009479,0.00011238571823648274,0.005733221214911948,8.678385505141502e-05,0.03068512273014646
tumor_1,random,RUNX3,19659,0.004213673996749654,0.0002472966271626486,0.010665941261351215,0.00019976055653293806,0.06790346343301648
tumor_1,random,RXRA,19659,0.013631070728664938,0.0008366940977374994,0.04020891616221154,0.0006721605543812546,0.21318023541747633
tumor_1,random,RXRB,19659,0.011121859513579423,0.0006399316878056522,0.030515138919244622,0.0005500563668169312,0.1715272635359635
tumor_1,random,RYK,19659,0.009881344174968016,0.0005745355473730627,0.02794580931387138,0.0004973414697319327,0.14573512445923772
tumor_1,random,RYR2,19659,0.004761392675046268,0.0002706508806428534,0.013041816876832726,0.00024122421087006659,0.07106332683799241
tumor_1,random,S100A10,19659,0.03189855612465471,0.0019502198694119318,0.10216578280718462,0.001827649870337994,0.7562597626173752
tumor_1,random,S100A2,19659,0.005132962439892922,0.0002999928634082188,0.013829197728222562,0.0002584740547852637,0.07934891319976536
tumor_1,random,S100A4,19659,0.006333511206893458,0.00035818274806999833,0.018272943405413737,0.0003253071838569098,0.12197779228173586
tumor_1,random,S100A6,19659,0.03553949821007231,0.00223838622388183,0.1096558986720109,0.00201350538690003,0.745501754935646
tumor_1,random,S100A8,19659,0.0024971807449187004,0.0001425780262013637,0.0066146810818850845,0.00012271507973510247,0.027363213367446737
tumor_1,random,S100A9,19659,0.01332121314649078,0.0007789323008254541,0.03758791556759128,0.0006744148468526867,0.17016263534819911
tumor_1,random,S100B,19659,0.0027202800287512595,0.00015732740386432324,0.008163282719758493,0.00012770610624456276,0.04625811223921208
tumor_1,random,S100P,19659,0.004367841568957533,0.00026581343347762234,0.012092415239552309,0.00021157699609787537,0.06157347817707233
tumor_1,random,SAA1,19659,0.012011503525488744,0.0007186531228355283,0.03701199354381514,0.000581682310972703,0.1811217527893524
tumor_1,random,SAT1,19659,0.015225629530062276,0.0009321884667941648,0.044945173561368845,0.0007773858337607604,0.2382536241847431
tumor_1,random,SCG5,19659,0.004216241545781355,0.00025341424752226054,0.0119697054084894,0.00021132766713751258,0.05883823644385276
tumor_1,random,SCGB3A1,19659,0.003134121082126609,0.00018491795851085217,0.00893799992295936,0.00015293940071165734,0.041998027872264664
tumor_1,random,SEC23A,19659,0.012831917522639322,0.0007755019067615291,0.03882642978866942,0.0006453956010718418,0.2199905178353895
tumor_1,random,SEC61G,19659,0.01817134545646141,0.0010780941502421106,0.054816941281232864,0.0009201408532623752,0.28338057091187424
tumor_1,random,SELENOP,19659,0.03109245558011466,0.001939552477859617,0.09750140735364018,0.00158805093088356,0.6683984342768374
tumor_1,random,SELL,19659,0.0029619403751543795,0.00017300348009095568,0.008390426867426384,0.00014684129765067325,0.03990024789380584
tumor_1,random,SELPLG,19659,0.004262351691911418,0.00023964423800972902,0.011424686577287816,0.00020728794443530807,0.0673671186678445
tumor_1,random,SERPINA1,19659,0.03889729046652261,0.002633578953461103,0.12522422589626583,0.001859108736398016,1.0880972697414006
tumor_1,random,SERPINA3,19659,0.02730710179688481,0.0016857535802106399,0.08512582265962795,0.0012562391985977105,0.653888750023912
tumor_1,random,SERPINB5,19659,0.0027309084245799122,0.00015550776316674818,0.007633248362421127,0.0001252826812428319,0.03985367335043747
tumor_1,random,SERPINH1,19659,0.021149241716295723,0.0012615567267679523,0.06261997212883189,0.001067449213227603,0.326427872426449
tumor_1,random,SFN,19659,0.012917827407236484,0.0007702457630771348,0.03891894639362571,0.0006864963076418101,0.2277221610018428
tumor_1,random,SH3BGRL3,19659,0.027579522355258245,0.0016256491685664501,0.08282902046561828,0.001423198760597706,0.4706683733055897
tumor_1,random,SIGIRR,19659,0.005094602573372121,0.0002914402486724695,0.014721445453510177,0.00024847106162949914,0.07437873692221297
tumor_1,random,SLA,19659,0.004394458094434112,0.00024737092570268634,0.012165958361671846,0.00021163682156100794,0.07057864200598989
tumor_1,random,SLC2A1,19659,0.009464604762172988,0.0005459576284407891,0.026537907367924746,0.0004939887443326633,0.1618338449777883
tumor_1,random,SLC40A1,19659,0.008680082030025484,0.0005190764872394972,0.02635174502147099,0.00043625976512890873,0.12987000424625453
tumor_1,random,SLCO2B1,19659,0.009024918479903197,0.0005483390814862176,0.027693272600177544,0.0004506674259047003,0.1778860000594687
tumor_1,random,SLPI,19659,0.014944064862468267,0.0009057051844057888,0.0423874685861232,0.0006971753365758172,0.2051810065138492
tumor_1,random,SMAD2,19659,0.01174631007487075,0.0006791438840308985,0.034278970819148165,0.0005809387635712787,0.17261167553039025
tumor_1,random,SMAD3,19659,0.006084216001247768,0.0003542124593080831,0.017347351041229683,0.00029756449160151313,0.09215340769755814
tumor_1,random,SMAD4,19659,0.009179963721805186,0.0005541944123852258,0.02723803135819721,0.000480324712373813,0.14810949888834157
tumor_1,random,SMARCB1,19659,0.00952260363224525,0.0005526414243441949,0.027384006661211397,0.00048473902854996603,0.15695711364593407
tumor_1,random,SMO,19659,0.007868866903843915,0.0004539566321426192,0.02167934390751169,0.00038850042175004354,0.1069881319111955
tumor_1,random,SNAI1,19659,0.014598924007360181,0.0008519252569796553,0.0397940627543414,0.0007067583984867039,0.2155574887318475
tumor_1,random,SNAI2,19659,0.009722915476325117,0.0005865144342265735,0.029762766064215067,0.0005002874166109954,0.1756175302101418
tumor_1,random,SOD1,19659,0.030268262384378464,0.0018481740264727183,0.09529331403203556,0.0015880386693838035,0.5326092642927054
tumor_1,random,SOD2,19659,0.038398873265336184,0.0024545726444431953,0.12131727980733564,0.0021229183601782936,0.8114909304164097
tumor_1,random,SORBS1,19659,0.0053979154645121714,0.00032624905991817207,0.016727972416054365,0.0002706781366250245,0.0867959419510201
tumor_1,random,SOSTDC1,19659,0.0036739790189950243,0.0002098916718012009,0.009502684959370154,0.00018818303198343012,0.04254975308555013
tumor_1,random,SOX2,19659,0.0018934189378392832,0.00011469916098888537,0.005580101150579137,9.39146942133853e-05,0.027903882266256275
tumor_1,random,SOX4,19659,0.026092129175404044,0.00161864269230373,0.07795540197111969,0.0014693060690940097,0.5142961355699046
tumor_1,random,SOX9,19659,0.025993315262356254,0.0016222278415083883,0.0793696762254189,0.001403573193703643,0.49196351747808836
tumor_1,random,SPARCL1,19659,0.0063956416643077,0.00038105919398233144,0.01891677653525667,0.00032026051078793544,0.11446852801416292
tumor_1,random,SPINK1,19659,0.008565251321693234,0.0005153799582595542,0.029756546302773072,0.0004287745751608228,0.26584685561550525
tumor_1,random,SPOCK2,19659,0.0035641588751840437,0.0001889354371203033,0.009872027489684666,0.00017213486683807552,0.0611818757929928
tumor_1,random,SPP1,19659,0.01810089728303346,0.0011326510518593273,0.06307753040903438,0.0010572682285480569,0.5584462964105785
tumor_1,random,SPRY2,19659,0.005365042617055918,0.00030373896917119253,0.014448133134867008,0.0002651597081140746,0.08597174054629084
tumor_1,random,SPRY4,19659,0.0036805735450520147,0.00022104912303871855,0.01058102565554089,0.00018325623404402442,0.04293856688954979
tumor_1,random,SQLE,19659,0.008365854182047947,0.0005113849247745548,0.02574928432007665,0.00044819316248044576,0.11831928623775852
tumor_1,random,SQSTM1,19659,0.03374693139354454,0.002129719856516168,0.1056259864454165,0.001859038297548487,0.6513456983217462
tumor_1,random,SRC,19659,0.008432421995153204,0.0004987715149415861,0.024450496104611506,0.000430978746731826,0.12551150359891444
tumor_1,random,SREBF1,19659,0.0044092376708760395,0.0002644406155193274,0.013146263653458603,0.0002244163259313342,0.06339421851212035
tumor_1,random,SRGN,19659,0.005374504730751674,0.0003316388470256499,0.01647667162439121,0.0002680061969300055,0.12028186915388236
tumor_1,random,SRSF2,19659,0.02787715989899824,0.001659872291968419,0.08212945708039804,0.0014770481303184322,0.47888411707748013
tumor_1,random,SST,19659,0.003357275029510492,0.00018782544807295848,0.00879299670066153,0.0001681638671321645,0.044051359162367056
tumor_1,random,ST6GAL1,19659,0.014228064934102244,0.0008388978225080656,0.04189957503297219,0.000671278940720157,0.20902214428855256
tumor_1,random,ST6GALNAC3,19659,0.003421636260634254,0.00019300024424727445,0.0091816614002007,0.00017636416861623676,0.04898520343329243
tumor_1,random,STAT1,19659,0.020367803913902364,0.0012309199246257208,0.06063023158285853,0.0010673085009712193,0.3443126364854732
tumor_1,random,STAT3,19659,0.020128266836882618,0.0012145204770424712,0.05967205914217881,0.001049879523463905,0.32446827211037943
tumor_1,random,STAT4,19659,0.003732087770876299,0.0002197017421105917,0.011044331441162838,0.0001815435956467815,0.04505033677396031
tumor_1,random,STAT5A,19659,0.00775016314738315,0.0004494285840153189,0.022054425477469754,0.00038226510692019857,0.08796140655700867
tumor_1,random,STAT5B,19659,0.005844778589235579,0.0003615313481925506,0.017424224097458117,0.00030781614482735387,0.08894373357304503
tumor_1,random,STAT6,19659,0.00927705521110616,0.000571663919011262,0.027452626053880557,0.0004921906369404083,0.1357302971432641
tumor_1,random,STMN1,19659,0.030052281820560023,0.0018252203842189713,0.0903796452544188,0.0016156810956762828,0.6161294718550254
tumor_1,random,SYK,19659,0.004314513059221732,0.0002649530053412753,0.012224172629762102,0.00021256133854900009,0.054369516000260784
tumor_1,random,TACSTD2,19659,0.0025790672974211983,0.00015221655187500587,0.007637512204918755,0.0001341592118334925,0.03808820867431524
tumor_1,random,TAGLN,19659,0.003953107135465405,0.000229225230185774,0.013481355553752608,0.0002282907328633487,0.08671770415568077
tumor_1,random,TAP1,19659,0.012353429417546798,0.0007412249556395052,0.035386224109661454,0.0006284020940871958,0.20382801506076098
tumor_1,random,TAP2,19659,0.010316575409907549,0.000590976763800611,0.028703110463551007,0.0005216162142959787,0.15545588551103978
tumor_1,random,TBX21,19659,0.0012952030585917029,8.738061159067165e-05,0.003971336425120848,7.093926198150441e-05,0.026219080470698996
tumor_1,random,TCAP,19659,0.007844178700008855,0.00044943079292468404,0.02186685494734724,0.0004008922186449684,0.1363851613311197
tumor_1,random,TCF7,19659,0.0034342009096930684,0.00018919170081198392,0.009637900070104472,0.00017738227896428414,0.05707968925606018
tumor_1,random,TCL1A,19659,0.002681117887132647,0.00016016961093409947,0.007782268464043028,0.00013468617524191833,0.044389830583057135
tumor_1,random,TEK,19659,0.0013948185099151912,8.210842132204032e-05,0.004473339015587363,6.362096016378029e-05,0.025560759914784393
tumor_1,random,TFEB,19659,0.007845239711461977,0.00045496595007573693,0.021205114643898383,0.00039712001649469856,0.10206185434468518
tumor_1,random,TGFB1,19659,0.005140914953335513,0.00030348452574261716,0.014458754693386169,0.00024478360790464534,0.05110447627981064
tumor_1,random,TGFB2,19659,0.002981188301145015,0.00016708802752109822,0.008140268270935372,0.0001418066929950524,0.03824783430005922
tumor_1,random,TGFB3,19659,0.004542264829652344,0.00025164086763556634,0.012366938964205158,0.00022463660373378205,0.0653005050612189
tumor_1,random,TGFBI,19659,0.005197697609770406,0.000318449498239522,0.01482653559585613,0.00024003475897063149,0.06239670920829704
tumor_1,random,TGFBR1,19659,0.00450330636193981,0.00026511168818748454,0.013064119727779266,0.0002176129253758207,0.0640868533154872
tumor_1,random,TGFBR2,19659,0.00823835445888876,0.0004894450721826879,0.022768246000835875,0.0004080057665912604,0.1320355088828147
tumor_1,random,THBS1,19659,0.00784407828377753,0.00045426820322370823,0.02156085233965175,0.00038735601864919563,0.10525150662808629
tumor_1,random,THBS2,19659,0.002642959373703662,0.00015509700837369668,0.00793970655395029,0.0001332702026043803,0.04073816049493169
tumor_1,random,THSD4,19659,0.007129546801809145,0.0004214231630013555,0.019698595199631644,0.0003569090349478126,0.1065482496631627
tumor_1,random,TIE1,19659,0.004453732694387725,0.00026201640222418897,0.012413698080463817,0.0002146138367776987,0.06564851123151909
tumor_1,random,TIGIT,19659,0.0025513542578320903,0.0001430301840656261,0.007675030092223231,0.00013331606104036473,0.056538814064277874
tumor_1,random,TIMP1,19659,0.03220615189045593,0.0019482471261810022,0.0960826569943846,0.0016354297774371143,0.5717266449763885
tumor_1,random,TLR1,19659,0.003034362282685557,0.0001758475824601457,0.008328394232074968,0.00014686940714462543,0.05499152015411422
tumor_1,random,TLR2,19659,0.005852915459855451,0.0003389741568527263,0.016667279251894963,0.0002822056941187488,0.07594643365565745
tumor_1,random,TLR3,19659,0.003592019203601767,0.00021012198903314717,0.01047524998798376,0.00017707421394925167,0.04636735834218489
tumor_1,random,TLR4,19659,0.0034826360500693695,0.00019585630410238328,0.009029422960724443,0.00016844212882019305,0.047233160708660495
tumor_1,random,TLR5,19659,0.004803687036771977,0.00026020521645982127,0.012756196006938914,0.0002431199883249219,0.0804100437706099
tumor_1,random,TLR7,19659,0.0029683626531462,0.00017787719178369825,0.00877779645597434,0.0001488961495035092,0.04227901203661337
tumor_1,random,TLR8,19659,0.0019438254641793169,0.00011007497811321018,0.005246852964956433,9.294962310940322e-05,0.027332168556988286
tumor_1,random,TM4SF1,19659,0.01753715126290168,0.0010263101994592184,0.051538927930690426,0.0009172630583909315,0.3091831822299879
tumor_1,random,TNF,19659,0.0026190715767998403,0.00015845670774544516,0.007776485541606612,0.00013362681975810992,0.0401868813253253
tumor_1,random,TNFAIP6,19659,0.0035831276380430314,0.00021793642226640992,0.010745808662361292,0.0001836671812955395,0.05188835077736899
tumor_1,random,TNFRSF10A,19659,0.0016958025508568813,0.00010211866855773703,0.004555201603672833,8.810475658412141e-05,0.019970122763951707
tumor_1,random,TNFRSF10B,19659,0.005447042350455898,0.00032416131008929913,0.016070780039186647,0.00027476910576570605,0.06860303764341812
tumor_1,random,TNFRSF10D,19659,0.0028579970060132495,0.00016419150597888227,0.007944014533662362,0.00015079669585960474,0.04772400396944923
tumor_1,random,TNFRSF11A,19659,0.004202661110573621,0.00024092775968235675,0.012331397490120837,0.00020706985776143387,0.0662838972118677
tumor_1,random,TNFRSF11B,19659,0.008264280379837428,0.000487240921871002,0.022528966182038538,0.0004043877537030862,0.11057866994891437
tumor_1,random,TNFRSF12A,19659,0.014005159397935322,0.0008364527956479481,0.04066287367395517,0.000747754582212657,0.2673368040032999
tumor_1,random,TNFRSF13B,19659,0.002060677089896924,0.0001251318218465317,0.0059177323991645115,0.00010219356807956686,0.026933815060830323
tumor_1,random,TNFRSF14,19659,0.01780299887559634,0.0010697933552938623,0.051572117711585506,0.0009331388987427671,0.3004584362227417
tumor_1,random,TNFRSF17,19659,0.0014219701003637239,7.148226139129524e-05,0.004121804628477147,6.942934830455497e-05,0.028266405203254175
tumor_1,random,TNFRSF18,19659,0.004180628806447363,0.0002503797281254444,0.011699673573271572,0.00019714772421621757,0.06506359075112543
tumor_1,random,TNFRSF19,19659,0.0017331635861814981,0.000100119099788774,0.004934935171477937,8.085142399231316e-05,0.018617971321317168
tumor_1,random,TNFRSF1A,19659,0.01701936539374288,0.0010040817555645627,0.04995009378026312,0.0009147173095013426,0.29628160514338014
tumor_1,random,TNFRSF1B,19659,0.003663662211528255,0.00021908675573990114,0.010396201030187166,0.00018822049220661448,0.06357216453986263
tumor_1,random,TNFRSF21,19659,0.009829950666849923,0.0005659018536708259,0.027515771058179844,0.000503712308922588,0.1489968302902295
tumor_1,random,TNFRSF4,19659,0.0027779820101276236,0.0001725192183153978,0.008110083557172281,0.0001403421056346098,0.046416737929134075
tumor_1,random,TNFRSF9,19659,0.0021711263013039577,0.00012174452949035651,0.005361152964754657,0.00010933640728882225,0.03565137827960857
tumor_1,random,TNFSF10,19659,0.007666892171462425,0.0004482704757390592,0.02146771815177439,0.00038457917048020994,0.09542945676763917
tumor_1,random,TNFSF12,19659,0.0046113163842741705,0.00026272355037201004,0.011977494877913598,0.00021855725890626278,0.060919165571226196
tumor_1,random,TNFSF13B,19659,0.002900535809651193,0.00016690655515488114,0.0083065530714849,0.00013309592800367741,0.05294371988019327
tumor_1,random,TNFSF14,19659,0.0027703165265457836,0.00016596883410057556,0.008319910934859199,0.00015185056171275268,0.054363162153497256
tumor_1,random,TNFSF15,19659,0.002148727896308325,0.0001213056570633414,0.006453644357319615,0.0001043478020531544,0.04147125435428237
tumor_1,random,TNFSF4,19659,0.004774595449709725,0.00027041642712321076,0.01299741460252537,0.00023232140094520985,0.06455540226191477
tumor_1,random,TNFSF8,19659,0.0023156332200371006,0.0001277690283553192,0.007276986287893974,0.00011734723165043142,0.04961520477457909
tumor_1,random,TNFSF9,19659,0.0025347018715862458,0.00015978847371784328,0.007718890451285288,0.00013663245757479525,0.039600078490397185
tumor_1,random,TNNC1,19659,0.005918087205422797,0.0003418951909277722,0.016405521694286915,0.0002893195217174497,0.07461757683409145
tumor_1,random,TNNT2,19659,0.0023231655883791487,0.00012842797245778568,0.006629330059094191,0.00010587326112458382,0.043686303288375986
tumor_1,random,TNXB,19659,0.007624971708085279,0.000421547128090283,0.020485604882393406,0.0003712844984548024,0.1280690636703446
tumor_1,random,TOP2A,19659,0.015167611755335573,0.000890559279971222,0.04403988742224334,0.0007974545107347685,0.3882824496944793
tumor_1,random,TOX,19659,0.005504762703983281,0.0003097160764067818,0.015116140265042382,0.00027507942245219444,0.08664931537219007
tumor_1,random,TP53,19659,0.00241137662123364,0.00014250144214881058,0.00764256469383127,0.0001226383630060008,0.041060544776548254
tumor_1,random,TPI1,19659,0.026215546666824296,0.0016086364027239608,0.08167240881541135,0.0014269507884669616,0.5023943444259931
tumor_1,random,TPM1,19659,0.02601191308023439,0.0015717890974951219,0.08073484084442287,0.0014579513346057054,0.5608232513543705
tumor_1,random,TPM2,19659,0.014476986421122742,0.000863201013881107,0.04176028777707678,0.0007494693712552608,0.2594946302636881
tumor_1,random,TPSAB1,19659,0.00492001729118919,0.00028957146630032065,0.013945593772932346,0.00024061877791406734,0.07415185787759387
tumor_1,random,TPT1,19659,0.025390751564212867,0.00154207756649692,0.0821897631768948,0.0012931321669241863,0.5302660273994599
tumor_1,random,TSC22D1,19659,0.01226031117545251,0.0007275037518084904,0.035522938707392517,0.0006575572996238941,0.19389017049774543
tumor_1,random,TSHZ2,19659,0.0071562780239173285,0.00041507728013486753,0.020127178666655744,0.00035665792292726627,0.09572576551287974
tumor_1,random,TTN,19659,0.009463364238757873,0.0005427839925927528,0.026766739395670723,0.0005040309541870491,0.17360719645158335
tumor_1,random,TTR,19659,0.025366647936355617,0.001769373770149738,0.08523525306827544,0.00110163382565517,0.5602500672275686
tumor_1,random,TUBB,19659,0.035435575869568636,0.0021284211874469158,0.10566655292518082,0.0018784373409770892,0.7276036310271251
tumor_1,random,TUBB4B,19659,0.027791504029712706,0.001674759702401932,0.0851154843290994,0.0015020443714228182,0.6033690871211577
tumor_1,random,TWIST1,19659,0.004597558092632885,0.00026384384491660965,0.012308595026599273,0.00022192726678592784,0.05982454455413998
tumor_1,random,TWIST2,19659,0.005341441328583059,0.0003234614951245823,0.015314417321903293,0.000262411388662299,0.0666046397717859
tumor_1,random,TXK,19659,0.0037844794049028676,0.0002258563679732209,0.010664802938569917,0.00018112887341202165,0.05776597242978916
tumor_1,random,TYK2,19659,0.008197916010834794,0.00048222156308530426,0.022852383311948766,0.00041029606516431783,0.10271439754053682
tumor_1,random,TYMS,19659,0.016684641324146064,0.000994756336365231,0.048183694154223945,0.000858364800718965,0.2919045173683991
tumor_1,random,TYROBP,19659,0.005322450489468342,0.00033392211773552836,0.016496190510825605,0.00025789429867020363,0.09057914499129104
tumor_1,random,UBA52,19659,0.024390988779989548,0.001460721666546575,0.074482888710056,0.001250695565081763,0.4025351268781362
tumor_1,random,UBE2C,19659,0.015547056337715703,0.0009005588483377788,0.04525357957496755,0.0008010335821358293,0.37522372179208713
tumor_1,random,UPK3A,19659,0.001468933523064147,7.883248107042263e-05,0.003939252598219223,7.621816931620467e-05,0.02699775833843125
tumor_1,random,VCAM1,19659,0.005878002632742752,0.00033593600532925614,0.016194213554753433,0.00028776668741876444,0.086413439987326
tumor_1,random,VCAN,19659,0.0010957214586326178,7.257561483478165e-05,0.004093596270416432,7.068035407582268e-05,0.016982409710903496
tumor_1,random,VEGFA,19659,0.025066326936495898,0.0016499241428822508,0.08058400040485214,0.001452962783470537,0.6508970248241487
tumor_1,random,VEGFB,19659,0.015319348108965198,0.0009098196426130256,0.04443234458828258,0.0007737460808118564,0.265889820847652
tumor_1,random,VEGFC,19659,0.001562589269047665,9.513554304786774e-05,0.004924488433016743,7.197977377288253e-05,0.029031870694268592
tumor_1,random,VEGFD,19659,0.005577411407491969,0.0003058635910189498,0.015133611888504067,0.00026075647522508407,0.0712754308602036
tumor_1,random,VHL,19659,0.01566710109852789,0.0009582955012064921,0.04566468743921307,0.0007944761315147816,0.232059264996145
tumor_1,random,VIM,19659,0.00789494578585842,0.0004896757161452065,0.027461703796483727,0.00044672789533596466,0.15721056856402993
tumor_1,random,VPREB3,19659,0.003797301350301091,0.00022247940569481504,0.01108466839884495,0.00018912931373894786,0.05402230384747202
tumor_1,random,VSIR,19659,0.0059527477032578265,0.0003520242679491086,0.01690050691691275,0.0002883298735351209,0.09768744771596967
tumor_1,random,VTN,19659,0.03316143280026602,0.0023049581495429693,0.12093295272750679,0.0017581241212089556,1.16252390588592
tumor_1,random,VWA1,19659,0.009857581960624502,0.0005566984778213939,0.02711160912305561,0.00047501768827591103,0.1581036266643378
tumor_1,random,VWF,19659,0.0036531412079107892,0.00020493104263871018,0.01021715081145028,0.00017124898072479202,0.05188248380170126
tumor_1,random,WIF1,19659,0.002630849989733025,0.0001618487544526899,0.007878083100297882,0.00012307434189476002,0.037445022189007665
tumor_1,random,WNT10B,19659,0.0025379467026519884,0.00015258385105998008,0.007882822993055068,0.00012158150081554215,0.04327141569119132
tumor_1,random,WNT11,19659,0.0018134232393302353,0.00013020881369719397,0.005773219919112921,9.861982860670742e-05,0.03664523275161768
tumor_1,random,WNT3,19659,0.006672167685560325,0.00038853366364259025,0.018737776415359363,0.0003441500392943934,0.100997639625821
tumor_1,random,WNT5A,19659,0.0019270832440213034,0.00012262857249521462,0.006165279450680577,9.461046703018355e-05,0.03013448502124578
tumor_1,random,WNT5B,19659,0.00540509846047635,0.00031004887287463227,0.014042931541992269,0.00026660017153122887,0.07048485369623576
tumor_1,random,WNT7A,19659,0.00236836618118881,0.00014384821972952873,0.006943356928638396,0.00011421064313669702,0.03406387371881714
tumor_1,random,WNT7B,19659,0.004292487242084797,0.0002550035934481144,0.01176758234879114,0.00020642426375658217,0.07559390320873158
tumor_1,random,WNT9A,19659,0.007184981082789356,0.00041776255707175647,0.018885838027337735,0.000343154471895938,0.08394493665159357
tumor_1,random,XBP1,19659,0.02017575011398806,0.001225964719307794,0.06013062939859233,0.0010277398372188621,0.3423664206083711
tumor_1,random,XCL1,19659,0.009837071445600821,0.0005644491755412398,0.027003781235197886,0.000496143016718351,0.1473182494791291
tumor_1,random,XKR4,19659,0.0022299209578953154,0.0001318914212648944,0.0062621526481773495,0.00010950877810547163,0.024365773355083394
tumor_1,random,YBX3,19659,0.02502924831053343,0.0014910689705217393,0.07261207670195817,0.0012767504304061858,0.42767641035344467
tumor_1,random,YES1,19659,0.005904124232415379,0.0003510601222510057,0.01693371294504968,0.00029517543698202734,0.0965974677145729
tumor_1,random,ZBTB16,19659,0.023707685741781677,0.0014333338037390343,0.06857140632452627,0.0012604501478529278,0.4978718089209993
tumor_1,random,ZFP36,19659,0.020477765209476195,0.0012658245643660771,0.061913038510981545,0.001136805518796461,0.40446473842679465
tumor_2,tumor_1,AATK,6892,-0.005589008621904713,0.00028209717967374055,0.022254227761991884,0.00023883628012026027,0.07328274898473476
tumor_2,tumor_1,ABL1,6892,-0.003120656783227148,0.00049165935419723,0.036984098690669515,0.0004113936700151692,0.13930476950144982
tumor_2,tumor_1,ABL2,6892,-0.010344328563053645,0.0003214681057262812,0.0319086495113345,0.000272395996227402,0.09764176202158024
tumor_2,tumor_1,ACACB,6892,-0.048793826711721375,0.0006155950848273101,0.0752375571420973,0.000477840745187336,0.1828967504328563
tumor_2,tumor_1,ACE,6892,-0.005318860405717138,0.00043468610330512513,0.035961705257695056,0.000383147493932436,0.12149491429283195
tumor_2,tumor_1,ACKR1,6892,0.01149290910523625,0.00023785335513623447,0.018992987494441144,0.00020481149674720083,0.06442394571572234
tumor_2,tumor_1,ACKR3,6892,-0.0009106091416894405,0.0002465642161241763,0.01932451491975466,0.00022612880726955418,0.08728991130477233
tumor_2,tumor_1,ACKR4,6892,0.005854036312364366,0.00028032141547843317,0.021512125914098044,0.00025437303519399763,0.086472387618671
tumor_2,tumor_1,ACP5,6892,-0.01773667779062765,0.0004781298599860951,0.04861818471818339,0.00038062860724909025,0.15096423330514436
tumor_2,tumor_1,ACTA2,6892,-0.002710397915991139,0.00016402569907396147,0.017877179623730925,0.00011281517856112424,0.051614944930142945
tumor_2,tumor_1,ACTG2,6892,0.0021552570268795006,0.00010188798737217706,0.010788004543038774,9.432747096583874e-05,0.03418650037422684
tumor_2,tumor_1,ACVR1,6892,-0.01350642255888749,0.0004833710066684215,0.040835890299273044,0.0003799413269020436,0.14366822071474303
tumor_2,tumor_1,ACVR1B,6892,-0.029514112520192166,0.0006594668951885856,0.060681553084327065,0.0005358640592770208,0.19284552502336347
tumor_2,tumor_1,ACVR2A,6892,-0.030262569116495518,0.00031130317752445984,0.04382755166507211,0.00026530619099806517,0.08826893015416484
tumor_2,tumor_1,ACVRL1,6892,-0.02304494418933538,0.0004409353901538912,0.04670520403581329,0.00034921365086103577,0.13475410522323397
tumor_2,tumor_1,ADGRA2,6892,0.011858421144534056,0.00022060406736251986,0.0238638810097368,0.00018109563920482044,0.0653530259158792
tumor_2,tumor_1,ADGRA3,6892,-0.013114555988831577,0.00034205478526350223,0.032695862616953404,0.00028484106376484473,0.07567101626668726
tumor_2,tumor_1,ADGRE2,6892,-0.005935027539941957,0.00017947275461338403,0.01728711045699576,0.0001464564007474965,0.05485122159913371
tumor_2,tumor_1,ADGRE5,6892,-0.014942332401166838,0.000480420046347539,0.04151038409232903,0.0003598984108322627,0.11004236600041273
tumor_2,tumor_1,ADGRF1,6892,-0.006238249930366928,0.00021086580447019128,0.01921863668075683,0.00019739494278449198,0.06392123878257865
tumor_2,tumor_1,ADGRF3,6892,-0.00028390321898551414,0.00017293524587086993,0.01631142139937907,0.00016149506598602987,0.06064215055144023
tumor_2,tumor_1,ADGRF5,6892,0.007385542752541216,0.00018186494814803885,0.016698773431732768,0.00017517074950005394,0.05174406823256086
tumor_2,tumor_1,ADGRG1,6892,-0.028049186518301218,0.00047245858338889495,0.04911540453954645,0.00034901502595484287,0.1466754808275224
tumor_2,tumor_1,ADGRG3,6892,-0.010318591090100826,0.00026126086339587224,0.024933025012148443,0.00023801717225117373,0.08119279030219381
tumor_2,tumor_1,ADGRG5,6892,-0.006105321778246113,0.0001425673001525471,0.014053259428900797,0.00012759775697815425,0.03562380516607889
tumor_2,tumor_1,ADGRG6,6892,-0.0013716875166171168,0.0002907812885883212,0.024876122279252125,0.0002454690187182508,0.07931360079037218
tumor_2,tumor_1,ADGRL1,6892,-0.0009377259371647622,0.0001659263964864439,0.01356468974164424,0.00014238857146043588,0.048702402225113885
tumor_2,tumor_1,ADGRL2,6892,0.00831694678639646,0.00019944332832194862,0.016387075843052747,0.0001779796127912659,0.05124484561437727
tumor_2,tumor_1,ADGRL4,6892,-0.0014463018697458935,0.0001255522183984969,0.010900242444064557,0.00010571986039141439,0.03290011310983466
tumor_2,tumor_1,ADGRV1,6892,-0.0006119589956920649,8.062380821331125e-05,0.008762377068631018,6.560824602865089e-05,0.024646504782550212
tumor_2,tumor_1,ADIPOQ,6892,0.0024992412281991806,7.467124698429034e-05,0.0064329151003213415,6.107007097586246e-05,0.03136562670530317
tumor_2,tumor_1,ADIRF,6892,0.02400485660640406,0.0009348046392516578,0.09354667703470959,0.0008018379297771124,0.3321911624719434
tumor_2,tumor_1,ADM2,6892,-0.005012042232076554,0.00018919264397063642,0.016258557476874227,0.00015972813551993939,0.06631775727020196
tumor_2,tumor_1,AGR2,6892,-0.0022585270606095944,0.0001557634830649207,0.011179383175752438,0.00011771119938813479,0.039656559228471173
tumor_2,tumor_1,AHI1,6892,-0.024090476974940066,0.00029907972987961936,0.03601847842175706,0.00023083074597805912,0.07630730890781275
tumor_2,tumor_1,AHR,6892,-0.018615429750989603,0.0003827821534314455,0.040046832076753844,0.00030514435206562,0.09191109344720601
tumor_2,tumor_1,AIF1,6892,0.0007657137853744777,0.00023797889617300282,0.018266404205914293,0.00019596315302514391,0.062449604072403776
tumor_2,tumor_1,AKT1,6892,-0.054849931661494114,0.0009186536099839907,0.10484685956695441,0.0007732927040506433,0.24000618687695066
tumor_2,tumor_1,ALCAM,6892,-0.009976050473851797,0.00014858116576763958,0.01807002053734994,0.00013995661052359817,0.04145487741633685
tumor_2,tumor_1,ALOX5AP,6892,-0.008473740538227623,0.00025914209662781514,0.02194696631424726,0.0001953906097475996,0.07029825434646837
tumor_2,tumor_1,ANGPT1,6892,-0.0017877628047746788,0.00020149230497869491,0.015311444793920803,0.00017022574225302378,0.04998679158048271
tumor_2,tumor_1,ANGPT2,6892,-0.00491871783408232,0.00012132235580725916,0.012146389058526785,0.00011257714350347943,0.03408280064213645
tumor_2,tumor_1,ANGPTL1,6892,-0.010908685984358612,0.00023528734857165007,0.025004065885977173,0.00022317280287578443,0.0797371320088954
tumor_2,tumor_1,ANKRD1,6892,-0.009771320645818898,0.0002233419638171549,0.020163234163984307,0.00016635238763567113,0.054525631114601146
tumor_2,tumor_1,ANXA1,6892,0.006240373814761751,0.00033300861296443044,0.023290069805386837,0.00026936943164044175,0.09239363288286054
tumor_2,tumor_1,ANXA2,6892,-0.04672805940343453,0.0019828596199629664,0.19825546031973734,0.0016272199894314932,0.7463611996436091
tumor_2,tumor_1,ANXA4,6892,-0.11248733818718057,0.001391596495145491,0.1829577083341038,0.001080342394261182,0.45491650352482804
tumor_2,tumor_1,APOA1,6892,-0.04286048682044394,0.0012824063779673918,0.21386750949913172,0.000992178388255565,0.8501326391497018
tumor_2,tumor_1,APOC1,6892,-0.3634956500694605,0.0016927548475711358,0.4251360435563113,0.0012370753227964556,1.1810340183692267
tumor_2,tumor_1,APOD,6892,0.003991170911074065,0.00015527689742395883,0.010780650009879506,0.00013926583581417922,0.05334607210589533
tumor_2,tumor_1,APOE,6892,-0.14873384091569608,0.001897381252823079,0.3115258122500285,0.001831808343539955,1.1445272180758754
tumor_2,tumor_1,APP,6892,0.019572441880491218,0.0013186875696543723,0.11922580951949646,0.0011399628938101715,0.4686814542973317
tumor_2,tumor_1,AQP3,6892,0.010130520345109665,0.0006268950537627667,0.05787088063050135,0.00046723797250709743,0.23725505463944735
tumor_2,tumor_1,AR,6892,-0.07665623615780176,0.0009381373181989856,0.12225390551687454,0.0007969168667136526,0.29718074662165217
tumor_2,tumor_1,AREG,6892,0.011753772691381933,0.00024080671297021527,0.01886057515084869,0.00020374882936136988,0.06658752544936997
tumor_2,tumor_1,ARF1,6892,-0.08177686452918842,0.00135076045142127,0.1597699078958394,0.0011081548885084865,0.4672321175823114
tumor_2,tumor_1,ARG1,6892,0.005374941944858968,7.626202221928186e-05,0.01239373587892546,8.337039202238105e-05,0.02436014461938186
tumor_2,tumor_1,ARHGDIB,6892,-0.004831141936206283,0.00039420052900339777,0.03117195135414886,0.0003058802595679541,0.08111185776619115
tumor_2,tumor_1,ARID5B,6892,-0.0116758219330197,0.00030643800289404164,0.029918597273631813,0.00024497754952271646,0.08032775193320298
tumor_2,tumor_1,ATF3,6892,0.010443525560027516,0.00018436680665006214,0.018231495671673963,0.00013754003586984693,0.058222658247761225
tumor_2,tumor_1,ATG10,6892,-0.005774600976605718,0.00033829218709976636,0.027901106584926883,0.0002581377207179763,0.0837150096480124
tumor_2,tumor_1,ATG12,6892,0.0024247305755688876,0.00032983988427235777,0.026700860887316706,0.0002668793632613776,0.08516945577176901
tumor_2,tumor_1,ATG5,6892,-0.028783950783897165,0.0004919901656029374,0.05365208202299515,0.0004141126395038432,0.12946322932486404
tumor_2,tumor_1,ATM,6892,-0.01004742725138259,0.00036063404714143727,0.030272632587600545,0.0002823588869929256,0.09064341924039866
tumor_2,tumor_1,ATP5F1B,6892,-0.06107750748080384,0.000995570690454939,0.11593977640854822,0.0007234386082690304,0.30034425577479884
tumor_2,tumor_1,ATP5F1E,6892,-0.18064909646154728,0.0015162737657216992,0.244231842071902,0.0010966025652499702,0.5946888896329183
tumor_2,tumor_1,ATR,6892,-0.01763749690942609,0.00041513529176244105,0.03889629298321647,0.00036531343578192615,0.12406693132121645
tumor_2,tumor_1,AXL,6892,-0.0034966931474577252,0.0002348954034799904,0.020527652623423754,0.0002061372906644822,0.05875414169888068
tumor_2,tumor_1,AZGP1,6892,0.02071413849100732,0.00036664724000698797,0.04615858218734527,0.0003158683654717389,0.09289661394814688
tumor_2,tumor_1,AZU1,6892,-0.00891010525804748,0.0001866258817018615,0.01863695434573011,0.00016869571588213952,0.049752620303245884
tumor_2,tumor_1,B2M,6892,-0.029508884497083075,0.002284619775182696,0.2629696089339519,0.0018322220656141952,0.8933366927636909
tumor_2,tumor_1,B3GNT7,6892,0.0003716357865544318,0.0002554781766976248,0.021085659275615173,0.00023279132890684933,0.0769626913058594
tumor_2,tumor_1,BAG3,6892,-0.000960666719646784,0.0005691116372417915,0.043505396860426274,0.00046808207593565065,0.13881003055271815
tumor_2,tumor_1,BASP1,6892,0.0012188559524672787,0.0002721438163835108,0.019056265937524956,0.0002179395505512189,0.08016734509225665
tumor_2,tumor_1,BAX,6892,-0.038223581697130485,0.0007884069779961833,0.07821633704096534,0.0006194085677411536,0.19680689856781802
tumor_2,tumor_1,BBLN,6892,-0.009927492521588246,0.0007302260109693006,0.05823595646942925,0.000624550609573367,0.173773900575555
tumor_2,tumor_1,BCL2,6892,-0.0020656741456342095,0.00032672932111525363,0.02670254734080616,0.0002806077672685333,0.08273962871744325
tumor_2,tumor_1,BCL2L1,6892,-0.0440996425718748,0.0008871534322702855,0.09274531661071211,0.000702054255767086,0.27829036938459023
tumor_2,tumor_1,BECN1,6892,-0.023697407852957087,0.0004521919700050343,0.04644279398340086,0.0003699354255845257,0.11707275917882032
tumor_2,tumor_1,BEST1,6892,0.005592333428043866,0.00018902839350772152,0.01464204225425397,0.0001582239103429273,0.05970160742604449
tumor_2,tumor_1,BGN,6892,-0.004555360451537629,0.0006209340333033907,0.05571103087171243,0.00046960275725272706,0.22808275413597362
tumor_2,tumor_1,BID,6892,-0.02145166350223202,0.0005211810887433321,0.05022465017828517,0.0004228134551448419,0.13644529749275838
tumor_2,tumor_1,BIRC3,6892,-0.021455255063534164,0.0008262533863332367,0.0843222649029842,0.0006705346136302775,0.32219641702393526
tumor_2,tumor_1,BIRC5,6892,-0.02464424264106469,0.0002734033742442556,0.033481280517846004,0.00021212975390709458,0.06812630959766314
tumor_2,tumor_1,BMP1,6892,-0.0020435183684817814,0.0002645248294127641,0.021284368226331136,0.000215211719240342,0.0717559368518036
tumor_2,tumor_1,BMP2,6892,-0.005207595709796176,0.00023175202700914733,0.018065097438346094,0.00017459278930380753,0.06316447654650026
tumor_2,tumor_1,BMP3,6892,0.006786354167605262,0.0001368112599749076,0.010986366318495543,0.00012026219264969128,0.0362068728674723
tumor_2,tumor_1,BMP4,6892,0.0003189436497922946,0.00019750582187559915,0.017436812270898373,0.00021366090070377695,0.05857374575658088
tumor_2,tumor_1,BMP5,6892,-0.009569382181705164,0.00011207056821355721,0.014714005876300632,9.083150201558107e-05,0.044476069450250726
tumor_2,tumor_1,BMP7,6892,0.0023055840526327483,0.00011835272620330968,0.008409947821912607,0.00010405012878738247,0.026869979726880478
tumor_2,tumor_1,BMPR1A,6892,-0.006121995657111085,0.0003422559812876933,0.02799808986630135,0.00028079791531173754,0.09731038011703927
tumor_2,tumor_1,BMPR2,6892,-0.009809427208578494,0.0003673594011677445,0.03301277790250753,0.0003003917248131761,0.09152766540421675
tumor_2,tumor_1,BRAF,6892,-0.010331377575540989,0.0003521485278779457,0.030097176525263454,0.00028509495477401013,0.07998589037946835
tumor_2,tumor_1,BRCA1,6892,-0.00247877804116247,0.0002677748901762336,0.02176179249290684,0.00021782620706554642,0.0648435458762737
tumor_2,tumor_1,BST1,6892,0.0005709188247344916,0.00011976354435719395,0.008912534937635497,0.00011783234907672649,0.03629224737980293
tumor_2,tumor_1,BST2,6892,-0.04491127954418401,0.0011489702548250075,0.1281379279011787,0.0009597924686036792,0.3582916203948322
tumor_2,tumor_1,BTF3,6892,-0.023432813022578665,0.0012124359275349139,0.11797823954618995,0.0009877512928392319,0.36388197647250925
tumor_2,tumor_1,BTG1,6892,0.007831250464363166,0.0011281151673286363,0.1029605108532445,0.0009347755496743504,0.3185920433668718
tumor_2,tumor_1,BTK,6892,0.0008317407649913094,0.00011826452500321334,0.00941578514174814,0.00011104508436165479,0.033634968607883446
tumor_2,tumor_1,C11orf96,6892,-0.00985097689945975,0.00035258819827359343,0.0347757686198988,0.00026536990452986686,0.11443723346116971
tumor_2,tumor_1,C1QA,6892,-0.0077863497352884305,0.00037171959355932713,0.037413329454169954,0.00029161142898116043,0.1065940366955469
tumor_2,tumor_1,C1QB,6892,-0.013159284891384463,0.0005019223859741622,0.056920012150465736,0.00038722073327446813,0.1294980199315265
tumor_2,tumor_1,C1QC,6892,-0.01371975913766806,0.00041125927315725184,0.04556343054729425,0.00030967464511302557,0.09078412235790077
tumor_2,tumor_1,C5AR2,6892,0.0021585590532427904,0.00022542290819502838,0.017557056504139572,0.00018372287299822245,0.05800063470090964
tumor_2,tumor_1,CACNA1C,6892,-0.0008719579498967327,0.00014277241189430444,0.012648865529803589,0.00014017269751579714,0.04506337187459476
tumor_2,tumor_1,CALB1,6892,-0.007787170824606958,0.0002753029755188212,0.02344752405073523,0.00022962703640393273,0.0710573683414567
tumor_2,tumor_1,CALD1,6892,0.05867296333155971,0.0009107013279068784,0.10646172181330324,0.0007272391654352462,0.3190421441030632
tumor_2,tumor_1,CALM1,6892,-0.04804930699643872,0.0012576293628625182,0.13344944751105872,0.0010664165709714363,0.3797515181453968
tumor_2,tumor_1,CALM2,6892,-0.08867375021514427,0.0016652969475921472,0.19787159956422873,0.001242440015918289,0.5847622491564084
tumor_2,tumor_1,CALM3,6892,-0.11152270370945702,0.0013902069696963492,0.18383055815883456,0.0011523076819615456,0.4666382783921323
tumor_2,tumor_1,CAMP,6892,-0.005454164507854727,0.0002569654347879587,0.023822307615491665,0.0002194902446850041,0.07010971203924046
tumor_2,tumor_1,CARMN,6892,0.0066706616226616154,0.00024855164370905704,0.019957429441451503,0.00021541044491421205,0.06414607509657437
tumor_2,tumor_1,CASP3,6892,-0.00856063691901883,0.00040289680879637647,0.03400616240347139,0.000328564171227151,0.0785666515532682
tumor_2,tumor_1,CASP8,6892,-0.010990952658634558,0.00020134662489611706,0.01932699650006333,0.00015219778004698075,0.05447845275373993
tumor_2,tumor_1,CASR,6892,-0.009834066411567872,0.00015996648456785523,0.018581940873917378,0.00014793165334050888,0.052728782297826626
tumor_2,tumor_1,CAV1,6892,0.0775473141879788,0.000855877773921137,0.09484514470954841,0.000692586682817376,0.2702609907469485
tumor_2,tumor_1,CCDC80,6892,0.05624249228198612,0.00033998959198446705,0.058551737553843,0.00031057394481640054,0.12229966106100376
tumor_2,tumor_1,CCL11,6892,-0.004951083828782683,0.00017013096324401455,0.015038917358552261,0.00015632153261188963,0.05696388055373315
tumor_2,tumor_1,CCL13,6892,-0.009701687603459483,0.00014850260529039068,0.018546422593017475,0.00013055225679058154,0.051034135040348795
tumor_2,tumor_1,CCL15,6892,-0.06057814051906859,0.0006018912723894762,0.08410313236854162,0.00047366226451619196,0.15455581596794907
tumor_2,tumor_1,CCL17,6892,0.005025724296212668,0.00022055480167636112,0.018525505704668502,0.0001959258271750309,0.05828789740666966
tumor_2,tumor_1,CCL18,6892,0.003165319627172514,0.00014098239021325792,0.010221124531861202,0.00012822264575748383,0.043526798847239
tumor_2,tumor_1,CCL19,6892,0.0012671287208298266,0.0002071378920197814,0.015193133607389997,0.00017951084243839142,0.06135434957376492
tumor_2,tumor_1,CCL2,6892,0.0006472767152333253,0.0002154864608110927,0.01706060664929629,0.00018685053462832017,0.06744178992056507
tumor_2,tumor_1,CCL20,6892,0.022887161929696555,0.00029752912060653034,0.03645846341037717,0.00021512529821324203,0.11862504946866119
tumor_2,tumor_1,CCL21,6892,0.010546385235714202,0.00024625803014203206,0.019278840708207973,0.0002194094101907742,0.07004362564945171
tumor_2,tumor_1,CCL22,6892,-0.0061198233750562854,0.00012711536632589062,0.012604096224093708,0.00010865387131466975,0.053080159741093036
tumor_2,tumor_1,CCL26,6892,0.005250240633565796,0.0001372148797095903,0.010195731127418974,0.00010741078013398445,0.038755766189651715
tumor_2,tumor_1,CCL28,6892,0.06831921133500844,0.0005936918451921526,0.0884907574535013,0.0004715996856135334,0.25607148250790185
tumor_2,tumor_1,CCL3,6892,0.006392076876726882,0.0002043786563213181,0.014220270726833009,0.0001850313997707449,0.04851097264366084
tumor_2,tumor_1,CCL4,6892,0.009668293843319877,0.00021556964105800847,0.015628138167696592,0.00019278919309541483,0.04982108780046961
tumor_2,tumor_1,CCL5,6892,-0.021700493528271036,0.0003075719320644453,0.03923730963790204,0.00020853050170161792,0.10135911337967314
tumor_2,tumor_1,CCL8,6892,-0.008545718090627635,0.0001379654240852749,0.017033013928715666,0.00013447689468874731,0.053460701875486606
tumor_2,tumor_1,CCND1,6892,0.04372241137920486,0.00032594226838675007,0.047842707230218426,0.0002870938024955338,0.10458526413560185
tumor_2,tumor_1,CCR1,6892,0.0047224502271885575,0.0002729311145924622,0.017633584271375905,0.00022467311186689958,0.07164774897401915
tumor_2,tumor_1,CCR10,6892,-0.007637284525036482,0.0002509141910344146,0.021841519679416763,0.0002128108138318966,0.08231816872171252
tumor_2,tumor_1,CCR2,6892,0.008236164231533298,0.00013649878302858209,0.012365737451522574,0.00012558439976120906,0.041073541274851785
tumor_2,tumor_1,CCR5,6892,-0.010990404434344292,0.00017507512666038114,0.020702226364631607,0.00014727211290259935,0.042649775852107864
tumor_2,tumor_1,CCR7,6892,0.010100345653389891,0.0001769178185862803,0.015903504814823426,0.0001603722000069127,0.04538078280351973
tumor_2,tumor_1,CCRL2,6892,-0.012639199853880147,0.00013270038177714476,0.016974705716273984,9.898121660918105e-05,0.03351613457107573
tumor_2,tumor_1,CD14,6892,0.006813107561032238,0.0004227920654254905,0.033644265706362544,0.0003292098046808963,0.12325386617665668
tumor_2,tumor_1,CD163,6892,-0.0038041738682446516,0.0003361341455477968,0.02588665632196463,0.00025185635355922867,0.07359377629476486
tumor_2,tumor_1,CD164,6892,-0.029739583951392163,0.0010704946541512225,0.11423188726433531,0.0009370568239262907,0.3800836089725354
tumor_2,tumor_1,CD19,6892,-0.007430185045702658,0.0002974485688427986,0.023664164552570484,0.0002506835157962116,0.07828472792496158
tumor_2,tumor_1,CD1C,6892,-0.000358397875691143,0.00024724498120990167,0.020219561226634354,0.00020564732819779107,0.07653806207639331
tumor_2,tumor_1,CD2,6892,-0.0055216574947091895,0.0001625926737372489,0.013788100556717472,0.00012131171764149035,0.03328918277283509
tumor_2,tumor_1,CD209,6892,-0.003402290381739825,0.0002660372455050105,0.01848495439018187,0.00021779899284560787,0.05585496277878314
tumor_2,tumor_1,CD22,6892,-0.01010577624794247,9.49639599924212e-05,0.01485513225489675,9.006902338530036e-05,0.024494047366509578
tumor_2,tumor_1,CD24,6892,-0.09204614475161081,0.0014371713776131381,0.17643723583047008,0.001136140275231841,0.5469302511101214
tumor_2,tumor_1,CD27,6892,-0.002923198200511469,0.00025012290677197654,0.021370775763429724,0.00020949175252967322,0.07974145066717303
tumor_2,tumor_1,CD274,6892,-0.003956656994822949,0.000250672590287307,0.01812788760455761,0.00020919227351569035,0.06029624496374175
tumor_2,tumor_1,CD276,6892,0.01245193441901264,0.0009562425734694493,0.07927597723943838,0.0008377640747485083,0.2937968530873793
tumor_2,tumor_1,CD28,6892,-0.0067565368339651795,0.0002256619422239324,0.019747245310689797,0.0001785913038118132,0.05893120858550201
tumor_2,tumor_1,CD300A,6892,-0.011931272106629202,0.00015317771774669368,0.020590441277134705,0.00014183717704308944,0.060074069302918406
tumor_2,tumor_1,CD33,6892,0.0023257921165524527,0.00014508259640505833,0.011447817531754318,0.00012675581667271287,0.04327081969199563
tumor_2,tumor_1,CD34,6892,0.0033271618561807846,0.0002946385758109843,0.02149555580649288,0.00027526873202081306,0.0791445703948224
tumor_2,tumor_1,CD36,6892,-0.004176751872253276,0.00016462033850522996,0.016066894953334254,0.00013103694729847887,0.04647355825216396
tumor_2,tumor_1,CD37,6892,-0.013818284614168128,0.0001571884645617098,0.01956693041102541,0.00011254105828638773,0.04102638335193205
tumor_2,tumor_1,CD38,6892,0.006331708405120378,0.0002559672970996846,0.016579083664791668,0.00021410525847234913,0.0650335592602643
tumor_2,tumor_1,CD3D,6892,0.00015549492528764785,0.00015866911614946188,0.010814767187483958,0.000125792698300436,0.0533362165875927
tumor_2,tumor_1,CD3E,6892,-0.0036024219455393124,0.00017086438658201055,0.01430689963624011,0.0001333984945222879,0.02899318768361988
tumor_2,tumor_1,CD3G,6892,-0.013559816986328077,0.0002168877938003275,0.025032217161373455,0.0001739200574674533,0.04883083651008086
tumor_2,tumor_1,CD4,6892,0.00808192036652184,0.0001339141855586569,0.014189038007061774,0.00010083185610425935,0.05649444136756608
tumor_2,tumor_1,CD40,6892,-0.006315299040182967,0.00036907563909228437,0.030890810527510526,0.0003258298800116423,0.10852954466918793
tumor_2,tumor_1,CD40LG,6892,-0.0068639680161140856,0.0001822407900835286,0.015352589678803315,0.00014726146699124132,0.0637588599762106
tumor_2,tumor_1,CD44,6892,0.11101620242872437,0.0011692876825396558,0.1308408008518443,0.001035224541474411,0.5036146626712965
tumor_2,tumor_1,CD47,6892,0.0055631495728976355,0.0004802236812228843,0.03859591745507692,0.0004082365221942122,0.13923294218205534
tumor_2,tumor_1,CD48,6892,0.012125773658544621,8.334697349726927e-05,0.014493849323505729,8.400163718317551e-05,0.037116077489297176
tumor_2,tumor_1,CD52,6892,-0.01058975855097741,0.00010647971789946807,0.015520981173136434,9.301499543051322e-05,0.03681094698479927
tumor_2,tumor_1,CD53,6892,0.0010733279367412636,0.00023712578044516846,0.018356162865737533,0.00018317268636071327,0.06538932786772264
tumor_2,tumor_1,CD55,6892,0.0062574779340929506,0.00030546627880329876,0.021788069430420588,0.00025707333779905405,0.08448723810877634
tumor_2,tumor_1,CD58,6892,-0.013884535533688121,0.00036155153474388643,0.034248694379729036,0.0002726101703281002,0.10078679735841944
tumor_2,tumor_1,CD59,6892,-0.06447974592940509,0.0013491237517926455,0.15062659584231475,0.0011276647424002175,0.4416794388985067
tumor_2,tumor_1,CD5L,6892,0.0020685668304201497,0.0001672479599690342,0.013527514159628603,0.00017292680627279655,0.06147798427130998
tumor_2,tumor_1,CD63,6892,-0.08234584537547976,0.0017245970519774352,0.1935907567145186,0.001292777579290115,0.6212744408763654
tumor_2,tumor_1,CD68,6892,0.10975456235182239,0.0011005406523732712,0.13248909761692984,0.0008969531238594437,0.420422603867062
tumor_2,tumor_1,CD69,6892,-0.008511481423958491,0.00019024767956722551,0.019129162508704077,0.0001536983595812841,0.05051413522398934
tumor_2,tumor_1,CD70,6892,0.010679127407966704,0.00014090957993048725,0.013915084479852336,0.00011759262475920929,0.03346852436775655
tumor_2,tumor_1,CD74,6892,-0.09311043448791878,0.0018877242234473588,0.24145674944612847,0.0015184235686147266,0.801891847710339
tumor_2,tumor_1,CD79A,6892,-0.016980004781444714,0.00011548140337058253,0.022172038843712022,0.00011115923106175702,0.041726937286854615
tumor_2,tumor_1,CD80,6892,-0.008693448407372791,0.00024243919239101482,0.02089389469543471,0.0002037327863410762,0.06306349345944819
tumor_2,tumor_1,CD81,6892,-0.0524876342262063,0.0015953751486465248,0.17060386373986314,0.0013999455532718733,0.5626930881735668
tumor_2,tumor_1,CD83,6892,-0.0027466245189506954,0.0002415838011070188,0.01885474093486212,0.0002067185644674957,0.07360708559179358
tumor_2,tumor_1,CD84,6892,0.004648660295342922,0.00020998600973639195,0.013688584284838537,0.00017078145271062146,0.054918538491700655
tumor_2,tumor_1,CD86,6892,0.0031009133979224114,0.00020336183929250528,0.015262895163383227,0.0001852059302911389,0.0477749570526243
tumor_2,tumor_1,CD8A,6892,-0.0012921418980881788,0.00024042063630707783,0.02021869944756633,0.00019032889997680236,0.06564438157167374
tumor_2,tumor_1,CD8B,6892,0.000442525078404697,0.00019464096577007572,0.014291611234200724,0.00017090007754354258,0.0628871908011599
tumor_2,tumor_1,CD9,6892,-0.028027467950648838,0.0009166984895903176,0.08909871102971778,0.0007513515759346309,0.271378148595971
tumor_2,tumor_1,CD93,6892,-0.0004520042064165652,0.00017175555401071745,0.019794706485960663,0.00014288741404034437,0.05038683648831327
tumor_2,tumor_1,CDH1,6892,0.03138706230334678,0.0005443267282470165,0.058139731141441844,0.0004645073936921554,0.18604123648970045
tumor_2,tumor_1,CDH11,6892,-0.006253608106419302,0.00021365010256071837,0.017588783222930622,0.00018827050337793416,0.04936646038930595
tumor_2,tumor_1,CDH19,6892,-0.0016041852476386634,0.00019707079863876497,0.014943941566405047,0.00016347591711226588,0.05266217975546774
tumor_2,tumor_1,CDH5,6892,-0.012981405287458886,0.00021185211079118837,0.024425415915247318,0.00018685079340170514,0.0626054985959579
tumor_2,tumor_1,CDKN1A,6892,-0.06333345915028718,0.0013504232981131914,0.14260452181764066,0.0011096024829097347,0.4661133815498751
tumor_2,tumor_1,CDKN3,6892,-0.0244834092667962,0.0003456957464633839,0.03706472780266577,0.00027753690923673543,0.08128892409657659
tumor_2,tumor_1,CEACAM1,6892,-0.0033890942626730583,0.00016529047977317538,0.015378576564184728,0.00014807617607031848,0.049928373043908646
tumor_2,tumor_1,CEACAM6,6892,-0.003813804273622773,0.00013835270416464793,0.010179471805150114,0.00011572431959459544,0.039474931739326716
tumor_2,tumor_1,CELSR1,6892,0.0010462592811636127,0.0005700306892127968,0.049721608380401947,0.0005075571988338766,0.17251850394816254
tumor_2,tumor_1,CELSR2,6892,-0.008937902034363572,0.0003233540143595839,0.028338873494190536,0.0002755716523593909,0.08697763898542929
tumor_2,tumor_1,CENPF,6892,-0.009514222844899483,0.0002897922550141314,0.02427311044351754,0.00021551414911869248,0.05398908875903523
tumor_2,tumor_1,CFD,6892,0.005384415310643477,0.00030856782491552,0.02244293500124858,0.0002616322116860517,0.07172495020330881
tumor_2,tumor_1,CFLAR,6892,-0.014475078325209468,0.00042244012752905947,0.040894886011975176,0.00035194142503970036,0.1219962317253509
tumor_2,tumor_1,CHEK1,6892,-0.006247209593760702,0.00041006419804187367,0.032782134578281656,0.0003510477810728756,0.08213675041299581
tumor_2,tumor_1,CHEK2,6892,-0.004149983546645794,0.00036041473635427306,0.026726245240106188,0.0003032385420655504,0.07396339324534423
tumor_2,tumor_1,CHI3L1,6892,0.032481220298417254,0.00029662475947702543,0.04490091485700106,0.00028801724024565654,0.07096149899166064
tumor_2,tumor_1,CIDEA,6892,0.0007863373952110753,0.00014460801800598514,0.012005580946002037,0.00013035092938205962,0.03961882107654875
tumor_2,tumor_1,CIITA,6892,-0.012986447662527245,0.0003789907230349763,0.038470282436593624,0.0002944431344659645,0.09844202647413425
tumor_2,tumor_1,CLCF1,6892,0.011493721351030732,0.00034600121585631104,0.025940519609870698,0.00028651122463550603,0.08838348895601716
tumor_2,tumor_1,CLDN4,6892,0.008481699708636766,0.0005913669180470707,0.050455495397191664,0.000497525249497757,0.20059809481153312
tumor_2,tumor_1,CLEC10A,6892,0.013833313088840305,0.0001179295179484593,0.017233279804919115,0.00010501233177317723,0.03578891412563413
tumor_2,tumor_1,CLEC12A,6892,-0.010321243252936001,0.00019488758179870045,0.018499067287191584,0.0001543937572278598,0.052122417579197756
tumor_2,tumor_1,CLEC14A,6892,0.00016943920134538079,0.0001179470393220768,0.010262887031180449,0.00010264214941744123,0.02391737669179727
tumor_2,tumor_1,CLEC1A,6892,-0.0036936503210582283,0.00017291552641704737,0.01414758992273019,0.00014984946745947228,0.04588140403276427
tumor_2,tumor_1,CLEC2B,6892,0.011827534225807717,0.0001712983427665963,0.014086461827932958,0.00016761913654278655,0.03837958191751706
tumor_2,tumor_1,CLEC2D,6892,0.01338973266246012,0.0002944779228160873,0.021811556243770784,0.0002630125596567015,0.07451220383602586
tumor_2,tumor_1,CLEC4A,6892,-0.0059803062252099266,0.00023067503047499466,0.01833272336998947,0.00018552944697135186,0.06477530476089256
tumor_2,tumor_1,CLEC4D,6892,0.005596153889253014,0.00015624734650482942,0.01121312061364444,0.00013888992840030054,0.04205622037238484
tumor_2,tumor_1,CLEC4E,6892,-0.008818099776432092,9.296463058766161e-05,0.012392667810163972,9.269646333478454e-05,0.029615314880874745
tumor_2,tumor_1,CLEC5A,6892,0.010630668554853949,9.113617033392598e-05,0.012451071020846001,7.90276982556503e-05,0.03515183191159274
tumor_2,tumor_1,CLEC7A,6892,-0.005611170427760221,0.00018451744249412685,0.018055538046300775,0.00015188160959510546,0.05277808587916457
tumor_2,tumor_1,CLOCK,6892,-0.015480562563171017,0.0003556724585934609,0.03248701641806069,0.0002936403736755301,0.07387221290661145
tumor_2,tumor_1,CLU,6892,-0.1414596331303099,0.001915675010097495,0.278204716950735,0.0016766398339637515,0.9687548101033752
tumor_2,tumor_1,CMKLR1,6892,-0.0003958697461937157,0.00018635885266268698,0.0153581815615885,0.00017657170025561406,0.057974266408089746
tumor_2,tumor_1,CNTFR,6892,0.0057971902452711955,0.0003300088254116473,0.028248075005402155,0.00031570124709826746,0.10526071595326873
tumor_2,tumor_1,COL11A1,6892,0.0008478423487827468,0.00010224224057657697,0.00904904746956414,9.01268784785534e-05,0.046468685960945194
tumor_2,tumor_1,COL12A1,6892,-0.006991425883895175,0.00015838027437759363,0.015102284386493503,0.00014968373383303404,0.042809834755715884
tumor_2,tumor_1,COL14A1,6892,0.007351337526805992,0.00024026225819444685,0.017767156789593348,0.00021409429561919412,0.05740976378713499
tumor_2,tumor_1,COL15A1,6892,-0.0022139470557431145,0.00036926217833105563,0.026985969963215006,0.0003159269923377677,0.08184410480965697
tumor_2,tumor_1,COL16A1,6892,-0.012313434803046667,0.00039748857505651227,0.03334769355027436,0.00034184106245485326,0.0680276041643776
tumor_2,tumor_1,COL17A1,6892,-0.003610891780110749,0.000215249702614867,0.01822033552519991,0.00019589036915790127,0.04725312508297868
tumor_2,tumor_1,COL18A1,6892,0.005443949703515242,0.0007008433023243825,0.06208896410145574,0.0006264933142162283,0.20119061411071723
tumor_2,tumor_1,COL1A1,6892,0.0027952537783690486,0.00032281808757007196,0.030161706706389672,0.0003046497697059821,0.08257754098649003
tumor_2,tumor_1,COL1A2,6892,0.010058802553183371,6.886255910977836e-05,0.012244157212623138,5.073517782714457e-05,0.03167712360392694
tumor_2,tumor_1,COL21A1,6892,-0.005339841034697953,0.0001437569166797682,0.01198070116294629,0.0001151283783727976,0.0365150380912619
tumor_2,tumor_1,COL27A1,6892,0.00843480296429729,0.0007899842143979044,0.07605476135899351,0.0007387060439926632,0.3183350617781677
tumor_2,tumor_1,COL3A1,6892,-0.04269388866866493,0.0004930418144240063,0.07049185403715116,0.00035035865153536087,0.2111589537503141
tumor_2,tumor_1,COL4A1,6892,0.011011428242680107,0.00022149313234140936,0.023840242204647154,0.00017877215042637747,0.06438696029079141
tumor_2,tumor_1,COL4A2,6892,0.002409200315421541,0.00021815029895965154,0.02006054375019601,0.0001929699242411549,0.07131805096891565
tumor_2,tumor_1,COL4A5,6892,-0.006747415640440867,0.00019021767592148115,0.01595976000474831,0.0001546678657762092,0.052372295572273284
tumor_2,tumor_1,COL5A1,6892,-0.0052960594227668325,0.00017989852850364238,0.01868654698204007,0.00016320980031029207,0.045579287787629305
tumor_2,tumor_1,COL5A2,6892,0.00696879953903525,0.0001951655540975611,0.013906592894380657,0.00016144033756453153,0.05182995005331942
tumor_2,tumor_1,COL5A3,6892,-0.006631702040114024,0.0001581745950071748,0.015009102421297594,0.00011890542646018361,0.04738933133589686
tumor_2,tumor_1,COL6A1,6892,0.0068111016412762335,0.0006493240572401051,0.06010828507061209,0.000561881590897709,0.20955001337984785
tumor_2,tumor_1,COL6A2,6892,0.019584052454225086,0.0003936032829259062,0.032881360728584455,0.00035620135091930555,0.1305028208318115
tumor_2,tumor_1,COL6A3,6892,-0.000393138129914907,0.00019104046837621928,0.015820639825129296,0.00014917368575570618,0.05231644335406589
tumor_2,tumor_1,COL8A1,6892,0.001308263261160352,0.00011113818147538063,0.009244296982415773,0.00010392685079089004,0.025039940961228385
tumor_2,tumor_1,COL9A2,6892,-0.0022295274410004395,0.0007170056155093266,0.0634407745710873,0.0006724614402028375,0.29155482611190486
tumor_2,tumor_1,COL9A3,6892,-0.010146132647032832,0.00047794431530466774,0.03725604017204873,0.0004232451650749451,0.11926319879970367
tumor_2,tumor_1,COTL1,6892,-0.0009056820276880326,0.000523720896936071,0.03879222198877564,0.0004122138068540683,0.12728372745605798
tumor_2,tumor_1,COX4I2,6892,0.0030250291923818824,0.00021344781287765792,0.01794565983351214,0.00018429309265061052,0.04592594751093452
tumor_2,tumor_1,CPA3,6892,-0.010435557332979293,0.00017471970598000944,0.018616820945442578,0.00014333535997401462,0.038331712777376396
tumor_2,tumor_1,CPB1,6892,0.006776425049943473,0.00013629780163561427,0.010509822278262455,0.00012841311059487312,0.03053255833967396
tumor_2,tumor_1,CRIP1,6892,-0.0008120158125089133,0.0004772507983124937,0.038029702796827235,0.00040463784586321905,0.1201629855861552
tumor_2,tumor_1,CRP,6892,0.006816744723394962,0.00022405488430596676,0.018293819680670925,0.00017628321835735567,0.052618282291951965
tumor_2,tumor_1,CRYAB,6892,0.1781540069100866,0.0018630822689627879,0.2153728541881749,0.0015087603000501968,0.9444707220872205
tumor_2,tumor_1,CSF1,6892,-0.045859015275058305,0.0007546430052942243,0.0827260173350606,0.000543714200441444,0.23732302990797574
tumor_2,tumor_1,CSF1R,6892,-0.006518034617488451,0.0002698828811451218,0.022793299401448135,0.00019734593305641203,0.07448042056331466
tumor_2,tumor_1,CSF2,6892,-0.0051815386688054575,0.00021060543753605293,0.018441693403218128,0.00017452918528199516,0.05968347617217242
tumor_2,tumor_1,CSF2RA,6892,0.004599138513444996,0.0001582769337263465,0.010994742198197795,0.0001225543663575255,0.03973479565959501
tumor_2,tumor_1,CSF2RB,6892,0.005051267935404715,0.00018092737303380735,0.012711321076036886,0.00014858291071884931,0.05186298383511283
tumor_2,tumor_1,CSF3,6892,0.006871860408214976,0.00012923647346979052,0.010315502967682218,0.00011811332322409096,0.03246894615953226
tumor_2,tumor_1,CSF3R,6892,-0.006874618565802069,0.00010219411018189284,0.011844498214559998,8.584413260905168e-05,0.042115392569575805
tumor_2,tumor_1,CSHL1,6892,0.00815771814727333,0.00019533763070718585,0.015720127377044507,0.00017067770676629178,0.060263230680700317
tumor_2,tumor_1,CSK,6892,-0.0689040917780486,0.0008071396291866127,0.10626852295741988,0.0006847867823624152,0.24288607976142784
tumor_2,tumor_1,CSPG4,6892,-0.004664742160622015,0.00024643611512757056,0.021263948463560774,0.00020878087573024046,0.08389890145240546
tumor_2,tumor_1,CST7,6892,-0.004493222802794185,0.00014985688963182957,0.01406360985946345,0.00011586883886097548,0.0447153358757863
tumor_2,tumor_1,CSTB,6892,-0.07679422733650147,0.0016147469429201042,0.1720282279369024,0.0012373555905899497,0.5229274849641111
tumor_2,tumor_1,CTLA4,6892,-0.0010391644078257666,8.100733582992727e-05,0.007089858138012185,6.739874797940745e-05,0.024789302328188167
tumor_2,tumor_1,CTNNB1,6892,-0.040739697235312365,0.0009929371350791574,0.10314545043873466,0.0007647872063599412,0.3296835044566433
tumor_2,tumor_1,CTSD,6892,0.01198215860118349,0.0021469232085243994,0.2132360109025629,0.0019686331502823413,0.8642876610998019
tumor_2,tumor_1,CTSG,6892,-0.009589435048920259,0.00010741227386881156,0.013167437661446749,9.235249456872183e-05,0.02671776538303358
tumor_2,tumor_1,CTSW,6892,0.013111259600685968,0.0001788979932764219,0.017997902617760075,0.0001753811592946172,0.05353971884917268
tumor_2,tumor_1,CUZD1,6892,-0.0015710999193607796,0.00014723791178425323,0.01181072108390121,0.0001308930222795053,0.05008600635140363
tumor_2,tumor_1,CX3CL1,6892,0.0009689335191721833,0.0005468040434931076,0.045434503514685594,0.0004951235182702451,0.16081834539623718
tumor_2,tumor_1,CX3CR1,6892,0.0013127924941990416,0.00027061526534175094,0.01995809170981254,0.0002455624047742239,0.053637786648792686
tumor_2,tumor_1,CXCL1,6892,-0.011253347610016973,0.0006455353009553115,0.05596857574996465,0.00047897167151353436,0.17334244393791182
tumor_2,tumor_1,CXCL10,6892,-0.003938862899814538,0.0003206707085198192,0.038513610948815516,0.00028453723553785085,0.1040995141589243
tumor_2,tumor_1,CXCL12,6892,-0.006938074573223684,0.0005340234872565846,0.04495262298760022,0.0004517473119376188,0.1327185616001742
tumor_2,tumor_1,CXCL13,6892,0.004302856058787146,0.00016069999574984902,0.012221895847729019,0.00015164291022583712,0.0426670813834839
tumor_2,tumor_1,CXCL14,6892,-0.0021304154958039765,0.0002221800523302789,0.021997020303234416,0.0002073705528318156,0.0587479991764724
tumor_2,tumor_1,CXCL16,6892,-0.03237779678534165,0.000641193363330321,0.06950003056629121,0.0005589802218069262,0.21472815546221974
tumor_2,tumor_1,CXCL17,6892,-0.0061986707808077985,0.00017132571718196803,0.015529914244534301,0.0001391902122013219,0.05163880559539143
tumor_2,tumor_1,CXCL5,6892,-0.022615469226441216,0.00042526849531236395,0.043311823741884206,0.00031551960062381907,0.12031269418795058
tumor_2,tumor_1,CXCL8,6892,-0.004065157874628958,0.00019902955104570877,0.0159532294819592,0.00016090551576837723,0.07875395054770867
tumor_2,tumor_1,CXCL9,6892,-0.03778457057960137,0.0006622942920778265,0.08570336410583894,0.0004992830166883223,0.25806290639456
tumor_2,tumor_1,CXCR1,6892,0.0038147873036537454,0.00020101009213251245,0.015140992606483569,0.00019894416564037937,0.0558109357841831
tumor_2,tumor_1,CXCR2,6892,-0.015681005631217024,0.00021767229346264668,0.02773430314752421,0.0001876598420272618,0.06904998784916253
tumor_2,tumor_1,CXCR3,6892,0.001963533610859545,0.0003028345503502863,0.0197527208765893,0.00024570254389936157,0.08274187232283875
tumor_2,tumor_1,CXCR4,6892,0.02778691777010036,0.0003896828295228418,0.034199298216498634,0.0003333809909913404,0.0941392103793533
tumor_2,tumor_1,CXCR5,6892,0.003696271041932489,0.0002507747558577319,0.017510224626633625,0.000215083244855917,0.06423864075027753
tumor_2,tumor_1,CXCR6,6892,-0.0019773192273973674,0.000233491840590275,0.02034568447747443,0.00019970782401555181,0.048131259733111546
tumor_2,tumor_1,CYP1B1,6892,-9.05583571000495e-05,0.00024008106701874614,0.018325000945251656,0.00020911022171643708,0.06428887750566967
tumor_2,tumor_1,CYP2U1,6892,0.0026091801340989576,0.0002279037993456406,0.01779039012696821,0.00021851392587566708,0.07145238021361308
tumor_2,tumor_1,CYSTM1,6892,-0.1146045813172987,0.001382738645758764,0.18816735706897075,0.0011544388201484776,0.4783082672645905
tumor_2,tumor_1,CYTOR,6892,0.039660980629479835,0.0007680779462329608,0.06709019977995857,0.000595811898241947,0.22672410329477377
tumor_2,tumor_1,DCN,6892,0.0059774878908335745,0.00028985272027926294,0.023713019910174975,0.0002462261315752736,0.05107533383126064
tumor_2,tumor_1,DDC,6892,-0.021196247012568212,0.00042321884599943544,0.04601841346434119,0.00035758709428283087,0.11877801649868994
tumor_2,tumor_1,DDIT3,6892,-0.0019676372490891373,0.0003617364427116604,0.025011969023441986,0.0002907217891268955,0.09343743256768386
tumor_2,tumor_1,DDR1,6892,-0.017366970733668694,0.0010453414633878177,0.10233736202315775,0.0009840235800568104,0.3717703983418527
tumor_2,tumor_1,DDR2,6892,-0.0037969996434194806,0.00019351770933230485,0.015345309476327049,0.00017489361830106662,0.06069636319168157
tumor_2,tumor_1,DDX58,6892,0.005562936365093606,0.00027479765712249576,0.018789591567493,0.0002289082448007985,0.06380920139915604
tumor_2,tumor_1,DHRS2,6892,-0.002807683288315673,0.00034447841935649024,0.02716257764590424,0.0003001796245300506,0.08334970573074749
tumor_2,tumor_1,DLL1,6892,0.0037533633677949408,0.000329593084551541,0.026755453161441234,0.0002967074303891498,0.0870830487718179
tumor_2,tumor_1,DLL4,6892,-0.002680339119832225,0.0001699306395453495,0.011934760996549717,0.00015230635606628234,0.0588862262258378
tumor_2,tumor_1,DMBT1,6892,-0.002728010131234278,0.00017489347850744606,0.01650971743814405,0.00016662838357587442,0.04705914211490529
tumor_2,tumor_1,DNMT1,6892,-0.0325441292026643,0.0005762753839763443,0.05817254809398011,0.0004433219322350132,0.10314314945713084
tumor_2,tumor_1,DNMT3A,6892,-0.0402202999812253,0.0005627887473928823,0.06707081749469898,0.0004778690393990477,0.1664494269581164
tumor_2,tumor_1,DPP4,6892,0.015550320254229612,0.0009782808587390991,0.08892857246142793,0.0008221938933243925,0.3352701481131588
tumor_2,tumor_1,DPT,6892,0.003947905100448553,0.00023171943324479455,0.018564024400879488,0.0001996491927953948,0.057355554732297295
tumor_2,tumor_1,DST,6892,-0.007737639264477384,0.0003700743916783087,0.03403232138725138,0.0003074962586325341,0.10271546177058899
tumor_2,tumor_1,DUSP1,6892,0.04168250865352438,0.0016361196016242338,0.13889574313348993,0.0013575841922930341,0.563876922727974
tumor_2,tumor_1,DUSP2,6892,0.004908087890831947,0.00020685248096744105,0.01517208679027864,0.0001844406525946466,0.07216762025377817
tumor_2,tumor_1,DUSP4,6892,0.008563125462125874,0.0002569109245324798,0.01948048727306739,0.00021947068271876679,0.05916154817107909
tumor_2,tumor_1,DUSP5,6892,0.007043289978967455,0.00014759782374250665,0.013989976198277415,0.00013001072390670824,0.04935047912424778
tumor_2,tumor_1,DUSP6,6892,-0.04199801065701747,0.0010213927051640197,0.1048247190033698,0.0008837830697554383,0.27738011492857656
tumor_2,tumor_1,EFNA1,6892,0.11374856368495337,0.0009917102247793382,0.1590741242903695,0.0009133560438476858,0.6339201524973899
tumor_2,tumor_1,EFNA4,6892,0.021758868596616545,0.0005102712349800137,0.04650985130846168,0.0004499262502001643,0.1749243537438669
tumor_2,tumor_1,EFNA5,6892,-0.0037155838137859012,0.00029531727798628375,0.022636772067114726,0.00023088575072970327,0.06608286004062124
tumor_2,tumor_1,EFNB1,6892,-0.02021527704105778,0.00047222642019763847,0.0476299518261627,0.0003968329117613641,0.14974554630474854
tumor_2,tumor_1,EFNB2,6892,0.015582863196732777,0.00014313365830016727,0.018295565315587656,0.00012294307433237934,0.04482856429728869
tumor_2,tumor_1,EGF,6892,-0.016963713841267672,0.00030024790162462204,0.0299314779312365,0.0002462644642234812,0.061281467196873995
tumor_2,tumor_1,EGFR,6892,-0.0505704190178536,0.0008326164419497713,0.09778066622360879,0.000675420236952331,0.2658120250534882
tumor_2,tumor_1,EIF5A,6892,-0.05669625379557025,0.0012576057302256364,0.13470306207755073,0.0009468278766576269,0.3673809224841822
tumor_2,tumor_1,ELANE,6892,-0.011043399433660507,0.00015022206321385054,0.018928094268738642,0.00011578645713611108,0.05787767112170927
tumor_2,tumor_1,EMP3,6892,-0.02664389311979475,0.0007165619654147439,0.06324588877749718,0.0005450249265074693,0.1775037567718582
tumor_2,tumor_1,ENG,6892,-0.0029101477421331528,0.0002183082819621056,0.01888321970669997,0.0001788368937562797,0.06478585294511531
tumor_2,tumor_1,ENO1,6892,0.02707270698868348,0.0020002906341618186,0.202889865994274,0.001972248756102317,0.7839067376524135
tumor_2,tumor_1,ENTPD1,6892,-0.0009741714309081564,0.00012844858012062341,0.010819409044380546,0.00010656074378139212,0.04006778770771282
tumor_2,tumor_1,EOMES,6892,0.0003936544938112414,5.5526076476876084e-05,0.006453538738211128,4.707482036973892e-05,0.022301140564876167
tumor_2,tumor_1,EPCAM,6892,-0.027065735850272377,0.00036842189796476577,0.04715209435874264,0.0003283654673157433,0.15673387395093968
tumor_2,tumor_1,EPHA2,6892,0.005423647511017509,0.00048162274515340693,0.03394209160180292,0.0004019821827391096,0.11313524657709954
tumor_2,tumor_1,EPHA3,6892,-0.004278456990425197,0.00021090673777917222,0.01979719054151042,0.0001923354036819447,0.05235589932338872
tumor_2,tumor_1,EPHA4,6892,-0.00821090629604038,0.00010574214821744754,0.013504444875265784,8.574476598954458e-05,0.023481447663067683
tumor_2,tumor_1,EPHA7,6892,-0.0003553572541899499,0.0001199068746541522,0.009537483409108746,9.829419227852782e-05,0.03350577686000802
tumor_2,tumor_1,EPHB2,6892,0.004237622930816939,0.0002251999179723325,0.01767030820819142,0.00018972587703211278,0.07445682624973096
tumor_2,tumor_1,EPHB3,6892,-0.006994166030775263,0.0002616697050211137,0.02384362592858744,0.00023336424253333913,0.06835079613454431
tumor_2,tumor_1,EPHB4,6892,-0.0024595741748223887,0.00020969977580854342,0.016729815304360407,0.00018204348799925147,0.05598298038088458
tumor_2,tumor_1,EPHB6,6892,-0.009625318440754892,0.00016177159234938548,0.02119361770667543,0.0001461692549130701,0.05012398085367146
tumor_2,tumor_1,EPOR,6892,0.011154718622262576,0.0002671794717133086,0.019168020568212936,0.00022462713403519476,0.07432283622135481
tumor_2,tumor_1,ERBB2,6892,-0.029156058128651297,0.00048058348167771624,0.05310270176746127,0.00041443104089503675,0.13233346639623841
tumor_2,tumor_1,ERBB3,6892,-0.023506399236178404,0.00043114732731562545,0.04860526717149556,0.00036806530188382,0.14429212934436966
tumor_2,tumor_1,ESAM,6892,-0.010962003145342044,0.000294625133365304,0.031032197168491482,0.0002465286628948369,0.07021438056935686
tumor_2,tumor_1,ESR1,6892,-0.006018647750665543,0.00016284088405164884,0.015874449234213668,0.00012658662620115602,0.05415128507964114
tumor_2,tumor_1,ETS1,6892,-0.0017092660923223042,0.000326843590219313,0.027179218202562343,0.00024956645852494306,0.074175654272682
tumor_2,tumor_1,ETV4,6892,-0.0053224980316297285,0.00023497148283408757,0.019748790188677916,0.00019998130699116711,0.08028385612060825
tumor_2,tumor_1,ETV5,6892,-0.015090411116552304,0.0003867112249435992,0.03406357347918756,0.00029214191541000175,0.06529124594653253
tumor_2,tumor_1,EZH2,6892,-0.015165403260832119,0.00035842392427290747,0.033115470649777774,0.0002720580789923545,0.07612434848562943
tumor_2,tumor_1,EZR,6892,-0.04362932547728395,0.0014088912898794802,0.14407275394503177,0.001166079241505517,0.4794679447031786
tumor_2,tumor_1,FABP4,6892,-0.014501858568148044,0.00019819849526699017,0.023505626656965706,0.0001546462220600455,0.05022456013333824
tumor_2,tumor_1,FABP5,6892,0.011545175462836876,0.0004620181701329021,0.03630742896377967,0.00037605312558694807,0.1274453387580956
tumor_2,tumor_1,FAM30A,6892,-0.008061646318108882,0.00025481614882035046,0.024333126187804983,0.00019983132487475972,0.06011238339498633
tumor_2,tumor_1,FAP,6892,-0.0029818058724519056,0.00016443143743094166,0.014037648740540951,0.00015550928425462956,0.05688251145406768
tumor_2,tumor_1,FAS,6892,-0.012116846625831786,0.00015270277317469202,0.017085076619575566,0.00012056537913975225,0.040038035927407276
tumor_2,tumor_1,FASLG,6892,-0.004854825439833718,0.00025522045327488026,0.01977919768073147,0.00020448053384656233,0.06427966727238366
tumor_2,tumor_1,FASN,6892,-0.03147617947122107,0.0007697147802706654,0.0746395034977417,0.0006038976155090031,0.16617999431561392
tumor_2,tumor_1,FAU,6892,-0.056354485342854185,0.0017026733965371074,0.18216590068586283,0.0014125850157463724,0.5416712850442821
tumor_2,tumor_1,FCER1G,6892,-0.005331883186491198,0.00016755329992143708,0.016233827719868667,0.00012395221904398728,0.04679008475980723
tumor_2,tumor_1,FCGBP,6892,-0.00048807679011485933,0.00017198113102024495,0.013578673577851233,0.00016140259308651113,0.04672153427053362
tumor_2,tumor_1,FCGR3A,6892,0.00862269892141891,0.00040857402061195586,0.03233107967155992,0.00035235041028971586,0.10356134484371185
tumor_2,tumor_1,FCRLA,6892,-0.0014152938309512076,0.0002689832128924888,0.022332436942646212,0.0002457333875078029,0.08101649818610741
tumor_2,tumor_1,FES,6892,-0.04372352625962803,0.0006179392100351062,0.07299115068067862,0.0004983897806144554,0.14857712790047967
tumor_2,tumor_1,FFAR2,6892,0.00507083004308098,0.0002181953466278569,0.015329171917863402,0.00020615461427184905,0.0754210470959594
tumor_2,tumor_1,FFAR3,6892,-0.010973516338753762,0.0003960812502931586,0.03258644870535897,0.00032533345347653727,0.09162803965923197
tumor_2,tumor_1,FFAR4,6892,0.005495637155314167,0.00022860871451735107,0.018122462410594918,0.00019221766901951883,0.05829704106470214
tumor_2,tumor_1,FGF1,6892,-0.007352378794307768,9.057780815784408e-05,0.011546626689522763,8.463772629951688e-05,0.03102212255193309
tumor_2,tumor_1,FGF12,6892,-0.006095681187317847,0.00021619332116016253,0.020177188481204752,0.00018375148442551902,0.050987175890788106
tumor_2,tumor_1,FGF13,6892,0.04203362882254728,0.0004915958336409123,0.05703041082378764,0.0003767227643708882,0.14692859245586098
tumor_2,tumor_1,FGF18,6892,-0.017961200702074943,0.0004895394329641326,0.048340769518854326,0.00044238076262361273,0.16520890441720976
tumor_2,tumor_1,FGF2,6892,0.011475085394278068,0.00015195485279654824,0.015157292795489696,0.00013156633293333832,0.050967103422352125
tumor_2,tumor_1,FGF7,6892,-0.0017377519750350345,0.00014211930039473796,0.01130363155725005,0.00012650768371303585,0.0449455912942516
tumor_2,tumor_1,FGF9,6892,-0.0027853928840215394,0.0002022990506335602,0.014712543335607915,0.00016529012280786448,0.04867001248071316
tumor_2,tumor_1,FGFR1,6892,0.00026608028560466045,0.00027771446134697785,0.01923010664850417,0.00023142318146674706,0.06793475865212754
tumor_2,tumor_1,FGFR2,6892,0.003369501286504646,0.00019038590341931207,0.01863249621380529,0.00018133512726006238,0.05334153377153307
tumor_2,tumor_1,FGFR3,6892,-0.038130617999426866,0.0006241820163510976,0.06790306737194582,0.0005314147372716973,0.16946909948541078
tumor_2,tumor_1,FGG,6892,-0.15022873108391988,0.0013447698473041767,0.21550728499803432,0.001103080236338856,0.698949944677047
tumor_2,tumor_1,FGR,6892,-0.0074461020041717675,0.00020166352421936278,0.01663428163947781,0.0001608821142322972,0.05818050298717017
tumor_2,tumor_1,FHIT,6892,0.006258811523835972,0.00016149965724195702,0.011787899314539125,0.00013333472450583194,0.04254386674375808
tumor_2,tumor_1,FKBP11,6892,-0.023815225914917408,0.00034412930477300754,0.04001388783286662,0.00027943882019685126,0.07022939157640216
tumor_2,tumor_1,FKBP5,6892,-0.12983479354315985,0.0017581138578910357,0.22571334997364995,0.0012361227830257784,0.7352317277911402
tumor_2,tumor_1,FLT1,6892,0.004399114163582728,0.00021126337848431447,0.01902073219989319,0.00018295344659509884,0.06299646439348405
tumor_2,tumor_1,FLT3LG,6892,-0.00031252432876313564,0.00020781981368372224,0.016776032883124466,0.00018368855401967754,0.04872151234749607
tumor_2,tumor_1,FN1,6892,-0.07580765419923692,0.001950149867305818,0.23002984537655197,0.001596968463992667,0.9782239734390495
tumor_2,tumor_1,FOS,6892,0.04331178017330474,0.0004747881572740908,0.056345547608553107,0.0003816373482509504,0.14942081372107502
tumor_2,tumor_1,FOXF1,6892,0.0029518671907691014,0.0003630147113777347,0.026946381766073953,0.00030597846771453614,0.08381063084569848
tumor_2,tumor_1,FOXP3,6892,0.002892584359387906,0.00013050804661123266,0.011621455249478755,0.0001212259310147459,0.04553162675560369
tumor_2,tumor_1,FPR1,6892,-0.022649092372297133,0.00028026394247276774,0.035764883921275734,0.00020070641410570522,0.07865082895185385
tumor_2,tumor_1,FYB1,6892,-0.006731412077276117,0.0002788033716439813,0.021381375100409578,0.00020069311898168385,0.05680636401415688
tumor_2,tumor_1,FYN,6892,-0.00641459634036059,0.0001739234579734631,0.017067795964183913,0.0001428304335140164,0.05118805472695078
tumor_2,tumor_1,FZD1,6892,0.004586148462679887,0.00027143078487232183,0.024922397406569083,0.0002507390772351193,0.07394311790792485
tumor_2,tumor_1,FZD3,6892,0.00010628243539378575,0.000192911564069483,0.012831842415567188,0.00014767776688233558,0.042584594792790545
tumor_2,tumor_1,FZD4,6892,-0.008132193059183753,0.00044899322669483816,0.03759145812844686,0.00040509985960536906,0.13874271848286895
tumor_2,tumor_1,FZD5,6892,-0.013955625742521178,0.00039205310819537915,0.039547555818290295,0.0003683628934775538,0.13975982145810145
tumor_2,tumor_1,FZD6,6892,-0.008977161366696558,0.0003598898961016779,0.02858755680848236,0.0002815965100471383,0.0945960259262123
tumor_2,tumor_1,FZD7,6892,-0.014914461672515006,0.0003723731627745945,0.03642256238860164,0.0003417092659257437,0.131397379871879
tumor_2,tumor_1,FZD8,6892,-0.0013474398334424142,0.0005120503121485805,0.0374833037441305,0.0004223580694991588,0.12600316416542015
tumor_2,tumor_1,G0S2,6892,-0.008057530100124407,0.0007436401169141814,0.057798680623177626,0.0006143619010257424,0.1787873211429881
tumor_2,tumor_1,G6PD,6892,-0.17670164757907644,0.0011259663969115342,0.2062530800591272,0.000762618174784037,0.406539888840953
tumor_2,tumor_1,GADD45B,6892,0.014382700380460845,0.000757706349503881,0.07279233256554515,0.0006834756996793193,0.3038287851933762
tumor_2,tumor_1,GAS6,6892,0.005432053506160852,0.00028420754815995105,0.017818272723254192,0.0002521634130777404,0.07569910131317402
tumor_2,tumor_1,GATA3,6892,0.002956584091927992,0.00021491220874362798,0.013318626873964878,0.00019066087909681923,0.05824639904578806
tumor_2,tumor_1,GC,6892,-0.093459378231346,0.0017095783521266844,0.23026240574830018,0.0012217896167877895,0.8366954265848394
tumor_2,tumor_1,GCG,6892,0.004821292207949567,0.0001913557626138991,0.013567492366039793,0.00016962940024704837,0.05210066078770899
tumor_2,tumor_1,GDF15,6892,0.005617411491756765,0.00041069729033343683,0.03370588802293622,0.00035114827155469775,0.13556882095929723
tumor_2,tumor_1,GLUD1,6892,-0.0011409985107216753,0.0005150922235091711,0.050817029668911176,0.0004317118695805595,0.14293080967152014
tumor_2,tumor_1,GLUL,6892,-0.2286308519268442,0.0017924510798527683,0.3012787997377501,0.0011983938202260098,0.9004678788944517
tumor_2,tumor_1,GNLY,6892,-0.006856346858835072,0.00010904156272443804,0.015647678760172787,9.428269768298628e-05,0.027228941531399625
tumor_2,tumor_1,GPBAR1,6892,-0.0056846080136550795,0.00025720544039253574,0.02097983589464527,0.00021880992897345533,0.07416404222476666
tumor_2,tumor_1,GPER1,6892,0.027942658387134268,0.00036800733284222535,0.03821137819119723,0.0003321533207208017,0.13610892097083244
tumor_2,tumor_1,GPNMB,6892,0.019810673628257534,0.00031714904456225316,0.031374059374932275,0.0002488897194367598,0.13547225700134408
tumor_2,tumor_1,GPR183,6892,0.005951915782521189,0.00010798991503832979,0.009520712266073445,0.00010955526973680245,0.02894243066301342
tumor_2,tumor_1,GPX1,6892,-0.06298200988288573,0.0016664453793523708,0.17717643068809857,0.0014911099707508515,0.49963675039348426
tumor_2,tumor_1,GPX3,6892,0.043395760372932135,0.0017805059100420597,0.16528170759858157,0.0016444967188156741,0.7046123670695261
tumor_2,tumor_1,GSK3B,6892,-0.02733620038462529,0.0004797304755482695,0.04973888903274133,0.00036938910641660174,0.1411811297187831
tumor_2,tumor_1,GSN,6892,0.041870632647437775,0.0010585394028973967,0.0952617315349001,0.000940053937925663,0.3617095046228522
tumor_2,tumor_1,GSTP1,6892,-0.1082831727345547,0.0009584823974711959,0.14490077094499504,0.0007517339485395113,0.29525346973325284
tumor_2,tumor_1,GZMA,6892,0.0043928485862355085,0.00013868468652957318,0.00926877860311209,0.00011088925819054475,0.034319302887066395
tumor_2,tumor_1,GZMB,6892,0.004450586317520582,0.00019336222261200252,0.016521853077478353,0.00016748981886533423,0.04848126672859859
tumor_2,tumor_1,GZMH,6892,-0.0031372885183875514,0.00016023949158116803,0.014857438875070936,0.00014065460174585132,0.05189399230350206
tumor_2,tumor_1,GZMK,6892,-0.002825976063070891,0.00015973292746388883,0.012403392698480658,0.00014517958788327407,0.04826919096148878
tumor_2,tumor_1,H2AZ1,6892,-0.1511683007942224,0.0015889769204452788,0.21925257198689305,0.0012144449614204227,0.5123197023074872
tumor_2,tumor_1,H4C3,6892,-0.1020130536659257,0.0013876527701901253,0.18489709958270326,0.0011696194511046298,0.605816608097525
tumor_2,tumor_1,HAVCR2,6892,0.004748279148944099,0.00013772488746526405,0.012377426972898136,0.00011481339550861718,0.030340390125106247
tumor_2,tumor_1,HBA1,6892,-0.003314630461054585,0.00042744420100188107,0.03855371620612531,0.0003723772588366863,0.10760718778255525
tumor_2,tumor_1,HBB,6892,-0.0036093222716789704,0.00032637378824012657,0.02883768750234922,0.00028568140013521617,0.07648702977311227
tumor_2,tumor_1,HCAR2,6892,0.009401765496782727,0.00035413586871033375,0.027983595656837244,0.0002916210345178204,0.09462282736778374
tumor_2,tumor_1,HCK,6892,-0.006708980917250083,0.00013661010680424926,0.017279325550121002,0.00012967165672206013,0.04358493879643836
tumor_2,tumor_1,HCST,6892,-0.0028569627017835703,0.00027768382153931697,0.021463637690082003,0.00021574916896428158,0.07505099874269118
tumor_2,tumor_1,HDAC1,6892,-0.041129960598682444,0.0006664353743966935,0.07389084626582694,0.0005292290887076093,0.17594703888883734
tumor_2,tumor_1,HDAC11,6892,-0.018496336328390768,0.00033022651468020143,0.03621136097734783,0.00028547517566715046,0.09288482722720566
tumor_2,tumor_1,HDAC3,6892,-0.008579243401682205,0.0004977780088444459,0.04627583037608628,0.00042818427486154007,0.1382019005171283
tumor_2,tumor_1,HDAC4,6892,-0.019523640606769654,0.0004318166452941855,0.039803130850433716,0.00033865055404646216,0.11889061754554968
tumor_2,tumor_1,HDAC5,6892,-0.00452388739965689,0.000376192665144244,0.03147665789399582,0.000340418959138415,0.11486311584092887
tumor_2,tumor_1,HEXB,6892,0.008583226189024322,0.0005491816618846927,0.04394966173735709,0.0004757931415466919,0.15132327346459354
tumor_2,tumor_1,HEY1,6892,0.000342430766430417,0.0002949861881928115,0.023386382429116094,0.0002492504782669133,0.0895068385564268
tumor_2,tumor_1,HGF,6892,-0.0021206639947621577,0.00015201179002926653,0.012295470714057757,0.00012957714307641833,0.03827637163350457
tumor_2,tumor_1,HIF1A,6892,-0.06271691089333184,0.0009508708077906781,0.10956476819554876,0.00070819447668657,0.30889468187005314
tumor_2,tumor_1,HILPDA,6892,0.019847392124538454,0.0005436643645979956,0.05813416001047491,0.00047958752255402464,0.24578228677334826
tumor_2,tumor_1,HLA.A,6892,0.012014024094564951,0.0021687321622455374,0.23265204930906921,0.001985773506697455,0.812429021812747
tumor_2,tumor_1,HLA.DPA1,6892,-0.03380887454060229,0.0015477867171057324,0.17421297888191511,0.0013026941578629012,0.5658842012456264
tumor_2,tumor_1,HLA.DPB1,6892,-0.019776850034946548,0.000851522293024704,0.08745965142358685,0.0006931852006445171,0.2590779200601253
tumor_2,tumor_1,HLA.DQA1,6892,0.010928789573628077,0.0007713103000574826,0.07739753524007441,0.0006523775691764491,0.35487253115656736
tumor_2,tumor_1,HLA.DQB1,6892,0.03923184106129671,0.0016882232839030558,0.17515415135037005,0.0015747962023715532,0.6041677497934351
tumor_2,tumor_1,HLA.DRA,6892,-0.09543210791176086,0.0013918614584544674,0.18412386457773883,0.0010447113463822376,0.5386847649564518
tumor_2,tumor_1,HLA.DRB1,6892,-0.04839037708325709,0.0018839984603679335,0.21637201113420962,0.0016619818831540348,0.7589527250367089
tumor_2,tumor_1,HMGB2,6892,-0.02767565553126226,0.0008307917719268297,0.07437365916628892,0.000637942048275758,0.18320632165498846
tumor_2,tumor_1,HMGCS1,6892,-0.019395512013422628,0.0006557768143689769,0.06332782141836463,0.0005011896901696665,0.15670441632509896
tumor_2,tumor_1,HMGN2,6892,-0.16322157151465483,0.0019485871589421454,0.26656056292171554,0.0014262794226569792,0.7653106970082604
tumor_2,tumor_1,HPGDS,6892,-0.01668072989386427,0.00024865446892941365,0.026776399836119846,0.0001845379241052974,0.06103701102112295
tumor_2,tumor_1,HSD17B2,6892,-0.01867602684576166,0.0005911079524149228,0.05228110304168786,0.000465247379828327,0.11744523894916228
tumor_2,tumor_1,HSP90AA1,6892,-0.15986118530854582,0.0016282753732765431,0.2336237880712655,0.001186090955899821,0.6075055682045508
tumor_2,tumor_1,HSP90AB1,6892,-0.14443012653465975,0.001590457441901012,0.22092385000569323,0.0012609366026417154,0.6435570929342029
tumor_2,tumor_1,HSP90B1,6892,-0.003996458072477472,0.0016631674555495583,0.1613036880021411,0.0014586561332434057,0.6445033513893449
tumor_2,tumor_1,HSPA1A,6892,0.03767404732786528,0.0016381405916797184,0.13903920913602424,0.0012540439374806927,0.602629933831759
tumor_2,tumor_1,HSPB1,6892,-0.10425295277146782,0.001515477177812584,0.18444366781057242,0.001170874000644173,0.5579180252069174
tumor_2,tumor_1,HSPG2,6892,-0.06335950776552474,0.0007667954784371116,0.09863390887933943,0.0005801374476858704,0.2753038949678706
tumor_2,tumor_1,HTT,6892,-0.007109665594499362,0.00025762418153458584,0.020970780900095763,0.00020459251467597306,0.05193466192595332
tumor_2,tumor_1,IAPP,6892,0.003691164033976073,0.00014763336434973147,0.01105652522927856,0.00013010865481803726,0.03823475981909123
tumor_2,tumor_1,ICA1,6892,-0.009361658805287516,0.0003044617909530381,0.02735995391669029,0.00024722389467178867,0.06966088111273736
tumor_2,tumor_1,ICAM1,6892,0.012281534135836495,0.00019166769956923326,0.01661519559516609,0.00016018719613942618,0.07290681155860373
tumor_2,tumor_1,ICAM2,6892,0.0017911272042208514,0.00024511111610169234,0.015599646842540543,0.00021378298559032946,0.05997752091008648
tumor_2,tumor_1,ICAM3,6892,0.004196025433858778,0.0002584226055660487,0.019607345780516632,0.00023176302314455123,0.06834763532975159
tumor_2,tumor_1,ICOS,6892,-0.005588149926579247,0.0001596319069639605,0.016779669499142582,0.00014133400583230308,0.05161508361589993
tumor_2,tumor_1,ICOSLG,6892,0.02972926865060891,0.0004362544179851401,0.039641000998772095,0.00036985889029952294,0.11504889958093664
tumor_2,tumor_1,IDO1,6892,2.8310144953624287e-05,8.187129326153676e-05,0.006435827186246831,7.436995589508323e-05,0.02432809916113999
tumor_2,tumor_1,IER3,6892,0.010617569850885283,0.0005200502030889139,0.04494032419775302,0.0004446979851662205,0.14460026294227507
tumor_2,tumor_1,IFI27,6892,-0.1486007355279773,0.001784234240155249,0.24846749882396466,0.0013531448836521377,0.6932148793862515
tumor_2,tumor_1,IFI44L,6892,-0.00456223733865997,0.00026692439928032726,0.02506231423199163,0.0002194654567488662,0.06132174085781855
tumor_2,tumor_1,IFI6,6892,-0.08435087625084893,0.0017043775492706927,0.2127171632846836,0.0015324563163983042,0.6182134807584158
tumor_2,tumor_1,IFIH1,6892,-0.00783600532257896,0.0003057395641754945,0.023877213844862993,0.0002267087448747603,0.08875078258453475
tumor_2,tumor_1,IFIT1,6892,-0.010200199316039809,0.0001563829013996271,0.017474130513526236,0.00013288876541368508,0.03545852596323427
tumor_2,tumor_1,IFIT3,6892,-0.0034359817390962008,0.0001947061676078896,0.01730437798715276,0.00016351620853005393,0.04663965904207499
tumor_2,tumor_1,IFITM1,6892,0.007947034037717116,0.0003662080081384721,0.030236361746886257,0.0003263909361510547,0.09407057467742924
tumor_2,tumor_1,IFITM3,6892,-0.1365028632952855,0.0016626718253635808,0.22233212339284805,0.001192220344638468,0.6489306518009016
tumor_2,tumor_1,IFNA1,6892,0.004616498946501683,0.0002327214788289586,0.018661170315654983,0.00020824654062213995,0.06647070048138883
tumor_2,tumor_1,IFNAR1,6892,-0.004188584187541004,0.0005055018042845551,0.043457847413930176,0.0004331199767828583,0.12131461007316499
tumor_2,tumor_1,IFNAR2,6892,-0.028825763144587922,0.0005146323985883493,0.055455687629192466,0.000395049527413958,0.13630177977830005
tumor_2,tumor_1,IFNG,6892,-0.00035764712435466323,0.0001285941211008795,0.00939296841358164,0.00010417902984446688,0.036924360572670185
tumor_2,tumor_1,IFNGR1,6892,-0.03933756264946594,0.0007262770530130608,0.07574503866421059,0.0005380113849033131,0.204729805332156
tumor_2,tumor_1,IFNGR2,6892,-0.004132955136762427,0.0004602039790733738,0.03846185281505193,0.0003868254069647909,0.13833530164095448
tumor_2,tumor_1,IFNL3,6892,-0.02100413964260791,0.0002704379752418933,0.03290018554351515,0.00022378968680553823,0.07724628502013245
tumor_2,tumor_1,IGF1,6892,-0.01626482297277464,0.00034415649959728247,0.037056202026264064,0.00031173777960877486,0.10769680241617921
tumor_2,tumor_1,IGF1R,6892,0.0002498721596187611,7.644193572156346e-05,0.00796275392775513,8.188473144747648e-05,0.02847118916034999
tumor_2,tumor_1,IGF2,6892,0.01228633837531363,0.00023044229782135983,0.022046664650010775,0.00023328983374930107,0.056251100916278676
tumor_2,tumor_1,IGF2R,6892,-0.008805776055081592,0.0008388183300728295,0.07557801236118458,0.0007372729496226297,0.2410602843595572
tumor_2,tumor_1,IGFBP3,6892,0.4015306785587742,0.0010778642869620416,0.40560960883768377,0.0010796454467228685,0.9830063998268244
tumor_2,tumor_1,IGFBP5,6892,0.2613859235781212,0.001127920009995632,0.2661342486724835,0.0010600472740641754,0.7126296733044246
tumor_2,tumor_1,IGFBP6,6892,-0.0008470637673805065,0.00030777322470920817,0.02442129047171851,0.00028666921199972895,0.09619106228930446
tumor_2,tumor_1,IGFBP7,6892,0.025616031815987074,0.0005194737434452511,0.05211679334217143,0.0004574478039978664,0.16428012806754122
tumor_2,tumor_1,IGHA1,6892,-0.00804174165392767,0.0002574080633908813,0.025587786408681777,0.00023705203418255058,0.07465132802586019
tumor_2,tumor_1,IGHD,6892,0.004195175522336227,0.00029425907314359904,0.023667663701545626,0.0002619567633309467,0.09123626530086068
tumor_2,tumor_1,IGHG1,6892,-0.014007170677277758,0.0003344059646126688,0.035745955063012556,0.00028750171605374203,0.11336625660058848
tumor_2,tumor_1,IGHG2,6892,0.0019324227582011425,0.00025266242779859355,0.01947982131369202,0.00023572503093629974,0.082753134256603
tumor_2,tumor_1,IGHM,6892,-0.011939473262588315,0.0003305947640336158,0.034251545861643674,0.00030652395412223305,0.08489839755911587
tumor_2,tumor_1,IGKC,6892,-0.01236883802939416,0.0003983496424631907,0.03891137230679721,0.00034740672891988384,0.10761425322121672
tumor_2,tumor_1,IKZF3,6892,-0.0025980398376786876,0.00018659661733934252,0.01311401530453131,0.000166851550240947,0.04761894101479033
tumor_2,tumor_1,IL10,6892,0.009257441733015709,0.0002872306417498567,0.020357371753720037,0.00026070863389866014,0.09418223294236791
tumor_2,tumor_1,IL10RA,6892,-0.0013692981841067502,8.695870853932231e-05,0.008320040768661033,8.058059452825908e-05,0.024466941632273448
tumor_2,tumor_1,IL10RB,6892,-0.0024080447066149356,0.0004062127956548467,0.032747778258417765,0.0003470027450206873,0.12725680056934813
tumor_2,tumor_1,IL11,6892,0.0035585491055824315,0.00019373921669206404,0.01338421983899899,0.0001769786915870165,0.0720268860208681
tumor_2,tumor_1,IL11RA,6892,-0.0013240486008044305,0.00028783135226068324,0.020682691096301713,0.0002543324990686942,0.07307685461451625
tumor_2,tumor_1,IL12A,6892,-0.0030212292972534843,0.0001236596307745895,0.010154010467658289,0.00010765388050260328,0.03750512668640975
tumor_2,tumor_1,IL12B,6892,0.00196383068666675,0.00023561020710663705,0.01602196193279107,0.00020900650077925975,0.06583872053061054
tumor_2,tumor_1,IL12RB1,6892,-0.00856946226535338,9.889123543863129e-05,0.01371778966129276,8.706008844926096e-05,0.042952232496998276
tumor_2,tumor_1,IL12RB2,6892,-0.0046194993225504655,0.00013902908887739228,0.013075286645375491,0.00011810063189985232,0.04332788220869389
tumor_2,tumor_1,IL13RA1,6892,-0.029478475894361145,0.000718797046944159,0.07008938025589925,0.0005753820946143794,0.23525650983122426
tumor_2,tumor_1,IL15,6892,-0.0027385460883887075,0.0001262531288099058,0.010995052855335353,0.00011044200765405397,0.04319029165085694
tumor_2,tumor_1,IL15RA,6892,-0.01763063298396575,0.00037769665976362504,0.03566258724553087,0.0003080785972792749,0.09986899900717901
tumor_2,tumor_1,IL16,6892,-0.005021455395197603,0.00018427938005419542,0.018407206658749058,0.00015072863526350782,0.05126482714856227
tumor_2,tumor_1,IL17A,6892,-0.015077561882287491,0.0001639328113647898,0.02341027301990898,0.00014460992173935904,0.051866502747482154
tumor_2,tumor_1,IL17B,6892,0.01590862845103632,0.00014306079285182033,0.018573518847701805,0.00013571573322315023,0.05547325296250599
tumor_2,tumor_1,IL17D,6892,-0.01832146982598733,0.0002341578544895138,0.02890967308187282,0.00017589217581982536,0.06397209097703126
tumor_2,tumor_1,IL17RA,6892,-0.01707703532246755,0.0004914882966409931,0.04563665778099955,0.00039356039821391973,0.1285669960863836
tumor_2,tumor_1,IL17RB,6892,-0.014937324220373,0.0003984159151499713,0.03590233805938016,0.00030926931325768713,0.0729432984661241
tumor_2,tumor_1,IL17RE,6892,-0.0007660475437509385,0.00020059701279726412,0.013452661057025545,0.0001771652851049466,0.048899084140213066
tumor_2,tumor_1,IL18,6892,-0.0005637748062226044,0.00020926719036593283,0.0161446384477561,0.00016499841160998372,0.04641304285040119
tumor_2,tumor_1,IL18R1,6892,0.0013093487093510517,0.00018561955390748695,0.012658118096174046,0.00017220900131062762,0.04488040033526096
tumor_2,tumor_1,IL1A,6892,-0.006334815282472995,0.0002300046049791655,0.019831396650779157,0.0001818270988222042,0.07424076101578671
tumor_2,tumor_1,IL1B,6892,-0.003694326232551763,0.00017813994175925154,0.015375379247950887,0.00015258048672139562,0.06819888303851107
tumor_2,tumor_1,IL1R1,6892,-0.033623387526858055,0.00036657999395666374,0.0453169864296991,0.00028312085399907213,0.08991545934001341
tumor_2,tumor_1,IL1R2,6892,0.007140684319639527,0.0001321799651354061,0.01058617662695181,0.00012120811923655154,0.05173096012436459
tumor_2,tumor_1,IL1RAP,6892,0.015212306301392592,0.0004490421750335411,0.04655475894684657,0.0003785343646446508,0.16129782113346675
tumor_2,tumor_1,IL1RL1,6892,-0.0021365256251165135,0.0001032687795594621,0.009044345159508457,8.649335718070981e-05,0.028921782745078
tumor_2,tumor_1,IL1RN,6892,-0.009432749224673184,0.0003019914456166227,0.025780159085302533,0.000229546448749533,0.08863746221784354
tumor_2,tumor_1,IL2,6892,0.0017054092478522198,8.453073751185494e-05,0.007202364927547207,0.00010448985486557503,0.02789051056077672
tumor_2,tumor_1,IL20,6892,-0.0022239856984497667,0.00020750456655892918,0.016172245381985376,0.00018253220986550286,0.060325009175845976
tumor_2,tumor_1,IL20RA,6892,-0.007901277310024133,0.00010587497598942153,0.01367999078734014,9.809005850651976e-05,0.034146624291587754
tumor_2,tumor_1,IL22RA1,6892,-0.007275784827427733,0.00011506399671204962,0.013432805939848863,9.129553519084866e-05,0.02227372195163572
tumor_2,tumor_1,IL23A,6892,-0.004562960310773713,0.00015043082559245362,0.013303003291687557,0.00012806769084778492,0.04832566648325594
tumor_2,tumor_1,IL24,6892,-0.006540284739169159,0.0002910902915899422,0.023727402728810652,0.0002363829539009296,0.08012970899543882
tumor_2,tumor_1,IL27RA,6892,-0.006082175121976693,0.00020484640427461575,0.015858180541558665,0.00016145426354338108,0.05760460567254723
tumor_2,tumor_1,IL2RA,6892,0.005059619733101072,0.00021674689397872379,0.014854436761292061,0.00017285562667032042,0.042108236459731274
tumor_2,tumor_1,IL2RB,6892,-0.010190547385238958,8.348628558929339e-05,0.013489276032126764,6.855411343432786e-05,0.03437176820390954
tumor_2,tumor_1,IL2RG,6892,-0.029412577411746882,0.0013557850436356196,0.14444673138868455,0.0010945776848064986,0.577990812969718
tumor_2,tumor_1,IL32,6892,-0.10044180540523633,0.0019492696694893119,0.2479982646614328,0.001589577035301692,0.8442094636956178
tumor_2,tumor_1,IL33,6892,-0.0009996358833172494,0.0002437191564687241,0.01622749854824319,0.00019439537991270897,0.053319822788619034
tumor_2,tumor_1,IL34,6892,-0.02149896343580263,0.0005345460211367539,0.05091498023945216,0.00043505423921711805,0.16293566179990857
tumor_2,tumor_1,IL36G,6892,-0.000254352649335857,0.0001854931124872541,0.011927810500483896,0.00015351980271755613,0.04632379406311469
tumor_2,tumor_1,IL3RA,6892,-0.006574206666543093,0.00016927087663409616,0.017396424727371688,0.00013818764431808864,0.0443179026832796
tumor_2,tumor_1,IL4R,6892,-0.0021488467779484034,0.00041268705341715044,0.031001354588003256,0.00033943459635523045,0.08882228276936915
tumor_2,tumor_1,IL6,6892,0.0005079859008529352,0.00017177845163752448,0.01163565274265833,0.0001476734666186643,0.06181911925635218
tumor_2,tumor_1,IL6R,6892,-0.07173358465764332,0.0010280913694913556,0.1255634380636647,0.0008313346455713017,0.35454251811030446
tumor_2,tumor_1,IL6ST,6892,-0.10864581264505051,0.001114567681754163,0.16234751364114994,0.0007996059691118586,0.48450721771765626
tumor_2,tumor_1,IL7,6892,-0.005128582202960768,0.00019319708620452967,0.016313118037745548,0.0001546503077494846,0.03977786053044149
tumor_2,tumor_1,IL7R,6892,-0.0005235393141092029,0.00017885836570426665,0.01483514509688105,0.0001464153453600082,0.03750656842777894
tumor_2,tumor_1,INHA,6892,0.013476214620269331,0.0005867190603740976,0.047972807945642786,0.0005295268354571125,0.1993640236637965
tumor_2,tumor_1,INHBA,6892,0.010536690966363452,0.0002463836775730737,0.020139396961038426,0.00022849744055588786,0.08620006792715887
tumor_2,tumor_1,INHBB,6892,0.009606840278295496,0.00023377350502064116,0.020508163802942465,0.00020825022770673356,0.06071164218125217
tumor_2,tumor_1,INS,6892,-0.006418463220772265,0.00011815316408995135,0.01385448645163615,0.00010473743267150214,0.042530913710978016
tumor_2,tumor_1,INSIG1,6892,0.028908418154303967,0.0004427949168429204,0.04738298833653443,0.00036272209625106897,0.09386824742377847
tumor_2,tumor_1,INSR,6892,-0.007824674456607868,0.0005331462023987534,0.04997123200730143,0.0004409176262906563,0.17393004232071968
tumor_2,tumor_1,IRF3,6892,-0.024370644781081783,0.0007743407496261502,0.07315743070803053,0.0006282429980333571,0.21112221297128136
tumor_2,tumor_1,IRF4,6892,-0.0036908406642245616,0.0002497823607645766,0.019903795084471744,0.00020439787337767575,0.063580273672569
tumor_2,tumor_1,ISG15,6892,-0.0038092535742068286,0.0007149287366226748,0.0630287532234652,0.0005810715283990063,0.17298587800596735
tumor_2,tumor_1,ITGA1,6892,-0.024856315017758923,0.0004867266371226354,0.04985628163027704,0.00037135936542196247,0.1310049360959043
tumor_2,tumor_1,ITGA2,6892,0.013505033712348461,0.0001915783972335032,0.017414054275471155,0.00017088900294765313,0.054016312800839225
tumor_2,tumor_1,ITGA3,6892,0.012768046085120601,0.0003656840291465861,0.03555115583609223,0.0002944405738833173,0.11267568561381525
tumor_2,tumor_1,ITGA5,6892,0.03774490831523539,0.0006976978861702756,0.06652633647715284,0.0005942269384954981,0.3285543506097481
tumor_2,tumor_1,ITGA6,6892,0.012423762431742815,0.0005016616178829539,0.03950966549327827,0.0004434836282561635,0.13455278402720516
tumor_2,tumor_1,ITGA8,6892,0.006159255355554652,0.00011267424847418169,0.011406717577888897,9.501684718576741e-05,0.027026784265036567
tumor_2,tumor_1,ITGA9,6892,0.0006907929130073137,0.00020873474686789435,0.01440031841992267,0.00016936114456508203,0.042021990031382295
tumor_2,tumor_1,ITGAE,6892,0.006899365321022269,6.098367845457151e-05,0.008270920322558264,6.139086083484605e-05,0.02320574892387152
tumor_2,tumor_1,ITGAL,6892,-0.006546502614598418,0.00020826742847636042,0.021422602924796925,0.000190783141609442,0.039369873965509575
tumor_2,tumor_1,ITGAM,6892,-0.015859637579923085,0.0003780896627635023,0.03366509456881654,0.00028832270482517656,0.09299975587577616
tumor_2,tumor_1,ITGAV,6892,-0.04409125361254122,0.0011773897874789274,0.11182265635958696,0.0009146846684174466,0.3520892887147319
tumor_2,tumor_1,ITGAX,6892,-0.0013589397342108054,0.0003364370069554615,0.0259631045369293,0.0002717331931008049,0.10258056772924769
tumor_2,tumor_1,ITGB1,6892,0.008173775758511304,0.0012541890290782968,0.10429054105890197,0.001062860444677524,0.38401576080255634
tumor_2,tumor_1,ITGB2,6892,0.011063704094129278,0.00044739111660249497,0.03777525834973661,0.0003891832170178713,0.13370285249456845
tumor_2,tumor_1,ITGB4,6892,-0.008698998842411635,0.00019979021232324184,0.018896174456319352,0.00016478841231544984,0.046487930311479686
tumor_2,tumor_1,ITGB5,6892,-0.020461554960017992,0.0006630615025481649,0.05858153719818506,0.0005505391162504635,0.1958663798647124
tumor_2,tumor_1,ITGB6,6892,-0.0006679289204025781,7.001544003127211e-05,0.005186167380486594,5.640492645867309e-05,0.02056412124321001
tumor_2,tumor_1,ITGB8,6892,-0.011212034662834136,0.00023364779444058693,0.023749446751278498,0.0001966314061116244,0.07404273355850075
tumor_2,tumor_1,ITK,6892,0.003229200227528776,0.00013310931149227475,0.01176154416099621,0.00011421769824249664,0.04199416939493209
tumor_2,tumor_1,ITM2A,6892,0.007988314850372599,0.00016333338926853574,0.012636627609805311,0.0001375048755056483,0.049686196615381074
tumor_2,tumor_1,ITM2B,6892,-0.084807890142599,0.0017166732999734093,0.20896530087736723,0.0013337938466869725,0.6280048378287841
tumor_2,tumor_1,JAG1,6892,-0.036737642544283876,0.00042545736392452405,0.05824741298340648,0.0003546322504392816,0.1435626017376353
tumor_2,tumor_1,JAK1,6892,-0.022139369711675533,0.0008578671791863344,0.08099043911892664,0.0006963200372671994,0.2517882041268945
tumor_2,tumor_1,JAK2,6892,-0.0030893758814987305,0.00016410238630131817,0.012301547791026705,0.00012542542174863913,0.0288067908376278
tumor_2,tumor_1,JCHAIN,6892,-0.002164282379736794,0.00014966243363913237,0.012598204452385537,0.00014291833534405546,0.02730865048267509
tumor_2,tumor_1,JUN,6892,-0.07220168339878534,0.0016126898822893029,0.1904186485663464,0.0013026921643351055,0.6876855065716382
tumor_2,tumor_1,JUNB,6892,0.0022800224346583857,0.0005650081388048068,0.05417680752522286,0.00037373269885994717,0.1764887267305214
tumor_2,tumor_1,KDR,6892,-0.0006093959110554954,0.0002677520726039975,0.01892397170133718,0.00022096074339314508,0.06054133443353575
tumor_2,tumor_1,KIT,6892,0.0014940258560516262,0.00024106546503543081,0.018134599220095766,0.0002118284572720084,0.05631549334449032
tumor_2,tumor_1,KITLG,6892,-0.011916385010899398,0.00032191298937312254,0.027777694322336927,0.0002711729683699992,0.08679961235580787
tumor_2,tumor_1,KLF2,6892,0.0019753100938149915,0.00017102743174676765,0.013639994167501283,0.0001403688699116746,0.048212620998881676
tumor_2,tumor_1,KLK3,6892,0.005276841455808388,0.00016047617734177858,0.014039570750553513,0.0001638968755528924,0.059607697496940434
tumor_2,tumor_1,KLRB1,6892,0.0015908064920124418,0.00017436776803145856,0.013481376977076345,0.00014629814364821618,0.038442476526133126
tumor_2,tumor_1,KLRF1,6892,-0.008499005494773868,0.00012083437357308375,0.015722284837786996,0.00010117364646345929,0.04101531221452418
tumor_2,tumor_1,KLRK1,6892,-0.012999278909753244,0.0001456282229498365,0.01948472833472644,9.87748727574748e-05,0.03543871803014903
tumor_2,tumor_1,KRAS,6892,-0.029545856215973425,0.00041314544306453186,0.04897522650606358,0.0003326794153248061,0.11021815406348008
tumor_2,tumor_1,KRT1,6892,0.0028710255178812623,0.00017990301103714012,0.015889086846713012,0.00016520453346776306,0.04835936200820762
tumor_2,tumor_1,KRT10,6892,-0.003738640473106389,0.00011189841179745705,0.012636816014673018,0.00011550644572431283,0.044551481662912416
tumor_2,tumor_1,KRT13,6892,0.0041437923980528705,8.49382981872558e-05,0.008401291457302675,7.252513858390753e-05,0.025646059280714735
tumor_2,tumor_1,KRT14,6892,-0.0001149242875467309,0.00017500753976741303,0.015088438015761966,0.0001520160177416071,0.044974718057812696
tumor_2,tumor_1,KRT15,6892,0.005743914211354825,0.0004403900342534127,0.03541630965614831,0.00037741258762284316,0.10524230838079059
tumor_2,tumor_1,KRT16,6892,0.0039918441244482655,0.0005457293722547376,0.042284783433073646,0.0004948972905783032,0.13686556536278977
tumor_2,tumor_1,KRT17,6892,0.038163923367871985,0.0005455992017828607,0.05562763857091461,0.000479419533208534,0.17557543106256573
tumor_2,tumor_1,KRT18,6892,-0.1558411826329734,0.0015005935852635082,0.22642104183095307,0.0011535284785423403,0.703440810261885
tumor_2,tumor_1,KRT19,6892,-0.021350665584755756,0.0004763663884303148,0.051553810159046067,0.0003707533423774194,0.20171347150010277
tumor_2,tumor_1,KRT20,6892,0.007204106271099915,0.0005003288288577479,0.04150632446050996,0.0004039502769538508,0.14460289287530287
tumor_2,tumor_1,KRT23,6892,-0.012648155523370303,0.0001767334931305516,0.01993568987438717,0.0001242356567266836,0.05190962889108436
tumor_2,tumor_1,KRT4,6892,-0.0009902518656402363,0.00015798007940058255,0.011456931828461327,0.00013558256026109807,0.04259586457769958
tumor_2,tumor_1,KRT5,6892,-0.007218985282991664,0.00018062355667942072,0.016547743926415014,0.00015132634642388743,0.04499556978479702
tumor_2,tumor_1,KRT6A,6892,-0.014452591135725487,0.0002203901876105486,0.02618340103354876,0.00019366918932067152,0.0946686721340238
tumor_2,tumor_1,KRT7,6892,-0.000826936211729951,0.0002547046350013759,0.02073214327391114,0.00020511303028697756,0.06299875293043658
tumor_2,tumor_1,KRT8,6892,-0.15952559924652437,0.0018915278599856344,0.2595209075356142,0.001418851908164509,0.8502820742464138
tumor_2,tumor_1,KRT80,6892,0.0018385214068347428,0.00019606448558913978,0.016227033495322223,0.0001837219512964936,0.050904451276820396
tumor_2,tumor_1,KRT86,6892,-0.0021489449366992007,0.00031896776687762545,0.022906771493892957,0.00027255548780039785,0.10610803406845626
tumor_2,tumor_1,LAG3,6892,-0.014946284719490952,0.0002105853574586192,0.0264289471608772,0.00019233086781735752,0.062456742144924436
tumor_2,tumor_1,LAIR1,6892,-0.01960279754967306,0.00018062345810946143,0.028329659075553525,0.00014344453280573394,0.05168318494186813
tumor_2,tumor_1,LAMA4,6892,0.004589946925325521,0.0002020734308350253,0.014817630464251105,0.00016040377076619307,0.048695470993725766
tumor_2,tumor_1,LAMP2,6892,0.020440465866091315,0.001615952835026104,0.16238408000084117,0.0014364721641000875,0.6250775020962069
tumor_2,tumor_1,LAMP3,6892,0.0007229158528731813,0.00011812270659794521,0.010972194076306011,0.0001124456565529028,0.04223645508500624
tumor_2,tumor_1,LCN2,6892,-0.0030182266009926096,0.0002856848165310297,0.02497061886494948,0.00023846597034964603,0.08006141296879073
tumor_2,tumor_1,LDB2,6892,0.005359404122739197,0.00020806325072577142,0.014917419007916497,0.00018246358487270905,0.04637611309940844
tumor_2,tumor_1,LDHA,6892,-0.0036438038075657362,0.0011510611886261597,0.13216539673351543,0.0010814876474905893,0.5673796804682455
tumor_2,tumor_1,LDLR,6892,0.002996652805461541,0.00029380121096546905,0.02347830987536228,0.00021213645951789688,0.0822486016475661
tumor_2,tumor_1,LEFTY1,6892,-0.012394837679550078,0.00025994539181910405,0.025047134226717775,0.00021586658744620008,0.07031871705343937
tumor_2,tumor_1,LEP,6892,0.00219612213406221,0.00018152851525583607,0.012820266305025207,0.0001607343667862769,0.047171243090104974
tumor_2,tumor_1,LGALS1,6892,0.2434047832092118,0.0016277111337621654,0.25932343198706465,0.0013899159501244908,0.7433464392356963
tumor_2,tumor_1,LGALS3,6892,0.02064506900007607,0.0012397681618607184,0.11105228362386603,0.0010453274524663387,0.4409389503709636
tumor_2,tumor_1,LGALS3BP,6892,-0.07447022093071867,0.0014096778981541108,0.17254700092628525,0.0012017503434622492,0.5250973779017044
tumor_2,tumor_1,LGALS9,6892,-0.07979581900420954,0.0007710476716209603,0.11053125250720253,0.0005798140967624001,0.23064090031893705
tumor_2,tumor_1,LGR5,6892,-0.011712789125106088,0.0001259206644073464,0.017562827005517142,9.382204968890834e-05,0.04079430094880521
tumor_2,tumor_1,LIF,6892,-0.0015752713212735833,5.4183382125000126e-05,0.0064199980152408725,3.719562328641597e-05,0.030653560049892815
tumor_2,tumor_1,LIFR,6892,0.010863793445091632,0.00023575227012813667,0.01865886862149751,0.00018613556728209552,0.05551780879283656
tumor_2,tumor_1,LINC01781,6892,-0.004519057800047812,0.00011312657187576357,0.014135269134626894,0.00011173911891675338,0.04015450131469605
tumor_2,tumor_1,LINC01857,6892,0.008513023888649558,0.00022538690382729976,0.014671796715944829,0.00017803127436206227,0.06193083262646646
tumor_2,tumor_1,LINC02446,6892,0.0031744076469853665,0.00018451543867374553,0.012771931816772431,0.00014728941515901995,0.03851383149710576
tumor_2,tumor_1,LMNA,6892,0.007979343116311254,0.0010065632053391236,0.08677823187322428,0.0008829978765561579,0.33545846951810737
tumor_2,tumor_1,LPAR5,6892,-0.013978591039860582,0.00020140820709958003,0.02502151960301636,0.0001760255055195334,0.05988238681376947
tumor_2,tumor_1,LTB,6892,-0.014647297399646634,0.0004905200770745885,0.04451000034337235,0.00041143713439928,0.12252730346369864
tumor_2,tumor_1,LTBR,6892,-0.024434072065451715,0.0006444239104274117,0.06027228051795339,0.0005133169371170482,0.19106038078614418
tumor_2,tumor_1,LTF,6892,-0.004415124750488224,7.566557214162131e-05,0.009641990692625373,8.73951502618885e-05,0.02707495324052341
tumor_2,tumor_1,LUM,6892,-0.0047471922209072325,0.00027019716403791993,0.02014494056232896,0.00020813610853368778,0.05302863406978194
tumor_2,tumor_1,LY6D,6892,-0.005016293857885537,0.0002737318382089135,0.022160373072818818,0.0002151397247370902,0.06725095477682938
tumor_2,tumor_1,LY75,6892,-0.007233006873565877,0.00017687349501392053,0.018342969688742022,0.00014009775429604937,0.06629704162567437
tumor_2,tumor_1,LYN,6892,-0.0008891646849187182,0.0001897508189861433,0.015984740778379514,0.0001528908028720762,0.0558638887869015
tumor_2,tumor_1,LYVE1,6892,0.005493650590547955,0.00011138582005669092,0.009619397124912301,0.00010078870191199184,0.031233372342547368
tumor_2,tumor_1,LYZ,6892,0.030878065074691975,0.00045816495418388745,0.05118666911123805,0.0003501080414594894,0.21399649653433467
tumor_2,tumor_1,MAF,6892,0.055451548055113785,0.0012407639224450318,0.1316100509814838,0.0010191845171050094,0.43394480366853766
tumor_2,tumor_1,MALAT1,6892,0.022861644204947025,0.001911507017054038,0.22341697101665847,0.0017452217762358416,1.3348468525366297
tumor_2,tumor_1,MAML2,6892,0.0065038418924505004,0.00021249662383216196,0.017224127068743482,0.00018974431945691523,0.04891437459022138
tumor_2,tumor_1,MAP1LC3B,6892,-0.010475949459364373,0.0010289716689856126,0.09530093563560858,0.0008510232820833225,0.29396817887155724
tumor_2,tumor_1,MAP2K1,6892,0.03410062915668512,0.0004463884638458336,0.04992850599049693,0.0003732762630333042,0.15041309065757702
tumor_2,tumor_1,MAPK13,6892,-0.023660169123470333,0.0005455867275299107,0.05257965803705265,0.0004524860145820983,0.1642700431682324
tumor_2,tumor_1,MAPK14,6892,-0.034179358262889245,0.0007536832332913372,0.07827790076948446,0.0005659532338950896,0.23619336300033994
tumor_2,tumor_1,MARCKSL1,6892,-0.11192129752489247,0.0013564001263171586,0.1838324102391751,0.0011344241156318793,0.4732255687145092
tumor_2,tumor_1,MARCO,6892,0.009692354999467499,0.00013581719038742687,0.014091713585389765,0.0001236895234336151,0.02932728463389917
tumor_2,tumor_1,MB,6892,0.030010835491406446,0.0002896604352948361,0.041865277581383385,0.0002558847536835726,0.11791253702694363
tumor_2,tumor_1,MECOM,6892,-0.03449818178448119,0.0004860277608953161,0.05635250598633823,0.0003750973579040926,0.12949914525981387
tumor_2,tumor_1,MEG3,6892,0.0068889917754914095,0.00021285430302907403,0.019137911689628535,0.000177838963059142,0.06199043139005933
tumor_2,tumor_1,MERTK,6892,-0.023124220968797807,0.000388153559668868,0.03931588000304992,0.0002969601983947491,0.08988450026607056
tumor_2,tumor_1,MET,6892,0.010484519528586676,0.00026636119711694923,0.02186713189658781,0.00022015759114936903,0.09291992581938834
tumor_2,tumor_1,MFAP5,6892,-0.007569091967242168,0.0001572360665473379,0.01624749987372654,0.00013910677925176558,0.04159232124585924
tumor_2,tumor_1,MGP,6892,0.008095007593892417,0.0004021939358966599,0.03249140693709494,0.00034675890620250536,0.12067360083930143
tumor_2,tumor_1,MIF,6892,0.029041675542501783,0.0019426281532750206,0.1942970621648898,0.0018803631273336175,0.6990893562245779
tumor_2,tumor_1,MIR4435.2HG,6892,-0.0039921679769416175,0.0002839547290600226,0.022616826763805768,0.00024264385186991658,0.07504922896967506
tumor_2,tumor_1,MKI67,6892,-0.002324112124425006,0.00018641753736807533,0.013248589920025028,0.0001406780444927881,0.02719368885710218
tumor_2,tumor_1,MMP1,6892,0.00381951512746796,0.00027912706980511926,0.027409382000904387,0.00024256706859320822,0.09179789794553862
tumor_2,tumor_1,MMP12,6892,-0.012749232138624361,0.0002025015027372363,0.022680624246568103,0.000160811012186721,0.057127779130704416
tumor_2,tumor_1,MMP14,6892,-0.03637914650657177,0.0007448770920825031,0.07744540126310626,0.0006202903862202183,0.2008196761916888
tumor_2,tumor_1,MMP19,6892,0.0044063137653264865,0.00016565691521689506,0.010527124806594814,0.0001379719535926605,0.05364064291183031
tumor_2,tumor_1,MMP2,6892,0.0024176653503217085,0.00016936128608028742,0.013335139872368427,0.00016215414766979547,0.05623344392960884
tumor_2,tumor_1,MMP7,6892,0.009852102356941238,0.0003645681978976955,0.030861035690294795,0.0003233154192691193,0.11072805950727885
tumor_2,tumor_1,MMP9,6892,-0.010922600499744696,0.00021457007173335962,0.022785837630227394,0.00019024683382005988,0.06572127837531586
tumor_2,tumor_1,MPO,6892,-0.0014475650629174619,0.00022548615026445797,0.01975319734923174,0.00019215908192617883,0.06052072165513729
tumor_2,tumor_1,MRC1,6892,-0.005933402339969472,0.00019314843533800122,0.019555267475267576,0.00013351619286043221,0.0533152052268133
tumor_2,tumor_1,MRC2,6892,-0.0022933829312541945,0.00018708650010413667,0.014753208475677135,0.00014759860734318261,0.0657968231912042
tumor_2,tumor_1,MS4A1,6892,0.014578668652259102,0.00013788729201813578,0.01769502589730973,0.00012458525960264364,0.04554959203426798
tumor_2,tumor_1,MS4A4A,6892,-0.011303427507737366,0.0001413362445020825,0.01670771443258157,0.00010133281580093197,0.04161031705453633
tumor_2,tumor_1,MS4A6A,6892,-0.013686073728168444,0.00026684134466105445,0.029648745982587182,0.0001893690129692813,0.07294942331179062
tumor_2,tumor_1,MSMB,6892,0.0013501117069455802,0.00015346974428308838,0.009970480791096876,0.00012116454626294164,0.041503902941809764
tumor_2,tumor_1,MSR1,6892,-0.0004763514553593485,0.00032897620999903897,0.02460011528838131,0.00026319299358497963,0.11281027820413195
tumor_2,tumor_1,MST1R,6892,-0.0021035596866158467,0.0002677244502319804,0.02199829291883106,0.0002466455370334219,0.06794806483575136
tumor_2,tumor_1,MT1X,6892,0.031728243533855935,0.0007852360120199624,0.0821458520326932,0.0005357417188631598,0.3266618241809679
tumor_2,tumor_1,MT2A,6892,0.08994056894957428,0.001904435244348557,0.20790251870001802,0.0013439352425700694,0.8797266504619436
tumor_2,tumor_1,MTOR,6892,-0.013261101554575994,0.0004908846439694399,0.04421109709791672,0.00041769986610464287,0.11962506205024973
tumor_2,tumor_1,MX1,6892,-0.011740463541023913,0.0005832262575286111,0.05528789876132676,0.0004509013501151229,0.1459766682315659
tumor_2,tumor_1,MXRA8,6892,0.002164328394287973,0.000246968586910244,0.01969759571160613,0.00022853633086291443,0.0711070613669987
tumor_2,tumor_1,MYC,6892,0.013248931753054019,0.00020957264764084226,0.01844814080642012,0.00017867737489530197,0.042489112515617766
tumor_2,tumor_1,MYH11,6892,-0.004420466722760542,0.00012370767546086899,0.014152562605904645,0.0001311858576044922,0.029341847842185825
tumor_2,tumor_1,MYH6,6892,-0.006581996421700477,7.562729812992507e-05,0.009000372189800869,5.565500580643404e-05,0.028588886792377633
tumor_2,tumor_1,MYL12A,6892,-0.06563027018813057,0.0015224345973659378,0.1737776005839539,0.0011625412713289387,0.5502691689749047
tumor_2,tumor_1,MYL4,6892,0.0027735014876066446,0.00027954528864772087,0.023940280916599544,0.00025459884924554864,0.07472178628804067
tumor_2,tumor_1,MYL7,6892,-0.01001906718584983,0.0001345064885442446,0.015614900398538387,9.423243376781965e-05,0.02961743185089908
tumor_2,tumor_1,MYL9,6892,-0.06172674762186631,0.001251162390800038,0.14508958742947417,0.0010715815026941127,0.4696933512619162
tumor_2,tumor_1,MZB1,6892,-0.014289522871498863,0.0001565248763451776,0.020536419904592988,0.00012116791441224188,0.05611086441719222
tumor_2,tumor_1,MZT2A,6892,-0.0393771907219526,0.0013489194747786527,0.13544070827993615,0.001175806173751283,0.4352044766609825
tumor_2,tumor_1,NACA,6892,-0.05473731407871091,0.0013716054039818856,0.14957479966210618,0.0011006962374963834,0.4276565057677938
tumor_2,tumor_1,NANOG,6892,-0.006903833559175355,0.00026154634455509656,0.023873755666932707,0.0002512438016939393,0.08164662589099383
tumor_2,tumor_1,NCAM1,6892,-0.009874600427156585,0.0002604910971857374,0.024771558392365386,0.0002027152177880316,0.07823944013829065
tumor_2,tumor_1,NCR1,6892,-0.003737801556338708,5.4437584139741095e-05,0.008407573732377197,6.64075340522075e-05,0.031832295897981956
tumor_2,tumor_1,NDRG1,6892,0.14205663252106837,0.0018336486117456528,0.23249457773910578,0.0016029445942122747,0.924762445396427
tumor_2,tumor_1,NDUFA4L2,6892,0.08107319306349112,0.001192257180174886,0.1231389885582557,0.001120027242382058,0.7952552816990341
tumor_2,tumor_1,NEAT1,6892,-0.013032608784819525,0.0020683932780602575,0.2246138229139162,0.00160330740946001,1.237112411600463
tumor_2,tumor_1,NELL2,6892,-0.0009011288387544165,7.657691739765011e-05,0.006259117246234116,6.418260436377494e-05,0.027210472594559436
tumor_2,tumor_1,NFKB1,6892,-0.019462811122556527,0.0004907047273173632,0.046422285475882744,0.0003769935878281361,0.12301882918779967
tumor_2,tumor_1,NFKBIA,6892,-0.016070553656946922,0.0011874855044126103,0.11389160640128293,0.0010235084753682229,0.4044369742239574
tumor_2,tumor_1,NGFR,6892,0.013338272309296148,0.00022983231108070616,0.019637817828697102,0.0002079570468174306,0.059577701610121415
tumor_2,tumor_1,NKG7,6892,-0.005972039166233085,0.000194861238778138,0.018696381701834856,0.00018498900296208057,0.05884946990851443
tumor_2,tumor_1,NLRC4,6892,-0.0007291214030346273,0.00015790127384843628,0.012167911240166173,0.00014457254346935715,0.05091906810492928
tumor_2,tumor_1,NLRC5,6892,-0.005397256707809656,0.00042519197745968345,0.03139551746583198,0.00034239938713294534,0.09402913029457394
tumor_2,tumor_1,NLRP1,6892,-0.004656224099387324,0.00021158470073325095,0.020331239424839408,0.00017260761037197705,0.04683476878943725
tumor_2,tumor_1,NLRP2,6892,-0.006378612459774518,0.00019423987057455743,0.017395076221606444,0.00016105496439957232,0.04371079350289617
tumor_2,tumor_1,NLRP3,6892,-0.00313929190972168,0.00018065710334378836,0.013759618865821166,0.0001567331744772621,0.05557650611167325
tumor_2,tumor_1,NOD2,6892,-0.00035819249907081475,0.00028481794483408026,0.02198028018256488,0.00026920818330025686,0.08454995774735859
tumor_2,tumor_1,NOSIP,6892,-0.028136395388288236,0.0005820469171323104,0.05597658539029406,0.00044867427243990915,0.1454739274261269
tumor_2,tumor_1,NOTCH1,6892,-0.0298765794610663,0.0005389986149113518,0.05680803753202105,0.0004347601963579185,0.1490768992906522
tumor_2,tumor_1,NOTCH2,6892,0.002118163515537441,0.00041685376031745197,0.030579823905789116,0.00037000710603066276,0.11100023942718831
tumor_2,tumor_1,NOTCH3,6892,-0.009517705599894694,0.00015001295689211965,0.01950872686645097,0.000131810115828218,0.04765807076588674
tumor_2,tumor_1,NPPC,6892,-0.005786891647025908,0.0002882066624781777,0.02503070561351764,0.0002462674813220365,0.08952167377333667
tumor_2,tumor_1,NPR1,6892,0.009585644814236608,0.00020119307559391192,0.01888553452805318,0.00018223922844957987,0.05191560235197303
tumor_2,tumor_1,NPR2,6892,-0.0005654381626681276,0.0003267208365222598,0.025247474175544637,0.00028170948807415693,0.0933302845741169
tumor_2,tumor_1,NPR3,6892,0.0026705126196213034,0.00024299673141958537,0.015174585715281111,0.00019886038333083098,0.06303393271580818
tumor_2,tumor_1,NR1H2,6892,-0.01627214771802999,0.00076804135570898,0.07777876447263546,0.0006739128343652281,0.24555006583647382
tumor_2,tumor_1,NR1H3,6892,-0.021566645413032045,0.00042143901644352966,0.04233670091777159,0.00035688810076526996,0.10305683233021896
tumor_2,tumor_1,NR2F2,6892,-0.020463284676017816,0.000577409354283244,0.054460762698231434,0.0004911629164420841,0.1695347552068593
tumor_2,tumor_1,NR3C1,6892,-0.009814567391820645,0.0007473173429967269,0.06658962895846167,0.000640812391558014,0.22828583479478404
tumor_2,tumor_1,NRG1,6892,-0.001200570587658778,0.00015015963801748902,0.01232480775855846,0.00013448641778761178,0.03791617059246523
tumor_2,tumor_1,NRXN1,6892,0.014570809495083997,0.00015976258676653844,0.018174858340759475,0.00014376707597095936,0.04695738130377934
tumor_2,tumor_1,NRXN3,6892,0.008420915487977755,0.00034994302050784105,0.025886372858824648,0.00029258753357566225,0.07071424876677457
tumor_2,tumor_1,NTRK2,6892,0.006520534358634622,0.00012251864975254916,0.009410438931689533,0.0001123191229876802,0.035245621334753646
tumor_2,tumor_1,NUPR1,6892,0.12904163190370152,0.0018452915947971633,0.24258044155488073,0.001472783223327315,0.9150322792677038
tumor_2,tumor_1,NUSAP1,6892,-0.04610570839320626,0.0006110908903939189,0.06944876468623312,0.0004460781326831548,0.12175149152666512
tumor_2,tumor_1,OAS1,6892,-0.010150084993504723,0.00038553191673404246,0.03900191845286917,0.00035484230998091595,0.10874688916670268
tumor_2,tumor_1,OAS2,6892,-0.009614169271933093,0.00025315142693744413,0.026719050770474123,0.00019886420978573063,0.07808368375886235
tumor_2,tumor_1,OAS3,6892,-0.014180482385001181,0.00032499953508174586,0.02996054500678162,0.00024884564432378755,0.0659139967687096
tumor_2,tumor_1,OASL,6892,-0.006668862025483198,0.00023912148514442397,0.022271571705254033,0.00019829888635221205,0.0748690702830524
tumor_2,tumor_1,OLFM4,6892,-0.00255463393283462,0.00017211366493501785,0.015327814434483663,0.00014812059911157915,0.04917189385179533
tumor_2,tumor_1,OLR1,6892,-0.0028994294763753517,0.00011312840335713387,0.011016538820695133,8.586127446179437e-05,0.031039159472510645
tumor_2,tumor_1,OSM,6892,-0.005446223687887023,0.00018871208472345506,0.018041830867227843,0.00017615439928520292,0.05160354130072331
tumor_2,tumor_1,OSMR,6892,0.06076299822339961,0.0005637848162380493,0.07074939909851766,0.00047178877156531224,0.18253895181296004
tumor_2,tumor_1,P2RX5,6892,-0.015402922419332794,0.00012967634082335336,0.020578247581411843,9.950576064149378e-05,0.028498937774229544
tumor_2,tumor_1,PARP1,6892,-0.0392516425587518,0.0007895716021903929,0.0793420325744696,0.0006571258607317242,0.1862433865135091
tumor_2,tumor_1,PCNA,6892,-0.07492357132255326,0.0006203452585675976,0.09432523581899326,0.00047751811455517775,0.14719158258779108
tumor_2,tumor_1,PDCD1,6892,-0.005286859831563562,0.00021384463379136356,0.017775604478448403,0.00016593485469033257,0.0538294770495293
tumor_2,tumor_1,PDCD1LG2,6892,0.004472921445959821,0.0001388738723139224,0.010611961091499943,0.00013714811576418564,0.048720718954732456
tumor_2,tumor_1,PDGFA,6892,-0.005791317092173545,0.000623345901645789,0.05502391193395908,0.0005712625688646431,0.2017021135310273
tumor_2,tumor_1,PDGFB,6892,0.0006274805709844519,0.0001399697880456636,0.013486817350468663,0.00012063844803127856,0.04295104696994337
tumor_2,tumor_1,PDGFC,6892,0.0035877066423594347,0.00026697403976426416,0.017358481549175193,0.00021132871767420158,0.06723864881278305
tumor_2,tumor_1,PDGFD,6892,0.0021899146237856536,4.272590993264974e-05,0.005573474399089269,3.0230830892078634e-05,0.021568580901761805
tumor_2,tumor_1,PDGFRA,6892,0.005265526936974083,0.00016113782221173885,0.015824711916489053,0.00014132636866238797,0.055189865415393
tumor_2,tumor_1,PDGFRB,6892,0.009384835063094989,0.00021074760413202826,0.017931396613998563,0.00019265114119529012,0.06360960769645016
tumor_2,tumor_1,PDS5A,6892,-0.040681499055531624,0.0009638786226211537,0.09510566771627164,0.0007655002241190657,0.2568232407363009
tumor_2,tumor_1,PECAM1,6892,-0.0012283499850743562,0.0002445703243118229,0.019873706417109126,0.00022350532201097372,0.07229278035862613
tumor_2,tumor_1,PF4,6892,-0.0012236069010741451,0.0002365655397023658,0.01777941441252337,0.00020814468780923042,0.07544231864945708
tumor_2,tumor_1,PFN1,6892,-0.15518921102922534,0.0015809909154616928,0.22365414475543358,0.0010051600329744918,0.5563623693633822
tumor_2,tumor_1,PGF,6892,0.017112160048669705,0.0002939626397508227,0.025948121321662715,0.0002591658097788832,0.0848067116938914
tumor_2,tumor_1,PGK1,6892,0.1320840593131145,0.0020121455092576724,0.22850919005421716,0.0018216145322912662,0.8464783656882957
tumor_2,tumor_1,PGR,6892,-0.0032192309717018024,0.00011786964956413628,0.012225816211702645,0.00010491057681396027,0.03118655279151062
tumor_2,tumor_1,PHLDA2,6892,-0.034317822543632845,0.0006898474034477525,0.0657934982623652,0.0005161733916463903,0.2030374644308795
tumor_2,tumor_1,PIGR,6892,-0.10155031326986597,0.0007078196323120376,0.12286831897161025,0.00045158859788877343,0.2767797365716843
tumor_2,tumor_1,PLAC8,6892,0.0029414302448779795,0.0002362668252121939,0.016601089427885934,0.00021643652588049735,0.08730942321727163
tumor_2,tumor_1,PLAC9,6892,-0.0021516542381945364,0.00022020433263970926,0.020433669825587468,0.00021040901019407662,0.06651458089603218
tumor_2,tumor_1,PLCG1,6892,-0.008023293402442708,0.0007469788404435464,0.06637761598705351,0.0006582124886704373,0.21341263123120774
tumor_2,tumor_1,PLD3,6892,0.00019448391143346095,0.0011574060225589603,0.09916857156655398,0.001041017393209217,0.36101750013803113
tumor_2,tumor_1,PNOC,6892,0.0028949030708911865,0.00017748642369751143,0.013013318401206776,0.0001478051011203817,0.05205327349147566
tumor_2,tumor_1,POU5F1,6892,-0.046294904477935925,0.0009834744115975128,0.12283014814915039,0.0008697386614701235,0.5129460135326837
tumor_2,tumor_1,PPARA,6892,-0.06868215590095308,0.0007144237935460972,0.10214281520064199,0.0005512443163121009,0.2591481976846922
tumor_2,tumor_1,PPARD,6892,0.03924354394393594,0.0005711413833510573,0.05602779114368213,0.00047256278252899754,0.17272915925417184
tumor_2,tumor_1,PPARG,6892,-0.0012520523812379679,0.0001469267345625862,0.010923262065799732,0.00012527081507160884,0.041341038720142685
tumor_2,tumor_1,PPIA,6892,-0.09713298639085834,0.0018887647823837008,0.22684892272799387,0.0015400272347088175,0.6815034194307055
tumor_2,tumor_1,PRF1,6892,-0.006660261159725985,0.0002184311147855006,0.021412833926694397,0.00018232981409942907,0.045327182205301984
tumor_2,tumor_1,PROX1,6892,-0.0693927312971677,0.0012817393278733002,0.1545000370238106,0.0010441263690728158,0.4838289504919614
tumor_2,tumor_1,PRSS2,6892,-0.03327185711285583,0.0004659575762866397,0.05388050804301682,0.0003898564287425965,0.14684210602614395
tumor_2,tumor_1,PRTN3,6892,0.006904755536457648,0.00016093239386042596,0.016027403567691705,0.00015783768618889767,0.04473477749874919
tumor_2,tumor_1,PSAP,6892,0.0038634153705717836,0.0017774552075259201,0.17580931740848765,0.0015498117380583472,0.6223113712432611
tumor_2,tumor_1,PSCA,6892,0.007896935827407156,0.00016870352095579036,0.012782812159711433,0.00016557521862861822,0.048385984438257715
tumor_2,tumor_1,PSD3,6892,-0.01091707097540771,0.000252863473200023,0.025602581964233307,0.00019487287050481427,0.09418816842977508
tumor_2,tumor_1,PTEN,6892,0.003916485587232793,0.0001333319563241619,0.014021048893261803,0.00011469604245502303,0.035147840459059984
tumor_2,tumor_1,PTGDR2,6892,0.0027793114638421956,0.00015316095558800145,0.011968353995647945,0.0001210912273676334,0.05016372066731543
tumor_2,tumor_1,PTGDS,6892,-0.030130570778835446,0.0006636578182331344,0.07212041366232179,0.0006722908795392409,0.18743040903995173
tumor_2,tumor_1,PTGES,6892,0.013033389072885246,0.0003773293304632511,0.032081756416048254,0.00034445978222354004,0.10436443494704542
tumor_2,tumor_1,PTGES2,6892,-0.016855179212484195,0.0003212904405975059,0.0340001362814415,0.00028110151653459945,0.09217586519435203
tumor_2,tumor_1,PTGES3,6892,-0.07065480874810266,0.0012249969797061206,0.1404931746951066,0.0008838460355588786,0.3850215752409158
tumor_2,tumor_1,PTGIS,6892,0.0026817206642522897,0.00023885885621498983,0.018635503413859437,0.00020587766938062857,0.07629304853032871
tumor_2,tumor_1,PTGS1,6892,0.031322440337864015,0.00026297668636804627,0.035275957259751946,0.00023770396545373304,0.08648310956967341
tumor_2,tumor_1,PTGS2,6892,0.00538510859120168,0.00010252411227908988,0.009452071082353963,8.689655401997579e-05,0.03874213911927026
tumor_2,tumor_1,PTK2,6892,0.00469204175891179,0.0005641205984219484,0.04381019238382781,0.0004823849381648001,0.16061044092271445
tumor_2,tumor_1,PTK6,6892,0.006330383396439916,0.0002566110268001209,0.021433576946652176,0.00023425205178638568,0.08980402021457067
tumor_2,tumor_1,PTPRC,6892,-0.008356261640564563,0.00017016016596722,0.016995107921549686,0.00012097345537548388,0.05159411318059025
tumor_2,tumor_1,PTPRCAP,6892,-0.013698033965071119,0.00034800310124203726,0.032916227707939866,0.00026352376057122367,0.08533672839351784
tumor_2,tumor_1,PTTG1,6892,-0.017659383972088393,0.0005268006389270434,0.0421385465262515,0.00042442319766310604,0.09612419524588207
tumor_2,tumor_1,PXDN,6892,-0.010062588824178684,0.0002183292661506116,0.02338931650864917,0.00019333636403343348,0.05816715322393805
tumor_2,tumor_1,QRFPR,6892,-0.0007150204295213581,0.00028918142473963957,0.0221982143129894,0.00026410692415652676,0.08884101053231985
tumor_2,tumor_1,RAC1,6892,-0.0377694872675763,0.0014024911733903373,0.1444371160948395,0.00112483139929019,0.4912106832559342
tumor_2,tumor_1,RAC2,6892,-0.014548942944504109,0.0005120141891235814,0.04713212745910099,0.00040552719455548856,0.13646357267400439
tumor_2,tumor_1,RACK1,6892,-0.0447300490603506,0.0013887574112759898,0.14671591377557103,0.0011491667324685594,0.4483385279065713
tumor_2,tumor_1,RAG1,6892,-0.0004767490903567468,0.0001315741782333405,0.009862570770979965,0.00010679925526540451,0.03465044253706084
tumor_2,tumor_1,RAMP1,6892,-0.09260719517594256,0.0013191018798870784,0.17394441646991057,0.001159949913122348,0.5174356811191769
tumor_2,tumor_1,RAMP2,6892,-0.006228397013343875,0.00020431585052718804,0.01881045289288988,0.00017362380125039847,0.043468860688621866
tumor_2,tumor_1,RAMP3,6892,-0.0028193047070184975,0.0001811143144015158,0.01599759752267579,0.00015714797726309123,0.04705179451021684
tumor_2,tumor_1,RARA,6892,-0.05704020354796787,0.0008753009854874005,0.09838070579511517,0.0006910333585172305,0.27044518895923997
tumor_2,tumor_1,RARB,6892,0.006708956780833707,0.0001587397561809061,0.012756524503339695,0.000144128464609746,0.04226983569067685
tumor_2,tumor_1,RARG,6892,-0.007784772910044198,0.00019139124918270259,0.016346955195772537,0.00013956579383477146,0.059882351887032705
tumor_2,tumor_1,RARRES1,6892,-0.013011927506872908,0.00029998560297972475,0.028076782525537046,0.0002141520173164689,0.07431069359388262
tumor_2,tumor_1,RARRES2,6892,-0.1297127278709624,0.0015032901882134485,0.2232876147903114,0.0012627652041583882,0.6872024913713264
tumor_2,tumor_1,RB1,6892,0.0017306078452529363,0.00020430341603996216,0.014852085649668284,0.0001727520625579862,0.05492544278021212
tumor_2,tumor_1,RBM47,6892,-0.03330656374150034,0.0015017486294293843,0.1527393416906434,0.00136094977901834,0.5415644416101364
tumor_2,tumor_1,RBPJ,6892,0.01087763958955989,0.0005360730419766651,0.04447950121756909,0.0004410544997788402,0.16285347186824467
tumor_2,tumor_1,REG1A,6892,-0.12008485388140737,0.0012986978270784328,0.18072359769406998,0.0008847622008959281,0.681740381308955
tumor_2,tumor_1,RELA,6892,0.008768935082101945,0.0005183061529535957,0.04583915361131364,0.0004289013995403626,0.17491402047560767
tumor_2,tumor_1,RELT,6892,0.005496498805176719,0.0003320629307984161,0.02795583990631432,0.0002970964754571805,0.08261523210466218
tumor_2,tumor_1,RGCC,6892,0.008268347747426089,0.0002406673149724976,0.016510979031405595,0.00020444864971352653,0.06773702015625084
tumor_2,tumor_1,RGS1,6892,0.011074691431012298,0.00040916965054155956,0.03141707666097339,0.0003267617401840568,0.11233184226461676
tumor_2,tumor_1,RGS13,6892,-0.007038582805181987,0.00010713033852728615,0.012400402450578388,9.489381613180195e-05,0.0302336190437124
tumor_2,tumor_1,RGS2,6892,-0.006305794494639536,0.000884861328920501,0.0956600365234086,0.0007510064396265921,0.3726154832060707
tumor_2,tumor_1,RGS5,6892,0.009888936983620358,0.00018479063790193196,0.022586915131390214,0.0001579186488288467,0.05670859650368935
tumor_2,tumor_1,RNF43,6892,-0.003454105083437964,0.00027070667134090047,0.0223858795213152,0.00022590952451971856,0.06664151805686098
tumor_2,tumor_1,ROR1,6892,-0.010915831553974598,0.00028972399977506425,0.027293425308985313,0.00022473137264167868,0.08778795119828506
tumor_2,tumor_1,RORA,6892,0.005256044709632304,0.0005717242858644524,0.04746262714584605,0.0004675256873458713,0.1798175146430769
tumor_2,tumor_1,RPL21,6892,-0.03827560127934941,0.0015446063038393031,0.16288503657816195,0.0013695489565077228,0.5234908026177572
tumor_2,tumor_1,RPL22,6892,-0.054213298378524157,0.001388454820302519,0.14246076045358405,0.001090263474458564,0.42617614861037045
tumor_2,tumor_1,RPL32,6892,-0.03608908668722313,0.0013253808597966403,0.13346087327925624,0.0010834685387832162,0.3829232874458137
tumor_2,tumor_1,RPL34,6892,-0.06479662891043035,0.0017178393747601412,0.1919345974335036,0.0013492950743995572,0.6336355468359705
tumor_2,tumor_1,RPL37,6892,-0.09835841187283514,0.001801085161131639,0.21200126507984357,0.0013292881327923779,0.6177862118084125
tumor_2,tumor_1,RPS4Y1,6892,-0.00586656065065118,0.00014716557454696794,0.020036300807533616,0.00012611512843660087,0.03356120721727988
tumor_2,tumor_1,RSPO3,6892,-0.006325891777245761,9.095826019689659e-05,0.010567394005913326,7.037619391973339e-05,0.023858913457781336
tumor_2,tumor_1,RUNX3,6892,0.004194133219244829,0.00025862703608305456,0.016480764702397052,0.00023004672290271623,0.06732965531118877
tumor_2,tumor_1,RXRA,6892,-0.0012938222008884587,0.0006625383120619982,0.05833088334530413,0.0005863278166764778,0.20493364926936347
tumor_2,tumor_1,RXRB,6892,-0.04093952429712195,0.0005758937665468018,0.06599230625395335,0.00048018259360423207,0.16809428158679945
tumor_2,tumor_1,RYK,6892,-0.025383521214741578,0.0005186925913430898,0.05353082960492591,0.00041879624138824374,0.14166791878908636
tumor_2,tumor_1,RYR2,6892,-0.0029381156483101883,0.0002902694126063384,0.024294453524231468,0.0002579183742973212,0.08377430669281487
tumor_2,tumor_1,S100A10,6892,0.035198268374365724,0.0019760227058786815,0.1949140511824424,0.0016711664655332597,0.7736949654080911
tumor_2,tumor_1,S100A2,6892,0.010305418191586842,0.00028757570273252477,0.02063908667794958,0.0002468255401217988,0.08162252363027037
tumor_2,tumor_1,S100A4,6892,-0.0030813079371262457,0.0005082199014747697,0.039055875884474414,0.00038905678796164475,0.13989129175332773
tumor_2,tumor_1,S100A6,6892,-0.037482325716721984,0.0020295495514805174,0.20207113131976162,0.0015830724447941681,0.8261937667855455
tumor_2,tumor_1,S100A8,6892,-0.014852305250411604,0.00014012727450077179,0.018501905651981114,9.597032284364047e-05,0.027820074247753745
tumor_2,tumor_1,S100A9,6892,-0.049085454284418885,0.0007342957058730023,0.0775305672086158,0.0005323917502020617,0.14008920369578623
tumor_2,tumor_1,S100B,6892,0.0008306110352398023,0.00015845128506529428,0.010853022358104456,0.000143089619790072,0.04779877917097049
tumor_2,tumor_1,S100P,6892,-0.01200350008622375,0.00021324695081690231,0.023979108866248214,0.00019726520984974125,0.06457323441044559
tumor_2,tumor_1,SAA1,6892,-0.00018087837578068276,0.0006561626075531551,0.06843636427182775,0.0005243730704500717,0.15811550938781563
tumor_2,tumor_1,SAT1,6892,0.04259002524654684,0.0009802783080721416,0.09804194323164916,0.0007881676292809471,0.32411212407985757
tumor_2,tumor_1,SCG5,6892,-0.014580335164205944,0.00020622010517376685,0.02369212251265028,0.00016831526597383932,0.05761718865706213
tumor_2,tumor_1,SCGB3A1,6892,-0.0039376849721570175,0.00016881336398542454,0.013766608604468359,0.00015158322223193053,0.04089963417091243
tumor_2,tumor_1,SEC23A,6892,-0.06378800974256406,0.0006032462378691215,0.08790058366095163,0.00047463204849032775,0.2028726992563829
tumor_2,tumor_1,SEC61G,6892,-0.013379670820250707,0.0010345142884740047,0.09850575448626593,0.000847516698998589,0.31443252886274703
tumor_2,tumor_1,SELENOP,6892,-0.18578054869971256,0.0014980767789976115,0.25769662795976467,0.001205824577747028,0.6593799886909918
tumor_2,tumor_1,SELL,6892,0.007801862833891724,0.00018322277056620647,0.014692997659672238,0.00014951311021527282,0.03733339751876937
tumor_2,tumor_1,SELPLG,6892,0.004519401944694567,0.00027049515452550263,0.019288630112517816,0.00023550521371804625,0.06613430903683469
tumor_2,tumor_1,SERPINA1,6892,-0.03622922341691171,0.0020988421681775163,0.24921846783693474,0.0016994544919388176,1.0847639118636014
tumor_2,tumor_1,SERPINA3,6892,-0.0027584137329080393,0.001683647236853037,0.19402478215280863,0.0014908537589415189,0.9344794842565654
tumor_2,tumor_1,SERPINB5,6892,-0.022512698704682213,0.00014966102850515694,0.0264700558831271,9.242386105895375e-05,0.04038131316621564
tumor_2,tumor_1,SERPINH1,6892,-0.07922630453766315,0.0010672871417223093,0.1306303359269885,0.0008519240082235224,0.3081468982501308
tumor_2,tumor_1,SFN,6892,-0.0010070126472693423,0.0008322764849090112,0.06728142961765517,0.0006816397538302191,0.2727466246557652
tumor_2,tumor_1,SH3BGRL3,6892,-0.05950608893967997,0.0016013975293979487,0.16017013194157165,0.0012387079294813193,0.5157896209538211
tumor_2,tumor_1,SIGIRR,6892,-0.014494292666050224,0.0003079230398751012,0.030215298170461664,0.0002446010924163179,0.07999263126586295
tumor_2,tumor_1,SLA,6892,-0.0021570238506651708,0.0002510628587547525,0.019285817907229108,0.0002005536092208988,0.06652723705445324
tumor_2,tumor_1,SLC2A1,6892,0.17065092911604615,0.0007618944508761267,0.1775162421258651,0.0006845113878638429,0.4393159172125493
tumor_2,tumor_1,SLC40A1,6892,-0.0326332561041956,0.0005022708634029727,0.058922765129663365,0.0003896554020953501,0.15015362127132126
tumor_2,tumor_1,SLCO2B1,6892,-0.03994717549627784,0.00044801804767113685,0.06304088790597771,0.00036064242768983336,0.16194314962476103
tumor_2,tumor_1,SLPI,6892,-0.02690612526474822,0.000743162951870361,0.07001089689911527,0.0006057711288790114,0.15721658489980173
tumor_2,tumor_1,SMAD2,6892,-0.03688334928652125,0.0006351053899058654,0.07037393892711856,0.0005077929453319583,0.16906736821186952
tumor_2,tumor_1,SMAD3,6892,0.0047664170452348725,0.0003035428534337453,0.024864081671494974,0.00025268427469296746,0.09365666100132893
tumor_2,tumor_1,SMAD4,6892,-0.025122392435249503,0.00045223776847047115,0.05030583669520694,0.00034779096841844245,0.1364226550300056
tumor_2,tumor_1,SMARCB1,6892,-0.023137329813596716,0.0005008786441450303,0.051959002033893274,0.0004211928862844745,0.15858580099773684
tumor_2,tumor_1,SMO,6892,-0.02100240896388108,0.0004324181470425025,0.04503814571887607,0.00037687498777488795,0.11227882972889192
tumor_2,tumor_1,SNAI1,6892,0.001064741737769885,0.0007681192156573898,0.05611747125032446,0.0006796544646506635,0.21139067558141095
tumor_2,tumor_1,SNAI2,6892,-0.04234096081351085,0.0004985520948353197,0.06432673335985487,0.00042611011739429735,0.13983925672576705
tumor_2,tumor_1,SOD1,6892,-0.13988347306861898,0.0015284132119501815,0.21439065504838073,0.0011579823516115965,0.5354494531868592
tumor_2,tumor_1,SOD2,6892,-0.1350677354914232,0.0020439293686248237,0.2665093567797474,0.0015660265025130597,0.8935811315819324
tumor_2,tumor_1,SORBS1,6892,0.0015507928132648713,0.0002952062570317542,0.024323064357745533,0.00026093525229900087,0.07196249447801514
tumor_2,tumor_1,SOSTDC1,6892,-0.004748798714282053,0.0002051073360787046,0.015581319189616397,0.0001866960495050331,0.04588662514635524
tumor_2,tumor_1,SOX2,6892,0.003177407059928773,0.00012778496221983024,0.009625760111790225,0.00011903131224503956,0.031154681941532654
tumor_2,tumor_1,SOX4,6892,0.07335529505603287,0.001438834572124148,0.16318889817453217,0.0013567689274117949,0.6831998964735478
tumor_2,tumor_1,SOX9,6892,-0.04803639330202038,0.0014303723075142923,0.14870128242003836,0.001276532691024205,0.5237488697353908
tumor_2,tumor_1,SPARCL1,6892,-0.024301354305167885,0.0004379395859412026,0.04669086250473296,0.000347827883391421,0.14112422383339213
tumor_2,tumor_1,SPINK1,6892,-0.03625260886624866,0.0006425213412055242,0.07868320379745122,0.0004701081217507808,0.210910003542985
tumor_2,tumor_1,SPOCK2,6892,0.000543147320015917,0.00023968215426858837,0.01845000705224188,0.00020529411044789293,0.060967974973834736
tumor_2,tumor_1,SPP1,6892,-0.06982655406623346,0.0020795686317007477,0.19334670212261704,0.0014218826696793603,1.1031898003993625
tumor_2,tumor_1,SPRY2,6892,0.02656690148629672,0.0003012565709088698,0.031113515712847272,0.00025739532690063324,0.09031637149881186
tumor_2,tumor_1,SPRY4,6892,0.0036304406807539,0.0002007748266962331,0.014528434853557575,0.00018108781735170736,0.04488740068440934
tumor_2,tumor_1,SQLE,6892,-0.006485838651784398,0.0004662345819331256,0.03708545277889054,0.00037423776588812514,0.09389867182539549
tumor_2,tumor_1,SQSTM1,6892,-0.11969359764042546,0.001745931905528871,0.22127100086609602,0.0012469460088099463,0.6906194959688057
tumor_2,tumor_1,SRC,6892,-0.022498465612832322,0.00041565398616178584,0.0444113766877505,0.00037316763903103104,0.11651597215734218
tumor_2,tumor_1,SREBF1,6892,-0.011067292765709905,0.00024600574404966426,0.024433419025650122,0.00018066110586544964,0.0542132560604406
tumor_2,tumor_1,SRGN,6892,0.0015032680515398272,0.0003989280041957934,0.029118211479114076,0.000296052113869231,0.12145191531078084
tumor_2,tumor_1,SRSF2,6892,-0.1497480570629198,0.0013797729846708577,0.20167815725295304,0.0009765843925881774,0.4548891206286063
tumor_2,tumor_1,SST,6892,0.008212772079592638,0.00019405265377863383,0.013997630829405574,0.0001847959106535785,0.05005216185937024
tumor_2,tumor_1,ST6GAL1,6892,-0.032599348894866896,0.0006017166028842025,0.06314187879240096,0.0004887085847358585,0.13774542928545871
tumor_2,tumor_1,ST6GALNAC3,6892,-0.006541575994858766,0.00020026627150560828,0.01726366089495062,0.00014940295320890962,0.04939594518816047
tumor_2,tumor_1,STAT1,6892,-0.08860833011254089,0.0009547576329751699,0.12858571542618288,0.0006215062108123708,0.26334934292647494
tumor_2,tumor_1,STAT3,6892,-0.043957936558465714,0.0010795400793334766,0.11061890287729774,0.0008450196695391492,0.32232915933958217
tumor_2,tumor_1,STAT4,6892,-0.01186691681236608,0.0001927867918494027,0.02088099416892368,0.00014410628921913534,0.03788373218940262
tumor_2,tumor_1,STAT5A,6892,0.006466746690824414,0.00044918246712060403,0.03483863591499063,0.00037907228519935094,0.08983005920707134
tumor_2,tumor_1,STAT5B,6892,-0.00865197962432942,0.0003039730742911705,0.028349665218009655,0.00025334351019394596,0.0882367282832631
tumor_2,tumor_1,STAT6,6892,-0.028009409231100783,0.0005149158901182653,0.058216065935221904,0.0004199193033635545,0.14947879751694954
tumor_2,tumor_1,STMN1,6892,-0.18763110953621248,0.001430273406960601,0.23792159783590944,0.0010721848281444733,0.49544454822551665
tumor_2,tumor_1,SYK,6892,-0.008943009728582568,0.00023119744204333836,0.02168237834869388,0.00019744865599397198,0.056195463435945656
tumor_2,tumor_1,TACSTD2,6892,0.001022296780055509,0.00014659256910697682,0.01145852848796095,0.0001394511455871571,0.04867758195399267
tumor_2,tumor_1,TAGLN,6892,-0.008072715782999854,0.00021619024337165532,0.028245915076735923,0.00019273692640402534,0.07056708461900879
tumor_2,tumor_1,TAP1,6892,-0.04546085128698023,0.0006499433175680724,0.07592436939014117,0.0004521532969947635,0.17737646609721605
tumor_2,tumor_1,TAP2,6892,-0.034448170261708905,0.000497230453961031,0.05586127067265575,0.00036371540225758236,0.13107976085770306
tumor_2,tumor_1,TBX21,6892,-0.013433408106080496,8.186853195269238e-05,0.01608504679293744,7.051198391452532e-05,0.025868160662709878
tumor_2,tumor_1,TCAP,6892,-0.015617405777044152,0.00045527686324673674,0.0399741595581788,0.0003580062096400662,0.13427386760489074
tumor_2,tumor_1,TCF7,6892,0.004791065264797002,0.00019208773970329335,0.013660583643240553,0.0001710576435631684,0.05571739555889543
tumor_2,tumor_1,TCL1A,6892,-0.007866276414063341,0.0001535420600136134,0.01454093977623823,0.00012737160466864134,0.04345724805055411
tumor_2,tumor_1,TEK,6892,-0.0011320163864273203,8.980924712868666e-05,0.00910930775576344,8.078297194139388e-05,0.026615859708372908
tumor_2,tumor_1,TFEB,6892,-0.018760016905624923,0.00042544658221230767,0.03925502659572971,0.00033374475150106555,0.10735669167879154
tumor_2,tumor_1,TGFB1,6892,0.025303717656871838,0.00041173554074056435,0.038997914765253924,0.00034910410574814666,0.11161153775812487
tumor_2,tumor_1,TGFB2,6892,-0.003923423610491439,0.00017505914594427032,0.013989717564240176,0.00013330940239824525,0.04251392408049738
tumor_2,tumor_1,TGFB3,6892,-0.004887436929989111,0.00023400868317844883,0.019922539936467785,0.00019390134252898384,0.06396881655402334
tumor_2,tumor_1,TGFBI,6892,-0.011236535419128377,0.00029280431619793635,0.02657976719190394,0.0002479909492149969,0.06541442720273982
tumor_2,tumor_1,TGFBR1,6892,0.005362660384823979,0.0002650300615197946,0.0233471093941761,0.0002351022841510631,0.07933894220890687
tumor_2,tumor_1,TGFBR2,6892,-0.016891968188046853,0.0004570134963974907,0.04179782912249175,0.0003534341412631869,0.13015856869277867
tumor_2,tumor_1,THBS1,6892,0.017582158639115452,0.00042808839037901435,0.02950272132719997,0.0003662843582887967,0.10189258834657193
tumor_2,tumor_1,THBS2,6892,0.001258043209885399,0.00014919422988950292,0.011520629897400157,0.0001458437786692426,0.04435844698476709
tumor_2,tumor_1,THSD4,6892,-0.014477984291553775,0.0003698089761655716,0.03285370479998391,0.0002944762325815115,0.09152728245235756
tumor_2,tumor_1,TIE1,6892,0.0024814448076950573,0.0002381811233495047,0.018871366488760814,0.0002027283211727081,0.06849381797788982
tumor_2,tumor_1,TIGIT,6892,0.002991044649435937,0.00019459446964331976,0.014409693990560014,0.00016368056656524104,0.05339743558855542
tumor_2,tumor_1,TIMP1,6892,-0.08083351744808856,0.001697119702154232,0.1924018046509629,0.001307673825254282,0.6003900693549643
tumor_2,tumor_1,TLR1,6892,0.007230103096897156,0.00016112415623686192,0.013802935775597509,0.0001498386726645927,0.05302585238498656
tumor_2,tumor_1,TLR2,6892,-0.012642096771220274,0.00032354384364545225,0.031180097889241632,0.00025134409236612026,0.07970920106772371
tumor_2,tumor_1,TLR3,6892,0.007544912976249015,0.0002000816481936151,0.01947364814125987,0.0001817892537474584,0.04995757217541456
tumor_2,tumor_1,TLR4,6892,0.005362374302150074,0.00021949106820508233,0.01384331501846851,0.00016887508228912638,0.05363843980176739
tumor_2,tumor_1,TLR5,6892,-0.001987439356079445,0.00024346774464488092,0.01735113263899759,0.00019930341270287276,0.09185789580263883
tumor_2,tumor_1,TLR7,6892,-0.0005168295804318203,0.00016995798775224023,0.015181211773462882,0.0001443986212153747,0.04589143418339952
tumor_2,tumor_1,TLR8,6892,0.007939526430875478,0.00011181140720911882,0.010962295915620122,0.00011056015341347206,0.02831870387152498
tumor_2,tumor_1,TM4SF1,6892,-0.030965946957704653,0.001087942191152029,0.09662465111590875,0.0008440063836408267,0.31628520554275485
tumor_2,tumor_1,TNF,6892,-0.002770788329034542,0.00014327578765931275,0.014573892577563738,0.00013342060237713969,0.04307380555779291
tumor_2,tumor_1,TNFAIP6,6892,-0.005416225928740789,0.00019273821371648206,0.01936042268411324,0.00017373121906462505,0.05280739586038722
tumor_2,tumor_1,TNFRSF10A,6892,-0.0006931592575455483,8.294963223430547e-05,0.006029268387716979,7.62591107621719e-05,0.02045483298049662
tumor_2,tumor_1,TNFRSF10B,6892,-8.829694429252488e-05,0.0003049095965205745,0.024997918925377,0.0002526071568982974,0.07249357025525024
tumor_2,tumor_1,TNFRSF10D,6892,-0.008410004192407314,0.0001634613977130693,0.016329312047667615,0.00011615407804832026,0.04911801483415264
tumor_2,tumor_1,TNFRSF11A,6892,0.01740434179287912,0.00026136902521045635,0.029129862818554546,0.00022461049241988878,0.08680703650166603
tumor_2,tumor_1,TNFRSF11B,6892,0.004175055846536788,0.0004148340392662891,0.031218564403794696,0.00035773528715262327,0.10246616617174864
tumor_2,tumor_1,TNFRSF12A,6892,0.011263177715305692,0.0007629345409705152,0.06777494894494683,0.0006286984347614611,0.3032748163553268
tumor_2,tumor_1,TNFRSF13B,6892,0.0035323638849374442,0.00012665539100456972,0.009388000119298598,0.00012077369680709705,0.031528428046348256
tumor_2,tumor_1,TNFRSF14,6892,0.0034900176838498177,0.0009899663608278477,0.09686186062551097,0.000855871293705204,0.3689908707816806
tumor_2,tumor_1,TNFRSF17,6892,-0.008661452556275982,7.185346268887432e-05,0.012072376724107173,6.402123727639629e-05,0.03216095934522652
tumor_2,tumor_1,TNFRSF18,6892,0.001409728466657445,0.00021886764553003682,0.015253517765552347,0.00018531293658555326,0.06142424197486492
tumor_2,tumor_1,TNFRSF19,6892,-0.003040358364702058,0.00010200263466243557,0.009126879039149704,8.317552171319805e-05,0.02032428788776342
tumor_2,tumor_1,TNFRSF1A,6892,-0.01732953826821038,0.0009222626193165385,0.08732072954705672,0.0007370426107717074,0.3276073851324984
tumor_2,tumor_1,TNFRSF1B,6892,0.0019639713088419664,0.00024655910381806367,0.017297202413984115,0.00019866605175018772,0.05804993605917811
tumor_2,tumor_1,TNFRSF21,6892,0.0038549266672745623,0.0006365123361078345,0.04668734947748394,0.000531387306341746,0.19578245311503062
tumor_2,tumor_1,TNFRSF4,6892,-0.004984728577998113,0.00016619769824414936,0.015980871181012938,0.00013319051448659373,0.04652965000696012
tumor_2,tumor_1,TNFRSF9,6892,0.0075936837254678025,0.00011890291974290745,0.010865339519954931,9.646793624745655e-05,0.0349597367078278
tumor_2,tumor_1,TNFSF10,6892,0.012418228196027756,0.00043976554892369415,0.03554483579838723,0.00039316868160129244,0.11908528811877694
tumor_2,tumor_1,TNFSF12,6892,0.008128530979769987,0.00024845385331360406,0.01762612897884349,0.00021576942574159968,0.06266226228310082
tumor_2,tumor_1,TNFSF13B,6892,0.003611974470729243,0.00016048331472819823,0.012495348114224104,0.0001375339249502909,0.05534030406522663
tumor_2,tumor_1,TNFSF14,6892,-0.00853332926499486,0.00016560479155320324,0.016594728808058182,0.00011346829326147071,0.05726978865959823
tumor_2,tumor_1,TNFSF15,6892,0.0022359347661637693,0.00015636731001604135,0.012349827379360957,0.00013773471071066383,0.04477048930015108
tumor_2,tumor_1,TNFSF4,6892,-0.00030916654360245476,0.0002772496676938061,0.019518836471900773,0.00022677529417140197,0.06466815361099107
tumor_2,tumor_1,TNFSF8,6892,0.0007075209057069904,0.00014110301538432015,0.009947778605026297,0.00012041886704249535,0.05339212214981687
tumor_2,tumor_1,TNFSF9,6892,0.00455673292502598,0.00015019944301440685,0.012531436319383128,0.0001394423124024154,0.03957270487305392
tumor_2,tumor_1,TNNC1,6892,0.0010838214536394775,0.0002736580237346152,0.021787291452790233,0.00025163792588265833,0.0592358592164763
tumor_2,tumor_1,TNNT2,6892,-0.005568591643730746,0.00012615623583067478,0.01485057146896814,0.00012153815144350077,0.04712229798611413
tumor_2,tumor_1,TNXB,6892,0.06491421125692738,0.000536697820154703,0.07105698506919439,0.0005044476333694615,0.2426138024745644
tumor_2,tumor_1,TOP2A,6892,-0.042777183569521274,0.0007277840297096266,0.07131902784710718,0.0005457376558639431,0.14295475994930854
tumor_2,tumor_1,TOX,6892,-0.019883462785377243,0.0003640872744513022,0.035780520397343835,0.0002725600276917732,0.08367693902741753
tumor_2,tumor_1,TP53,6892,0.003875222616978703,0.00015373068013149199,0.015520473891729733,0.0001477181854225288,0.036262523683407
tumor_2,tumor_1,TPI1,6892,-0.06664977627073956,0.00146131167580923,0.1678280655189795,0.0012775435856959836,0.5594199693989191
tumor_2,tumor_1,TPM1,6892,-0.049904436656223634,0.0014800094025651668,0.16563535793219572,0.0012978026613608596,0.6160312211289243
tumor_2,tumor_1,TPM2,6892,-0.06784406037002833,0.0007316133520675617,0.09857616397769484,0.0006102427995484581,0.24636080796590595
tumor_2,tumor_1,TPSAB1,6892,-0.002359543834611324,0.0003063554481224276,0.027307908601861053,0.000267210330033656,0.09148903517179938
tumor_2,tumor_1,TPT1,6892,-0.043089005241130796,0.0015136451716441454,0.16736311728676762,0.0011519557492553664,0.5247987199623718
tumor_2,tumor_1,TSC22D1,6892,0.009202480183247297,0.0006818826967246447,0.05959498305187209,0.0006195031119655553,0.23172317853775842
tumor_2,tumor_1,TSHZ2,6892,-0.020664566409353633,0.0004258274666215377,0.04347381313377395,0.0003666349401648349,0.12176938249533295
tumor_2,tumor_1,TTN,6892,-0.04994569795451587,0.00047545885529198166,0.06510780920191855,0.0003447516558363391,0.1680282743769946
tumor_2,tumor_1,TTR,6892,-0.04927178326475548,0.0010235882178372213,0.15579214143409764,0.0010073746485124377,0.5032976339739721
tumor_2,tumor_1,TUBB,6892,-0.18245837879680676,0.0017362059807199304,0.25693940432686563,0.0013028486328959404,0.6928726212374055
tumor_2,tumor_1,TUBB4B,6892,-0.12902214673363446,0.0013256869230905373,0.18241283783680493,0.000997986706552199,0.46596879373081446
tumor_2,tumor_1,TWIST1,6892,0.005747531009975143,0.00027101218924849025,0.018059922619447794,0.00022934537150206912,0.058657890813463565
tumor_2,tumor_1,TWIST2,6892,-0.016787713850433254,0.0002698185347927565,0.029819817875200605,0.00023524643781720118,0.06459000267697831
tumor_2,tumor_1,TXK,6892,-0.0053703711810156925,0.00020624207153060136,0.01950033030025953,0.00018357441659918022,0.04988127673332751
tumor_2,tumor_1,TYK2,6892,-0.003647520866118549,0.00044224494531374504,0.034046568030554177,0.0003770963525243684,0.08944211652085415
tumor_2,tumor_1,TYMS,6892,-0.05079833975575813,0.0007913775139466642,0.08483463289963164,0.0006206123081824968,0.20037082782644666
tumor_2,tumor_1,TYROBP,6892,0.006554392482790808,0.00035352254842833367,0.027917806166605254,0.0002978772083986867,0.09536115679824023
tumor_2,tumor_1,UBA52,6892,-0.05695857270053213,0.0012756628858496188,0.140173495596478,0.0010131313048296555,0.3870247380445877
tumor_2,tumor_1,UBE2C,6892,-0.04602615527501379,0.0007849601090526668,0.07871259864905089,0.0006023182759668711,0.1808125266801234
tumor_2,tumor_1,UPK3A,6892,-0.005413061070328366,9.463224302047027e-05,0.009767306938259881,8.079651845235103e-05,0.02668979340991624
tumor_2,tumor_1,VCAM1,6892,-0.012093185542579156,0.0002881011665083106,0.026539556903690826,0.00021782846822275242,0.08333844030511293
tumor_2,tumor_1,VCAN,6892,-0.0034874135292744892,8.785511284268187e-05,0.010034900170717674,7.780756252555135e-05,0.019525274957178824
tumor_2,tumor_1,VEGFA,6892,0.1608001972518124,0.0015889967859945176,0.21269636839491465,0.0013797673958612711,1.0045614809790764
tumor_2,tumor_1,VEGFB,6892,0.01616287904929908,0.0009165099882070888,0.08617053363835456,0.000863177867225749,0.34192377097901305
tumor_2,tumor_1,VEGFC,6892,0.0014488814055548848,9.206818922334835e-05,0.012127567549615567,8.486853508914122e-05,0.03320028186046034
tumor_2,tumor_1,VEGFD,6892,0.007991741905751023,0.00032185530612992904,0.02330861621483884,0.0002620273214010943,0.07713931407662375
tumor_2,tumor_1,VHL,6892,-0.028746674943540208,0.0008215627802350323,0.079905762557263,0.0006915524263997198,0.2201303364921606
tumor_2,tumor_1,VIM,6892,0.058425612572350315,0.0006823207365696131,0.07796502554320552,0.0005539713538474921,0.26261995959366
tumor_2,tumor_1,VPREB3,6892,0.00316761898443598,0.00022166391136909836,0.017594951814247563,0.00019786029038034432,0.05653608269752862
tumor_2,tumor_1,VSIR,6892,0.0036735131238272074,0.00035101533042810923,0.03127194023493827,0.0002933467950569029,0.1023149305079751
tumor_2,tumor_1,VTN,6892,-0.1296399131246469,0.0016644610308728458,0.2685288189294155,0.0013177329958142423,1.048821240657952
tumor_2,tumor_1,VWA1,6892,0.003742854406373944,0.0006440908879840598,0.05245452917892285,0.000607278315601466,0.2328836063316694
tumor_2,tumor_1,VWF,6892,0.0009089144056493193,0.00020161878919531506,0.0159110585251662,0.00018860866121172122,0.0530848375913406
tumor_2,tumor_1,WIF1,6892,0.00179939507285173,0.00015108595781245489,0.014694828394388546,0.0001309997905253893,0.04071525791651965
tumor_2,tumor_1,WNT10B,6892,-0.0010290738454226942,0.00016733903168480408,0.015010808914528486,0.0001469476316546182,0.04877108313554718
tumor_2,tumor_1,WNT11,6892,-0.00043942245297475533,0.00010149532499720916,0.011988673079921039,9.02883614441276e-05,0.04422474473002073
tumor_2,tumor_1,WNT3,6892,0.0007739918073504143,0.0003551029250752977,0.025316157220801726,0.0003096853578431275,0.09907372709789677
tumor_2,tumor_1,WNT5A,6892,-0.016132502782409085,0.00012778542639819046,0.021318343950948206,9.802517948283563e-05,0.03558422275037315
tumor_2,tumor_1,WNT5B,6892,-0.008646828527154225,0.00030101650308529866,0.026794592362600993,0.00025790670254137557,0.07276349334301313
tumor_2,tumor_1,WNT7A,6892,0.000836751833114853,0.00012642578115815004,0.0133153228432446,0.00012260612362162846,0.037528300784212355
tumor_2,tumor_1,WNT7B,6892,-0.009945213044961149,0.00023203142229218592,0.02339074859727775,0.00019191797198230316,0.0763854305810398
tumor_2,tumor_1,WNT9A,6892,0.019718591837689186,0.0004211226959666721,0.03090685848133164,0.0003733933973732242,0.10530555562842614
tumor_2,tumor_1,XBP1,6892,-0.04297724507525574,0.0009986435006110533,0.10549795930904893,0.0007827940915771988,0.29839722538997326
tumor_2,tumor_1,XCL1,6892,-0.006294047422961127,0.000511430333363555,0.04041736178722792,0.00043264783492945184,0.1431646757752592
tumor_2,tumor_1,XKR4,6892,0.0020371824526069235,0.00013010006939382336,0.010281599812287375,0.00010676083391408281,0.026211615935274463
tumor_2,tumor_1,YBX3,6892,0.06256902087025114,0.0015678937509266942,0.14279125830666278,0.0013568662869937855,0.5613508085859358
tumor_2,tumor_1,YES1,6892,-0.01663151417602623,0.0002745944331521048,0.029649401794015973,0.00022034177677326887,0.0912878290984412
tumor_2,tumor_1,ZBTB16,6892,-0.014343384547123672,0.001290046250012346,0.12290386801211377,0.001061501718793439,0.5068651699924727
tumor_2,tumor_1,ZFP36,6892,-8.108177092856035e-05,0.0012070316093374237,0.11815912813138492,0.001047213326291506,0.4594985245640329
tumor_2,tumor_2,AATK,6892,0.04109506551458733,0.0003918984734471463,0.05683103814112748,0.00032189529879852227,0.08363515201801894
tumor_2,tumor_2,ABL1,6892,0.058096861692785454,0.0005906586895001234,0.08673525873411639,0.0004967998640806272,0.1576411689761085
tumor_2,tumor_2,ABL2,6892,0.038387419386420644,0.0003791152193693545,0.0544284549307657,0.0003311497870989014,0.10421320103207758
tumor_2,tumor_2,ACACB,6892,0.09422781239531272,0.0007425419672274827,0.11690525452752862,0.0006744461184529128,0.2184151683926221
tumor_2,tumor_2,ACE,6892,0.05678115126601725,0.000561007955600934,0.08165281785528261,0.00046958990608350696,0.13709287389516298
tumor_2,tumor_2,ACKR1,6892,0.023473576986589275,0.0002705465959880376,0.03759654467731922,0.00022119795498594334,0.06764664744686634
tumor_2,tumor_2,ACKR3,6892,0.03249081681491683,0.00034253924110333396,0.048258560243102135,0.00028681704528058985,0.09161718766916924
tumor_2,tumor_2,ACKR4,6892,0.03203700743307529,0.00038145633837545294,0.0522917141796274,0.0003091004030984137,0.09253480232286812
tumor_2,tumor_2,ACP5,6892,0.056354299008463046,0.0005944980891892752,0.08283297073406028,0.0005308745733063416,0.17035466765704993
tumor_2,tumor_2,ACTA2,6892,0.01876799765584025,0.00020644469834534096,0.026746461395843434,0.00019804772184823678,0.05291445739944095
tumor_2,tumor_2,ACTG2,6892,0.01557988112460491,0.00016534353040498082,0.022588046668994645,0.00014242920567720968,0.03452034528954615
tumor_2,tumor_2,ACVR1,6892,0.06598638817142978,0.0005654592849867824,0.08687815417067915,0.00048626671868184067,0.16239937626534556
tumor_2,tumor_2,ACVR1B,6892,0.10186875461832065,0.0007811908268573988,0.1275191356366483,0.0006871734721769524,0.22876519794764855
tumor_2,tumor_2,ACVR2A,6892,0.047389192135466204,0.0004144896387953586,0.0608195988449754,0.0003696100914983847,0.10235561793611925
tumor_2,tumor_2,ACVRL1,6892,0.0641170748228124,0.0005562813654444268,0.08484905067616691,0.0004954863528673942,0.15105307176111546
tumor_2,tumor_2,ADGRA2,6892,0.026145657614112396,0.0002999014377883333,0.040708393001635965,0.0002494139158135102,0.06824976741123381
tumor_2,tumor_2,ADGRA3,6892,0.03947238494244524,0.00037490901107550454,0.054771395823653424,0.0003337462943453105,0.0857726290275281
tumor_2,tumor_2,ADGRE2,6892,0.02251663477583942,0.0002469493914765976,0.03319989786362675,0.00020797102112470205,0.05692093371526376
tumor_2,tumor_2,ADGRE5,6892,0.05479999151036524,0.0005152764640181481,0.07688157860631825,0.0004653787055151333,0.13205644069475406
tumor_2,tumor_2,ADGRF1,6892,0.023680059782062342,0.0002645911020114555,0.03697872532302437,0.0002302444660771188,0.06763401529257693
tumor_2,tumor_2,ADGRF3,6892,0.02724689176005867,0.00023988859333978963,0.03764059797826089,0.000195132244013756,0.0633180300699339
tumor_2,tumor_2,ADGRF5,6892,0.017913630438668008,0.00024064995796893113,0.031303331110646995,0.00019417940776344055,0.05403373021792335
tumor_2,tumor_2,ADGRG1,6892,0.06915651718700479,0.0005666224469596233,0.08776069294825603,0.0005060620563535695,0.17095564509038436
tumor_2,tumor_2,ADGRG3,6892,0.04045226987866437,0.0003849345595569946,0.05467536530516355,0.0003360492548636892,0.0872698336340925
tumor_2,tumor_2,ADGRG5,6892,0.019633945669044833,0.0001673782304449027,0.025727138198718635,0.00014278156140587288,0.0377930444391609
tumor_2,tumor_2,ADGRG6,6892,0.03171411631913997,0.00034920927814739705,0.04953842886837899,0.0002946913547897227,0.08590357654078742
tumor_2,tumor_2,ADGRL1,6892,0.024083420240656878,0.00023465983906477444,0.033292634153515785,0.00019740062693686676,0.05121620255384336
tumor_2,tumor_2,ADGRL2,6892,0.02476314320026973,0.00027513177853651495,0.03844412031602541,0.00022594756190931405,0.05386879077505445
tumor_2,tumor_2,ADGRL4,6892,0.011866833660165114,0.00013223126058359768,0.019355155236641237,0.00012093900773211087,0.033770903640837666
tumor_2,tumor_2,ADGRV1,6892,0.010646143194944127,7.94778508805851e-05,0.013153350971540698,7.3484096660134e-05,0.0253584757391317
tumor_2,tumor_2,ADIPOQ,6892,0.009045493279722126,8.228316321568467e-05,0.011639656224969106,7.569825538035635e-05,0.031542921891899
tumor_2,tumor_2,ADIRF,6892,0.11954305580318125,0.0012114579430945673,0.1817073053529757,0.0009568077482405201,0.3928534264320481
tumor_2,tumor_2,ADM2,6892,0.029767125476328322,0.0002829047976616847,0.040485215292039106,0.00024980473460053167,0.06970276077137384
tumor_2,tumor_2,AGR2,6892,0.015295268169421006,0.00016201656197696173,0.022947245661263344,0.00014711401673227182,0.04082243366360566
tumor_2,tumor_2,AHI1,6892,0.04949281460230438,0.00037259891617675314,0.058511541986208816,0.0003468662744884496,0.0851278840100402
tumor_2,tumor_2,AHR,6892,0.047586215591501765,0.00046280793677363254,0.0684630775849425,0.0004072252204435304,0.10613167106062986
tumor_2,tumor_2,AIF1,6892,0.029945326071653223,0.00032227017454504074,0.0439595451927102,0.00028006882887582184,0.06753113353234265
tumor_2,tumor_2,AKT1,6892,0.11922534286211155,0.0010610511007771485,0.16418886139500893,0.0009111046383250511,0.31262461876156994
tumor_2,tumor_2,ALCAM,6892,0.025143382891555044,0.00019616300400192413,0.030337136475529058,0.00018130694939966362,0.04390056791595458
tumor_2,tumor_2,ALOX5AP,6892,0.02967426564895239,0.0003000132200434636,0.03968857455773261,0.00028162217639993473,0.0739901897099992
tumor_2,tumor_2,ANGPT1,6892,0.027140567135292816,0.00025169362130432054,0.03795445738754868,0.000216806372250273,0.056063411342740975
tumor_2,tumor_2,ANGPT2,6892,0.01711069820993334,0.00016021517054003377,0.022637644001402748,0.00014315249675218443,0.03476902358050608
tumor_2,tumor_2,ANGPTL1,6892,0.026581663596800576,0.000309331402723447,0.04178716070798415,0.0002688220857034275,0.08420406535126718
tumor_2,tumor_2,ANKRD1,6892,0.035234663683122606,0.00030525106876708934,0.044707002856852314,0.0002655230082860567,0.05891263357749628
tumor_2,tumor_2,ANXA1,6892,0.02044590082150915,0.0003174160844187648,0.041289447359411015,0.00030160810328542755,0.09720340323338324
tumor_2,tumor_2,ANXA2,6892,0.22597450715425094,0.0022977371363033495,0.33651719940497926,0.0018867696050914116,0.9686379820800541
tumor_2,tumor_2,ANXA4,6892,0.18527472175547482,0.0016299217573686694,0.25146210730071517,0.001395957716946379,0.5642852001358423
tumor_2,tumor_2,APOA1,6892,0.1831500160509209,0.001504086775511179,0.23789226675470423,0.001195033992711395,0.8480615565666778
tumor_2,tumor_2,APOC1,6892,0.3417931465105031,0.002339977671156283,0.38771164894943977,0.002065123013368785,1.117377703131623
tumor_2,tumor_2,APOD,6892,0.026343574287177013,0.00023355007884873243,0.034840968933197124,0.00020066101719784607,0.05726285142905964
tumor_2,tumor_2,APOE,6892,0.2635900934294917,0.002629545940540137,0.38352768809263804,0.0021325202051244185,1.2437148168602674
tumor_2,tumor_2,APP,6892,0.11524698697127837,0.0015007443363660557,0.21611257487285324,0.0012157149708572762,0.546450602838551
tumor_2,tumor_2,AQP3,6892,0.06622989157097738,0.0007818868253278271,0.10808332108080902,0.0006321679696462329,0.2563647260741628
tumor_2,tumor_2,AR,6892,0.14585887183989568,0.001166260640843406,0.1861658672432837,0.001001345989469208,0.35615369296367344
tumor_2,tumor_2,AREG,6892,0.030177864496859934,0.0003037066548358196,0.0447899934131024,0.00024620627084180293,0.07121566430493995
tumor_2,tumor_2,ARF1,6892,0.19001815984579903,0.0016776615106192316,0.2602398147993952,0.0013879196814850728,0.5822773368938
tumor_2,tumor_2,ARG1,6892,-0.00360795687710449,6.475497220968797e-05,0.011548714952599322,4.2479181346380835e-05,0.025300338389062517
tumor_2,tumor_2,ARHGDIB,6892,0.03961794559368988,0.0004077817912740603,0.057469403563898104,0.000373323600765687,0.08988380932259021
tumor_2,tumor_2,ARID5B,6892,0.042472737044913805,0.00038672227246047295,0.056348789518395545,0.0003407930333931644,0.09052095434783794
tumor_2,tumor_2,ATF3,6892,0.02888139423886755,0.00024820397672888403,0.038316740910532776,0.0001968045977172008,0.0612517377391862
tumor_2,tumor_2,ATG10,6892,0.04510663144788152,0.0004121482956820304,0.06162218419158279,0.0003551046570803161,0.09483110929889109
tumor_2,tumor_2,ATG12,6892,0.04181370129302042,0.00039720378790936454,0.058931765778196164,0.0003335869325657447,0.09836391321372331
tumor_2,tumor_2,ATG5,6892,0.07694438591643246,0.000627977077517915,0.09812557423361364,0.0005407233013752234,0.15362849970017378
tumor_2,tumor_2,ATM,6892,0.04441090115664653,0.0003940712021931307,0.060790299048100814,0.00033555181722248745,0.10271926108448153
tumor_2,tumor_2,ATP5F1B,6892,0.1255789878095343,0.0011482843066919221,0.17484082332170375,0.000995065660479042,0.3578837160207843
tumor_2,tumor_2,ATP5F1E,6892,0.24198384795596556,0.0018202327169465299,0.2971621838781644,0.0015759180314537024,0.6984830446599518
tumor_2,tumor_2,ATR,6892,0.06623458476576065,0.0005425045420839712,0.08449891976838109,0.0004754903965076139,0.14430135418615347
tumor_2,tumor_2,AXL,6892,0.03336920237035701,0.0003138553127513213,0.04645137729942669,0.00025628070180428716,0.0649275029610786
tumor_2,tumor_2,AZGP1,6892,0.03892888125202181,0.0004883761909948005,0.06688352003932763,0.0003933212092557125,0.10008509881511851
tumor_2,tumor_2,AZU1,6892,0.02862117627866807,0.00024903660809518294,0.03586182187507156,0.00022275417291240884,0.05335021020062795
tumor_2,tumor_2,B2M,6892,0.16918205006174564,0.002378111561674723,0.338976823368493,0.0019902040463428074,0.9961541840247573
tumor_2,tumor_2,B3GNT7,6892,0.027403426177794836,0.0002898624174997409,0.041574369055176835,0.000251744925191217,0.08081982309509615
tumor_2,tumor_2,BAG3,6892,0.06521983522334251,0.0006575134733332246,0.09613041971751786,0.0005469592046338727,0.1612828627383997
tumor_2,tumor_2,BASP1,6892,0.034744431964285,0.0003083430682820994,0.04584750605162527,0.00026972317777562856,0.08583014856854047
tumor_2,tumor_2,BAX,6892,0.11096779151685325,0.0009442700693501112,0.14498440920924188,0.0008129062508102479,0.24785030136291528
tumor_2,tumor_2,BBLN,6892,0.08378999901101565,0.0008600568171234269,0.12585090781764458,0.0007244033875911786,0.2143039924336926
tumor_2,tumor_2,BCL2,6892,0.02889399486984135,0.0003818836437229466,0.05215537148071675,0.0003295691108106266,0.09046230719439703
tumor_2,tumor_2,BCL2L1,6892,0.12742889191217782,0.001107389662574813,0.16900273776777766,0.0009512962749177859,0.34009704529255746
tumor_2,tumor_2,BECN1,6892,0.06603831114427233,0.0005345358915104905,0.08395380445499472,0.0004778609738529077,0.13853578284680038
tumor_2,tumor_2,BEST1,6892,0.014469177338975204,0.00021345499781227762,0.028500488081793462,0.00017974153202285264,0.06144197459191418
tumor_2,tumor_2,BGN,6892,0.05252080536341049,0.0006909675150534655,0.08964422225725263,0.0006337940510041122,0.24106585973023437
tumor_2,tumor_2,BID,6892,0.07296463347254165,0.0006404251276529847,0.09750021177201326,0.0005602624382415836,0.16615313126819992
tumor_2,tumor_2,BIRC3,6892,0.10210071097710371,0.0010428051957452424,0.1532385123380729,0.0008687836461602675,0.3651842873104735
tumor_2,tumor_2,BIRC5,6892,0.05197934664635055,0.00036302474516328425,0.06057776871463797,0.000331524451634718,0.08185053060608734
tumor_2,tumor_2,BMP1,6892,0.03405786154342268,0.00032480631903636744,0.047130650926170005,0.0002760603929091402,0.07870590172198103
tumor_2,tumor_2,BMP2,6892,0.03157096204660872,0.0002816381887924589,0.041263660923558924,0.00025446202125376866,0.0680801467812484
tumor_2,tumor_2,BMP3,6892,0.01432250816836084,0.00016833629809080483,0.02517660373886177,0.0001331014758063226,0.03819449569650226
tumor_2,tumor_2,BMP4,6892,0.022328856853557157,0.00032237770563886645,0.041079437928089144,0.000263733370433317,0.06300779163455364
tumor_2,tumor_2,BMP5,6892,0.017417109926210667,0.00014823076175695505,0.022140175362579194,0.00013525861473930346,0.044964098333381566
tumor_2,tumor_2,BMP7,6892,0.014114616636307916,0.00013636622153919125,0.019626079785550532,0.00011971351998412371,0.027291284380701625
tumor_2,tumor_2,BMPR1A,6892,0.04014977896107697,0.00040758502561315875,0.0583976631475752,0.00034913291987181543,0.10718276713693027
tumor_2,tumor_2,BMPR2,6892,0.04299718122061794,0.00042129062264729803,0.06249295032839386,0.0003630060900310929,0.10380364476881772
tumor_2,tumor_2,BRAF,6892,0.05152718532504541,0.0003961887046835754,0.06463711202779468,0.0003535573167103721,0.09550201845597524
tumor_2,tumor_2,BRCA1,6892,0.034689634050811775,0.00031023868245517804,0.04685569462891791,0.000268850314423,0.06979576454557262
tumor_2,tumor_2,BST1,6892,0.014117353157347334,0.0001478531974402623,0.02111325073396453,0.0001253535806099062,0.037565379001812615
tumor_2,tumor_2,BST2,6892,0.13235276575887805,0.0013655537000866146,0.20071201856670773,0.0011570117392474114,0.4243144713477883
tumor_2,tumor_2,BTF3,6892,0.13647235368917093,0.0014026873476810464,0.20914059435807922,0.0011696924200746384,0.44424259671273714
tumor_2,tumor_2,BTG1,6892,0.10794072260249629,0.0012704337921087437,0.18464524937312277,0.0010612835699725623,0.38597424636911687
tumor_2,tumor_2,BTK,6892,0.01662730706503098,0.00016645207374309828,0.02370797582551079,0.00013470014752000982,0.035348363005369435
tumor_2,tumor_2,C11orf96,6892,0.03961438665088662,0.0004804704694171998,0.06404179663646553,0.00042836603426659164,0.11796452778996433
tumor_2,tumor_2,C1QA,6892,0.045018130901086646,0.00042210386622884956,0.06103446562038691,0.00036857800135888424,0.11230122631772663
tumor_2,tumor_2,C1QB,6892,0.06914034826155088,0.0006061849748293752,0.08950274602063563,0.0005057832330270752,0.1392210444566337
tumor_2,tumor_2,C1QC,6892,0.05112114253170676,0.0005124337242808362,0.0710611289067089,0.00042704967643268654,0.09759980516952468
tumor_2,tumor_2,C5AR2,6892,0.02263170376277323,0.00029219531285447613,0.03843903592557961,0.0002400475823659497,0.06201402453517818
tumor_2,tumor_2,CACNA1C,6892,0.022282420258405034,0.00021219357383738828,0.028419844045589428,0.00019451100672616582,0.04602590337541612
tumor_2,tumor_2,CALB1,6892,0.03525837461784502,0.00034848829469893945,0.05026051770186687,0.00029172991558845413,0.07846334577917548
tumor_2,tumor_2,CALD1,6892,0.08362522132233115,0.0011704501141504222,0.1591001495938679,0.0009205730765468135,0.34797758084822866
tumor_2,tumor_2,CALM1,6892,0.13174781328210017,0.0014365737399529464,0.2076231026444387,0.0012364352405372049,0.4549402379821326
tumor_2,tumor_2,CALM2,6892,0.20576840321542775,0.0018711868204402955,0.2893592107608021,0.001567543581504463,0.7284460007873854
tumor_2,tumor_2,CALM3,6892,0.18609693400130473,0.0016105938521512831,0.2547485300887309,0.0013777391777876392,0.5687743595148969
tumor_2,tumor_2,CAMP,6892,0.036501235589398884,0.00035527790028485484,0.05041299096379559,0.0002979965670089547,0.07498757418024064
tumor_2,tumor_2,CARMN,6892,0.027166013818467172,0.0002498463419193952,0.038502438972286286,0.00021384213785876884,0.06832082373603096
tumor_2,tumor_2,CASP3,6892,0.044098714870857196,0.0004509961933036706,0.0647778277531403,0.00039281063530115847,0.09055055450403722
tumor_2,tumor_2,CASP8,6892,0.03130304937298749,0.0002473813327990748,0.03833924976770198,0.00022296369176133903,0.05739916601087436
tumor_2,tumor_2,CASR,6892,0.022799438450063048,0.00023700627758838595,0.03231161871273801,0.00021220679550028017,0.05489576267445959
tumor_2,tumor_2,CAV1,6892,0.05570642568381288,0.0010045166835024395,0.13279977829149076,0.000789181363932433,0.2798244904295355
tumor_2,tumor_2,CCDC80,6892,0.005306443268675368,0.00041845808319360616,0.05212358456180397,0.000365148046755676,0.11845018903162799
tumor_2,tumor_2,CCL11,6892,0.026627283277910568,0.00025854188670237135,0.03652196680506431,0.0002268945586427315,0.059031477709482846
tumor_2,tumor_2,CCL13,6892,0.01837030961439046,0.00017018963415749714,0.02498180118040249,0.00015276062898016702,0.05267128597899027
tumor_2,tumor_2,CCL15,6892,0.09553516072075699,0.0007380158064220147,0.11730909229575662,0.0006740003418977573,0.19383563937005838
tumor_2,tumor_2,CCL17,6892,0.02951397047259478,0.0003053789327183189,0.043411788903433536,0.0002512539587114391,0.06311440685146509
tumor_2,tumor_2,CCL18,6892,0.01575636903768069,0.00017382705262898937,0.023775780811115074,0.00016616216770965424,0.04467658846168658
tumor_2,tumor_2,CCL19,6892,0.020789910248549384,0.0002690820052878231,0.034681806714856135,0.00023356849600412059,0.062387379448969014
tumor_2,tumor_2,CCL2,6892,0.03410999721159523,0.00031104000971813217,0.0446689196857213,0.0002710306919057968,0.07209509190545996
tumor_2,tumor_2,CCL20,6892,0.028150676228149263,0.0003983148786017325,0.05238923845900243,0.00031389077657993013,0.12138726667289135
tumor_2,tumor_2,CCL21,6892,0.02717794537416146,0.00033357217913686596,0.044350089662877526,0.00028547708661944525,0.07433923476393353
tumor_2,tumor_2,CCL22,6892,0.023437900825439305,0.00018566640434269214,0.028389872161407204,0.00017207801280894294,0.05429844955807811
tumor_2,tumor_2,CCL26,6892,0.015327061623433802,0.00014813859669663833,0.02235102908172576,0.0001190516837383864,0.04003105168855637
tumor_2,tumor_2,CCL28,6892,0.024607445350556256,0.0007548506100841354,0.09869180125538671,0.0005952034199087628,0.25335836664169376
tumor_2,tumor_2,CCL3,6892,0.024822375640714704,0.00026956105579663313,0.03880132757516732,0.00022377052328787425,0.052338731368951084
tumor_2,tumor_2,CCL4,6892,0.022997686044676245,0.00025481465791143135,0.03661383401289814,0.0002153252723141321,0.05316669071523039
tumor_2,tumor_2,CCL5,6892,0.037504366522164226,0.00032029253988758783,0.05116591303999096,0.00028821863056623315,0.10832161013085029
tumor_2,tumor_2,CCL8,6892,0.024326608529207917,0.00021707113114365252,0.032036373859746524,0.00018081336571187337,0.055125579910584234
tumor_2,tumor_2,CCND1,6892,0.020320464883266408,0.00037149758491104666,0.04947304890093919,0.00029204362762003886,0.10585220790861818
tumor_2,tumor_2,CCR1,6892,0.02769102707915484,0.0002876096925807954,0.0414846906776027,0.00024897699655854547,0.07828908023517757
tumor_2,tumor_2,CCR10,6892,0.03460652023006973,0.00033691009821934075,0.04767062968537438,0.0002933787759441987,0.08797999574096624
tumor_2,tumor_2,CCR2,6892,0.014473561770569163,0.00018450747360550552,0.024697316034634296,0.00015742464307738936,0.04221936460605988
tumor_2,tumor_2,CCR5,6892,0.02226000018115142,0.00023718241851628647,0.03263086282420585,0.00020988768184756524,0.044391860255173686
tumor_2,tumor_2,CCR7,6892,0.02431666575465054,0.00027761044590165454,0.03888283734929678,0.00021289992571567594,0.048444793228629005
tumor_2,tumor_2,CCRL2,6892,0.02394629991891698,0.00017244781206699164,0.027789941046806405,0.00015763888828075758,0.034755184420732166
tumor_2,tumor_2,CD14,6892,0.054382878689428336,0.0005160254356656557,0.07558387632768772,0.0004391666821778051,0.13607669797565916
tumor_2,tumor_2,CD163,6892,0.0418399546601476,0.00035662854461649296,0.054812987370390046,0.00031668829594060067,0.08455073372739744
tumor_2,tumor_2,CD164,6892,0.13845649763655424,0.0013218566371684802,0.20324876649613727,0.0010982505000906642,0.4494656800269869
tumor_2,tumor_2,CD19,6892,0.03381254289886258,0.00036157872904122294,0.05105617576969536,0.00031279083029029286,0.08395266094095563
tumor_2,tumor_2,CD1C,6892,0.03702088787136772,0.00032482724960024794,0.04853479660013301,0.0002815349777123451,0.08195852850965932
tumor_2,tumor_2,CD2,6892,0.014102752654890523,0.00013971433619040777,0.022671107401478402,0.00012449500037841257,0.03532379356172093
tumor_2,tumor_2,CD209,6892,0.032066812371787545,0.00030228460126787647,0.04384221619736129,0.00026102133967352185,0.05924998491576213
tumor_2,tumor_2,CD22,6892,0.011434874576452939,0.00013804427621527733,0.01822693733098061,0.00011718195762099821,0.025639658862380853
tumor_2,tumor_2,CD24,6892,0.16693052483196366,0.0016592314956267212,0.25045668542047544,0.0014380041845277803,0.6263279692586062
tumor_2,tumor_2,CD27,6892,0.030881965460360605,0.0002837287285833459,0.042926175763924594,0.0002552918704904951,0.08565777713413322
tumor_2,tumor_2,CD274,6892,0.03164764665493129,0.00033079241839430184,0.04630763109687454,0.0002842580332069809,0.06547178879520218
tumor_2,tumor_2,CD276,6892,0.11450960583717562,0.0012077854053469032,0.17754399405164806,0.0009590993154941188,0.3647858659005273
tumor_2,tumor_2,CD28,6892,0.02994313611704651,0.0002935601533355924,0.04153384271731035,0.00025312833772496755,0.06258770110258594
tumor_2,tumor_2,CD300A,6892,0.027021152791044188,0.0002593889196917399,0.03529722458132025,0.0002371545503732732,0.061876868877191016
tumor_2,tumor_2,CD33,6892,0.023327054948050333,0.0001913266353940519,0.029951145291572744,0.000165748698085967,0.046163800745247716
tumor_2,tumor_2,CD34,6892,0.04078065920336706,0.00041516439597743046,0.05902827146086216,0.00035440867359804514,0.0885904044378665
tumor_2,tumor_2,CD36,6892,0.017570149226630895,0.00018465720591572486,0.025546189761913564,0.0001692977570068027,0.04741477646711167
tumor_2,tumor_2,CD37,6892,0.023687726282528146,0.00019162164189618657,0.029604581196171365,0.00018009340592650092,0.04473449367809258
tumor_2,tumor_2,CD38,6892,0.035809432049684585,0.0003169583807294716,0.048649685849694806,0.00026521394176188504,0.07397762857544617
tumor_2,tumor_2,CD3D,6892,0.019643838831702724,0.0001874939627024843,0.028094890322602446,0.00016448729789465293,0.054976435553949946
tumor_2,tumor_2,CD3E,6892,0.015419754647196865,0.00016295017444527453,0.02334139819628031,0.00015608532208185604,0.030361953528608637
tumor_2,tumor_2,CD3G,6892,0.028650067874493413,0.00028833164431416746,0.04045297039401254,0.0002517427777139106,0.051733384519756384
tumor_2,tumor_2,CD4,6892,0.019278531439142387,0.00018344608606320073,0.02590451888972218,0.00016548696537495135,0.058034710298339995
tumor_2,tumor_2,CD40,6892,0.05459259311409809,0.0005113530434556064,0.07579508213363952,0.0004268069321149124,0.12179341227153347
tumor_2,tumor_2,CD40LG,6892,0.03408984003558288,0.00027680035626063374,0.04198764685490852,0.0002440410830793956,0.06746126371216098
tumor_2,tumor_2,CD44,6892,0.05985177133839228,0.0013175237084379044,0.17085529147772047,0.0010939835863539263,0.5185525430870033
tumor_2,tumor_2,CD47,6892,0.050589593903481035,0.0005683918389823826,0.08195202429032951,0.0004734853378109685,0.1568767940078552
tumor_2,tumor_2,CD48,6892,0.009493993358114693,0.00012842516706312355,0.016684576287028907,0.00010498878520953741,0.037781711406563424
tumor_2,tumor_2,CD52,6892,0.010047533557935685,0.000138677860460543,0.017438981864894336,0.00012247278741951218,0.03754422978678158
tumor_2,tumor_2,CD53,6892,0.01720426808062317,0.00022117844279607806,0.029881596648183205,0.00019218399076618024,0.06803634013526076
tumor_2,tumor_2,CD55,6892,0.03304871877048514,0.0003962218290779567,0.053830121087226714,0.0003338336023637872,0.08985093017856592
tumor_2,tumor_2,CD58,6892,0.052019031051611805,0.00044814488544779515,0.06800862274631674,0.0003879783150883963,0.11175732723534075
tumor_2,tumor_2,CD59,6892,0.18811015555554286,0.0017291262886672606,0.2605890670141694,0.0014715641326336652,0.5791843361774272
tumor_2,tumor_2,CD5L,6892,0.024644021482073914,0.00023942366007859343,0.036683472716336006,0.00018866735213134638,0.06469290912671907
tumor_2,tumor_2,CD63,6892,0.19754787682134278,0.0019678820644281852,0.292090280002696,0.001658196899011058,0.7638618014437242
tumor_2,tumor_2,CD68,6892,0.05727462115087041,0.0012067421698133667,0.15821758040349426,0.0010145328066108088,0.43398971533417807
tumor_2,tumor_2,CD69,6892,0.021034902885344875,0.00022053284060849601,0.0317482428878056,0.00020598489833242872,0.05283592991330588
tumor_2,tumor_2,CD70,6892,0.009621817393615426,0.00014758159562835906,0.019274908187218092,0.00012148038826991914,0.03384790959614932
tumor_2,tumor_2,CD74,6892,0.18485998835327352,0.002078955310270378,0.29247805759397477,0.0017387507014506105,0.8973213848039692
tumor_2,tumor_2,CD79A,6892,0.023418859689881853,0.00017741995403036822,0.02756439190054149,0.0001632929693273166,0.042046191519328695
tumor_2,tumor_2,CD80,6892,0.03506350404426436,0.00032867208486782464,0.047413234544652544,0.00028533588779324534,0.06688072451745462
tumor_2,tumor_2,CD81,6892,0.16756101722578512,0.0018246507245627483,0.2688642024588639,0.0015471449921777602,0.6961587866404071
tumor_2,tumor_2,CD83,6892,0.03857932917812101,0.00032445347134299853,0.05003460622460161,0.00027788079725957784,0.07882436444185022
tumor_2,tumor_2,CD84,6892,0.02166874727644502,0.00024825862071898295,0.034188122162217026,0.0002075489545084895,0.05794786418260779
tumor_2,tumor_2,CD86,6892,0.019170593241274517,0.0002580576653116853,0.03364160485259996,0.00021901157143428175,0.05151462805125073
tumor_2,tumor_2,CD8A,6892,0.021892743419344496,0.00026493934951484145,0.03649798492707519,0.0002233000034725211,0.06917887027064505
tumor_2,tumor_2,CD8B,6892,0.026175144473652913,0.0002622551646408893,0.03730623266044561,0.0002270354481558426,0.0661009792167821
tumor_2,tumor_2,CD9,6892,0.10875105808931713,0.001067709503920475,0.15973081066788272,0.0009201725639931844,0.3297586071454256
tumor_2,tumor_2,CD93,6892,0.0207464129477388,0.00020317241170861135,0.0282702901982905,0.00017946816762568962,0.052156736675497875
tumor_2,tumor_2,CDH1,6892,0.0512106926836348,0.0006979189487932229,0.0976435733119375,0.0005349604931150826,0.1932924594453853
tumor_2,tumor_2,CDH11,6892,0.03452852044214137,0.00031685152303082226,0.04560589444344794,0.0002792352655385098,0.055936814475470865
tumor_2,tumor_2,CDH19,6892,0.028478358325778736,0.0002523355887071449,0.037170512222028725,0.00022308018478638537,0.055808823190142944
tumor_2,tumor_2,CDH5,6892,0.031423061901300245,0.0002828586994149355,0.04164303871984061,0.0002495137621838153,0.06817899846784245
tumor_2,tumor_2,CDKN1A,6892,0.1820558330895205,0.001599530398420955,0.2492187003164541,0.00133850042163362,0.5878311445394374
tumor_2,tumor_2,CDKN3,6892,0.055037310866580105,0.00043930977966743454,0.06789296049484415,0.0003956882286659504,0.09760832803792958
tumor_2,tumor_2,CEACAM1,6892,0.030861724539510194,0.0002676247240922345,0.03942775723126566,0.00022657421107477328,0.05206762199741799
tumor_2,tumor_2,CEACAM6,6892,0.02630090355071511,0.0002017849780296613,0.03181040167208011,0.00017957291093558003,0.043650830442247525
tumor_2,tumor_2,CELSR1,6892,0.06939315846820512,0.0007420362310749347,0.10624082680373118,0.0006055096358227075,0.195307856023868
tumor_2,tumor_2,CELSR2,6892,0.049841807656789014,0.00042819418155424474,0.06506455509544491,0.00036826788196303226,0.1018453935275151
tumor_2,tumor_2,CENPF,6892,0.039769362109475154,0.00032125935468978504,0.05189151765962574,0.00029292055521261385,0.0651637343894916
tumor_2,tumor_2,CFD,6892,0.03371106905511889,0.00036351419213584494,0.05126218000069872,0.00030469210530870264,0.08147700050434066
tumor_2,tumor_2,CFLAR,6892,0.05484021619094108,0.0005152390746266333,0.07682014183707557,0.00044844779864148285,0.13403557376649797
tumor_2,tumor_2,CHEK1,6892,0.050398160728033534,0.00048042537275790276,0.07165295309820918,0.00041542973581269965,0.09884573334126251
tumor_2,tumor_2,CHEK2,6892,0.05086509968066026,0.0004252425654927666,0.06662959164755503,0.0003756097146741336,0.0891859518523951
tumor_2,tumor_2,CHI3L1,6892,0.02445374417990458,0.0003307949263815177,0.04746501528957558,0.00027327005471508244,0.07538532531151713
tumor_2,tumor_2,CIDEA,6892,0.01719592423529596,0.0001873926223602329,0.02657334496101199,0.0001496611688164368,0.04084814224702014
tumor_2,tumor_2,CIITA,6892,0.04879741390039512,0.0004548285116190965,0.06834115752747885,0.0003874330130721223,0.11202234434241687
tumor_2,tumor_2,CLCF1,6892,0.03779240818373973,0.0004155128819272581,0.05881788281487919,0.0003356633616137677,0.09490355656084157
tumor_2,tumor_2,CLDN4,6892,0.07376626180503809,0.0007806560255080672,0.11299114140984075,0.0006283707519743647,0.2254844972518803
tumor_2,tumor_2,CLEC10A,6892,0.01416984405449645,0.0001588882570798586,0.02322328354400116,0.00012206333086595792,0.03675667345337512
tumor_2,tumor_2,CLEC12A,6892,0.031109242871602605,0.00023343441227943493,0.03711221113536686,0.0002065956368786713,0.058102572149143425
tumor_2,tumor_2,CLEC14A,6892,0.014133609681364822,0.00016361570297567698,0.021711570233159585,0.0001388401356603106,0.024316081835779928
tumor_2,tumor_2,CLEC1A,6892,0.03117169146417914,0.0002519073470255242,0.03774210656871473,0.00022420877498735477,0.04952456090527668
tumor_2,tumor_2,CLEC2B,6892,0.010213855224987465,0.00019692464257367357,0.02499429155908659,0.00017681300157077742,0.039493314738675164
tumor_2,tumor_2,CLEC2D,6892,0.03141986950328944,0.0003431792009114884,0.050926187296921076,0.0002851115821833301,0.08249057395965333
tumor_2,tumor_2,CLEC4A,6892,0.03812350898735696,0.0003194459377196586,0.04770574339184947,0.0002916738238029631,0.07244780681507441
tumor_2,tumor_2,CLEC4D,6892,0.01884356850207671,0.00020414382495928437,0.028767507393018504,0.00016601335108602203,0.04444087693832013
tumor_2,tumor_2,CLEC4E,6892,0.02316676634057083,0.0001554138359111249,0.02600757797983504,0.00014594001396283035,0.030557864033683897
tumor_2,tumor_2,CLEC5A,6892,0.010223901632754861,0.00012582911290237052,0.018179601521890132,9.961720423597217e-05,0.03535678919128772
tumor_2,tumor_2,CLEC7A,6892,0.02519350191572864,0.00022123273653344865,0.03358018277991332,0.00019015393293418757,0.057138800931231984
tumor_2,tumor_2,CLOCK,6892,0.04822279593398664,0.00041733114494455436,0.06339087165831045,0.0003713143696107899,0.08809390484517807
tumor_2,tumor_2,CLU,6892,0.22255982072897976,0.0022613804754597713,0.34278542747020013,0.0019169101691568647,1.045075879205633
tumor_2,tumor_2,CMKLR1,6892,0.028087849957776294,0.00030065051854974477,0.04170591034885259,0.00025313989775788826,0.06109762024290758
tumor_2,tumor_2,CNTFR,6892,0.031904086551493335,0.0003896764669712908,0.05513771793992084,0.00031581430666175354,0.1160173604857339
tumor_2,tumor_2,COL11A1,6892,0.01669373220782478,0.0001531906054449056,0.022425985516406254,0.00012858200353659625,0.0484889830650304
tumor_2,tumor_2,COL12A1,6892,0.024560996306423926,0.0002207596307512213,0.033106556469458356,0.00019331098623286445,0.04587222797969534
tumor_2,tumor_2,COL14A1,6892,0.03573253437371582,0.00034037511289137834,0.05082937681154811,0.0002707049710116889,0.06552008453456971
tumor_2,tumor_2,COL15A1,6892,0.04746842797306024,0.00046634679064686116,0.06742261296043035,0.0003951872868548811,0.09480531130938893
tumor_2,tumor_2,COL16A1,6892,0.06958575459131354,0.0005352281329864322,0.08450510203172153,0.000476544366418284,0.09437165974787645
tumor_2,tumor_2,COL17A1,6892,0.03461382760623223,0.0002952522391629511,0.04444688409012958,0.00025393980646636614,0.05076964285705802
tumor_2,tumor_2,COL18A1,6892,0.08641968936669125,0.0009232617049106088,0.1293583387928705,0.0007581213414853426,0.24522913661535753
tumor_2,tumor_2,COL1A1,6892,0.034399138307243476,0.00042359632134650994,0.05768637665264601,0.00036685170796593784,0.08963391011118974
tumor_2,tumor_2,COL1A2,6892,0.00412919377779466,7.116310082788713e-05,0.01141851863473031,7.293615887810676e-05,0.03192013853350122
tumor_2,tumor_2,COL21A1,6892,0.02353574164731734,0.0001770720317116899,0.02749643334118921,0.0001659187314821545,0.040300332896844884
tumor_2,tumor_2,COL27A1,6892,0.07937085974913684,0.001006039647129416,0.14174793354890705,0.0008300557387438485,0.34745488829040133
tumor_2,tumor_2,COL3A1,6892,0.054451042277688724,0.0004919890745341916,0.07398937227152011,0.0004297033436985406,0.21932090856760805
tumor_2,tumor_2,COL4A1,6892,0.03191350560084805,0.00032258438542177186,0.045559667643239085,0.0003020127956592357,0.06805543605536953
tumor_2,tumor_2,COL4A2,6892,0.036984560908576734,0.00030661957833937194,0.04694048837175916,0.0002781099549071591,0.07568313791630482
tumor_2,tumor_2,COL4A5,6892,0.029974538260846263,0.0002559378746509985,0.038501602803629645,0.00022154364467190745,0.05462406091258139
tumor_2,tumor_2,COL5A1,6892,0.02773480827357183,0.0002794245302112175,0.0390867965939945,0.00023675816644313423,0.04813080700614722
tumor_2,tumor_2,COL5A2,6892,0.01936189372844354,0.0002054807902473333,0.0300690985790676,0.0001749324103613964,0.0546964771181591
tumor_2,tumor_2,COL5A3,6892,0.02417090925443712,0.0001908599409396164,0.0290399115976677,0.000175357792604198,0.04916593951711856
tumor_2,tumor_2,COL6A1,6892,0.07831322090186502,0.0008444636849669178,0.12119707627116809,0.0006911033312489511,0.2420676169806834
tumor_2,tumor_2,COL6A2,6892,0.03668489988206265,0.0005100735929375869,0.06495809585436556,0.0004337178277513556,0.14192175421552833
tumor_2,tumor_2,COL6A3,6892,0.029388032656325676,0.00020504043879781953,0.03645791392823388,0.00018525935328037865,0.05668585226368293
tumor_2,tumor_2,COL8A1,6892,0.01408543615340884,0.0001507402861784652,0.021152716670596126,0.00012957846320525108,0.02661435476222245
tumor_2,tumor_2,COL9A2,6892,0.06328651755750915,0.0008744038356473207,0.12183463853079604,0.0007227704726499551,0.3173453946805479
tumor_2,tumor_2,COL9A3,6892,0.06147084722311079,0.0005940619833021248,0.08442750058539031,0.0005216598413820304,0.13518893667477144
tumor_2,tumor_2,COTL1,6892,0.06366063068512486,0.0005976293926813925,0.0865595246533427,0.0005296431604389313,0.1501117139239891
tumor_2,tumor_2,COX4I2,6892,0.0226929392090237,0.00027108974133151285,0.03590502373036916,0.00022568895603189006,0.048169429192326155
tumor_2,tumor_2,CPA3,6892,0.027880216389009376,0.0002200337979522092,0.03521505797991163,0.0001919863803190881,0.043172467919313486
tumor_2,tumor_2,CPB1,6892,0.013205897102677827,0.0001718494186947874,0.022889718766058283,0.00015076418046996513,0.03211463364134649
tumor_2,tumor_2,CRIP1,6892,0.038582631591134516,0.0005843405134971721,0.07451462359829777,0.0005250994681413488,0.1315315333883608
tumor_2,tumor_2,CRP,6892,0.022424889687086995,0.00027172620442804347,0.03790839671299391,0.00022764795206430753,0.05782789595493705
tumor_2,tumor_2,CRYAB,6892,0.09932840446414815,0.0020654318695058796,0.2725485087547628,0.0016898719343273417,0.9430787838631713
tumor_2,tumor_2,CSF1,6892,0.10628512632493654,0.0008885376331205322,0.13665986636416252,0.0007898755737259014,0.2808822091491695
tumor_2,tumor_2,CSF1R,6892,0.035986340353459996,0.0003145185677257256,0.045984176040053566,0.0002830404981222839,0.08053790893263624
tumor_2,tumor_2,CSF2,6892,0.024783283173340658,0.0002765084992063223,0.03737487518017786,0.00024056722038530334,0.061508443721256925
tumor_2,tumor_2,CSF2RA,6892,0.01616577066162069,0.00016683259369246748,0.023753318972300493,0.00015328888161673037,0.04164630586361213
tumor_2,tumor_2,CSF2RB,6892,0.024334090120127064,0.00022927154213701767,0.032461627979745424,0.0001961561095602601,0.05480665798150114
tumor_2,tumor_2,CSF3,6892,0.014124604916952452,0.00017397022903338266,0.02386976823827454,0.0001447696623913117,0.03389268007395134
tumor_2,tumor_2,CSF3R,6892,0.021135010993450304,0.00016748836839232116,0.025967758270404862,0.00014531849464836835,0.043781153021818245
tumor_2,tumor_2,CSHL1,6892,0.018489332168765187,0.00023943671443844188,0.03273849894682641,0.00020182596016737745,0.06277704476259263
tumor_2,tumor_2,CSK,6892,0.12812592468141495,0.0009918077163785352,0.16046864253297738,0.0008637924293084171,0.2953505660508703
tumor_2,tumor_2,CSPG4,6892,0.03636944415639638,0.0003671966958195462,0.05069165195663283,0.0003127045554888061,0.08948861113699128
tumor_2,tumor_2,CST7,6892,0.022165482586022148,0.00018747796506354337,0.028251928078927947,0.00017082319363471123,0.0458500646503065
tumor_2,tumor_2,CSTB,6892,0.20723329327997303,0.0018921884549574941,0.28525845083498325,0.0016092652001770994,0.7050699916231327
tumor_2,tumor_2,CTLA4,6892,0.012857312216486694,0.00011125773173868814,0.016574595488977602,9.628334543312477e-05,0.025261476822350155
tumor_2,tumor_2,CTNNB1,6892,0.11019794630511456,0.0011338821028017564,0.16679851599605872,0.000970132533163896,0.3741724168324776
tumor_2,tumor_2,CTSD,6892,0.15454393336909528,0.002312115885458944,0.3291899721241352,0.0019742016015224318,1.0146494298655022
tumor_2,tumor_2,CTSG,6892,0.02311694409076105,0.00015675173481825643,0.02549499421330732,0.00014973536202660335,0.027995950660213865
tumor_2,tumor_2,CTSW,6892,0.017430799494092965,0.0002682939615959404,0.03407910215009853,0.00021292033554198535,0.05516456939981011
tumor_2,tumor_2,CUZD1,6892,0.02560411839317168,0.00024757374415408314,0.03356195917631809,0.00022123094822129399,0.05076590347963437
tumor_2,tumor_2,CX3CL1,6892,0.05748185844992213,0.0006708861922394187,0.09507121024678991,0.0005536723544604577,0.1832909038068118
tumor_2,tumor_2,CX3CR1,6892,0.03221487622563222,0.00028688200890460245,0.04482206161065298,0.0002434291674995776,0.0621857942467786
tumor_2,tumor_2,CXCL1,6892,0.06523354643304766,0.0007270184850565071,0.10182316196587551,0.0005906192648322682,0.19113387368026621
tumor_2,tumor_2,CXCL10,6892,0.04432311615181273,0.0004441668996662285,0.0652261838039899,0.0003654350441239291,0.11359246896988254
tumor_2,tumor_2,CXCL12,6892,0.04571731873898477,0.0005665154771016282,0.0806844895100329,0.00046852018613089894,0.15186110609937714
tumor_2,tumor_2,CXCL13,6892,0.010885216884390148,0.0001883685261708201,0.025255004019780248,0.0001666860589100444,0.04445583030853189
tumor_2,tumor_2,CXCL14,6892,0.02188196314229331,0.00027193223664194883,0.035997989747007894,0.00023457613982941648,0.06183515167812811
tumor_2,tumor_2,CXCL16,6892,0.09312999881428326,0.000807135360787786,0.12575003181257705,0.0006835968840096651,0.24654404500562688
tumor_2,tumor_2,CXCL17,6892,0.022863699362337054,0.00021564887525516897,0.03081538702063457,0.00019585885831499317,0.05394536181154891
tumor_2,tumor_2,CXCL5,6892,0.05286132294330065,0.0005421435314561129,0.0751418700146592,0.00047359282918496445,0.13102800341862358
tumor_2,tumor_2,CXCL8,6892,0.028058141161248766,0.0002706895914821752,0.038275174540440535,0.00023666340026618713,0.08062980692785425
tumor_2,tumor_2,CXCL9,6892,0.10058837295097725,0.0007693394624267341,0.12601504836184713,0.0006573404659175881,0.296877112754096
tumor_2,tumor_2,CXCR1,6892,0.02078820838804021,0.0002709226011711597,0.036488441805419033,0.00022494756062107178,0.05799731979682191
tumor_2,tumor_2,CXCR2,6892,0.03221517998834767,0.0002830576873906537,0.04153646303047424,0.00026276519328327473,0.07222930350241265
tumor_2,tumor_2,CXCR3,6892,0.04246519238753455,0.0003871728968955772,0.05779700936183109,0.00033580748542620767,0.09213893501309642
tumor_2,tumor_2,CXCR4,6892,0.024834974449737625,0.00034334990002311805,0.048498628283615716,0.0003107278394142252,0.10078016487320005
tumor_2,tumor_2,CXCR5,6892,0.029350382251258522,0.00030450471407335284,0.044407396654836784,0.0002614824147980268,0.06900997288369475
tumor_2,tumor_2,CXCR6,6892,0.020236039263520196,0.0002730687484696487,0.036331809507920074,0.0002319223869321922,0.05223756296555983
tumor_2,tumor_2,CYP1B1,6892,0.03113547684208588,0.0003211056058372201,0.04590035739748831,0.00026042130601487223,0.07160851015243151
tumor_2,tumor_2,CYP2U1,6892,0.02597924905046183,0.00032187799875214526,0.04366248382877848,0.00026690033356132454,0.07520245623231907
tumor_2,tumor_2,CYSTM1,6892,0.22019190283936654,0.0017352708280265843,0.27761474531939145,0.0014975927938226275,0.6119248878124166
tumor_2,tumor_2,CYTOR,6892,0.09002641637550664,0.0009428834862698031,0.13706836555689872,0.0007353902171495591,0.2682306326748125
tumor_2,tumor_2,DCN,6892,0.02065064460429667,0.00023187341337115532,0.03803901399105508,0.00021313750179020765,0.05648140336476558
tumor_2,tumor_2,DDC,6892,0.06462862832455918,0.0004811067214840524,0.08017667466403648,0.00041191053192489744,0.14119398045383813
tumor_2,tumor_2,DDIT3,6892,0.05091012989524082,0.00040919914586749317,0.06586907079384688,0.00036602695598137336,0.10918645440666834
tumor_2,tumor_2,DDR1,6892,0.10559582711787012,0.0012949545130602135,0.1877898227487836,0.0010688393525122438,0.42484155752282743
tumor_2,tumor_2,DDR2,6892,0.032535242729757344,0.0002698107295891868,0.040252030105026,0.000242825758203893,0.0648946709815689
tumor_2,tumor_2,DDX58,6892,0.0389757016319641,0.00033530343734972155,0.051856667370964074,0.0002854768802305154,0.07295752334322778
tumor_2,tumor_2,DHRS2,6892,0.04101571893838796,0.0004236694800486466,0.06128636780221288,0.00035596490338989664,0.09700133841176431
tumor_2,tumor_2,DLL1,6892,0.04215723640056791,0.0004523732259875853,0.06476045256378957,0.00036036689762291256,0.09672792089883288
tumor_2,tumor_2,DLL4,6892,0.028865474797174488,0.000242966322467261,0.036497540181817285,0.00021511110687505298,0.062054643368298426
tumor_2,tumor_2,DMBT1,6892,0.021565343951806426,0.00024895930184602754,0.03420023688123828,0.00020721199855576645,0.04877125572833567
tumor_2,tumor_2,DNMT1,6892,0.08439363639161422,0.0006634391635803911,0.10552844687057099,0.0005888446113675488,0.13957305514997193
tumor_2,tumor_2,DNMT3A,6892,0.08687776497633316,0.0006990292524533052,0.11028685324654541,0.0006120015857520964,0.18260868552637347
tumor_2,tumor_2,DPP4,6892,0.09648629403598791,0.0011295660175966076,0.16561244243751344,0.0009293296791561632,0.3865180283320015
tumor_2,tumor_2,DPT,6892,0.028327338023865795,0.00029402459831160966,0.04247267425157026,0.00023836940691515936,0.06107297701678412
tumor_2,tumor_2,DST,6892,0.050212175384768166,0.0004677776910092429,0.06980001201201284,0.00039151218857183404,0.11530739244042054
tumor_2,tumor_2,DUSP1,6892,0.13142750341934653,0.001806189861334827,0.2510624123816538,0.0014961500117014962,0.6560875496734846
tumor_2,tumor_2,DUSP2,6892,0.029685638591785524,0.0002871919878383158,0.041937471441524585,0.0002519195649718189,0.07487326759332658
tumor_2,tumor_2,DUSP4,6892,0.023552525308753,0.0002606468873353876,0.03833109205637007,0.00022404628639442276,0.0624341768239941
tumor_2,tumor_2,DUSP5,6892,0.016656270859071426,0.00021583739565808366,0.028071594230808506,0.00017609966482020126,0.05091921903414719
tumor_2,tumor_2,DUSP6,6892,0.13497465277222825,0.0012780502742450277,0.18623250991364673,0.0011068350980575103,0.36316265390833763
tumor_2,tumor_2,EFNA1,6892,0.05415593987148097,0.0013752243599291763,0.18354280299176823,0.0011124898979609152,0.6158288250727453
tumor_2,tumor_2,EFNA4,6892,0.04613306621247411,0.000651672420707866,0.08923267878552014,0.0005281584815735925,0.18957550529001385
tumor_2,tumor_2,EFNA5,6892,0.042786684600559066,0.000343108772393126,0.05441798320307937,0.0002948880100891629,0.07817740391316035
tumor_2,tumor_2,EFNB1,6892,0.06976843278547526,0.0006410182646334424,0.09619740785793598,0.0005435148979207261,0.1743948935744307
tumor_2,tumor_2,EFNB2,6892,0.018056774104121605,0.00018634099772220505,0.02799199368961175,0.00014610093472271159,0.046209135619200835
tumor_2,tumor_2,EGF,6892,0.042679874048719924,0.00035591892686674534,0.05441645249488314,0.0003168500401609173,0.07290722932735597
tumor_2,tumor_2,EGFR,6892,0.11170219361378844,0.0009999455074137626,0.15380818943481717,0.0008658548961259392,0.3319123158335909
tumor_2,tumor_2,EIF5A,6892,0.15764613645072884,0.0014797553799011662,0.21926120490425452,0.0012766663070331822,0.46373227332766176
tumor_2,tumor_2,ELANE,6892,0.023866845820425052,0.0002091006567968191,0.029961485155502433,0.00019105819804002603,0.05986594378653278
tumor_2,tumor_2,EMP3,6892,0.09042527975927492,0.0008508345717462057,0.12283972879105262,0.0007739561965078113,0.21740567551028822
tumor_2,tumor_2,ENG,6892,0.02823465767490028,0.00031247186407878756,0.041505662108610966,0.0002748238464443014,0.06900803292777487
tumor_2,tumor_2,ENO1,6892,0.14908465736484003,0.0023144195704407713,0.33233478758705737,0.0019283754018321374,0.911526430391946
tumor_2,tumor_2,ENTPD1,6892,0.018380759322845004,0.0001722774145379622,0.024713140512771743,0.0001466684308160357,0.04166659716949
tumor_2,tumor_2,EOMES,6892,0.012268143214214565,9.133939084509895e-05,0.014595387271228147,7.927014678348789e-05,0.022870267710343305
tumor_2,tumor_2,EPCAM,6892,0.05461218956048756,0.0004942109205562444,0.07526960469632628,0.0004230204683607459,0.15920854027232584
tumor_2,tumor_2,EPHA2,6892,0.06327908929307403,0.0006268867198186052,0.08946817172573662,0.0005180889553401208,0.1371485871606774
tumor_2,tumor_2,EPHA3,6892,0.024301090326689364,0.00027526718486305975,0.03781445593554505,0.00023569218464221544,0.05681663948025748
tumor_2,tumor_2,EPHA4,6892,0.016407449294118946,0.0001500866921540688,0.020742738354171168,0.00014158003734541965,0.024631770908918806
tumor_2,tumor_2,EPHA7,6892,0.011960722130625464,0.00013256976663458892,0.018323278341964493,0.00012376518988582163,0.03451271541989492
tumor_2,tumor_2,EPHB2,6892,0.026183488517048326,0.00030397369048104715,0.03955313972399088,0.00025886574173004137,0.07833575843188938
tumor_2,tumor_2,EPHB3,6892,0.03672723298756843,0.00035372416228375173,0.050738446256076916,0.0003096379778415759,0.07664757495224725
tumor_2,tumor_2,EPHB4,6892,0.020389387750964626,0.00023293556334564444,0.03306358159853236,0.00020433541744927273,0.05946142835204279
tumor_2,tumor_2,EPHB6,6892,0.025759535024669055,0.00025989800319767726,0.03603599844842304,0.00021888678808461577,0.052858856671497034
tumor_2,tumor_2,EPOR,6892,0.028918359981059544,0.0003135931525475228,0.044748322829875495,0.0002630573145728012,0.08110467134006569
tumor_2,tumor_2,ERBB2,6892,0.07544808633254167,0.0006299019532347674,0.09689943676482556,0.0005514508373800833,0.15241959395203125
tumor_2,tumor_2,ERBB3,6892,0.06152270381681857,0.0005590017749509969,0.08408193664651772,0.00047779220749188543,0.15335932758452198
tumor_2,tumor_2,ESAM,6892,0.03908166310642384,0.000402052465930269,0.055787115520054456,0.000333152853373967,0.077477002331479
tumor_2,tumor_2,ESR1,6892,0.02021682786788236,0.00018691818880719273,0.026284642291952032,0.00017189628635963823,0.056058256533212246
tumor_2,tumor_2,ETS1,6892,0.03174445388443526,0.00033487498828724884,0.04794534006603581,0.00029610827605787443,0.08311471108581081
tumor_2,tumor_2,ETV4,6892,0.03324985884092705,0.000330991728977137,0.04620165508345864,0.00028016388152728714,0.085875122234095
tumor_2,tumor_2,ETV5,6892,0.05628692051375504,0.00045805214078031544,0.06955078363179938,0.0004153274227191444,0.08226395429357271
tumor_2,tumor_2,EZH2,6892,0.05504935100225387,0.0004422439638908788,0.06898552241748471,0.00039412245109319053,0.08883364529526337
tumor_2,tumor_2,EZR,6892,0.16503573308930716,0.0016712275663810243,0.24889377277588104,0.0014043118746827755,0.5974393397046951
tumor_2,tumor_2,FABP4,6892,0.02504984387080726,0.00024287071902359306,0.03399223418292093,0.0002211511995376046,0.05282656867896106
tumor_2,tumor_2,FABP5,6892,0.05196930803180182,0.0005848549084458844,0.0808520213831908,0.0004865227459000348,0.1449215027241724
tumor_2,tumor_2,FAM30A,6892,0.037104436006487274,0.0003399112907546098,0.05102132812667829,0.00028173468014833003,0.06701696722293367
tumor_2,tumor_2,FAP,6892,0.026736054419090494,0.0002474745474439166,0.036255899219112854,0.00020850319803382037,0.05983464951573304
tumor_2,tumor_2,FAS,6892,0.03274219657072973,0.00021278924333892248,0.0366289913768986,0.0001986078968702464,0.04609557524411867
tumor_2,tumor_2,FASLG,6892,0.034428968765065876,0.00033252552842814967,0.04761949513695087,0.0002810723252029672,0.07004208886437138
tumor_2,tumor_2,FASN,6892,0.09525248502080885,0.0008246562000859235,0.12974182578335874,0.0007543901602247692,0.21173034515418238
tumor_2,tumor_2,FAU,6892,0.16963150198517332,0.0019051551371218295,0.2774229413894877,0.0015900028517175598,0.6664055693988075
tumor_2,tumor_2,FCER1G,6892,0.02647566162164632,0.00021102906062595855,0.03245858323771952,0.00018944929422099024,0.05104375268897524
tumor_2,tumor_2,FCGBP,6892,0.02212182585300269,0.00023488644619276916,0.03307858315040803,0.00019941175855512147,0.05034211348700385
tumor_2,tumor_2,FCGR3A,6892,0.03998300517283303,0.0004548800227780183,0.06239722813825538,0.00039303272046053474,0.11534055774291112
tumor_2,tumor_2,FCRLA,6892,0.03804321233396653,0.00038494147015203013,0.05458214078220154,0.00032299992692116973,0.08753713133402563
tumor_2,tumor_2,FES,6892,0.09146411599941634,0.0007307450160720288,0.11479656976310929,0.0006439060063458751,0.18103496212464837
tumor_2,tumor_2,FFAR2,6892,0.026423778692671186,0.0002860961740739506,0.040593925271603784,0.00023305083338832314,0.07795113504596748
tumor_2,tumor_2,FFAR3,6892,0.05255897383042962,0.0004847470804927038,0.0722501421542964,0.00041644240390771364,0.10828852003073404
tumor_2,tumor_2,FFAR4,6892,0.029970918584453377,0.0003113849432470536,0.04351135266098036,0.0002522105637193838,0.06243867653840236
tumor_2,tumor_2,FGF1,6892,0.011442146211599329,0.00013458127052830244,0.017334127626776396,0.00012022678110058925,0.03134401872701843
tumor_2,tumor_2,FGF12,6892,0.025372246646247175,0.00027619680412443195,0.03799935846761933,0.00024127426333067569,0.05353462546819014
tumor_2,tumor_2,FGF13,6892,0.043435182573117834,0.0005846712168899819,0.0837691266702294,0.00043990544728373976,0.15572502958592144
tumor_2,tumor_2,FGF18,6892,0.07615847965427829,0.0006330771311582262,0.10127300022362373,0.0005373464113973875,0.19266396748160933
tumor_2,tumor_2,FGF2,6892,0.024308676720035786,0.00023799339384828207,0.034260580074747464,0.0001934517171662271,0.053981752704741384
tumor_2,tumor_2,FGF7,6892,0.024565860443790156,0.0002081448796466858,0.03156793090078096,0.00018066769833261078,0.047652783741134505
tumor_2,tumor_2,FGF9,6892,0.025328358841294925,0.0002320840005090423,0.03415514333530801,0.00021052131660565876,0.05089745756315741
tumor_2,tumor_2,FGFR1,6892,0.04036971015706485,0.0003252077032179145,0.05167948848460339,0.00028165951530208407,0.07758223559089505
tumor_2,tumor_2,FGFR2,6892,0.028231293263410562,0.00024867231821264045,0.0386189894062222,0.00021169269195040337,0.057217480059496825
tumor_2,tumor_2,FGFR3,6892,0.11063601078216398,0.0008097707169886451,0.1333127635425455,0.0007164135234751921,0.21358665381551933
tumor_2,tumor_2,FGG,6892,0.15523943988780925,0.001411769238750786,0.20825106266800053,0.0011942567271075906,0.743012806023654
tumor_2,tumor_2,FGR,6892,0.03162389139187248,0.0002315943067100217,0.03796593828238406,0.00021077151685609593,0.06511629086611796
tumor_2,tumor_2,FHIT,6892,0.024830875752591845,0.00021352812258465913,0.03204168380006096,0.0001869974500420908,0.044792684003218355
tumor_2,tumor_2,FKBP11,6892,0.04316911763116745,0.00033664407529781896,0.05392423066402744,0.0003117842930855591,0.07728331752945677
tumor_2,tumor_2,FKBP5,6892,0.18584469930740838,0.0018099611184951992,0.2796886439170395,0.001530359845546915,0.7810124165215948
tumor_2,tumor_2,FLT1,6892,0.02461640660243473,0.00025118262379055065,0.03624297914898441,0.00022482974269037736,0.06678152696375625
tumor_2,tumor_2,FLT3LG,6892,0.026729378183369616,0.00026516437200177457,0.03917305930613557,0.00021547394316459088,0.0532339193317732
tumor_2,tumor_2,FN1,6892,0.18551015667429488,0.002186417135939011,0.32588545756242376,0.0018326825419072352,1.104633818965075
tumor_2,tumor_2,FOS,6892,0.0300317496240306,0.0005618166899106016,0.07102018871546782,0.0004682931002251088,0.1541253382912285
tumor_2,tumor_2,FOXF1,6892,0.04173018371488237,0.00047861490529756904,0.06523488139598813,0.0003947666766916598,0.0938765513630995
tumor_2,tumor_2,FOXP3,6892,0.017767948450162403,0.0001910833291245869,0.025819718796229185,0.00015873159376357255,0.04631791654584523
tumor_2,tumor_2,FPR1,6892,0.03582879095481524,0.0003056996396465717,0.04567959827819036,0.0002856719889084177,0.08565881170380456
tumor_2,tumor_2,FYB1,6892,0.03947733988107338,0.00028734459155508024,0.04741061796682594,0.0002565612506425976,0.06233164023482842
tumor_2,tumor_2,FYN,6892,0.020836491388753823,0.00022965696859791773,0.030980833395784176,0.00021051368243902544,0.053094000272872865
tumor_2,tumor_2,FZD1,6892,0.02655389058677716,0.00036498614991663377,0.04828963225255534,0.00029866235558882644,0.07820789571181405
tumor_2,tumor_2,FZD3,6892,0.023907930017162484,0.00023697254775840114,0.033228739474516836,0.0002098767780809057,0.046087931493650966
tumor_2,tumor_2,FZD4,6892,0.058339363796643486,0.0005512135612657023,0.0829151982560595,0.0004670449619678897,0.1551742383333386
tumor_2,tumor_2,FZD5,6892,0.05179823450615102,0.0005061934477038958,0.07586911919396895,0.00040732158095320366,0.1561860440255361
tumor_2,tumor_2,FZD6,6892,0.04974551543742591,0.00044413986108419095,0.06733397544451919,0.00039280322560287167,0.1061795467674121
tumor_2,tumor_2,FZD7,6892,0.048931302685328484,0.000453007645332359,0.06982265882383495,0.0003815822408725562,0.13903767193868502
tumor_2,tumor_2,FZD8,6892,0.06311628644416667,0.0006081321431795626,0.09128954088654141,0.0004980079470914074,0.1511060511804113
tumor_2,tumor_2,G0S2,6892,0.0833370136262609,0.0008670900349270794,0.12437328658158849,0.0007300050656732385,0.21781977806686617
tumor_2,tumor_2,G6PD,6892,0.1852072770334348,0.0012622935938001,0.2163738052014778,0.0011424452893129208,0.5023110439430019
tumor_2,tumor_2,GADD45B,6892,0.06940667153016118,0.0009471148506458675,0.13061103281833145,0.0007795213772657669,0.3355137588148619
tumor_2,tumor_2,GAS6,6892,0.03948397952786231,0.00037144859751190337,0.05490302152749804,0.0003286097605612744,0.08459802273708872
tumor_2,tumor_2,GATA3,6892,0.027586198125079973,0.0002614382812193455,0.03852235213918282,0.00022391018169084847,0.0623680135623171
tumor_2,tumor_2,GC,6892,0.2019379144632844,0.001965749564482843,0.29086143073711807,0.0015530620030667656,0.8815177403495186
tumor_2,tumor_2,GCG,6892,0.025624572140354802,0.00023238391314441315,0.03438550327998506,0.00019962169649348252,0.0560216614729457
tumor_2,tumor_2,GDF15,6892,0.04342340152790133,0.0005043880622871202,0.06915624768246728,0.0004272231965404524,0.14884394964981115
tumor_2,tumor_2,GLUD1,6892,0.06707277701123338,0.0006457358714167789,0.09889480743656671,0.0005412374689903629,0.1622563474335524
tumor_2,tumor_2,GLUL,6892,0.2857250633934384,0.0020309168467755757,0.3460727114106614,0.0017872124100865574,0.952781019800016
tumor_2,tumor_2,GNLY,6892,0.013055894900496034,0.0001514270890984749,0.02114758525761001,0.0001270697833517801,0.02859523339094666
tumor_2,tumor_2,GPBAR1,6892,0.04160390308698952,0.0003671176154231627,0.05471575520704304,0.00031456338563474827,0.08313926572368818
tumor_2,tumor_2,GPER1,6892,0.03904012751773522,0.0005057707141583506,0.07108498885747218,0.0004011288722715666,0.14528822845512743
tumor_2,tumor_2,GPNMB,6892,0.03547136329842928,0.0003750506058138809,0.051204176779394,0.00034390240632544284,0.1406266043790323
tumor_2,tumor_2,GPR183,6892,0.007211565847412125,0.0001428951546401051,0.017329404629745047,0.00014058562671022287,0.029600634218577677
tumor_2,tumor_2,GPX1,6892,0.21072256200853898,0.0021211855789483045,0.2981593041320494,0.0018082958219601362,0.66888210797335
tumor_2,tumor_2,GPX3,6892,0.14995106294680494,0.0020387427921995855,0.29648334421089745,0.0016469168493493144,0.8442880252067434
tumor_2,tumor_2,GSK3B,6892,0.07183119644200374,0.0005612465638497975,0.08999208098868512,0.0004882587209123892,0.16734719810516613
tumor_2,tumor_2,GSN,6892,0.08310010701265766,0.0012787594368078282,0.17384911436944048,0.001040300739748824,0.40242704648938565
tumor_2,tumor_2,GSTP1,6892,0.15054722716203484,0.0011190248476371607,0.18265359693122254,0.0009914556374808396,0.35235102032680354
tumor_2,tumor_2,GZMA,6892,0.009218247580851168,0.00013586229761964374,0.017781832216599944,0.00012691087313272627,0.03529309046202118
tumor_2,tumor_2,GZMB,6892,0.02095692271297258,0.00025328069360173983,0.035583050616744424,0.00021165012356857786,0.05096288237892092
tumor_2,tumor_2,GZMH,6892,0.018246790271964398,0.00020968615352208095,0.028936961650003416,0.00018210626604757258,0.053673017748379445
tumor_2,tumor_2,GZMK,6892,0.019509678746363363,0.0002182007307703302,0.03022773063498929,0.0001947314771680326,0.0507798967018652
tumor_2,tumor_2,H2AZ1,6892,0.23035185594991114,0.0018453243471164972,0.29806943378144757,0.0016032585485057929,0.701792518434661
tumor_2,tumor_2,H4C3,6892,0.20209645876575538,0.0017378842182738496,0.2758394032722157,0.0014231653109785971,0.7254340320178001
tumor_2,tumor_2,HAVCR2,6892,0.00563146995873884,0.0001334186014099226,0.01685104808020549,0.00011676117303175033,0.030994144174517835
tumor_2,tumor_2,HBA1,6892,0.043269469259842985,0.0005391762228401899,0.07201178572686563,0.0004428166893346817,0.11838727937780716
tumor_2,tumor_2,HBB,6892,0.03883434155787267,0.0004419313676264744,0.059513463365055676,0.00036459719332162366,0.08455043416649458
tumor_2,tumor_2,HCAR2,6892,0.039243737234611296,0.00044064231462629614,0.06228606395056667,0.0003502034449594774,0.10292820542189587
tumor_2,tumor_2,HCK,6892,0.013977710654712063,0.00017255152051618333,0.02296570277327182,0.00015772023386611194,0.04441391285453823
tumor_2,tumor_2,HCST,6892,0.036048540164101965,0.000348522158582905,0.048532894655421065,0.00029959530308979804,0.0841895107732896
tumor_2,tumor_2,HDAC1,6892,0.09442389857383943,0.0007759561339609955,0.12175218198363016,0.0006875614012124869,0.21903022675012065
tumor_2,tumor_2,HDAC11,6892,0.05143512484757527,0.00043195077539207483,0.06770859553639261,0.00038072514472161956,0.10553660070277479
tumor_2,tumor_2,HDAC3,6892,0.07313814903535133,0.0006266142609260816,0.09845146756089232,0.0005163759774570455,0.16491562654832043
tumor_2,tumor_2,HDAC4,6892,0.06642118536208302,0.0005360188646421674,0.084155524350666,0.00047708252330838055,0.13524122974962327
tumor_2,tumor_2,HDAC5,6892,0.05087800137814863,0.0005058967624738658,0.07310496015468525,0.00042092480690906857,0.12836845816016404
tumor_2,tumor_2,HEXB,6892,0.05778369066687609,0.0006585648316345906,0.094097069966703,0.0005385333150056041,0.1694944744832688
tumor_2,tumor_2,HEY1,6892,0.030483897192865417,0.0003476651805704101,0.049635006100715945,0.00028865120399869707,0.09635892351730681
tumor_2,tumor_2,HGF,6892,0.018273410721678228,0.00017219922038892534,0.0257189047395009,0.00015787346400167278,0.04130051414120407
tumor_2,tumor_2,HIF1A,6892,0.14020628362371237,0.0011352690008322145,0.17927151680609818,0.0009843648048045118,0.3784215972704454
tumor_2,tumor_2,HILPDA,6892,0.06126040567506648,0.0007611305070155483,0.1048381983621713,0.0006003841107387611,0.260359414063424
tumor_2,tumor_2,HLA.A,6892,0.17235057850176977,0.002504624040370454,0.354598668880098,0.0020227078979175215,0.9592896128514552
tumor_2,tumor_2,HLA.DPA1,6892,0.14116414102745414,0.0016808872415530352,0.2363109200594496,0.0014326603583390458,0.6607162166797436
tumor_2,tumor_2,HLA.DPB1,6892,0.08941156135263781,0.0009381601681409959,0.13677726619198158,0.0007978904070199666,0.3067836900692822
tumor_2,tumor_2,HLA.DQA1,6892,0.06018087167089596,0.0008205472125703392,0.11129675667229726,0.0007287057682689256,0.3744640793330961
tumor_2,tumor_2,HLA.DQB1,6892,0.11131324105828762,0.001883531825556961,0.25784015029454493,0.0015259355893943501,0.6942372358948974
tumor_2,tumor_2,HLA.DRA,6892,0.14465782446615144,0.0014705295635432513,0.21319551189767613,0.001271268459701851,0.5750819428079488
tumor_2,tumor_2,HLA.DRB1,6892,0.16019670017882107,0.002075719098897811,0.2846628478912756,0.0017486737576998088,0.8483393189528977
tumor_2,tumor_2,HMGB2,6892,0.10337434000635895,0.0009021765507017373,0.14136945871531276,0.0007870177664620907,0.2503736352015429
tumor_2,tumor_2,HMGCS1,6892,0.07478250890689968,0.0007014012962494799,0.10619664376979132,0.0006251186993112539,0.18303210178107626
tumor_2,tumor_2,HMGN2,6892,0.2455130550049319,0.0022313062313009256,0.3475089061610699,0.0018522123817476905,0.8944528400814973
tumor_2,tumor_2,HPGDS,6892,0.03845875107086503,0.0003085448285358581,0.04755396809638653,0.00028630184227591284,0.06714549858269916
tumor_2,tumor_2,HSD17B2,6892,0.09033627107457566,0.000701029006235197,0.11234229998763065,0.0006073302918432538,0.1541062260705697
tumor_2,tumor_2,HSP90AA1,6892,0.24517969048534857,0.0018941355834155536,0.3058694888143941,0.0016483986829747988,0.7318850795956847
tumor_2,tumor_2,HSP90AB1,6892,0.2403636272364648,0.001935069541781156,0.3093546619972532,0.0016436049173799102,0.77296088249429
tumor_2,tumor_2,HSP90B1,6892,0.17316879364364585,0.00191247916699069,0.285043972667017,0.0015243722240805683,0.788138112067365
tumor_2,tumor_2,HSPA1A,6892,0.1329556684815652,0.0017746801643512596,0.24706067860148656,0.0015075766805050757,0.6984471221733493
tumor_2,tumor_2,HSPB1,6892,0.2123613107470051,0.0018169521782173154,0.27818225594145557,0.0015481093369587226,0.6793115621217425
tumor_2,tumor_2,HSPG2,6892,0.11675469988218692,0.001016723336196266,0.15345523762330196,0.000890712063311072,0.305306583692008
tumor_2,tumor_2,HTT,6892,0.03376371334770395,0.0002769772961255716,0.04372979811098409,0.00024370866230611274,0.05817852761101021
tumor_2,tumor_2,IAPP,6892,0.014483999399923963,0.00017576684900584783,0.023697058788948823,0.00014990449858853728,0.03984498591605311
tumor_2,tumor_2,ICA1,6892,0.04195870251212517,0.0003726841537873067,0.05568293129179482,0.0003371973235789132,0.07949306195845349
tumor_2,tumor_2,ICAM1,6892,0.0207337122265743,0.00024572887277988614,0.03372904087852084,0.0002090148018702017,0.07539573879319628
tumor_2,tumor_2,ICAM2,6892,0.03460792236052264,0.0003135572226017627,0.047908163197735595,0.0002455930353365196,0.06683138430246467
tumor_2,tumor_2,ICAM3,6892,0.029412591423381505,0.00031426016733863743,0.046209818791115395,0.00026733506086072016,0.07397278635594925
tumor_2,tumor_2,ICOS,6892,0.016096990363828046,0.00020141285564815464,0.027010052470983294,0.0001758679731289297,0.053494779211609465
tumor_2,tumor_2,ICOSLG,6892,0.04464988905122451,0.000554531972527906,0.07743577036675005,0.0004456619883862912,0.12771042819078748
tumor_2,tumor_2,IDO1,6892,0.011991719696284295,0.00010723800087835364,0.016579000743495727,9.345597801050398e-05,0.024777486916439412
tumor_2,tumor_2,IER3,6892,0.053456763897817616,0.0006456969673778537,0.08958608403707866,0.0005200081610457437,0.16449510107799664
tumor_2,tumor_2,IFI27,6892,0.206652520808461,0.0019321119690703496,0.29738930625577786,0.0016632948874047261,0.798995949039101
tumor_2,tumor_2,IFI44L,6892,0.03502351587049899,0.0003263210211798927,0.04964893297405802,0.00027648782508395294,0.06801464265382029
tumor_2,tumor_2,IFI6,6892,0.20562988076372987,0.0019806126488265013,0.29458657594177096,0.0016575151754606202,0.7795039703989646
tumor_2,tumor_2,IFIH1,6892,0.04773736533033756,0.00036047931930758653,0.05984069259388094,0.00031651590460897254,0.10114299408289895
tumor_2,tumor_2,IFIT1,6892,0.0195731801720235,0.00017392175830316844,0.025917617184966983,0.00015801831024985847,0.03744163255301535
tumor_2,tumor_2,IFIT3,6892,0.03278991234101229,0.00027002035000675366,0.04148300864889967,0.00023863572318598677,0.055362250975253546
tumor_2,tumor_2,IFITM1,6892,0.027749508497359538,0.00038194287117490015,0.05517232877935958,0.000339582916307771,0.10245060484850044
tumor_2,tumor_2,IFITM3,6892,0.2122725303532924,0.0019303791650123522,0.2879802678941975,0.001653477504429219,0.7235767893514571
tumor_2,tumor_2,IFNA1,6892,0.022451432407182302,0.0003088124251792897,0.039919480811685615,0.0002662052525201078,0.06827498806401334
tumor_2,tumor_2,IFNAR1,6892,0.05635533095353666,0.0006188549167321961,0.08847894193508646,0.0005173276293221204,0.14491437995820305
tumor_2,tumor_2,IFNAR2,6892,0.06785767275773966,0.0006162257934647066,0.09259947371451283,0.000528130394921072,0.15604734490869304
tumor_2,tumor_2,IFNG,6892,0.016579170091952252,0.000158894760605104,0.022938171418268045,0.00014152940935764632,0.03887441839675647
tumor_2,tumor_2,IFNGR1,6892,0.08920063045250444,0.0008197162880102799,0.12263916853814776,0.0007362877162094318,0.24304571600848454
tumor_2,tumor_2,IFNGR2,6892,0.0637753581553611,0.0006027069573866487,0.09050351150406312,0.00048334202440447176,0.16308490556197341
tumor_2,tumor_2,IFNL3,6892,0.04500745354753768,0.0003640730385132994,0.05621139390009779,0.00032537166648435634,0.08195621506996623
tumor_2,tumor_2,IGF1,6892,0.0471612613035087,0.00043264656168679226,0.06408090422510207,0.0003689581656500864,0.1175748496020083
tumor_2,tumor_2,IGF1R,6892,0.01182745009342082,0.00012506203193065826,0.01789716076697977,9.926397475871519e-05,0.028811137927952403
tumor_2,tumor_2,IGF2,6892,0.01567197667274141,0.00028956661498164465,0.03549978881422349,0.00025162911205821987,0.059049082437750464
tumor_2,tumor_2,IGF2R,6892,0.1000409896909785,0.0010025788708906073,0.1500217079001678,0.0008249336274705232,0.29536166900392236
tumor_2,tumor_2,IGFBP3,6892,-0.05224189606534187,0.001174013943803582,0.15543694648559875,0.000892388793713476,0.5649590866594801
tumor_2,tumor_2,IGFBP5,6892,-0.070485455890738,0.0012631774604618467,0.17662763869767178,0.0010305211222719074,0.6007208792232406
tumor_2,tumor_2,IGFBP6,6892,0.038435226900300885,0.00042388605596454073,0.0590010449776747,0.0003658585705779967,0.10369852640456498
tumor_2,tumor_2,IGFBP7,6892,0.04758465048031113,0.0006838174350735272,0.09074850869921776,0.0005941635657766257,0.1795766823778065
tumor_2,tumor_2,IGHA1,6892,0.03649923284451607,0.000380230446826514,0.05283799298346535,0.00030955316437860313,0.08078901031066114
tumor_2,tumor_2,IGHD,6892,0.03417104837262773,0.00034949725777400114,0.05226756055231,0.0002917181136276644,0.09893265055730349
tumor_2,tumor_2,IGHG1,6892,0.04250569363506819,0.0004767709489179178,0.06410524491912584,0.0004199613057425835,0.11760625778509015
tumor_2,tumor_2,IGHG2,6892,0.030317074976871205,0.00034991615553826546,0.04721637716248212,0.0002982499269421931,0.08762139702511687
tumor_2,tumor_2,IGHM,6892,0.04285998481190809,0.00047043380262018253,0.0613702060294703,0.00041905963663444124,0.09564936262112508
tumor_2,tumor_2,IGKC,6892,0.05214696696845115,0.0005267963548165883,0.07414443164173885,0.0004558098487308507,0.12036450740352078
tumor_2,tumor_2,IKZF3,6892,0.016752086583738716,0.00017161509432751747,0.02712287810057195,0.00016134842418795921,0.049034288504136894
tumor_2,tumor_2,IL10,6892,0.029167904702930868,0.00038068831585614155,0.05181343398497181,0.00031341721987907043,0.10021839054069928
tumor_2,tumor_2,IL10RA,6892,0.010500599053870505,0.00010282840357403228,0.015066713150817678,9.211978781184114e-05,0.0250103032463176
tumor_2,tumor_2,IL10RB,6892,0.048370226372322,0.0004905027327167831,0.07202748762818245,0.00041417419850330446,0.1390441571544189
tumor_2,tumor_2,IL11,6892,0.02538170698391397,0.00025554631824990657,0.03608146226957189,0.0002140416001423984,0.0751728728194953
tumor_2,tumor_2,IL11RA,6892,0.03577865798780895,0.00035848276102986594,0.05100653484910704,0.0003072103746750687,0.08107863309529763
tumor_2,tumor_2,IL12A,6892,0.017009323057694252,0.0001533021191418453,0.021978297806439517,0.00014391940023852806,0.03784887788448432
tumor_2,tumor_2,IL12B,6892,0.029025161455212962,0.00032090149784903246,0.04475090251892299,0.0002678509152165848,0.07089978060676708
tumor_2,tumor_2,IL12RB1,6892,0.01276071053253702,0.0001520599916698705,0.01899981430454155,0.0001365526267903189,0.04476000676132952
tumor_2,tumor_2,IL12RB2,6892,0.010554266708483567,0.00013059059904640074,0.0190627266944765,0.0001269886721213239,0.0442052436223565
tumor_2,tumor_2,IL13RA1,6892,0.08329082414293279,0.0008023491299368998,0.12093167484689826,0.000696287359322331,0.2617715409954392
tumor_2,tumor_2,IL15,6892,0.019146871661283055,0.000182899091297143,0.02600763655903852,0.00016054595213935662,0.04323493526011485
tumor_2,tumor_2,IL15RA,6892,0.06843982567457732,0.0005121174541248911,0.08260944898017843,0.000447306236095843,0.1163816544663511
tumor_2,tumor_2,IL16,6892,0.019542568662875178,0.00019958653758166172,0.02943040120881051,0.00017487107856546278,0.054126994332009105
tumor_2,tumor_2,IL17A,6892,0.017788400249162475,0.00018790906858274503,0.026343774218016286,0.0001765942883626786,0.05302525367765028
tumor_2,tumor_2,IL17B,6892,0.015103524255710076,0.00021280346094693287,0.028158432198269485,0.0001662023571111561,0.05661742023758744
tumor_2,tumor_2,IL17D,6892,0.03677421861268186,0.0002656046402379478,0.04339701305873243,0.000249581246057831,0.06777546327781721
tumor_2,tumor_2,IL17RA,6892,0.05890787968909864,0.0005847212885940108,0.08443704913256801,0.0004982127732151522,0.1461266958213356
tumor_2,tumor_2,IL17RB,6892,0.0580701887786623,0.0004547188975671022,0.07174685582705329,0.00040464966860163877,0.08730625327919456
tumor_2,tumor_2,IL17RE,6892,0.02133226469236151,0.0002378817767229,0.033731399511648705,0.0002039632252354676,0.05229748892972345
tumor_2,tumor_2,IL18,6892,0.024369083893302872,0.0002728926514807519,0.03719445551493811,0.00022896175686986894,0.04995657293480009
tumor_2,tumor_2,IL18R1,6892,0.026365045093457894,0.00025953299329792284,0.03748004927279445,0.00022582377156769471,0.04985250483031175
tumor_2,tumor_2,IL1A,6892,0.024520873314378328,0.00026583918905446883,0.037365620132012466,0.00023174411660945322,0.07578734238177685
tumor_2,tumor_2,IL1B,6892,0.026278558685455106,0.0002558492917833151,0.037176640059023845,0.00021706551207681534,0.07144164064472781
tumor_2,tumor_2,IL1R1,6892,0.07093259631426388,0.0004568954934381795,0.0804511586566052,0.0004080603828927023,0.1088602995429939
tumor_2,tumor_2,IL1R2,6892,0.01443262463807141,0.0001643912046561682,0.022228409241205508,0.0001405868031818631,0.05242253590779904
tumor_2,tumor_2,IL1RAP,6892,0.05056246823938447,0.00061099905898613,0.08512309677576935,0.00047306060669259127,0.1697005152719276
tumor_2,tumor_2,IL1RL1,6892,0.020308709325411022,0.0001482550040880988,0.023809047732991397,0.00013686635472933732,0.029858682544833905
tumor_2,tumor_2,IL1RN,6892,0.04105438128304552,0.0003512240481521867,0.05270566856334537,0.00031870444364727804,0.09559879619123976
tumor_2,tumor_2,IL2,6892,0.012555522958826958,0.00014263069569633524,0.018880886400296303,0.00013099900899438016,0.028082834880309195
tumor_2,tumor_2,IL20,6892,0.024837669260998257,0.000273421618992848,0.037360578483104104,0.00023602461753635489,0.06441808807538343
tumor_2,tumor_2,IL20RA,6892,0.021625026075363492,0.00015588881670277233,0.02576910215101593,0.0001399888222211586,0.03767120042437576
tumor_2,tumor_2,IL22RA1,6892,0.011808479104949286,0.00012065307670205914,0.01756089501815915,0.00010424097303747535,0.02292844330345099
tumor_2,tumor_2,IL23A,6892,0.020654510146248018,0.00020154242248827432,0.028251179299321083,0.0001875736284026891,0.048450724814955784
tumor_2,tumor_2,IL24,6892,0.040246658572939006,0.0003680377719278614,0.05451640723592337,0.00032864781558797313,0.08856855468730201
tumor_2,tumor_2,IL27RA,6892,0.02921646427898546,0.000238075324271805,0.03632705726297826,0.00021845322734174384,0.0625512614750984
tumor_2,tumor_2,IL2RA,6892,0.02456373499901787,0.00022783124308629134,0.03435864620335298,0.00019474510270503227,0.04531444974147494
tumor_2,tumor_2,IL2RB,6892,0.015980995728813212,0.0001279808507882219,0.0186419222587952,0.00012057622475697535,0.03570875881125713
tumor_2,tumor_2,IL2RG,6892,0.16555806175117543,0.001581777671740359,0.24123659003085446,0.0013045221352125198,0.6685541832766295
tumor_2,tumor_2,IL32,6892,0.23591399604690574,0.0023805934358597756,0.3522051512303579,0.001973990455977412,0.9702492602211749
tumor_2,tumor_2,IL33,6892,0.031229014673441365,0.0002954555640621538,0.042639527009353875,0.0002620471959230117,0.05975002604159685
tumor_2,tumor_2,IL34,6892,0.08975274685732572,0.0007291854074475533,0.11384318476677016,0.0006360341974364137,0.18979232220467038
tumor_2,tumor_2,IL36G,6892,0.024343617529853166,0.00022257939361728225,0.03254228090173908,0.0001963809921044646,0.04930571528144033
tumor_2,tumor_2,IL3RA,6892,0.022652206509047066,0.0002325503582378209,0.03212957810837553,0.00020442296995795272,0.04759930702200714
tumor_2,tumor_2,IL4R,6892,0.0416784184091512,0.0004563370498192606,0.06485924406602246,0.00039225538221073983,0.10096526158813941
tumor_2,tumor_2,IL6,6892,0.026971655648101167,0.00022236718436581714,0.03462536070899615,0.00019931907774239297,0.0667767687700054
tumor_2,tumor_2,IL6R,6892,0.14256111110166825,0.0012243057974455841,0.19019252388718905,0.0010709542105770816,0.4282289016152639
tumor_2,tumor_2,IL6ST,6892,0.1410398050218667,0.001304682219418517,0.19818714366070667,0.0011436814586849088,0.5252470038911417
tumor_2,tumor_2,IL7,6892,0.020707371846183018,0.00021560670317118463,0.03135670737249348,0.00018846062540123082,0.04324957887126922
tumor_2,tumor_2,IL7R,6892,0.014354776017404595,0.0001486739247433084,0.0223625778528152,0.00014562013000274414,0.03882164144798846
tumor_2,tumor_2,INHA,6892,0.07588049090989404,0.0007676323469295599,0.11375340717041041,0.0006123629736580697,0.2241725508133546
tumor_2,tumor_2,INHBA,6892,0.029146023781132874,0.0003252991736805632,0.04629477965095509,0.000272571711351736,0.09061263247037893
tumor_2,tumor_2,INHBB,6892,0.030962677949104938,0.00034340530445387554,0.04786582236150923,0.0002719660103127686,0.06694635341742948
tumor_2,tumor_2,INS,6892,0.015027455194732708,0.0001849485672344517,0.02523460033548606,0.00015406885180863298,0.04395938291643421
tumor_2,tumor_2,INSIG1,6892,0.03408279122970674,0.0004819444548562141,0.06603890579281395,0.0004105083058430351,0.10346402671972206
tumor_2,tumor_2,INSR,6892,0.06749763919412981,0.0006501351406937687,0.09853560766067358,0.0005500524749948797,0.18970856614616796
tumor_2,tumor_2,IRF3,6892,0.08777991261571598,0.0008800141948489259,0.13017778990190806,0.0007509032936748588,0.2586773008013323
tumor_2,tumor_2,IRF4,6892,0.028481043369800625,0.00031302786442682196,0.04321476761881398,0.0002667044605297566,0.06694583372566237
tumor_2,tumor_2,ISG15,6892,0.08130630743460113,0.0007652346539399642,0.11712487327758962,0.0006444645531095929,0.21541241034249423
tumor_2,tumor_2,ITGA1,6892,0.06757908778908882,0.000585330649350978,0.08909174633653996,0.0005170137008496861,0.15150271895608916
tumor_2,tumor_2,ITGA2,6892,0.022528690462363766,0.0002532587573779632,0.0359273799033845,0.00020490679171633396,0.05621667104682569
tumor_2,tumor_2,ITGA3,6892,0.03870549055475264,0.00046959805230759337,0.06372058766135147,0.00037851009106984,0.12022721590146586
tumor_2,tumor_2,ITGA5,6892,0.0731929590406739,0.000912739578542683,0.12620778307065317,0.0007344655715551903,0.35441588531926527
tumor_2,tumor_2,ITGA6,6892,0.04689017706276004,0.0005728255705832973,0.08337231367523837,0.00046655166711676856,0.15353908229531926
tumor_2,tumor_2,ITGA8,6892,0.0182413188655411,0.00016652111883968122,0.024251503335130663,0.00014311039212124433,0.02802891495877416
tumor_2,tumor_2,ITGA9,6892,0.015225176857947897,0.00019286352910978147,0.02849367238258623,0.00016832023192819468,0.04425910130822143
tumor_2,tumor_2,ITGAE,6892,0.006857833049183866,8.61873492491705e-05,0.011795691298066843,7.739072384261924e-05,0.023492561387690285
tumor_2,tumor_2,ITGAL,6892,0.02418523983051136,0.00026222993961848144,0.036946795076839636,0.00022402050234815777,0.04329806180059234
tumor_2,tumor_2,ITGAM,6892,0.06402923752234446,0.0004839602221784991,0.07672589432044243,0.00043266341068555,0.10954224136271509
tumor_2,tumor_2,ITGAV,6892,0.15521997270348037,0.0013544911797193837,0.20741339373674314,0.0011619671591655046,0.4697707764075683
tumor_2,tumor_2,ITGAX,6892,0.03711583861452541,0.00036358474135517996,0.05292617593988132,0.00032897588585860957,0.11321402733742858
tumor_2,tumor_2,ITGB1,6892,0.12776629973287873,0.0014220844527714938,0.206832013149734,0.0011652496672796343,0.4768331728513999
tumor_2,tumor_2,ITGB2,6892,0.02851055494073975,0.0005149136210426933,0.06580200287224525,0.0004399565859743944,0.14257375986936566
tumor_2,tumor_2,ITGB4,6892,0.029036586851398316,0.0002600692144980073,0.03886182772569159,0.00022909141489665754,0.049825595599083186
tumor_2,tumor_2,ITGB5,6892,0.0918680225881395,0.0007995726348359831,0.12352105413717059,0.0006791469885958583,0.23814243694059992
tumor_2,tumor_2,ITGB6,6892,0.014921254616444774,9.335923664648013e-05,0.01678161412024534,8.531513497149778e-05,0.02152288439025377
tumor_2,tumor_2,ITGB8,6892,0.02988683570136364,0.0003012966429580185,0.04255684968754346,0.0002594077638296122,0.0797572075273204
tumor_2,tumor_2,ITK,6892,0.020040259586566883,0.00018913069733740516,0.027066723078342552,0.00016191442361006996,0.043729400596026945
tumor_2,tumor_2,ITM2A,6892,0.01654551646367334,0.0001973126096602247,0.027132743190962105,0.00016812678669242181,0.051142554965095365
tumor_2,tumor_2,ITM2B,6892,0.19410873386287036,0.0019629756225370523,0.2937264294373423,0.0017047981126343335,0.7329045705148534
tumor_2,tumor_2,JAG1,6892,0.0689219459266879,0.0005638027918109349,0.0895204663941652,0.0004936315302073124,0.15777221238889036
tumor_2,tumor_2,JAK1,6892,0.10929608145037917,0.0010513862964026085,0.15675075589654858,0.0008811672205549527,0.3099846874527389
tumor_2,tumor_2,JAK2,6892,0.020043698632284283,0.00017232025630805917,0.026317039785395336,0.00015741815722361454,0.03153037106712435
tumor_2,tumor_2,JCHAIN,6892,0.017004319921852636,0.0001968864035899754,0.02559358490362344,0.0001700853570689186,0.029627077056685203
tumor_2,tumor_2,JUN,6892,0.19171645875388593,0.0019207515338850543,0.28824414968704376,0.0016185645760595068,0.7968806458835922
tumor_2,tumor_2,JUNB,6892,0.059144525154217,0.0006254449504630366,0.08742929801094339,0.0005583329809525677,0.19514260994522095
tumor_2,tumor_2,KDR,6892,0.04454970892409438,0.0003406767326441017,0.055345869350328966,0.00029590701327486876,0.071546779051305
tumor_2,tumor_2,KIT,6892,0.0286852472426626,0.0003109235977540936,0.04346652513573155,0.00026422195752534935,0.06151233568060595
tumor_2,tumor_2,KITLG,6892,0.04622691234763446,0.0003862806162610208,0.05974370013955965,0.0003356402650998025,0.09725379986878088
tumor_2,tumor_2,KLF2,6892,0.02050435528852127,0.00019765947482610515,0.030095524540745267,0.0001808321828421983,0.05089369528583534
tumor_2,tumor_2,KLK3,6892,0.019669284585061213,0.0002730999637962057,0.0352767057258212,0.00021872013779576684,0.06119751624122518
tumor_2,tumor_2,KLRB1,6892,0.013280654376836464,0.00020928328056175308,0.02721465422506474,0.0001816192160031811,0.04055156052685717
tumor_2,tumor_2,KLRF1,6892,0.014643107713765,0.00015590199951509735,0.021337122563840266,0.00013492464322264767,0.0422029424520402
tumor_2,tumor_2,KLRK1,6892,0.019060596014220714,0.00013544418881415664,0.02357108275408022,0.00012972850978806776,0.03792683225603096
tumor_2,tumor_2,KRAS,6892,0.06139081111592274,0.0005206046338412335,0.0809459077157928,0.0004605449981969267,0.12711247213258156
tumor_2,tumor_2,KRT1,6892,0.024092180183650825,0.00024140119112203102,0.03441171011709388,0.00020717564840305413,0.05137738647823361
tumor_2,tumor_2,KRT10,6892,0.015920686764313956,0.00018610724003993855,0.02476187529949362,0.00016098237650502933,0.04520250602651854
tumor_2,tumor_2,KRT13,6892,0.013265269235117297,0.00011758510459075813,0.017547592862182985,9.554091871539685e-05,0.026439896379103083
tumor_2,tumor_2,KRT14,6892,0.01616934575510735,0.00021377644753153613,0.028012065568644808,0.00018807408657185373,0.046372731164699664
tumor_2,tumor_2,KRT15,6892,0.04712216050622988,0.0005594314164199288,0.0770460829429017,0.00047004810998188925,0.12131576430574671
tumor_2,tumor_2,KRT16,6892,0.07413516255375052,0.0006877678354149761,0.09729254422852585,0.0006038122188602223,0.15864997298713798
tumor_2,tumor_2,KRT17,6892,0.053858803767003915,0.0006700876565355041,0.09293209267507221,0.0005336927664220838,0.18907601956980397
tumor_2,tumor_2,KRT18,6892,0.21573699369934157,0.0018874534235502032,0.2893406092100066,0.0016059014933881017,0.7693459570641356
tumor_2,tumor_2,KRT19,6892,0.059110197743878753,0.0005996751382086368,0.08644377164576729,0.0005239400723742066,0.20844814223137917
tumor_2,tumor_2,KRT20,6892,0.04127163078369182,0.0005552563398195035,0.07710764601098853,0.0004557082495903672,0.15268902904250564
tumor_2,tumor_2,KRT23,6892,0.027857107639095723,0.00023271358747710733,0.03408345212481967,0.0002161899355883441,0.055568434259033496
tumor_2,tumor_2,KRT4,6892,0.01777444481647312,0.000173007294936255,0.02556998821460746,0.0001544331729467383,0.04404309363556451
tumor_2,tumor_2,KRT5,6892,0.025111442515169807,0.00023567876762651697,0.03421627305140227,0.0002093915277987304,0.04713365611581892
tumor_2,tumor_2,KRT6A,6892,0.0332970766439408,0.00033040955167046716,0.047123113120538504,0.0002807464550327133,0.09976963457163211
tumor_2,tumor_2,KRT7,6892,0.027141765314338106,0.00032389405415611153,0.045043171599717595,0.0002764268626455593,0.06675607022948768
tumor_2,tumor_2,KRT8,6892,0.2145473923461184,0.002126996861461918,0.32110990818392093,0.0018232488925294392,0.9338414719553695
tumor_2,tumor_2,KRT80,6892,0.023523613544229906,0.00025255329621302224,0.035930437235426785,0.00020798570510437142,0.053600289251850695
tumor_2,tumor_2,KRT86,6892,0.05495937352918155,0.00044119271070376345,0.06940832205474305,0.00037965903578347185,0.1159368629117709
tumor_2,tumor_2,LAG3,6892,0.017749561560595623,0.00024400010763329596,0.033134730561784766,0.00022387547148154343,0.06314133339818273
tumor_2,tumor_2,LAIR1,6892,0.03120261461806964,0.00025433778632066026,0.037960601531837224,0.00022833215794874697,0.05475038124287675
tumor_2,tumor_2,LAMA4,6892,0.02666902872206761,0.000258635043072792,0.03639240666790971,0.0002208361212485273,0.052841902320883885
tumor_2,tumor_2,LAMP2,6892,0.1439015882103112,0.0019091200405576673,0.27198107796276577,0.0015526213515721491,0.7312929346296924
tumor_2,tumor_2,LAMP3,6892,0.010724326396751253,0.00015297769851689599,0.01983895142202158,0.0001280659208960006,0.04240312067502745
tumor_2,tumor_2,LCN2,6892,0.03048802910565379,0.0003252652819401168,0.04663416757978387,0.0002698162349150456,0.08416151804079386
tumor_2,tumor_2,LDB2,6892,0.019542560872484134,0.00024259441950056328,0.03325837123113089,0.0002035525780518051,0.048222090409215254
tumor_2,tumor_2,LDHA,6892,0.12829074332200302,0.0015365020363073132,0.21958543602687977,0.0012403634022505263,0.6242185960949869
tumor_2,tumor_2,LDLR,6892,0.030955448150523958,0.000321679476241208,0.04510136600187858,0.00027561607083230797,0.08671954610589525
tumor_2,tumor_2,LEFTY1,6892,0.043285760534584015,0.0003468128531998989,0.05399895981363617,0.0003071240664326043,0.08086883120122193
tumor_2,tumor_2,LEP,6892,0.0252959538220622,0.000224244246317777,0.034572176037905425,0.00018279681067912682,0.052230337948263116
tumor_2,tumor_2,LGALS1,6892,0.042345994423485175,0.0017585956438008529,0.2276940369822741,0.0014382279707536823,0.6345409847366913
tumor_2,tumor_2,LGALS3,6892,0.09672220192996388,0.0014151295215980948,0.19476240232271463,0.0011665803764185755,0.5048516621922523
tumor_2,tumor_2,LGALS3BP,6892,0.16949244473241398,0.001694448194501293,0.25455513045203115,0.0014140995716605586,0.6446898643334517
tumor_2,tumor_2,LGALS9,6892,0.13525500565700263,0.0010130344031486819,0.16288975100457298,0.000896502248787458,0.2895800332576662
tumor_2,tumor_2,LGR5,6892,0.018734340663009892,0.00015998527053725383,0.024180699438689078,0.0001507499872038868,0.04011827487436805
tumor_2,tumor_2,LIF,6892,0.01080946741964575,8.300259195822264e-05,0.012865544120941657,8.070571858574085e-05,0.03098599190565381
tumor_2,tumor_2,LIFR,6892,0.019624299017493022,0.0002393897407640105,0.03474472903230866,0.00019084553471802526,0.058228724537143485
tumor_2,tumor_2,LINC01781,6892,0.016183329630144225,0.00019053807105890973,0.025013093470204712,0.00016267370452356788,0.04126618853212743
tumor_2,tumor_2,LINC01857,6892,0.028409755540075503,0.0002626504364407974,0.038795632743900965,0.0002183270109937706,0.0664434389029199
tumor_2,tumor_2,LINC02446,6892,0.020585297382027516,0.00020443708802570654,0.030139874091163255,0.00018004375325420848,0.0402800299807584
tumor_2,tumor_2,LMNA,6892,0.10975886026692068,0.0012302222444055624,0.1757216688782748,0.0010036243419952445,0.39774909962838007
tumor_2,tumor_2,LPAR5,6892,0.027190244693749054,0.0002781525489668657,0.03991022475286227,0.00024297576564870599,0.06431019845178478
tumor_2,tumor_2,LTB,6892,0.06197585073421054,0.0006107229714124259,0.08875741239844429,0.0005212021465007024,0.14438171627225452
tumor_2,tumor_2,LTBR,6892,0.08651818124297952,0.0007488926757717709,0.11707798406146348,0.0006473986387786157,0.22677628808562758
tumor_2,tumor_2,LTF,6892,0.009894074901996258,0.00013040053800869095,0.01604669912144665,0.0001121209318800804,0.0277058420719751
tumor_2,tumor_2,LUM,6892,0.035009092766412134,0.00031420678247894517,0.04738957693238725,0.0002866885820614908,0.06260698842715037
tumor_2,tumor_2,LY6D,6892,0.03269906647938363,0.00034933384708381445,0.048543106632876615,0.00028618997036743523,0.07240621268741919
tumor_2,tumor_2,LY75,6892,0.01919131023064472,0.00020769753728019143,0.029535493750943526,0.00018556140826630495,0.0671652497616624
tumor_2,tumor_2,LYN,6892,0.02061931617273957,0.0002362819877604579,0.03141682473235903,0.00020594846502467002,0.0583815156918024
tumor_2,tumor_2,LYVE1,6892,0.016084933187650412,0.0001493224785445456,0.02208631944162117,0.0001264870845945408,0.03246823129847347
tumor_2,tumor_2,LYZ,6892,0.04647660347278446,0.0004787090485762089,0.06946823982806781,0.0004653536545881118,0.2223157814452879
tumor_2,tumor_2,MAF,6892,0.14442614527031114,0.0016205406674478589,0.23489859983399594,0.0012366070476989568,0.5171067972624599
tumor_2,tumor_2,MALAT1,6892,0.16032018206765777,0.0024307051066416187,0.3417704968273373,0.0019848280983635045,1.4864515334580235
tumor_2,tumor_2,MAML2,6892,0.01953131208391044,0.0002819765171491282,0.037990981804513706,0.00023318499311723702,0.0515085371792822
tumor_2,tumor_2,MAP1LC3B,6892,0.11843593532623031,0.0012450078138973092,0.1798426447580128,0.0010264617220878288,0.36209650590676545
tumor_2,tumor_2,MAP2K1,6892,0.04282497675413481,0.0006225196509914944,0.0840131164066687,0.0004806991927544882,0.15671324221057056
tumor_2,tumor_2,MAPK13,6892,0.07640776391294084,0.0006438904094384966,0.10061432979628011,0.0005620387554487631,0.18451064093531017
tumor_2,tumor_2,MAPK14,6892,0.08479989125605217,0.0008575209888100963,0.1275267828106707,0.0007279301112513494,0.26718864189815567
tumor_2,tumor_2,MARCKSL1,6892,0.1863684336517346,0.001662231756223973,0.2579617208376156,0.0014094485979258492,0.5758545408654333
tumor_2,tumor_2,MARCO,6892,0.013927917624161606,0.00017420818738710228,0.026352505319283164,0.00012305734419597528,0.030751067709329838
tumor_2,tumor_2,MB,6892,0.009627010889738991,0.00039037295160795443,0.05110650694884909,0.00031796782914281224,0.11509728557869366
tumor_2,tumor_2,MECOM,6892,0.06494706050706059,0.0005464784006662623,0.08504802828350062,0.0004890058862986277,0.14587912153469723
tumor_2,tumor_2,MEG3,6892,0.019723850657272373,0.0002569092827865765,0.035074425320573706,0.00019702168329974716,0.06527342592940574
tumor_2,tumor_2,MERTK,6892,0.06610329556068756,0.0004827357515710638,0.07958641360408193,0.00042926942704746675,0.11226653418067845
tumor_2,tumor_2,MET,6892,0.025936740050749075,0.00034373161797993855,0.046521329576243095,0.0002758956321928717,0.09645635071240186
tumor_2,tumor_2,MFAP5,6892,0.022917544984120068,0.0002037984386922107,0.029207742039782592,0.00017544466336941983,0.04314323862138584
tumor_2,tumor_2,MGP,6892,0.031125279789865103,0.00044759480444883415,0.05919164134370832,0.0004010728562668414,0.12883775037136208
tumor_2,tumor_2,MIF,6892,0.16906248474599295,0.002315479673033737,0.33161471508730106,0.0018896582382717313,0.8508160409752439
tumor_2,tumor_2,MIR4435.2HG,6892,0.03334700921386209,0.0003136186225889097,0.048154038130755694,0.0002702798420031901,0.08076455634185689
tumor_2,tumor_2,MKI67,6892,0.031052660423708522,0.00022642463840394643,0.036794230692130225,0.0002014159740718411,0.031897176190561156
tumor_2,tumor_2,MMP1,6892,0.036942930725604464,0.00036685869011745853,0.05421286838030762,0.00028625068153993836,0.09694989753776193
tumor_2,tumor_2,MMP12,6892,0.025513362298843635,0.000245824870448393,0.033943314329177535,0.00023914730549727843,0.0617264600737751
tumor_2,tumor_2,MMP14,6892,0.11765597796911353,0.0009871918505464348,0.15129808714699533,0.0008694780024580314,0.27351812185291463
tumor_2,tumor_2,MMP19,6892,0.02759054792928442,0.0002148988760377229,0.0341648207308651,0.00019214090555977537,0.05673263863106999
tumor_2,tumor_2,MMP2,6892,0.021822980537176028,0.0002447575238729239,0.033434149577378044,0.000206048950826907,0.05875827717791171
tumor_2,tumor_2,MMP7,6892,0.02429118977501992,0.00042504411954544144,0.05487195368825719,0.0003604205630312283,0.11477439864779719
tumor_2,tumor_2,MMP9,6892,0.02592569212216394,0.00028540482598991476,0.03715974238212126,0.0002653880962462582,0.06781893578720147
tumor_2,tumor_2,MPO,6892,0.03271970719831995,0.0003167855357678728,0.045435686366501776,0.00025703844303017696,0.06463291529531968
tumor_2,tumor_2,MRC1,6892,0.026344655175559284,0.00023224240425130985,0.03428126157957896,0.00020925812129435136,0.05759762805417251
tumor_2,tumor_2,MRC2,6892,0.03475794375817888,0.00028806743361710883,0.04391101464314048,0.00024999508337370115,0.06901620564752427
tumor_2,tumor_2,MS4A1,6892,0.011021592610951316,0.00019309266732732712,0.02523558311305186,0.00015793200353922222,0.046555944964857855
tumor_2,tumor_2,MS4A4A,6892,0.02382325977425524,0.00018384915801385133,0.026813672087580943,0.00018008069635005972,0.04325653526379141
tumor_2,tumor_2,MS4A6A,6892,0.041801421122043866,0.0003363629344320638,0.050671794244374166,0.000296360919976164,0.07965960209681114
tumor_2,tumor_2,MSMB,6892,0.017747011921734474,0.00016693283553787617,0.025550984101341868,0.00013924870189255167,0.04287008693550689
tumor_2,tumor_2,MSR1,6892,0.03792590921209407,0.0003551080344036056,0.05084253727054163,0.0003281586275461796,0.12148439484884128
tumor_2,tumor_2,MST1R,6892,0.03229977185427126,0.00034798756395836277,0.04967517104454974,0.00029168990722167764,0.07273392655603625
tumor_2,tumor_2,MT1X,6892,0.03836984494217259,0.000771796568585851,0.09561051984390032,0.000700636305813682,0.3251257264005004
tumor_2,tumor_2,MT2A,6892,0.08283209365990404,0.0019037997212328322,0.2373002980125217,0.0016801400171591947,0.8576055850876866
tumor_2,tumor_2,MTOR,6892,0.06333669137346946,0.0005859831293687762,0.08775867181216614,0.0004945650433417099,0.14297346003939002
tumor_2,tumor_2,MX1,6892,0.06510761710350281,0.0006367004014884712,0.0961147527523648,0.0005519318503490786,0.17770542994395164
tumor_2,tumor_2,MXRA8,6892,0.033951789454556465,0.0003429489161837231,0.04962885765333401,0.00028057077966463104,0.0759032823305169
tumor_2,tumor_2,MYC,6892,0.020467401574837674,0.00024113363316192232,0.03415667306694234,0.00019667563446082754,0.044196910732990854
tumor_2,tumor_2,MYH11,6892,0.0165727596728102,0.00020567083279912553,0.02630953848752768,0.00018389607204462267,0.031087153415732947
tumor_2,tumor_2,MYH6,6892,0.014311087642166898,9.677773486817487e-05,0.016106235135642046,9.401836533967042e-05,0.029079237712678514
tumor_2,tumor_2,MYL12A,6892,0.19030967595369744,0.0017774159359983473,0.2697373468342096,0.0014759866188309887,0.6459358977840315
tumor_2,tumor_2,MYL4,6892,0.027398779852428213,0.0003587420657338838,0.048086893923761184,0.0003001122077530937,0.07983259494458776
tumor_2,tumor_2,MYL7,6892,0.026408904082359647,0.00018444465404209262,0.030380525208633442,0.0001733463654720218,0.03163764079304419
tumor_2,tumor_2,MYL9,6892,0.17384535492505543,0.0016294004740229175,0.24242761214238065,0.0013805508063687716,0.583720294695756
tumor_2,tumor_2,MZB1,6892,0.02545047092717141,0.0002269171851138872,0.03205213667318123,0.00020362449946137258,0.05504535747711727
tumor_2,tumor_2,MZT2A,6892,0.1522336404185766,0.00156470083253316,0.23547325018116066,0.0012879514680934718,0.5390111976255507
tumor_2,tumor_2,NACA,6892,0.15887420138258226,0.0015624256865514287,0.23394129194245736,0.0013127307471145224,0.5330683805192598
tumor_2,tumor_2,NANOG,6892,0.04970763984857342,0.00039341255398559155,0.062259614045552816,0.0003417023154514638,0.08997976604201666
tumor_2,tumor_2,NCAM1,6892,0.03851757686471948,0.0003300176052967341,0.05067475758044582,0.00029626475228746796,0.08460812468346805
tumor_2,tumor_2,NCR1,6892,0.00780261358253234,9.914127506155611e-05,0.013782747357286993,8.527424333254854e-05,0.03183715571007542
tumor_2,tumor_2,NDRG1,6892,0.11277431236977746,0.0021805908782010163,0.3096855775645784,0.0017114661173997796,0.9571680972155014
tumor_2,tumor_2,NDUFA4L2,6892,-0.007987600430379741,0.0012171729366685477,0.1733332249007036,0.001127159891887781,0.7928257307764508
tumor_2,tumor_2,NEAT1,6892,0.1758590321880303,0.002201841154030785,0.3251368196553578,0.0018370330051235247,1.337169347425452
tumor_2,tumor_2,NELL2,6892,0.011395761908534146,0.00010031436208307757,0.013785332369007867,9.850056740356692e-05,0.02801767777711711
tumor_2,tumor_2,NFKB1,6892,0.0675390153050772,0.0005912486465953794,0.0907258878100271,0.0005047545485855246,0.14541907542887297
tumor_2,tumor_2,NFKBIA,6892,0.13479621173385303,0.0013785272585517532,0.21024600001134722,0.0011052017470714111,0.487698627560587
tumor_2,tumor_2,NGFR,6892,0.02405635056845861,0.0002796311712104593,0.03863795499995165,0.00023674144120835924,0.06304852220920938
tumor_2,tumor_2,NKG7,6892,0.022105419421819855,0.00025173060470507896,0.03477000435558864,0.00021834645200669383,0.062421286441324234
tumor_2,tumor_2,NLRC4,6892,0.02067356375442008,0.00020484719384522608,0.02902759593851741,0.00018333116627766767,0.052798110263905074
tumor_2,tumor_2,NLRC5,6892,0.05477061479797789,0.0005194477692927062,0.07679755060515012,0.0004294833114003896,0.11178602399163255
tumor_2,tumor_2,NLRP1,6892,0.024891561936874654,0.00022720801680407946,0.03414883222895795,0.00020469248754663007,0.05021578127932097
tumor_2,tumor_2,NLRP2,6892,0.024434236687486715,0.0002462959922196561,0.03508422810189589,0.00021710795372934698,0.04592339960648954
tumor_2,tumor_2,NLRP3,6892,0.02990078953982861,0.00022485061429128314,0.035712929038645494,0.0002060701694371114,0.05887175346962227
tumor_2,tumor_2,NOD2,6892,0.0433892877415975,0.0004260261277932161,0.06090521843608272,0.00034809069780684704,0.09640538220667486
tumor_2,tumor_2,NOSIP,6892,0.0879096295579782,0.0006992824995588909,0.11176264957031339,0.0006116998741085272,0.18370375720220972
tumor_2,tumor_2,NOTCH1,6892,0.07499524566990302,0.0006434460272821283,0.09819258580198355,0.0005661462831555888,0.17191810480088435
tumor_2,tumor_2,NOTCH2,6892,0.05226730935905806,0.00047754422261550567,0.07453636443377562,0.00039943499067960785,0.1265858767917313
tumor_2,tumor_2,NOTCH3,6892,0.020286123020205812,0.0002162278853041121,0.02966623955584081,0.00018439499921692258,0.04860127704795157
tumor_2,tumor_2,NPPC,6892,0.03566450827427983,0.00036081254610393916,0.05156003799086194,0.00030898004400133495,0.09830510344536555
tumor_2,tumor_2,NPR1,6892,0.013750476974253967,0.0002198651024223732,0.030184330881759203,0.00017852617102360866,0.05418523673231697
tumor_2,tumor_2,NPR2,6892,0.0371440274968813,0.0003971956719493891,0.056706765244826526,0.0003374660762352426,0.10165226705999367
tumor_2,tumor_2,NPR3,6892,0.0326596036980667,0.0003081569983960824,0.045021002338247865,0.00026424105894137437,0.06717446438131715
tumor_2,tumor_2,NR1H2,6892,0.09932741209970289,0.0009686234328478737,0.14356326655863372,0.000796331014826813,0.28932506326911334
tumor_2,tumor_2,NR1H3,6892,0.061463608733115925,0.000519587244854777,0.08012302456682686,0.00045814852116343323,0.12245716457088429
tumor_2,tumor_2,NR2F2,6892,0.08140962384622252,0.0006854819665518788,0.10952033085326404,0.0005758550682204704,0.19810615239779453
tumor_2,tumor_2,NR3C1,6892,0.10097029435350244,0.0009533617932713312,0.14615143229991676,0.0007725075109687612,0.2799727045875254
tumor_2,tumor_2,NRG1,6892,0.024524224826138256,0.00020988088662604598,0.03140930009305718,0.0001827220405231502,0.04010030040399256
tumor_2,tumor_2,NRXN1,6892,0.021452007439145326,0.00020252084126456908,0.03212655387056405,0.00016024373831073887,0.04886887016748036
tumor_2,tumor_2,NRXN3,6892,0.039521235389714963,0.00042936438532836503,0.0611902157581334,0.00034465530958426575,0.07975239449180167
tumor_2,tumor_2,NTRK2,6892,0.009402194058439343,0.00015357195244016197,0.01925806834848108,0.00013675312819536433,0.035898195971533
tumor_2,tumor_2,NUPR1,6892,0.16205766095130666,0.0022657574561551802,0.3258305895860613,0.0017472055856265858,1.0011450389463448
tumor_2,tumor_2,NUSAP1,6892,0.09723586145926535,0.000676905730734863,0.1147087011003604,0.0006194728880330018,0.16763755794340413
tumor_2,tumor_2,OAS1,6892,0.045169493358420645,0.0004742446566937855,0.06866401479146009,0.000413748193191263,0.12226471412452364
tumor_2,tumor_2,OAS2,6892,0.036300720349567696,0.00030422010282947406,0.046848081422548635,0.000275165448954293,0.08404568728783306
tumor_2,tumor_2,OAS3,6892,0.045127215804570006,0.00037558030479882396,0.057920679587436255,0.0003414569694689161,0.07669649440408763
tumor_2,tumor_2,OASL,6892,0.03723392719639389,0.00028623683668402484,0.04754206096793747,0.0002424751942529835,0.08069606761283929
tumor_2,tumor_2,OLFM4,6892,0.025924711936741018,0.0002400541834987033,0.033612886010207024,0.00020902367093070788,0.05088548150681761
tumor_2,tumor_2,OLR1,6892,0.012904751632240715,0.00014580553664910378,0.018544143340294965,0.00013466648798745112,0.0323044469344211
tumor_2,tumor_2,OSM,6892,0.02628078355583094,0.0002732208572955414,0.03765103293859005,0.00023017268309313534,0.056059089129534244
tumor_2,tumor_2,OSMR,6892,0.02684351856730018,0.0006659141462003943,0.08346135619571309,0.0005406618999035545,0.18160013477578427
tumor_2,tumor_2,P2RX5,6892,0.018759140860855804,0.00017527920600334698,0.024723064768124314,0.00015330664222170125,0.030622432735952713
tumor_2,tumor_2,PARP1,6892,0.10511422577619205,0.0009172413881259258,0.14083361428554503,0.0007940926609648794,0.24546747801200786
tumor_2,tumor_2,PCNA,6892,0.1067638937059846,0.0007754978690890475,0.12597974803792208,0.0007019359714459502,0.20279947201822762
tumor_2,tumor_2,PDCD1,6892,0.02541008261426985,0.00021516559145322986,0.034565577081156526,0.00019312600637729757,0.056588709098041125
tumor_2,tumor_2,PDCD1LG2,6892,0.015128250943401691,0.00020978518730745696,0.027098870210109566,0.00017403910931544533,0.04978221081401687
tumor_2,tumor_2,PDGFA,6892,0.08326675186387547,0.0008068080106338814,0.12200989124682507,0.0006580114417985533,0.2328260675361497
tumor_2,tumor_2,PDGFB,6892,0.01838391726763997,0.00019477077187308745,0.026777996547357734,0.0001679713551707987,0.04461790097536987
tumor_2,tumor_2,PDGFC,6892,0.03045921898882099,0.00031092523024292063,0.04384837528740424,0.0002727673733950956,0.07109820565530786
tumor_2,tumor_2,PDGFD,6892,0.004245765621677145,6.195367392266582e-05,0.007834658932045655,4.9643731463418195e-05,0.021673708448732454
tumor_2,tumor_2,PDGFRA,6892,0.020523357190437956,0.0002226455495594754,0.0313174310096732,0.0001881770003293418,0.057079894473591394
tumor_2,tumor_2,PDGFRB,6892,0.03013432059434739,0.0003029586222808948,0.04424372386002591,0.0002524042886494795,0.06821182774378032
tumor_2,tumor_2,PDS5A,6892,0.12864445995154167,0.001112339297720546,0.17492063577626482,0.0009433944600368097,0.3312571453119416
tumor_2,tumor_2,PECAM1,6892,0.03629107570678321,0.00034644919306460573,0.04935271622877355,0.00030809916997278497,0.07866394818772957
tumor_2,tumor_2,PF4,6892,0.02455634010375439,0.00030098957426896353,0.0419555479652117,0.00025359280811610503,0.07916068152681838
tumor_2,tumor_2,PFN1,6892,0.22552792679267322,0.001829382925462235,0.28480524715572014,0.0015958638506600202,0.6381590256003304
tumor_2,tumor_2,PGF,6892,0.028557695876939404,0.0003577258741602629,0.05149637876413341,0.00028570890496885297,0.09010885572194818
tumor_2,tumor_2,PGK1,6892,0.09449546974556639,0.0022166310680069995,0.31262066596066307,0.0018225051560835082,0.8908935988716408
tumor_2,tumor_2,PGR,6892,0.011196983970503862,0.0001537700463148259,0.020803889731816554,0.00012579667931018274,0.03210717452989351
tumor_2,tumor_2,PHLDA2,6892,0.10727020071365925,0.0008429503961205637,0.1324883609892583,0.000739867029743303,0.26161182019926793
tumor_2,tumor_2,PIGR,6892,0.1127017723268046,0.0007098093978333991,0.12629552005378836,0.0006593824325313,0.28286671381360257
tumor_2,tumor_2,PLAC8,6892,0.02461049288286925,0.00033298423399900575,0.04389906427443458,0.0002763273720215792,0.09044075228249895
tumor_2,tumor_2,PLAC9,6892,0.025739204949809878,0.0002993850223895218,0.04178513624300387,0.00025825178329069823,0.07050382294643223
tumor_2,tumor_2,PLCG1,6892,0.07959173592745293,0.0008837128732461977,0.12944606570794517,0.0007378494153734117,0.2519912379846213
tumor_2,tumor_2,PLD3,6892,0.12026441097104797,0.0013728384583429616,0.19879017965949194,0.0011276382235302397,0.4388385781206553
tumor_2,tumor_2,PNOC,6892,0.023890954513414654,0.00020929721749401816,0.03133067982626708,0.0001877647460660376,0.05427157150261912
tumor_2,tumor_2,POU5F1,6892,0.12480823681945197,0.0013028331984899497,0.19398536780129932,0.001097622141742015,0.5623551275046632
tumor_2,tumor_2,PPARA,6892,0.1099906413797884,0.0008966721067413294,0.14185176647433145,0.0007919804733867959,0.28813222237901837
tumor_2,tumor_2,PPARD,6892,0.0550234079687244,0.0006824681004973193,0.09792025339063207,0.000523239750559927,0.18995617616231036
tumor_2,tumor_2,PPARG,6892,0.019345405222837248,0.00020572116643661882,0.028288412711367412,0.00017645714813822373,0.04240313029757804
tumor_2,tumor_2,PPIA,6892,0.21961943960945365,0.002313012833306172,0.3373584174240539,0.001919722084343442,0.7878561077442346
tumor_2,tumor_2,PRF1,6892,0.011985678601608943,0.00020921312799581355,0.027184903951717444,0.00020195680935349277,0.04774788183437091
tumor_2,tumor_2,PROX1,6892,0.1587029752151006,0.0015283485913515007,0.23470749460456397,0.0012698382094414584,0.5826291250003335
tumor_2,tumor_2,PRSS2,6892,0.08580256745422468,0.0005971992951205113,0.10124860987449913,0.0005236135480861696,0.165270242135666
tumor_2,tumor_2,PRTN3,6892,0.020089595319227018,0.0002465350213793727,0.03240751307304988,0.00020463632135723017,0.04606863863193002
tumor_2,tumor_2,PSAP,6892,0.19162197858872848,0.0021247362389741303,0.3034700703559615,0.0017711211367321322,0.8031350034685971
tumor_2,tumor_2,PSCA,6892,0.01964826587746644,0.000242776602836385,0.031962159329094804,0.0002064319723514918,0.05045526364014378
tumor_2,tumor_2,PSD3,6892,0.03836668905014528,0.0003047388753697224,0.047348136634733994,0.0002753363840702542,0.09836767527276165
tumor_2,tumor_2,PTEN,6892,0.01227024631108278,0.00015292706435447934,0.02019600384064382,0.00013020344718168254,0.036698372224594204
tumor_2,tumor_2,PTGDR2,6892,0.01674443108658833,0.00018227517909523867,0.025323824108309623,0.00015163667018462004,0.050561662092623895
tumor_2,tumor_2,PTGDS,6892,0.12446314302875508,0.0010096887859583508,0.1530121023556534,0.0008927683184570848,0.27272389893818605
tumor_2,tumor_2,PTGES,6892,0.032214439944937084,0.00047127995199663437,0.06234480822781826,0.0003820880245411038,0.11035757633992507
tumor_2,tumor_2,PTGES2,6892,0.0453776854230118,0.00039811660627116994,0.06041704686704506,0.0003440313095198995,0.10107180975897785
tumor_2,tumor_2,PTGES3,6892,0.15885323910990587,0.0013392362742596221,0.21300725277782312,0.0011529269834691027,0.4746757185799876
tumor_2,tumor_2,PTGIS,6892,0.02804137071366495,0.00031916889749634145,0.043345933638781184,0.00027018773234606885,0.0805200932857226
tumor_2,tumor_2,PTGS1,6892,0.025541100694267675,0.0003154321440285956,0.04639470870606601,0.00024312331617649206,0.0898917804095225
tumor_2,tumor_2,PTGS2,6892,0.013178272411517488,0.00014140562997290118,0.019132819151880413,0.00012637229583554974,0.03925337364219116
tumor_2,tumor_2,PTK2,6892,0.06091332253748327,0.0006360496040293536,0.09572717219212301,0.0005281346278714684,0.1827233966437123
tumor_2,tumor_2,PTK6,6892,0.04173622625875619,0.0003822169439997743,0.05709017587574853,0.0003116332149415929,0.09801661488559846
tumor_2,tumor_2,PTPRC,6892,0.025503312515895056,0.00020057819049581444,0.03115496599051143,0.00018088188789858038,0.05352583593433726
tumor_2,tumor_2,PTPRCAP,6892,0.030785867352229424,0.00035897385218752953,0.048895212578521294,0.0003122321871051041,0.09245608335611885
tumor_2,tumor_2,PTTG1,6892,0.08136739436660267,0.0006235045771442068,0.10008525902170792,0.0005585323528343307,0.12914264362267436
tumor_2,tumor_2,PXDN,6892,0.027667010418767485,0.0002703158281132504,0.03895331477458268,0.0002399275949072123,0.06137447695736705
tumor_2,tumor_2,QRFPR,6892,0.04176424820772283,0.000422454250103038,0.059695021684178284,0.00034519543295589354,0.09697006284273088
tumor_2,tumor_2,RAC1,6892,0.15288757171893458,0.0016297781376928896,0.24042886002279779,0.001344154447743549,0.5759651401316594
tumor_2,tumor_2,RAC2,6892,0.058997305833993485,0.0005896422652733994,0.08569032876369627,0.0005205056918370412,0.15392029220407832
tumor_2,tumor_2,RACK1,6892,0.1487407787619872,0.001586153790159724,0.2321179187404872,0.0013206340990112757,0.5302592959566763
tumor_2,tumor_2,RAG1,6892,0.015518986458892303,0.0001618729275793902,0.022433228869095455,0.00013531897053273696,0.03627982170720236
tumor_2,tumor_2,RAMP1,6892,0.15206321123923924,0.0015448946953311475,0.23637914531857468,0.001316364643249528,0.5904618428925108
tumor_2,tumor_2,RAMP2,6892,0.026169070096235685,0.00025700639319677283,0.036935001732624775,0.0002190075910163124,0.04531438969498089
tumor_2,tumor_2,RAMP3,6892,0.029380353850294156,0.0002554977595154476,0.038992300824731374,0.0002132653323323336,0.051401086329074454
tumor_2,tumor_2,RARA,6892,0.1324863995619181,0.0010368360220328295,0.16694520662011156,0.0008999836991686287,0.3344099989320383
tumor_2,tumor_2,RARB,6892,0.025295987467373948,0.00022684953379401625,0.033803112860482556,0.00018834443845721022,0.0449613672509069
tumor_2,tumor_2,RARG,6892,0.032575624151405615,0.00023095777253606255,0.038129131798200024,0.00021435438732161238,0.0657604819533054
tumor_2,tumor_2,RARRES1,6892,0.03472044821348889,0.0003328958645096267,0.04876094849422645,0.0002975761687311303,0.0822993463309263
tumor_2,tumor_2,RARRES2,6892,0.17772792507460566,0.0017421214959590957,0.26649181559935664,0.0014921784830010298,0.7452634334020595
tumor_2,tumor_2,RB1,6892,0.025163760946837088,0.00026861891471828867,0.03685586113139211,0.00022750115354947523,0.059489481103675766
tumor_2,tumor_2,RBM47,6892,0.16001261989067828,0.0017335877570741223,0.26277677464983745,0.0014192779694805926,0.6530536145878417
tumor_2,tumor_2,RBPJ,6892,0.05461560932921274,0.0006397780448112419,0.09101903716360883,0.0005119210075390187,0.18191904925177355
tumor_2,tumor_2,REG1A,6892,0.12511779782047427,0.001190476850920257,0.18054166999671206,0.0010548658896970637,0.7397195822622336
tumor_2,tumor_2,RELA,6892,0.061220602978664676,0.0006601672145615748,0.09556523005596189,0.000529193339334328,0.19087939837518011
tumor_2,tumor_2,RELT,6892,0.03506912090754795,0.00043318697792129983,0.05802715756551774,0.00036110944438335854,0.08811240388849509
tumor_2,tumor_2,RGCC,6892,0.028846581218544193,0.000257500497236447,0.038695383480603,0.00023816031649402433,0.07296076542422084
tumor_2,tumor_2,RGS1,6892,0.039126417875839634,0.00039985321014581875,0.05875703290458099,0.000372398783927652,0.12445248830493202
tumor_2,tumor_2,RGS13,6892,0.01457197550128555,0.0001452637734685437,0.01998332674824268,0.00012835522386947065,0.03165340727893981
tumor_2,tumor_2,RGS2,6892,0.09537744981504856,0.000984136791336999,0.14897111084061399,0.0008403898822934042,0.4102544536262446
tumor_2,tumor_2,RGS5,6892,0.014684458398362877,0.0002628800861979222,0.032244421791183114,0.00023371685867947737,0.05911585327150404
tumor_2,tumor_2,RNF43,6892,0.040148418876230316,0.00033979134647430165,0.05253130330021606,0.00029342694290083917,0.07323709451126069
tumor_2,tumor_2,ROR1,6892,0.04015604553140702,0.00035640365217511083,0.052552961134832855,0.0003219376402139532,0.09113346466200717
tumor_2,tumor_2,RORA,6892,0.07358619773001543,0.0007312705671119252,0.10664102536606161,0.0005999873978325855,0.20209103126797015
tumor_2,tumor_2,RPL21,6892,0.16858690739863347,0.0019063598822043313,0.2769727703321453,0.0015647787625178884,0.6362540903038025
tumor_2,tumor_2,RPL22,6892,0.14514173493136556,0.001482080800019255,0.22092271915646955,0.0012513068673566628,0.5039812511725354
tumor_2,tumor_2,RPL32,6892,0.13072376405371347,0.0014666323385219846,0.21188621068492508,0.001254082324700412,0.4758186828018133
tumor_2,tumor_2,RPL34,6892,0.15692381526860266,0.0018220592322441616,0.2667922724424837,0.0015142308741233088,0.6955288089706662
tumor_2,tumor_2,RPL37,6892,0.19801962960344424,0.0019338501469619315,0.2916318495218165,0.001622313600762804,0.7380553653826007
tumor_2,tumor_2,RPS4Y1,6892,0.010887890692012606,0.00016303784455108696,0.019942950839150424,0.00016282920311425534,0.033540759099858625
tumor_2,tumor_2,RSPO3,6892,0.016441348876311695,0.00012541824863188415,0.01934829727269264,0.00011451484930520668,0.02461440720306229
tumor_2,tumor_2,RUNX3,6892,0.02254435529538338,0.0002997858964575338,0.04109168227719283,0.00025883911355140343,0.07129121462870189
tumor_2,tumor_2,RXRA,6892,0.08126341897199844,0.0008190485917389014,0.1239164424881645,0.0006530513879123275,0.24083844021624481
tumor_2,tumor_2,RXRB,6892,0.08142875087554488,0.0006822745672370118,0.10631080971394562,0.0005984311166010385,0.19018081339273146
tumor_2,tumor_2,RYK,6892,0.06595876918439723,0.0006253913556891989,0.09440546670565905,0.0005272299419538845,0.16201187620611165
tumor_2,tumor_2,RYR2,6892,0.03309794821056472,0.00036440821946163814,0.05179947093321045,0.0003025703155120245,0.09186112620583839
tumor_2,tumor_2,S100A10,6892,0.14738851214996343,0.0020284693413838576,0.2983903940981367,0.0016579666739307969,0.8514842694814326
tumor_2,tumor_2,S100A2,6892,0.033651044357146956,0.0003543523504033326,0.05148957591690069,0.000288530572278536,0.08877124570434933
tumor_2,tumor_2,S100A4,6892,0.04035775976924975,0.0005267887481747293,0.06707670364083773,0.0004950901298399038,0.15184171001531918
tumor_2,tumor_2,S100A6,6892,0.24122599296688546,0.002491904490024614,0.35640296822538664,0.002147152912579726,1.0688678500468924
tumor_2,tumor_2,S100A8,6892,0.026725487520592277,0.0001537396765005846,0.029009040084700982,0.000146323015278499,0.030728111527172985
tumor_2,tumor_2,S100A9,6892,0.10842607635458756,0.0008442762326297681,0.13107260457130318,0.0007626418749018194,0.20391873320117485
tumor_2,tumor_2,S100B,6892,0.020879309037630703,0.00022085471153554707,0.030877068223946154,0.00018384966777652075,0.049482027990284075
tumor_2,tumor_2,S100P,6892,0.030616426762413433,0.0002952294597400273,0.042361680318526294,0.0002576639960272203,0.06757072526499419
tumor_2,tumor_2,SAA1,6892,0.08130557417601468,0.0007986268717448641,0.11485918908149169,0.0006465552462901742,0.18348797958530796
tumor_2,tumor_2,SAT1,6892,0.0736086162537765,0.001162528191337541,0.15697423004896208,0.0009243911777919843,0.3585447911750062
tumor_2,tumor_2,SCG5,6892,0.03149209118900498,0.0002744447004228692,0.04085204203259684,0.00024141866715085499,0.06362085447133278
tumor_2,tumor_2,SCGB3A1,6892,0.024824206168518482,0.0002406310875063689,0.034648977521995056,0.00019858672531901286,0.04362710189337236
tumor_2,tumor_2,SEC23A,6892,0.09725564494422295,0.0007606803805233391,0.12015689589777498,0.0006716525868143713,0.23104330549454347
tumor_2,tumor_2,SEC61G,6892,0.11080678256132759,0.0011847903210061923,0.17536180766092074,0.0009720238849165231,0.3751823462729201
tumor_2,tumor_2,SELENOP,6892,0.18973264984748134,0.001635019201744571,0.2588637057799647,0.0014144304952789031,0.6636771358866467
tumor_2,tumor_2,SELL,6892,0.014719351310214299,0.00021492970369262364,0.028564160692143924,0.00017804405474847743,0.03861145674930012
tumor_2,tumor_2,SELPLG,6892,0.021147569861322223,0.00027097505810078586,0.03859871552001876,0.00023731997892538208,0.07108787438237991
tumor_2,tumor_2,SERPINA1,6892,0.15599732851264733,0.002349915116617952,0.3201833431544653,0.001884404053339051,1.1601400883487072
tumor_2,tumor_2,SERPINA3,6892,0.10320589607262587,0.0019350061104291306,0.24725898232616944,0.0015906396472325742,0.9628041644364609
tumor_2,tumor_2,SERPINB5,6892,0.02420901606752344,0.00015365863645772906,0.02620903393664482,0.00014826369941275564,0.0411128155561298
tumor_2,tumor_2,SERPINH1,6892,0.15485922492246262,0.0012710382796605056,0.1986305311951517,0.0011091083127240968,0.41809504628771144
tumor_2,tumor_2,SFN,6892,0.09264653254429675,0.0009527553028148875,0.13956282129511913,0.0007997877158428289,0.3251575021375984
tumor_2,tumor_2,SH3BGRL3,6892,0.19021163766681948,0.001818261844417982,0.2676690081907185,0.0015480351236857098,0.6321789961543629
tumor_2,tumor_2,SIGIRR,6892,0.04093720871858943,0.00035436440459064384,0.05342072177088094,0.00031771681381232477,0.08462524087903259
tumor_2,tumor_2,SLA,6892,0.028605927878845368,0.0002925736183733163,0.041604081438613806,0.0002582262019125492,0.07169069262534142
tumor_2,tumor_2,SLC2A1,6892,0.023335463000461187,0.0008969616845826827,0.11720683734362795,0.0007211204185081785,0.36870954017947116
tumor_2,tumor_2,SLC40A1,6892,0.05657419161005561,0.0005562080596758011,0.08188572334799536,0.00048291703087536376,0.15820925773354128
tumor_2,tumor_2,SLCO2B1,6892,0.0667812087979585,0.0005633995253955226,0.08544766727377658,0.0005142424614655115,0.16556610587573578
tumor_2,tumor_2,SLPI,6892,0.10565352688982133,0.000883854993492884,0.13567390428161172,0.0007634713170660987,0.22310540361749892
tumor_2,tumor_2,SMAD2,6892,0.0833820019796214,0.0007505997754073928,0.11283543928365806,0.0006405313761097827,0.19795866740638962
tumor_2,tumor_2,SMAD3,6892,0.04504104678553393,0.0004278037912102547,0.06294933508778097,0.0003465205979576426,0.10131855371814195
tumor_2,tumor_2,SMAD4,6892,0.06794920488400141,0.0005414055795303667,0.0873963442265942,0.0004707256194520284,0.15020227684260398
tumor_2,tumor_2,SMARCB1,6892,0.06792035316636282,0.0006215177399627693,0.09287383666163926,0.0005528338702320897,0.1719201694251735
tumor_2,tumor_2,SMO,6892,0.06107361901807423,0.0005314882309806217,0.08095870261188397,0.0004658146042860628,0.12328103883119848
tumor_2,tumor_2,SNAI1,6892,0.10183567104429854,0.0009821060997165566,0.14318508996480306,0.0008253214749661462,0.2632623632989691
tumor_2,tumor_2,SNAI2,6892,0.0814001778436128,0.0006409235004930772,0.10228903106260678,0.0005498239123404798,0.17006300987053882
tumor_2,tumor_2,SOD1,6892,0.22096021790596593,0.0018096222627432368,0.2859900642580445,0.0015749565610511447,0.6507109250804974
tumor_2,tumor_2,SOD2,6892,0.25442858373495475,0.0024456787411271815,0.3618996686697519,0.002056961496430737,1.0779136796695403
tumor_2,tumor_2,SORBS1,6892,0.0374958280670428,0.00036646026898004384,0.0533068819533119,0.0003079932012393764,0.07968078206429285
tumor_2,tumor_2,SOSTDC1,6892,0.030018527419154988,0.0002828773884251525,0.041455994544494564,0.0002445978379835142,0.0488538188402267
tumor_2,tumor_2,SOX2,6892,0.011012012389049614,0.00016370671098391511,0.021661793754205814,0.00013127411565134214,0.03182700245238738
tumor_2,tumor_2,SOX4,6892,0.13254941013145455,0.001980242984697354,0.27944224477703433,0.0015442449860330139,0.7629140461071786
tumor_2,tumor_2,SOX9,6892,0.19591722243244677,0.0018763621327609278,0.28372182799319423,0.0015270400247488444,0.6905800047221503
tumor_2,tumor_2,SPARCL1,6892,0.0489841679584622,0.0005445632952912053,0.07526680366187484,0.0004562132223003131,0.1458661621026487
tumor_2,tumor_2,SPINK1,6892,0.038769452087040635,0.0004406763519941692,0.07034987370484658,0.00036409882964935603,0.2125505612221478
tumor_2,tumor_2,SPOCK2,6892,0.02332404513418506,0.0002475645463071835,0.0347492840719959,0.0002223269543971734,0.06385633564407975
tumor_2,tumor_2,SPP1,6892,0.12963045291682068,0.0017848819866866945,0.23555237283863698,0.0017304626247669067,1.1927862700131104
tumor_2,tumor_2,SPRY2,6892,0.028707436043731282,0.00035985775781430935,0.051637454157277884,0.00028839018146732963,0.0954662546330769
tumor_2,tumor_2,SPRY4,6892,0.032927593203847694,0.00024321400019195475,0.04040528066087816,0.0002086028622056742,0.05182029124409354
tumor_2,tumor_2,SQLE,6892,0.0562444338720474,0.0005171236515030446,0.07913561402797754,0.0004388211600289558,0.11295875667810322
tumor_2,tumor_2,SQSTM1,6892,0.24635248622990544,0.0021012149605993883,0.3280436962805645,0.0018027718877165109,0.8334843864336579
tumor_2,tumor_2,SRC,6892,0.06257295741078575,0.0005844269127673433,0.08565638664060175,0.0005015744720586034,0.13545369330390486
tumor_2,tumor_2,SREBF1,6892,0.025997645287635048,0.0002645636685132301,0.038401384907315185,0.00024287145595831215,0.056874860232952705
tumor_2,tumor_2,SRGN,6892,0.042793847111279974,0.0003458239407620522,0.055871203899427055,0.0003274872676705773,0.1342591740813951
tumor_2,tumor_2,SRSF2,6892,0.2153957596259247,0.0015819496029859056,0.26068739429166515,0.0014091582754552508,0.5787355529362211
tumor_2,tumor_2,SST,6892,0.022434720111653008,0.0002557199136080621,0.03653444882484452,0.00021124685052623904,0.052689149098075906
tumor_2,tumor_2,ST6GAL1,6892,0.08877208384961426,0.0006966053306109033,0.11246689991383352,0.0005970256644593061,0.17686992304054283
tumor_2,tumor_2,ST6GALNAC3,6892,0.026347821004489014,0.0002275026362241344,0.03368437578238831,0.00021508910454146282,0.05208955569220129
tumor_2,tumor_2,STAT1,6892,0.1385291005280712,0.0010425453777738495,0.17006911796050656,0.0009163946836913683,0.32619222284574223
tumor_2,tumor_2,STAT3,6892,0.12765695516537476,0.001231029261494809,0.18568991821002376,0.001031677283684416,0.39392756442481486
tumor_2,tumor_2,STAT4,6892,0.022805760277611394,0.00022219017822206285,0.03212577882184995,0.000196303120878605,0.040493203098269724
tumor_2,tumor_2,STAT5A,6892,0.04458850779737796,0.0005454618099016886,0.07566957808264141,0.0004501217074728774,0.10346562054557604
tumor_2,tumor_2,STAT5B,6892,0.040990706855859295,0.0003690059823661175,0.05530639474598546,0.00033012206659599724,0.09674783601769296
tumor_2,tumor_2,STAT6,6892,0.0636348663740148,0.0006237128567810485,0.09313042075465797,0.0005343403102376596,0.16783280219381627
tumor_2,tumor_2,STMN1,6892,0.23386587959282354,0.0016503809575863584,0.280029292314249,0.0014721220578195308,0.6305725641331913
tumor_2,tumor_2,SYK,6892,0.03410357652638525,0.000273356267114945,0.042889747685426874,0.00024620529440229436,0.061858100023254134
tumor_2,tumor_2,TACSTD2,6892,0.019741285677152796,0.0002035207246625774,0.030164084993616325,0.00016116237499824704,0.05114282704644979
tumor_2,tumor_2,TAGLN,6892,0.02301351350692419,0.00031263431742939283,0.03785791588133418,0.0002939775351153022,0.0743677418106552
tumor_2,tumor_2,TAP1,6892,0.08370784131210138,0.0007312869904228108,0.11239423133994486,0.000637661768289171,0.21981327423390412
tumor_2,tumor_2,TAP2,6892,0.076949966426515,0.0005811708895730356,0.09408940939917551,0.000514797742194746,0.14834043315114812
tumor_2,tumor_2,TBX21,6892,0.014878010602578201,0.00010481063171558488,0.01687470978127011,0.00010382734904323952,0.026502342978199277
tumor_2,tumor_2,TCAP,6892,0.06398179447894578,0.0005414596391545561,0.08391025465613397,0.0004783932411619923,0.15430154617535724
tumor_2,tumor_2,TCF7,6892,0.019617461456278868,0.00021872012872038954,0.03100782012938804,0.0001935650321895145,0.06010146376566202
tumor_2,tumor_2,TCL1A,6892,0.02159901331903146,0.00020670265126545719,0.02865466283079187,0.000182071516346699,0.046009525600953616
tumor_2,tumor_2,TEK,6892,0.011074114969216158,0.00013237618763675772,0.017121265607677107,0.00011794225801549607,0.02699888710126807
tumor_2,tumor_2,TFEB,6892,0.05603475481303094,0.000519720346580462,0.07655997238058686,0.000457217249807688,0.12482540320329542
tumor_2,tumor_2,TGFB1,6892,0.024353105902619923,0.000472166883799072,0.062210860975612084,0.0003794297609375873,0.11589395987718329
tumor_2,tumor_2,TGFB2,6892,0.025626008064814187,0.00020534238394095996,0.03163609864831823,0.00018689898321420763,0.04364751526465435
tumor_2,tumor_2,TGFB3,6892,0.033141596320445214,0.00031166199007611085,0.04559087603474852,0.0002682933987835687,0.06932670423520185
tumor_2,tumor_2,TGFBI,6892,0.04170226682154464,0.00036330227249045606,0.05315841363915712,0.00033743163648194036,0.07276720317527827
tumor_2,tumor_2,TGFBR1,6892,0.024453081680570952,0.0003383105908551463,0.0460025842357762,0.0002680807075908939,0.08217317415105703
tumor_2,tumor_2,TGFBR2,6892,0.056973972281325426,0.0005579405393925439,0.08103709858842194,0.0004860924956485933,0.15090595236914223
tumor_2,tumor_2,THBS1,6892,0.04847422689383901,0.000504703233173376,0.07199243315638384,0.00044475031525455553,0.11676266854117504
tumor_2,tumor_2,THBS2,6892,0.022391673325178836,0.0002161456017213818,0.03170696528078756,0.00019633959553887813,0.047501798636759685
tumor_2,tumor_2,THSD4,6892,0.04869754142537378,0.0004338417447001635,0.06514224560061892,0.00038547114553812373,0.10256118269480112
tumor_2,tumor_2,TIE1,6892,0.031182888942839306,0.00030014164730309494,0.04379307665898358,0.00025491056206135146,0.07283565528701405
tumor_2,tumor_2,TIGIT,6892,0.01302748716122012,0.00021457753853755055,0.027587139037236662,0.00018355421933969576,0.055528380020524626
tumor_2,tumor_2,TIMP1,6892,0.20955330170380213,0.0019980780194879017,0.29496952667159426,0.0017261193081435208,0.7577666805217933
tumor_2,tumor_2,TLR1,6892,0.017233019866721162,0.00022381494861816993,0.03160571380684858,0.00018529892197608136,0.05478598053435809
tumor_2,tumor_2,TLR2,6892,0.05154491346501067,0.00042006404215508405,0.06369598748272386,0.00037609889400647053,0.0924124851681337
tumor_2,tumor_2,TLR3,6892,0.022368064863840794,0.00027309396375785805,0.03849367268534309,0.0002152561513359207,0.05341022031854118
tumor_2,tumor_2,TLR4,6892,0.02527775147756009,0.00023659390863601113,0.03584965249785404,0.0002056285180178782,0.05780060852297978
tumor_2,tumor_2,TLR5,6892,0.03760389805712561,0.0003518271858681483,0.050922920072705415,0.00030705687752526523,0.09665999472428267
tumor_2,tumor_2,TLR7,6892,0.019689131307281074,0.0002590011720161555,0.03403867101902169,0.0002103891124383435,0.04689258342732584
tumor_2,tumor_2,TLR8,6892,0.006754549292418338,0.00014573560170795448,0.018518741489282647,0.00011917709471400255,0.029097715713436435
tumor_2,tumor_2,TM4SF1,6892,0.12222004366955637,0.0011974926043704693,0.17751496422824245,0.0009960929285957737,0.4015901007374558
tumor_2,tumor_2,TNF,6892,0.023283435976864077,0.00019475064872551362,0.029729596119537814,0.00016576924529560573,0.0464746061436731
tumor_2,tumor_2,TNFAIP6,6892,0.033441036528525564,0.00026589123564360167,0.041221044242984194,0.00023799114610445455,0.05921136983357239
tumor_2,tumor_2,TNFRSF10A,6892,0.011293931584616067,0.00012063977233573041,0.016378877808983658,0.00010780663068257568,0.020852731400777445
tumor_2,tumor_2,TNFRSF10B,6892,0.037384466754363924,0.00038190111867735606,0.055135613698115024,0.0003227751990588111,0.08072032704300602
tumor_2,tumor_2,TNFRSF10D,6892,0.02140016076000282,0.00018124811658269972,0.028128113723330274,0.00016615950622853845,0.0516496117971338
tumor_2,tumor_2,TNFRSF11A,6892,0.02365396202903228,0.00034899750812721015,0.047564226087197355,0.0002687114242094801,0.08969505131948816
tumor_2,tumor_2,TNFRSF11B,6892,0.05428737606192456,0.0005352183305785421,0.0776183291200956,0.0004429394569976684,0.11918134042212099
tumor_2,tumor_2,TNFRSF12A,6892,0.10285651824097633,0.0010179440149887533,0.14756247923245683,0.0008179428531372624,0.35349007455680115
tumor_2,tumor_2,TNFRSF13B,6892,0.013801280817814773,0.00015581252570649498,0.022085146661831614,0.0001293909183287437,0.03338437631624541
tumor_2,tumor_2,TNFRSF14,6892,0.11528019341189513,0.0012651163385093197,0.18316252602630353,0.0010248858791117898,0.4282260340192715
tumor_2,tumor_2,TNFRSF17,6892,0.01481593325032809,0.0001295209759833837,0.01871127078053717,0.00011553936032980852,0.03227704680991806
tumor_2,tumor_2,TNFRSF18,6892,0.030183812894250872,0.0002977788507643754,0.04333844077342324,0.0002499436328926429,0.06698961054368864
tumor_2,tumor_2,TNFRSF19,6892,0.011344338028415502,0.00012806575672138967,0.01670548744398065,0.00011376002828411918,0.02135187682680781
tumor_2,tumor_2,TNFRSF1A,6892,0.10907134835821,0.0011134496145407504,0.1644733306596967,0.0009183449277432336,0.38752281219103224
tumor_2,tumor_2,TNFRSF1B,6892,0.026444285221449766,0.0002440830855136651,0.03676965162328277,0.00021709230958057225,0.061890691212689176
tumor_2,tumor_2,TNFRSF21,6892,0.062324061571932286,0.0007374137601416708,0.10319331562964358,0.0006139170046739428,0.21885368038550185
tumor_2,tumor_2,TNFRSF4,6892,0.02287024389747022,0.0002055554527629095,0.030611526207145447,0.0001835565841831896,0.048775220419135214
tumor_2,tumor_2,TNFRSF9,6892,0.015385073874554112,0.0001468946526131769,0.022732034277324134,0.00011631851848918886,0.036112873184110265
tumor_2,tumor_2,TNFSF10,6892,0.03591906718583534,0.0005064647720252481,0.07113770880090214,0.00042317915058082026,0.13074032904515445
tumor_2,tumor_2,TNFSF12,6892,0.028424315630091818,0.0002822236864146635,0.043103985317947055,0.0002312116064614699,0.06639425635089757
tumor_2,tumor_2,TNFSF13B,6892,0.03023366970481709,0.0002362296744181889,0.03677514522433447,0.00020745382567034817,0.05971097201123382
tumor_2,tumor_2,TNFSF14,6892,0.030354021544334735,0.00020620043444400795,0.03510680942874817,0.00018581357543546656,0.06297610508706883
tumor_2,tumor_2,TNFSF15,6892,0.01686134950694446,0.00020181457445995316,0.02659942803405646,0.00017008788437860824,0.04674371091131212
tumor_2,tumor_2,TNFSF4,6892,0.0314571116426911,0.00032034280789439753,0.04675849099195974,0.0002688965649060078,0.0720333085543717
tumor_2,tumor_2,TNFSF8,6892,0.019731046839412333,0.00019319689192311666,0.02656626301472742,0.00017275415380238254,0.05500269223400113
tumor_2,tumor_2,TNFSF9,6892,0.015138340242929088,0.00020128891601062465,0.02763428215155398,0.00016514129029758493,0.04107556164571867
tumor_2,tumor_2,TNNC1,6892,0.035297692163000924,0.00035700798976740514,0.05195362220713691,0.00029774671888626816,0.06419869615964603
tumor_2,tumor_2,TNNT2,6892,0.01566289256119293,0.00020352392585716055,0.02597342052805609,0.00016961108787666787,0.04876143862324411
tumor_2,tumor_2,TNXB,6892,0.022589853093354005,0.0006637683557907536,0.08685860667888236,0.0005573061401942062,0.2388304489591237
tumor_2,tumor_2,TOP2A,6892,0.10755743907769419,0.0007780772362555728,0.13084386865185704,0.000699744688556927,0.20711350493472405
tumor_2,tumor_2,TOX,6892,0.04115078026458277,0.00036800639731050024,0.05575122471861769,0.00033695814605492585,0.08972321593978229
tumor_2,tumor_2,TP53,6892,0.012676675044036906,0.00020596815605307807,0.026213697837833238,0.00017816027602242547,0.03667450822201634
tumor_2,tumor_2,TPI1,6892,0.16448418060112235,0.00183763565928927,0.2645544485319287,0.0015634481718971751,0.6804115946831653
tumor_2,tumor_2,TPM1,6892,0.14753494132939862,0.0016965715098286708,0.24946773204932476,0.0014166272535502452,0.6753454716880728
tumor_2,tumor_2,TPM2,6892,0.11786432371933438,0.0009617229141936274,0.1472603503243189,0.0008585661966389367,0.29471071170472507
tumor_2,tumor_2,TPSAB1,6892,0.034257428486884456,0.0004232045973234457,0.05609362030519931,0.0003537022029746339,0.09825558678195336
tumor_2,tumor_2,TPT1,6892,0.12219276295689589,0.001481443404785727,0.2142938095495525,0.0012634188078766507,0.5957709285995336
tumor_2,tumor_2,TSC22D1,6892,0.08191022752420421,0.0009173790650074208,0.13220150521937465,0.0007451629122922963,0.2597376731577143
tumor_2,tumor_2,TSHZ2,6892,0.05534355995862746,0.0005449057980826936,0.07686603137425423,0.00047295770952289056,0.13452811654359503
tumor_2,tumor_2,TTN,6892,0.08616553152480567,0.0006158163159509692,0.10049284555686036,0.0005592099002187712,0.19604799753554217
tumor_2,tumor_2,TTR,6892,0.19316190553328277,0.0015931458502354127,0.24770058546564205,0.0013210877976991494,0.5920116667835671
tumor_2,tumor_2,TUBB,6892,0.25037119543443104,0.002046178261469833,0.3251633923877251,0.0017493201966952952,0.8526574188483893
tumor_2,tumor_2,TUBB4B,6892,0.200732366376931,0.001489283760049377,0.25136744317909987,0.0013069821401650453,0.5954300639539643
tumor_2,tumor_2,TWIST1,6892,0.032428240643812715,0.0003343899664067448,0.04789387329642145,0.0002782671814249995,0.06579387012712844
tumor_2,tumor_2,TWIST2,6892,0.04256013701857704,0.00034771384504871697,0.054234964472676284,0.00030883859017901875,0.07421444767748223
tumor_2,tumor_2,TXK,6892,0.02418764383943986,0.00023829242785057035,0.03548853737869674,0.00019695083889145016,0.053553151073339765
tumor_2,tumor_2,TYK2,6892,0.05458895872885959,0.0005040090390122899,0.07656941266624485,0.0004221819178035983,0.10417816461460867
tumor_2,tumor_2,TYMS,6892,0.12284816672254702,0.0009525891169485893,0.15376201855502233,0.000834289962295421,0.25706779170193755
tumor_2,tumor_2,TYROBP,6892,0.04140158624274633,0.00040472478421124035,0.056588944227055515,0.0003554370825024872,0.10553983441694967
tumor_2,tumor_2,UBA52,6892,0.146223353348387,0.0014588827344739444,0.21792973315551906,0.0012414982108690559,0.48033795420891623
tumor_2,tumor_2,UBE2C,6892,0.10953665003096047,0.0008722406488277527,0.1396074121421675,0.0007789024275397512,0.2490001575504838
tumor_2,tumor_2,UPK3A,6892,0.012517415405736476,0.00010563324960981449,0.015712546107972184,0.0001021199062304378,0.027335191649125214
tumor_2,tumor_2,VCAM1,6892,0.05023210482254033,0.0003874349557325097,0.061257899643107926,0.00034100295533978945,0.09323206564684089
tumor_2,tumor_2,VCAN,6892,0.010190516258031832,0.00010771116071282536,0.014455194439806824,0.000101302594782731,0.020430947693761643
tumor_2,tumor_2,VEGFA,6892,0.05664812942867633,0.0018569370730717007,0.25823157524012486,0.0015663563757349344,1.0107110980679268
tumor_2,tumor_2,VEGFB,6892,0.08710938481502105,0.0011622360979444356,0.16392962983479692,0.0009389691018692295,0.37956523625892824
tumor_2,tumor_2,VEGFC,6892,0.0069792979297558415,0.00012679305589045501,0.015661275933590707,0.00010277990342940149,0.03368092726002268
tumor_2,tumor_2,VEGFD,6892,0.04096115752262751,0.00038906219020255767,0.05748936326123527,0.0003159376637493795,0.0857522433822888
tumor_2,tumor_2,VHL,6892,0.11177526124454014,0.0010137664310721356,0.15268554245373794,0.0008676817198520392,0.28453903311386186
tumor_2,tumor_2,VIM,6892,0.03905546011733463,0.0006953708236592637,0.08593182924319247,0.0006883821854073255,0.2644772035288053
tumor_2,tumor_2,VPREB3,6892,0.02322391401581089,0.00029873470203562304,0.0396710096554735,0.0002484688623785317,0.06029943191901459
tumor_2,tumor_2,VSIR,6892,0.04004772596478244,0.0004535748056997589,0.06285121093907632,0.0003808711845039732,0.1116207531347457
tumor_2,tumor_2,VTN,6892,0.22256102168168254,0.0018067608301838957,0.28993617067609717,0.0014655499112749145,0.9565301449767023
tumor_2,tumor_2,VWA1,6892,0.051580843954842734,0.0007854946393211037,0.10460238691008024,0.0006629736294919173,0.25266445523828945
tumor_2,tumor_2,VWF,6892,0.023578780565021135,0.0002511604589595859,0.03422509545798982,0.00022625783574485816,0.05595062560177823
tumor_2,tumor_2,WIF1,6892,0.021360499840970267,0.00021795763002310222,0.029362350751176148,0.00017930755253100562,0.04384036589800598
tumor_2,tumor_2,WNT10B,6892,0.024415228675507133,0.00023210218974570193,0.032620200424336734,0.0001968622415049696,0.051110314887167885
tumor_2,tumor_2,WNT11,6892,0.013618221890342919,0.00014493864239166127,0.01983206453199379,0.0001297470068546374,0.0454771426277636
tumor_2,tumor_2,WNT3,6892,0.049646082899338084,0.00047659022317589485,0.07067141888395073,0.0003864996238375418,0.10824508095800085
tumor_2,tumor_2,WNT5A,6892,0.016791374718188513,0.00016131943071299909,0.021759756409799064,0.00015154045239385933,0.03575102082955622
tumor_2,tumor_2,WNT5B,6892,0.0342532453963666,0.0003554773056913305,0.050997055168260905,0.0003109629404245078,0.07921931669059809
tumor_2,tumor_2,WNT7A,6892,0.016278121476475144,0.00018782215751229602,0.026162470824428952,0.0001549333709700969,0.0392248094413994
tumor_2,tumor_2,WNT7B,6892,0.029398398975640627,0.0002886228159067165,0.041185707762770925,0.00024652261716760364,0.0817674765236236
tumor_2,tumor_2,WNT9A,6892,0.037520305659120345,0.0004950995439354877,0.06986590620877305,0.00040228931963082345,0.11470698481097319
tumor_2,tumor_2,XBP1,6892,0.12709931280516365,0.0011579442234436787,0.17886521517853424,0.0009688886850508096,0.3689617529748813
tumor_2,tumor_2,XCL1,6892,0.06687757645907164,0.0005976718249057537,0.0935001368561432,0.0005061412809016906,0.17431976207427685
tumor_2,tumor_2,XKR4,6892,0.0167200291070714,0.0001678943579403414,0.024556383650336217,0.00013486260804305853,0.027903711454562007
tumor_2,tumor_2,YBX3,6892,0.1138080082316891,0.001802593837424855,0.2494725934065202,0.0014424076479827971,0.649146262972238
tumor_2,tumor_2,YES1,6892,0.04442584955689849,0.000352752312622492,0.05475554815930926,0.0003096012309048997,0.0996595775209931
tumor_2,tumor_2,ZBTB16,6892,0.12800471255658719,0.001450385982783805,0.21462271409088968,0.0012026036985822457,0.579870314061723
tumor_2,tumor_2,ZFP36,6892,0.10804235456202334,0.0014290566996763693,0.2005803342757612,0.001206531061499124,0.5303557260241811
tumor_2,random,AATK,6892,0.011807419232255496,0.00044255198597060834,0.029483146404291304,0.00037197812143089536,0.07491785756051436
tumor_2,random,ABL1,6892,0.018930034528151847,0.0006888916860119319,0.04766381531818681,0.0006066158427492101,0.14153604113473855
tumor_2,random,ABL2,6892,0.011316539689586878,0.0003888139884322066,0.031337482751463606,0.0003629934581470632,0.09824919874440038
tumor_2,random,ACACB,6892,0.02194660192639829,0.0008335585219336312,0.0594470982791697,0.0007056871307214553,0.18419652220639077
tumor_2,random,ACE,6892,0.017616684253903746,0.0006095150164963255,0.044778355077766875,0.0005249485287231543,0.12397542355257682
tumor_2,random,ACKR1,6892,0.008160490232348999,0.0003129958019993631,0.02066898540777732,0.0002601403631123063,0.06464307138337952
tumor_2,random,ACKR3,6892,0.010603228513866522,0.0003737520795469433,0.026884998109727314,0.0003195547386944594,0.08796992694064934
tumor_2,random,ACKR4,6892,0.01169057791007794,0.0004342587443402748,0.028855170758313526,0.00034048955562493677,0.0872534693953214
tumor_2,random,ACP5,6892,0.01744369038896072,0.0006155792484633041,0.04777457137240526,0.0005975884359657705,0.15323345223424073
tumor_2,random,ACTA2,6892,0.004327854505602002,0.0001946104190043483,0.015530679539907874,0.0001707369184263926,0.051555047663946085
tumor_2,random,ACTG2,6892,0.00507271955134612,0.00017769611442614014,0.012970230637850088,0.00016218735728391821,0.034169981839807725
tumor_2,random,ACVR1,6892,0.017250071519582293,0.000644813422489897,0.04468548627956341,0.0005801472890987521,0.14495230841947165
tumor_2,random,ACVR1B,6892,0.024098760057178564,0.00090616678154398,0.06280882239392545,0.0008133680577116004,0.1939837736871935
tumor_2,random,ACVR2A,6892,0.011600091888283358,0.0004409312950413569,0.03231205558577294,0.00038712926137232813,0.0903042847275217
tumor_2,random,ACVRL1,6892,0.017349177211728725,0.0006375474426262892,0.04487018890555779,0.0005463861483172947,0.13497396237140552
tumor_2,random,ADGRA2,6892,0.008211296581035102,0.00029005625002155567,0.023268371261264402,0.0002880492824907958,0.06531762586620468
tumor_2,random,ADGRA3,6892,0.01125126058684129,0.00040269313214612605,0.030644922002404606,0.00036406313714170123,0.07709344478208599
tumor_2,random,ADGRE2,6892,0.006788191886930075,0.00025964863510636726,0.01908397023802276,0.00021212347217989573,0.05506453135631414
tumor_2,random,ADGRE5,6892,0.016387234698198368,0.0006172798381916945,0.041726049124325384,0.0005155201267039783,0.1137785811870707
tumor_2,random,ADGRF1,6892,0.008062185484765165,0.0002973724139862163,0.020663881851281825,0.0002552095258721514,0.06444864890299813
tumor_2,random,ADGRF3,6892,0.007421678003985586,0.00025308952183364613,0.01980151984251055,0.0002492735444531399,0.06075522030600333
tumor_2,random,ADGRF5,6892,0.006414113468471623,0.00024283341823423088,0.017863665485173007,0.0002087681748034991,0.052065005929486555
tumor_2,random,ADGRG1,6892,0.017330896607408268,0.0006798030904842011,0.04476392497389631,0.0005604844950119821,0.1494979453271315
tumor_2,random,ADGRG3,6892,0.011137716307282369,0.0004087224106786289,0.02875642068171279,0.00036739930767782215,0.08151172667685891
tumor_2,random,ADGRG5,6892,0.00517553782045411,0.0001828699822326535,0.013543062588538882,0.00014857292187598871,0.03586149265890684
tumor_2,random,ADGRG6,6892,0.01045945327781958,0.00036364835660477365,0.028379213527705494,0.0003297548293865627,0.08039868734566032
tumor_2,random,ADGRL1,6892,0.006650232227195652,0.00025080269501460674,0.017710122895432185,0.00020241486933095452,0.04894265729179676
tumor_2,random,ADGRL2,6892,0.008082235955621872,0.00027317970983206153,0.02087767692300363,0.00023863735886315158,0.05123082447843498
tumor_2,random,ADGRL4,6892,0.0041118791905173395,0.00016426846929063445,0.011199223377477828,0.0001369155403006319,0.03287434051624216
tumor_2,random,ADGRV1,6892,0.0025967532622334037,0.00011277810700095402,0.007375345898356131,0.00010122678850648922,0.024715885618185128
tumor_2,random,ADIPOQ,6892,0.0024636189995854616,9.775235600295622e-05,0.005966885371884473,9.528463251174562e-05,0.03137544479500679
tumor_2,random,ADIRF,6892,0.03906530345237673,0.001230856469071611,0.10354921175204801,0.0012584134063877582,0.3342361172614631
tumor_2,random,ADM2,6892,0.008665210046768686,0.00033700437246670544,0.021115100288356087,0.0002666829007296239,0.06663804145823411
tumor_2,random,AGR2,6892,0.005190032539057891,0.00020508986614489806,0.012446071453894111,0.00018204080915610707,0.0397060539609497
tumor_2,random,AHI1,6892,0.010589444593218865,0.00039508098179771254,0.028439400861044083,0.00035997507254090423,0.07647960336037883
tumor_2,random,AHR,6892,0.014376400347948518,0.000512722696803062,0.037575039785949636,0.00045740604886060327,0.09413007732564854
tumor_2,random,AIF1,6892,0.008932971885499857,0.0003398416400937697,0.02365396205942661,0.00026334042733433993,0.0632691098799959
tumor_2,random,AKT1,6892,0.033822120938049746,0.001143401744089505,0.09207907568149419,0.0010842558367297045,0.24941074382075956
tumor_2,random,ALCAM,6892,0.0055020867539753516,0.0002149956838340039,0.014983983912604665,0.00019481497263676008,0.04146797240331619
tumor_2,random,ALOX5AP,6892,0.007699850787399461,0.0002927287292531896,0.021517276299470905,0.0002651705862749307,0.07054387588935887
tumor_2,random,ANGPT1,6892,0.007821245067963702,0.00030009614502423976,0.019377442296349523,0.0002583940064393777,0.05102996040211218
tumor_2,random,ANGPT2,6892,0.004240591649289848,0.00018430939531332714,0.011870052847885313,0.0001494842997394423,0.03394775709226236
tumor_2,random,ANGPTL1,6892,0.009531122763888197,0.00034862972975480594,0.02452988418692629,0.00029208792798654856,0.08036121322858035
tumor_2,random,ANKRD1,6892,0.008542627301659663,0.00031291114793784933,0.022398955149831333,0.00027562816850385273,0.05493744917586
tumor_2,random,ANXA1,6892,0.009996107728174577,0.0003629916253839207,0.0257135095470166,0.00029428122483241275,0.0931120247745789
tumor_2,random,ANXA2,6892,0.07396276703254913,0.002311924805974781,0.20273570701220728,0.0024717673743712767,0.7711025762788853
tumor_2,random,ANXA4,6892,0.0523968511274559,0.0017783510791446458,0.1446018096281716,0.0017447773536185336,0.4490908648327448
tumor_2,random,APOA1,6892,0.04027694262038793,0.0016956358292949609,0.1418857895451351,0.0014944240429495357,0.7619185542707962
tumor_2,random,APOC1,6892,0.06267491214618398,0.002653961105706825,0.20913479062850202,0.0023790493323158123,0.8766621624254546
tumor_2,random,APOD,6892,0.007098341458303436,0.0002835444326766577,0.01675394333541127,0.00023802839232308116,0.053849729801724845
tumor_2,random,APOE,6892,0.07867397208161894,0.0028259448317938867,0.2406632136965135,0.0027278840019055724,1.0415824860419798
tumor_2,random,APP,6892,0.05104046765884067,0.0015621539490890514,0.13460637476980078,0.0016538576322261715,0.47457587061057704
tumor_2,random,AQP3,6892,0.02402326410565497,0.0008087938239380729,0.06442265536844757,0.00073316666599352,0.23638684315962788
tumor_2,random,AR,6892,0.03622294597118797,0.0012648197731196967,0.10017226139848075,0.001208994678535835,0.29018446921618235
tumor_2,random,AREG,6892,0.009704229868683602,0.00035383843155178593,0.023846738975256188,0.0003193210841501453,0.06725258265605522
tumor_2,random,ARF1,6892,0.052904942995615656,0.0018012252694446435,0.14595265132500732,0.0017656021251385534,0.4610174838880575
tumor_2,random,ARG1,6892,0.000919288918123274,0.00011826026386297645,0.007741079027679366,6.108513188663034e-05,0.02475125842533305
tumor_2,random,ARHGDIB,6892,0.010702530958365975,0.0003680718675692593,0.031550838158709696,0.0002973500007842183,0.08223553956016871
tumor_2,random,ARID5B,6892,0.01107592836522159,0.00041849128160326995,0.03008263006953869,0.0003672467730679525,0.08183739631949546
tumor_2,random,ATF3,6892,0.007159404839603614,0.000295942050149509,0.018559732125296127,0.0002561077321082774,0.05851657475140656
tumor_2,random,ATG10,6892,0.012547745399231359,0.0004747808999139559,0.032504406213638,0.0004063678011705922,0.08507525603421774
tumor_2,random,ATG12,6892,0.012262176791083304,0.00045419365445072986,0.03168503920847925,0.0004105695573404647,0.08730396981504254
tumor_2,random,ATG5,6892,0.017934955933871254,0.0006786038170176988,0.04933703061781318,0.0005974787438038562,0.1300814426358273
tumor_2,random,ATM,6892,0.012365159935975211,0.000491445694992688,0.032196045283661115,0.0004166647192442768,0.0924123861151825
tumor_2,random,ATP5F1B,6892,0.03544873566157549,0.0011549357137327749,0.09982855615956851,0.0011499312647048792,0.2998974934064823
tumor_2,random,ATP5F1E,6892,0.055547581643015584,0.0019345178544200395,0.16319261320023562,0.0019607605380481345,0.5394327166782485
tumor_2,random,ATR,6892,0.015970798076340713,0.0006263326014054393,0.04223778914769401,0.0005252715225321923,0.1263679261114072
tumor_2,random,AXL,6892,0.009273440419527088,0.0003468300820086278,0.02466047853053057,0.00030126244328978753,0.059529312809521784
tumor_2,random,AZGP1,6892,0.012770530724942844,0.0005124868628403372,0.03917131262370053,0.0003471735264303332,0.09348462840548447
tumor_2,random,AZU1,6892,0.006751071831803457,0.0002944876767801352,0.0180255549970007,0.0002355402137417561,0.050026450320452574
tumor_2,random,B2M,6892,0.07925018103438139,0.0024658284842419497,0.2320446496017794,0.002752762689492241,0.8769506255154077
tumor_2,random,B3GNT7,6892,0.00938854943074446,0.00032177203842107574,0.024091568186466197,0.00026602176341048345,0.07753798733613973
tumor_2,random,BAG3,6892,0.020577077359529735,0.0006988994136216333,0.052966341147014415,0.0006505798235092872,0.14089464289662867
tumor_2,random,BASP1,6892,0.009266960106179814,0.0003554013287320753,0.024059243407438265,0.0002974134375987149,0.0807431177185439
tumor_2,random,BAX,6892,0.028516451854897134,0.0010461159967624818,0.07625050150027993,0.0009303843106163714,0.20066821940255344
tumor_2,random,BBLN,6892,0.027590040060517483,0.0010004812635931168,0.07013706174323436,0.0008557718239709392,0.17961553002865024
tumor_2,random,BCL2,6892,0.012065251832674467,0.00044012594770389825,0.031043869445473778,0.0003839804651747962,0.08410455416802237
tumor_2,random,BCL2L1,6892,0.03387956469034904,0.001212115141085911,0.09013524190809208,0.0011215466552979433,0.2796647685533919
tumor_2,random,BECN1,6892,0.016103805741862768,0.0005958242690838826,0.0434125291278588,0.000537935397774818,0.11912089520721167
tumor_2,random,BEST1,6892,0.007080769271576843,0.00021570731039698273,0.017999849408376883,0.00019742571976841695,0.059970203746965656
tumor_2,random,BGN,6892,0.020703039406935263,0.0007191613555110142,0.055764546135518976,0.0006264594028198064,0.22796236666566574
tumor_2,random,BID,6892,0.020008467331294078,0.0007127611610801836,0.05137687683950307,0.0006316356840717406,0.1411789684263271
tumor_2,random,BIRC3,6892,0.03404164062436584,0.0011720405802272424,0.08955049223411268,0.0010366647170760835,0.3263596866905766
tumor_2,random,BIRC5,6892,0.010454139269718676,0.0004429955562891661,0.02734991492540319,0.00036287914050656106,0.06963015836162352
tumor_2,random,BMP1,6892,0.009072791646911427,0.00033996493155281834,0.02483914438552681,0.0003187932174560594,0.07273060331321471
tumor_2,random,BMP2,6892,0.008720222955402873,0.0003207572074565745,0.021600871561066742,0.00026547054451285924,0.06413581480450367
tumor_2,random,BMP3,6892,0.006061368369839511,0.00021065986854030657,0.013956375362527747,0.0001772704980273026,0.03637881491548741
tumor_2,random,BMP4,6892,0.008972955174493867,0.0003195853314753855,0.02394093896955029,0.00025633859279093385,0.059610982360612665
tumor_2,random,BMP5,6892,0.004378118136077708,0.00017351677324746033,0.0115279545335778,0.00014444548084983512,0.044059503745225215
tumor_2,random,BMP7,6892,0.004510717276128109,0.0001498113680105187,0.01026063813558751,0.00012932583823965508,0.02690316136804439
tumor_2,random,BMPR1A,6892,0.012540856938881045,0.00047628365256089517,0.031960653437334494,0.0004029567279507751,0.09868036232583657
tumor_2,random,BMPR2,6892,0.013104336579274591,0.0004711205968470318,0.03489887257737934,0.00042752083685651445,0.09396665312234029
tumor_2,random,BRAF,6892,0.012134335071453312,0.0004889692391698402,0.03151343025274421,0.0004100991973753696,0.08188181638822042
tumor_2,random,BRCA1,6892,0.009577314283261513,0.00036638779739580274,0.024859250007395632,0.0003256822203901321,0.06511233096586252
tumor_2,random,BST1,6892,0.004319447374135662,0.00017070495907516486,0.011060399004597123,0.00014312169582391247,0.03638429913851706
tumor_2,random,BST2,6892,0.043682419511195524,0.001413472471397623,0.12042322247066155,0.0014423113892554089,0.35786322191720416
tumor_2,random,BTF3,6892,0.04505642024201957,0.0014240909769854316,0.1229264501097598,0.001503909243707925,0.37067638312250883
tumor_2,random,BTG1,6892,0.041048956928732554,0.0013141212502629641,0.11069804414570575,0.0012991187909671897,0.32280221345228133
tumor_2,random,BTK,6892,0.004609206872088192,0.00020746468651124467,0.01233561497710151,0.00016574256759099862,0.03385720143140845
tumor_2,random,C11orf96,6892,0.014279847986130254,0.0004907755323843673,0.03779520903529142,0.0004117464853168998,0.11313522423844154
tumor_2,random,C1QA,6892,0.010153878469034181,0.00041231341537960407,0.032987659305844345,0.0003492457230247881,0.10548030820364196
tumor_2,random,C1QB,6892,0.015437116843739603,0.0005575397828130915,0.04946466952262882,0.000488664011500824,0.124965415039589
tumor_2,random,C1QC,6892,0.01221323106243333,0.00046182735354782735,0.03979352726382152,0.0004094021242053019,0.08805397847118
tumor_2,random,C5AR2,6892,0.008935765569026404,0.0003290685237696698,0.02288977322530799,0.00028378458857961786,0.05883858583129557
tumor_2,random,CACNA1C,6892,0.005232443230112315,0.00024334668429691118,0.01462066728261327,0.00020126462545432973,0.04496716544606909
tumor_2,random,CALB1,6892,0.01070176518168295,0.00036453349030156584,0.027287680704331213,0.00032623307962922237,0.072411556458713
tumor_2,random,CALD1,6892,0.035745843514844396,0.0011104852808702973,0.09817646751947835,0.0011028662922292487,0.30973297537429534
tumor_2,random,CALM1,6892,0.04579610765919544,0.0014626323557918887,0.1261671393031482,0.0014661166741314765,0.3846834156014255
tumor_2,random,CALM2,6892,0.06069233129154863,0.0018974896258922686,0.1715545699217193,0.0020214426154252594,0.5805137107531249
tumor_2,random,CALM3,6892,0.0524225033702652,0.0017620077688146236,0.14565515833149015,0.001675146327912318,0.4498010643439784
tumor_2,random,CAMP,6892,0.009689315534955893,0.00037898996246618264,0.0270103205885248,0.0003284956026532154,0.07050739499032935
tumor_2,random,CARMN,6892,0.008073370733722132,0.00026661134280661186,0.020911442062661302,0.0002470405312230469,0.06443914402658417
tumor_2,random,CASP3,6892,0.013385442231215041,0.000509788912801795,0.035777221411704155,0.00043413725845128725,0.08032532625377099
tumor_2,random,CASP8,6892,0.006854538862159432,0.0002787756277958282,0.0183926865278494,0.00023806796748578242,0.054356657968763156
tumor_2,random,CASR,6892,0.006689026844502631,0.00027682114114096926,0.01780489531603901,0.0002221001431773998,0.052841895765795274
tumor_2,random,CAV1,6892,0.03252566932432745,0.0010333865062165666,0.0836432339627219,0.0009909266421250348,0.2587989808101742
tumor_2,random,CCDC80,6892,0.013745145244896572,0.00042049652863550567,0.03552868095711301,0.0003660276113345102,0.11671968206354917
tumor_2,random,CCL11,6892,0.006802275195502683,0.00027691298457653714,0.01850879962487958,0.00022796989650730756,0.05719127517521251
tumor_2,random,CCL13,6892,0.004791388146259546,0.00018058355514255717,0.014515060681526215,0.00016908630208811436,0.05089168964261313
tumor_2,random,CCL15,6892,0.02225599056080057,0.000844347391266826,0.059227934896322186,0.0007408491050974568,0.1557330861421718
tumor_2,random,CCL17,6892,0.009216210158115867,0.00036086367356969845,0.023601859203986802,0.0003041715039290712,0.05885337201408617
tumor_2,random,CCL18,6892,0.004446833182514921,0.00021962696813639711,0.012014481897743715,0.00017063044308093155,0.043536492877827696
tumor_2,random,CCL19,6892,0.007825129019319189,0.0003229040498620418,0.02030821047429789,0.00025033459964388436,0.06106576096497914
tumor_2,random,CCL2,6892,0.008429723820932593,0.00029615518473261293,0.022706024510115958,0.00026089715898893503,0.06778815740937846
tumor_2,random,CCL20,6892,0.011932993870367985,0.00034921767860276694,0.03211953093225349,0.00032620904535529216,0.11655610039202172
tumor_2,random,CCL21,6892,0.009361441680813966,0.00040076679120513135,0.02417327621688194,0.0003090787062468847,0.07043617405420649
tumor_2,random,CCL22,6892,0.005308447298672195,0.00019937438218894322,0.013574537458719855,0.00017792026404716405,0.05282738775948874
tumor_2,random,CCL26,6892,0.004804432256361043,0.00017552644132065733,0.011743186273901533,0.0001581203628044211,0.03889657354357258
tumor_2,random,CCL28,6892,0.024789625421872886,0.0007927855145163279,0.06769983773229203,0.0007378392072393282,0.24455011054518158
tumor_2,random,CCL3,6892,0.008648838036684443,0.00031617187791318157,0.021007452139499026,0.00025650591702567905,0.049080687859282865
tumor_2,random,CCL4,6892,0.008161534559472453,0.0003057976145421416,0.019466133002279347,0.0002573045980541205,0.05008348417625036
tumor_2,random,CCL5,6892,0.009237801865762391,0.0003584329712760773,0.02855613138371953,0.00031715615213741814,0.10148415309884848
tumor_2,random,CCL8,6892,0.005980312627262111,0.0002355002382897304,0.016804590107740925,0.00019947707479205941,0.053149996163808354
tumor_2,random,CCND1,6892,0.012185140736951063,0.00039313245360754836,0.030895393876026717,0.0003672962582974023,0.10232736635713655
tumor_2,random,CCR1,6892,0.00909899679189348,0.00032603554688878124,0.02253062913947789,0.00029192769427401684,0.07270187593904898
tumor_2,random,CCR10,6892,0.010008320649610821,0.0003675489578311843,0.025466934882647757,0.0003213392259045039,0.0830376201369668
tumor_2,random,CCR2,6892,0.005736791694269786,0.00018417058964811716,0.014352617633582521,0.0001627870249555596,0.04130982316969797
tumor_2,random,CCR5,6892,0.0070062861948647585,0.0002458067375355125,0.018962294107288967,0.00020872132462659263,0.042582584246943125
tumor_2,random,CCR7,6892,0.008378085601477313,0.0003029290554045676,0.02105479781670351,0.00023761867066369823,0.04555043017256151
tumor_2,random,CCRL2,6892,0.0045596622943608455,0.00019109927191898719,0.012667916402729087,0.0001697724339206789,0.03301338402346554
tumor_2,random,CD14,6892,0.014353193684148122,0.0005344794666997441,0.03919757289711431,0.0004260335808116186,0.12456222657988299
tumor_2,random,CD163,6892,0.010907493911165198,0.00038430252657906756,0.029251673132290896,0.00033456543307664415,0.07574639791164564
tumor_2,random,CD164,6892,0.04225771618931048,0.0014117776837080636,0.11607072809457053,0.0014159364111147002,0.37897682447323194
tumor_2,random,CD19,6892,0.011096047835186171,0.0004159320469815637,0.027495190880350007,0.0003513473122211616,0.0788961260689858
tumor_2,random,CD1C,6892,0.010006792147153878,0.0003461209369838624,0.025322685736882566,0.00033014803993136057,0.07711200973100499
tumor_2,random,CD2,6892,0.004625650607321079,0.00017806242663640642,0.011764021873444663,0.00015099439799174131,0.03350784324651178
tumor_2,random,CD209,6892,0.009000786469527155,0.0003228832225494424,0.02278037243349736,0.0002721227112450088,0.05598855303187259
tumor_2,random,CD22,6892,0.003853633156472204,0.00014032146975513337,0.011225189429665123,0.00011821794102009413,0.024767984048041453
tumor_2,random,CD24,6892,0.05555060078763985,0.0018935634314335952,0.14915862836146937,0.0018060462134505337,0.532542963783808
tumor_2,random,CD27,6892,0.00915294647927856,0.00033418422157767,0.02337820193538679,0.0002930764970103441,0.08047054126657391
tumor_2,random,CD274,6892,0.009890124034725705,0.0003497935189707525,0.024360415686891606,0.0003183884813873716,0.061170820184617926
tumor_2,random,CD276,6892,0.038789521503028175,0.0012818893894266821,0.10036863084860606,0.001245899833267718,0.3010117819397493
tumor_2,random,CD28,6892,0.008592880174028593,0.00031365118710390726,0.022142778879468146,0.0002637719087058588,0.05912375294898385
tumor_2,random,CD300A,6892,0.0069160118353408795,0.0002760510234224776,0.019365666600582594,0.00022943738380390023,0.05969084998332973
tumor_2,random,CD33,6892,0.00557940472328189,0.00024168388596231325,0.014486545935955311,0.00019636043015079324,0.0435136501654507
tumor_2,random,CD34,6892,0.012219762282383325,0.0004698567024068267,0.03109465261823452,0.0003802082662897439,0.08051402088279405
tumor_2,random,CD36,6892,0.00525685450079993,0.0001596997267660977,0.015107927135382662,0.0001871576962132919,0.046373781344496275
tumor_2,random,CD37,6892,0.00584751234373761,0.00025559573103200724,0.014824019833063858,0.00021961998769620117,0.041754437371449224
tumor_2,random,CD38,6892,0.009523557416595873,0.000417949952363841,0.023423471375442116,0.0003362851023675415,0.0662633697945614
tumor_2,random,CD3D,6892,0.005578512276688486,0.0002536679991430544,0.014159344153423879,0.00020322821849812176,0.05331037256613731
tumor_2,random,CD3E,6892,0.00502233217314677,0.00016498029606479378,0.013082705136659883,0.00013190178095522385,0.029122889311695384
tumor_2,random,CD3G,6892,0.008557075839524832,0.00029562271836997673,0.022822098726111024,0.00026500184599483403,0.04872681179694933
tumor_2,random,CD4,6892,0.004418972955159389,0.0001639762819580489,0.01323922856062763,0.0001688595853214169,0.05658838221091411
tumor_2,random,CD40,6892,0.014894186195231663,0.0005447165353572872,0.0389257939817771,0.00046003103387009744,0.10980003048445668
tumor_2,random,CD40LG,6892,0.007845468727590163,0.00031708370342794167,0.019858978632015935,0.0002647243386054695,0.06389255430056802
tumor_2,random,CD44,6892,0.04385310125743832,0.0014157600195707576,0.1099595453656977,0.0012110648498296938,0.4786083197724406
tumor_2,random,CD47,6892,0.018029790838655503,0.0006268415195981113,0.04697658308063868,0.0005672843968722747,0.14174917968841605
tumor_2,random,CD48,6892,0.003721779494482032,0.0001666747248197903,0.010015287617377145,0.00012361592660091103,0.03696333338817635
tumor_2,random,CD52,6892,0.0036026500969086315,0.00016133822535111387,0.011051782544146092,0.00013985631819849666,0.03693507970575584
tumor_2,random,CD53,6892,0.006604025428051219,0.00020870221240569078,0.018781145994079332,0.00019171494036302443,0.06570060395483544
tumor_2,random,CD55,6892,0.012347990591291153,0.00042160269136459863,0.030920162630117855,0.0003846628758401219,0.0852479077266454
tumor_2,random,CD58,6892,0.013323622372976582,0.00047416304028404996,0.03517635692231006,0.0004135359129009579,0.10050273808293975
tumor_2,random,CD59,6892,0.054532515659719685,0.0018114357513144886,0.1465402999366901,0.001747533157411086,0.4560977815718127
tumor_2,random,CD5L,6892,0.007512226680715828,0.0003408433239759137,0.01856329504618593,0.00025376254701205077,0.06202644111773355
tumor_2,random,CD63,6892,0.063609122385939,0.0020156129754247427,0.1766418538731293,0.0021961507517073357,0.6235401442791432
tumor_2,random,CD68,6892,0.03899350486146054,0.0012357752163287999,0.10344499050306066,0.0010710577394143076,0.3990455858273085
tumor_2,random,CD69,6892,0.006948759264863479,0.00028966558879804877,0.01726586511931574,0.00023114928005292697,0.05051735183941199
tumor_2,random,CD70,6892,0.004618849866232741,0.00015602941110436476,0.012266316491239167,0.00015230499012390612,0.032781339734509286
tumor_2,random,CD74,6892,0.06482987760320777,0.002253489739571733,0.19360018182676705,0.002124968481516243,0.7766439613965235
tumor_2,random,CD79A,6892,0.00454017295303754,0.0001978424035337203,0.01369528764879382,0.00017867566957101207,0.040758991312212334
tumor_2,random,CD80,6892,0.00970340594449321,0.000372919643792582,0.02395826929302381,0.00029431375194223015,0.06292197601316048
tumor_2,random,CD81,6892,0.059887893458674825,0.0019654291158796443,0.16340348902669236,0.0019404530061173126,0.5691097130353058
tumor_2,random,CD83,6892,0.010038941377991172,0.00038866286502220996,0.02481761819929494,0.0003291996237915428,0.07407587591905376
tumor_2,random,CD84,6892,0.007375886227078282,0.0002886372132529873,0.018643617169181285,0.00025099180614779093,0.055251239039537006
tumor_2,random,CD86,6892,0.0077116523286921215,0.0002826431494283841,0.019799263084802433,0.00022793499208602483,0.04833135738076326
tumor_2,random,CD8A,6892,0.00836536665480839,0.00027758029625629026,0.022323360019828313,0.0002633243972271429,0.06608293719324206
tumor_2,random,CD8B,6892,0.00796114634476533,0.0002941753224959843,0.019926839251610658,0.00026925936058699683,0.06306573450774922
tumor_2,random,CD9,6892,0.03393215498499447,0.001246782909197474,0.08989872064482522,0.0010669987083793554,0.2755412866685433
tumor_2,random,CD93,6892,0.004993402861121953,0.00022378785332843323,0.01621981762627705,0.00020934733874717864,0.050235636282297116
tumor_2,random,CDH1,6892,0.022233279483991196,0.0006700861513765374,0.05880958610723737,0.0006968532080217928,0.182848586147309
tumor_2,random,CDH11,6892,0.009107855592782162,0.0003642316861542102,0.022804156947469914,0.0003069156402049563,0.050577026104938916
tumor_2,random,CDH19,6892,0.00736500972185178,0.0002858039630569432,0.018617612246945026,0.00023818445860003157,0.05270020837483943
tumor_2,random,CDH5,6892,0.00867206596656423,0.00032231671959366917,0.02229014586482156,0.00028058206296720104,0.06376332237555082
tumor_2,random,CDKN1A,6892,0.05164074057857606,0.0016828395750480081,0.13895211526050433,0.0016828875028177407,0.47085987215604125
tumor_2,random,CDKN3,6892,0.012419871979817917,0.0005228813982588203,0.032589576831095576,0.0004303077662891373,0.083594654125902
tumor_2,random,CEACAM1,6892,0.007216330096560725,0.0002744198232515049,0.019706759056699632,0.00022840106415182237,0.04983737506311674
tumor_2,random,CEACAM6,6892,0.0055955325873558925,0.0002395987124690631,0.013928161282984197,0.0001964926881483717,0.04019169062294833
tumor_2,random,CELSR1,6892,0.02356912454306967,0.0008129457073431674,0.06074886636229343,0.0007560076876040535,0.17454000941726985
tumor_2,random,CELSR2,6892,0.01271178079710909,0.0005122476873484928,0.03312363712933537,0.00042087449992371333,0.08912233275735323
tumor_2,random,CENPF,6892,0.010471527820730877,0.00042724193550967474,0.025754809884116103,0.00037597512638602504,0.05600852199311716
tumor_2,random,CFD,6892,0.0111350189621203,0.0004387503545463925,0.028739161269176583,0.0003660164577004572,0.07327578741496305
tumor_2,random,CFLAR,6892,0.016023188564913277,0.0006072288945442978,0.04225396727977561,0.0005047805106520057,0.1222822137739297
tumor_2,random,CHEK1,6892,0.01498097154758849,0.000548212820886702,0.03800489948438161,0.0004584811396306174,0.08518707485240584
tumor_2,random,CHEK2,6892,0.013279689084406071,0.000495474249903875,0.03318398119226364,0.0004412156837987212,0.07634771932527266
tumor_2,random,CHI3L1,6892,0.009624873323015246,0.0004345278313136154,0.029985473683380663,0.0002493047450217793,0.07188414474861923
tumor_2,random,CIDEA,6892,0.005861507629144892,0.00017666241890735998,0.01481272957434481,0.00016501741905261533,0.039658718576583686
tumor_2,random,CIITA,6892,0.01396598118725322,0.0005199117567234566,0.0381871881216072,0.00043536059921124115,0.10020538971770039
tumor_2,random,CLCF1,6892,0.013170975990562625,0.0004950347905589443,0.0328240844022047,0.00042200971305585323,0.08865389982718747
tumor_2,random,CLDN4,6892,0.024751319132206902,0.0008303265945044618,0.06374726118260451,0.0007729230440774643,0.20268365373071182
tumor_2,random,CLEC10A,6892,0.004665624228988796,0.00018339994527139265,0.012924222640765617,0.00014513076175244266,0.03513599453019038
tumor_2,random,CLEC12A,6892,0.006268973631481085,0.00023823316087504513,0.017399287550035565,0.00020554856563705722,0.05317689323904813
tumor_2,random,CLEC14A,6892,0.004796904306958775,0.00016724239704999746,0.012492944779578819,0.00015566737076330963,0.023898272906731365
tumor_2,random,CLEC1A,6892,0.006822898224708574,0.0002834826520791757,0.017679223882761965,0.00024219106811148352,0.04605441714212667
tumor_2,random,CLEC2B,6892,0.005918162456930907,0.00019938217350743299,0.014949061459044424,0.00017428225339290442,0.03851495821975228
tumor_2,random,CLEC2D,6892,0.010801465043879032,0.00042762278186535486,0.026654003125370695,0.0003775647268239825,0.07539103835201662
tumor_2,random,CLEC4A,6892,0.009435312401690345,0.00037605899018850397,0.023175656444728764,0.00031276381713210837,0.06623237754624384
tumor_2,random,CLEC4D,6892,0.006195199098173168,0.00023880825592572803,0.015193626579779374,0.0001845544651638442,0.04225488505886445
tumor_2,random,CLEC4E,6892,0.004040354301083295,0.00017211879858305772,0.010973545585897358,0.0001321581246915905,0.029335380729281057
tumor_2,random,CLEC5A,6892,0.004327462342199105,0.00012256783828396898,0.0105707247480042,0.000128048989495866,0.03499246208628816
tumor_2,random,CLEC7A,6892,0.006469438541913,0.00021875598415156,0.017455988101422293,0.00020512954976392776,0.05370193889394746
tumor_2,random,CLOCK,6892,0.012181264998551265,0.0004892284780781619,0.03211548388835629,0.00040222840202911223,0.07612954707589452
tumor_2,random,CLU,6892,0.07464761841862214,0.0023968193529756696,0.2180486815033218,0.002563683066403994,0.8997066567117151
tumor_2,random,CMKLR1,6892,0.008979810608236861,0.0003076348693134704,0.02294137364037733,0.00028247056132155683,0.05846746131394761
tumor_2,random,CNTFR,6892,0.0126438833276665,0.00043312029008869314,0.03248961020449692,0.00038806454350726814,0.10786796812123658
tumor_2,random,COL11A1,6892,0.004023199674005291,0.00016188286656861067,0.011064751307913538,0.00014448261044006054,0.04679063622775881
tumor_2,random,COL12A1,6892,0.006821383220020377,0.0002525165973797094,0.0165699600691659,0.00020724538793816371,0.04328969555420985
tumor_2,random,COL14A1,6892,0.010500137414094071,0.00035546792700381333,0.025539340931061146,0.000310508000005346,0.05868362428282288
tumor_2,random,COL15A1,6892,0.014226818520436441,0.0005157989486512638,0.035661353381726706,0.0004561119703611805,0.08388977976864544
tumor_2,random,COL16A1,6892,0.014751114708905768,0.0006689083719221606,0.038330076648964526,0.0005316679998166903,0.07139032024163566
tumor_2,random,COL17A1,6892,0.008533168580877668,0.00030831454403834033,0.02204908395686714,0.0002592901843868786,0.04719396204248773
tumor_2,random,COL18A1,6892,0.026857406343292884,0.000981650521727689,0.071447609727759,0.0008347032581293591,0.2042724684892955
tumor_2,random,COL1A1,6892,0.012187470970554407,0.0004274343106467545,0.034128056440853885,0.00035267309040183767,0.08323942056105739
tumor_2,random,COL1A2,6892,0.0018282683320139177,7.338233829753255e-05,0.006575689003267718,8.725346645321403e-05,0.03154229133565517
tumor_2,random,COL21A1,6892,0.004680661094962504,0.00020613650781850474,0.012343783576762518,0.00019232153896467648,0.03706543164287233
tumor_2,random,COL27A1,6892,0.03264904590724231,0.001087976080230008,0.08601983058286207,0.001016814261079825,0.31702370037152255
tumor_2,random,COL3A1,6892,0.014820876335714378,0.0005468618181317684,0.04698404375195084,0.0005680812177363287,0.2092490076638836
tumor_2,random,COL4A1,6892,0.007690411434631559,0.0003787225942963948,0.023883571185347816,0.0003013100094373501,0.06480243310996787
tumor_2,random,COL4A2,6892,0.007683236630567529,0.0003471289680963702,0.023142552955505276,0.00031451069830383413,0.07151420958811645
tumor_2,random,COL4A5,6892,0.0072127620716326835,0.00026773541102541266,0.018678465765050667,0.00023409168942261732,0.05217505957378219
tumor_2,random,COL5A1,6892,0.007895872268472538,0.0002663816722164341,0.02158628676960421,0.00024411314556032742,0.04564931752232691
tumor_2,random,COL5A2,6892,0.006489209701264957,0.000254662317339774,0.015828236600573843,0.00020717523857864892,0.052028442588459824
tumor_2,random,COL5A3,6892,0.0049855215170378,0.00021593360982546662,0.01398616729623644,0.00019702330254270522,0.047119223600866435
tumor_2,random,COL6A1,6892,0.02651615195139568,0.0008563611474545925,0.07046497073670437,0.0008280953440300865,0.21239012709059785
tumor_2,random,COL6A2,6892,0.014811781579379946,0.0005494753641570107,0.037577806721947916,0.0004673453449452918,0.13066760883585035
tumor_2,random,COL6A3,6892,0.006503499493646656,0.00025867856106005717,0.01716915939563482,0.0002345797441565963,0.052625530130479284
tumor_2,random,COL8A1,6892,0.0043074065810193764,0.00018602458016839422,0.011369044471151578,0.00014784108406797015,0.025257707951032188
tumor_2,random,COL9A2,6892,0.029698024258732116,0.0010555930884008876,0.07516306668873476,0.0009093234810851221,0.29430926601916946
tumor_2,random,COL9A3,6892,0.017478060331971246,0.0007179340574513038,0.04389732871411365,0.0005684542283762014,0.12028083217693482
tumor_2,random,COTL1,6892,0.016880419734852995,0.0006345442353991775,0.04542928823942586,0.0005087513101122967,0.12953813220373167
tumor_2,random,COX4I2,6892,0.0076319496746505245,0.000287526654628423,0.020641219512074625,0.0002550291657513282,0.0460848480301561
tumor_2,random,CPA3,6892,0.006895725197450367,0.00022644495291188394,0.017632865374933526,0.00022128691692613128,0.03913684017091669
tumor_2,random,CPB1,6892,0.00552814616287939,0.00017572648403936725,0.01321064369247343,0.0001609274389863904,0.030834114755953622
tumor_2,random,CRIP1,6892,0.018230062955855303,0.0006503243467489521,0.0457284697362298,0.0005059096448968097,0.12220946089666476
tumor_2,random,CRP,6892,0.008480737862903927,0.0002881882588929832,0.02155223532324577,0.00026303956053947504,0.053484377142905194
tumor_2,random,CRYAB,6892,0.06983917807311293,0.0022899238454312217,0.17906057176668547,0.0021541206856546783,0.8649454658118646
tumor_2,random,CSF1,6892,0.027005755781624154,0.000993820545973357,0.07270163202846668,0.0008682596795286474,0.2374839094255358
tumor_2,random,CSF1R,6892,0.008732296769221833,0.00032389503241307856,0.02382066123833738,0.0002859930177492386,0.07503585148678474
tumor_2,random,CSF2,6892,0.008483603600552062,0.0003043019199123863,0.02115274708860219,0.00025592270257582993,0.05949880852102487
tumor_2,random,CSF2RA,6892,0.004832637797945433,0.00021322868458637328,0.012263794492800989,0.00020440640349711538,0.03984544997291372
tumor_2,random,CSF2RB,6892,0.006416417413319689,0.00024233005684290142,0.016573677067548274,0.00021625471142428245,0.052306731706997026
tumor_2,random,CSF3,6892,0.005359336744250164,0.00019035373817300204,0.013302072342128443,0.00016190617208865934,0.032557272199012534
tumor_2,random,CSF3R,6892,0.004429084876848431,0.00019058096258368703,0.012142045766242752,0.00016380027605864689,0.04225465285923662
tumor_2,random,CSHL1,6892,0.007967806712062668,0.0002675128904695118,0.019063611036354112,0.00023101589968809082,0.06071200669834679
tumor_2,random,CSK,6892,0.030304998104058928,0.0010885590981179838,0.08360337896163895,0.0009984896331726608,0.237342241083633
tumor_2,random,CSPG4,6892,0.010680590014436104,0.0003946984274525361,0.02711321660035057,0.0003140393277136892,0.08443364034463144
tumor_2,random,CST7,6892,0.005508305900770732,0.00022157383589318169,0.014780591954506862,0.00020945996030677833,0.04457610335757976
tumor_2,random,CSTB,6892,0.05933874309410514,0.0019136945220414772,0.16304847693351301,0.0020069007481249204,0.5400735595076538
tumor_2,random,CTLA4,6892,0.0032176952699774436,9.01811650697517e-05,0.008338242302755747,8.401102259296106e-05,0.024774054283358878
tumor_2,random,CTNNB1,6892,0.03573433491664204,0.0011710690098096857,0.09843100123927004,0.0011712948272503644,0.3278587076360336
tumor_2,random,CTSD,6892,0.08112000093248214,0.0023912746109917642,0.218605139810416,0.0025986938192178104,0.874338348354736
tumor_2,random,CTSG,6892,0.0035987584785468012,0.0002204050096374224,0.010344740834456852,0.00016238579830475883,0.02652981612023476
tumor_2,random,CTSW,6892,0.007621814484390757,0.0002949616591995724,0.019853999863432385,0.000247748216090252,0.05352848341069309
tumor_2,random,CUZD1,6892,0.006375468119336222,0.00025337141507897397,0.017110252513461578,0.00021179482145363996,0.05003773216917591
tumor_2,random,CX3CL1,6892,0.021839152423930325,0.0007586516349156717,0.055589210132806655,0.0006881905336182384,0.16479734881897032
tumor_2,random,CX3CR1,6892,0.009000929284898119,0.00036588743507216483,0.023096236838373772,0.00031350720071760083,0.054667345664172695
tumor_2,random,CXCL1,6892,0.021839524647929053,0.0007693942043441307,0.0591959170356622,0.0007062495251017706,0.17302931197410204
tumor_2,random,CXCL10,6892,0.012744511669291938,0.0005494332948624711,0.03760663077991415,0.0004214462316695841,0.10504357574061376
tumor_2,random,CXCL12,6892,0.017487794400903044,0.0006701384964282,0.04669677465968969,0.0005857772697925883,0.13597651932780744
tumor_2,random,CXCL13,6892,0.00601192298293918,0.0002532704752103769,0.01539292636214476,0.00019934681256142612,0.043071579661108514
tumor_2,random,CXCL14,6892,0.007618738970264156,0.00024430448761118617,0.021359461001082672,0.0002631780415401689,0.05886898949848211
tumor_2,random,CXCL16,6892,0.02533287177869355,0.0009301189306511646,0.06752104043057355,0.0008398795053509084,0.21481476139008254
tumor_2,random,CXCL17,6892,0.006035364889653288,0.0002501089517089833,0.01605646749040857,0.00021502410052050982,0.0516494928061786
tumor_2,random,CXCL5,6892,0.01635809636964542,0.0006161167068080861,0.041353515735100384,0.0005189553544779228,0.12019684017634306
tumor_2,random,CXCL8,6892,0.00792740930176653,0.0003035785231128925,0.020418402355881025,0.00025792733570250006,0.07875016103534867
tumor_2,random,CXCL9,6892,0.02331190445220927,0.0009469214787773477,0.07070150690567283,0.0007443122268531758,0.25646257660886185
tumor_2,random,CXCR1,6892,0.008261906467156525,0.00027498488551891854,0.021175545150656262,0.00023507618867912603,0.05600249486051837
tumor_2,random,CXCR2,6892,0.008376299126035342,0.0003059034323973311,0.022676154000328415,0.00026274262282845396,0.0684522294374116
tumor_2,random,CXCR3,6892,0.012526053816191712,0.0004571523940071838,0.029476083840198387,0.0004076637523523891,0.08429398682406233
tumor_2,random,CXCR4,6892,0.00998433209832453,0.0004014157219812999,0.027811532507332187,0.000257844073045014,0.0936989628615028
tumor_2,random,CXCR5,6892,0.009998827617106288,0.0003322368102692129,0.02440664115036474,0.0002810767910541761,0.06487260287200672
tumor_2,random,CXCR6,6892,0.008045866029415153,0.00030442604739252843,0.022102101168924162,0.0002725203098720805,0.04904437564665194
tumor_2,random,CYP1B1,6892,0.009717695525178748,0.00037255786559579435,0.02469624135782699,0.00029872942423179625,0.06586309911444567
tumor_2,random,CYP2U1,6892,0.009965929446565727,0.000359233640094479,0.025141468738517615,0.0003062698982529553,0.07218721651269741
tumor_2,random,CYSTM1,6892,0.05348100034707254,0.0018623398992126076,0.1507848765105432,0.0017535840017675042,0.4643647056289746
tumor_2,random,CYTOR,6892,0.028856368398407568,0.0010083168340125608,0.07425043341844487,0.0009410196301806018,0.22652219446197783
tumor_2,random,DCN,6892,0.007846360627423433,0.0002587272778266445,0.021764946445277867,0.0002281762859243931,0.05197227058199803
tumor_2,random,DDC,6892,0.013894274558198222,0.0005264642669675349,0.04033309567627944,0.0005152070901835832,0.12137272886750554
tumor_2,random,DDIT3,6892,0.01326185786529475,0.0005204584094587414,0.03212863694097673,0.00044548548820142055,0.09495303427610526
tumor_2,random,DDR1,6892,0.04384471246955214,0.0014465676071367156,0.11485520786732731,0.0013346636250766415,0.3763155873433841
tumor_2,random,DDR2,6892,0.00798644559942748,0.00030260575322793934,0.019245499914722304,0.00024184915283020212,0.061066876073087015
tumor_2,random,DDX58,6892,0.01011440386498121,0.0003962259468439994,0.02532021321805742,0.00034279683965287346,0.0647167433903501
tumor_2,random,DHRS2,6892,0.012951280624308156,0.0004717273195845577,0.033811121940761704,0.00041134227904023377,0.08599513591091876
tumor_2,random,DLL1,6892,0.01419117999537694,0.00048165601490595186,0.03589669071979501,0.00044593067921209334,0.08819564066180616
tumor_2,random,DLL4,6892,0.0068066938381341575,0.00026700219371208984,0.0169996802354025,0.00020998130393399457,0.05917356750411572
tumor_2,random,DMBT1,6892,0.0075519746081072255,0.0002543980054340171,0.020209242547908176,0.00023567520401570068,0.047359611733718734
tumor_2,random,DNMT1,6892,0.019174107493979763,0.0007683196107825653,0.05224193262228409,0.0006399845049359279,0.10723556840471742
tumor_2,random,DNMT3A,6892,0.021058846319048898,0.0008422939617271307,0.05656877882847291,0.000685066295658093,0.1611070409831712
tumor_2,random,DPP4,6892,0.03739536455399327,0.0012713751397899486,0.09881063321891397,0.0012146850380337897,0.33802647121954277
tumor_2,random,DPT,6892,0.009033993495848772,0.00029903316326642597,0.023373072983770567,0.00028822742548547287,0.05775096178083028
tumor_2,random,DST,6892,0.014025871141260199,0.0004970962300352713,0.037289233671909915,0.00045144285024580343,0.10418796945330096
tumor_2,random,DUSP1,6892,0.059646219919674594,0.0017889867310492272,0.15638157843418357,0.001938181423549603,0.5696181754871181
tumor_2,random,DUSP2,6892,0.008398095913338396,0.00035238507661901504,0.02152305280822705,0.0002955057342434423,0.07249719172237833
tumor_2,random,DUSP4,6892,0.008524267931583781,0.00027642747651702613,0.021946967598832568,0.0002680009193205396,0.05933490626316486
tumor_2,random,DUSP5,6892,0.00609104987335901,0.0002133581321451933,0.016457604730278942,0.00020556795055149,0.049394318232183064
tumor_2,random,DUSP6,6892,0.037160299464549976,0.0013178251791748689,0.10231020836158507,0.0011845188494981256,0.28300777333904514
tumor_2,random,EFNA1,6892,0.04672558391464034,0.0014765143777199824,0.12381657842074825,0.0014331302862364173,0.5929921966325484
tumor_2,random,EFNA4,6892,0.02128511327505328,0.0006982530875536243,0.05507238127390659,0.0006329220197876583,0.17631453841413913
tumor_2,random,EFNA5,6892,0.010489750672193937,0.00040628893045658454,0.026696895097206158,0.0003622755981526841,0.06781451699249766
tumor_2,random,EFNB1,6892,0.019826426608685256,0.0007148777083979158,0.05145232707819589,0.0006280020398903739,0.15355944613536482
tumor_2,random,EFNB2,6892,0.005378226190237885,0.00022316207646669688,0.013799087246674535,0.00018921109867859896,0.04457932835498577
tumor_2,random,EGF,6892,0.01012528682848789,0.00041241056370574836,0.027026237628537,0.0003664187971040387,0.0627444777805203
tumor_2,random,EGFR,6892,0.03152069643197135,0.0011134375127333045,0.08609891349792445,0.0010098719812461196,0.2747498102615783
tumor_2,random,EIF5A,6892,0.044857468655888584,0.0014664961869161753,0.1261421649487342,0.001464568527804797,0.3721115533939582
tumor_2,random,ELANE,6892,0.005557469631698214,0.00022842954223779217,0.015701801587518865,0.00020032071744249631,0.05766789850515387
tumor_2,random,EMP3,6892,0.02574154367332319,0.000986582975221241,0.06563782188526526,0.0008442852769927506,0.18308612464894414
tumor_2,random,ENG,6892,0.008791207057789824,0.0002883577609527126,0.023062331455927808,0.00026909329706939543,0.0655766503779428
tumor_2,random,ENO1,6892,0.08294593429475865,0.0025163677107257554,0.2183676929512422,0.002547324758591951,0.7992710632944292
tumor_2,random,ENTPD1,6892,0.005076034381408385,0.00016647099629294002,0.013200095789755673,0.00015076780505007072,0.040378467875368106
tumor_2,random,EOMES,6892,0.0023386798608097887,0.00010505873118691493,0.006686015237456278,8.916128023690221e-05,0.02237986948517741
tumor_2,random,EPCAM,6892,0.01563533335887393,0.0005574781567524932,0.041488524326958404,0.0004915408287100484,0.15250253657480647
tumor_2,random,EPHA2,6892,0.0184900810444907,0.0006883305944931778,0.04707878658152605,0.0005839544674718777,0.11678615942922688
tumor_2,random,EPHA3,6892,0.008241679102130497,0.00027785713722855795,0.02207262110999108,0.0002592156869753133,0.05324176043576242
tumor_2,random,EPHA4,6892,0.00389104514800064,0.00015749126534948457,0.011093022675403175,0.00012827295718731885,0.02360623791516142
tumor_2,random,EPHA7,6892,0.004036622343085451,0.00018525001175759517,0.010805593877495658,0.00015589516799525272,0.03367370410417285
tumor_2,random,EPHB2,6892,0.008501775125060522,0.0003227163432678661,0.02267223934434058,0.0002695470678080598,0.07519211099235758
tumor_2,random,EPHB3,6892,0.010916022516067344,0.0003870488787125319,0.027352823255681207,0.000343237037666797,0.06987969300120685
tumor_2,random,EPHB4,6892,0.008067861580907719,0.00026121818937426374,0.01918701346203127,0.00023391334261333425,0.056537221776351856
tumor_2,random,EPHB6,6892,0.00719017068874653,0.0002505693043295184,0.02054252673588581,0.00023891880282989248,0.050386183193617706
tumor_2,random,EPOR,6892,0.00967117809611889,0.0003816921750585765,0.024184056538350672,0.0003276124996581205,0.07487638580043333
tumor_2,random,ERBB2,6892,0.018816452149398522,0.0007200900756065378,0.049759210543574586,0.0006269240421142947,0.1328214581975488
tumor_2,random,ERBB3,6892,0.016516975026136645,0.0005858249514080808,0.045777829670729964,0.0005465856651648308,0.1422520418884326
tumor_2,random,ESAM,6892,0.011536182050438607,0.0003851765143033538,0.03175669735700522,0.00035077816377120357,0.07070689024357865
tumor_2,random,ESR1,6892,0.0058585900117146435,0.0002021439425119733,0.014444065252854096,0.0002027203589539275,0.05430308745332109
tumor_2,random,ETS1,6892,0.009948257869650035,0.00035686328582089187,0.02736901815251506,0.0003080710396153099,0.07581468502872846
tumor_2,random,ETV4,6892,0.009685029887480231,0.0003622910154848682,0.024713131639505375,0.00030680824396104656,0.08133464071631528
tumor_2,random,ETV5,6892,0.01293826764169756,0.0005372536627966394,0.033768944605253634,0.00047081027993149904,0.06736423060985455
tumor_2,random,EZH2,6892,0.012328421411917853,0.0005239412948506868,0.03327257329576381,0.00046577810762889703,0.07649374050252891
tumor_2,random,EZR,6892,0.05568134108472084,0.0018492579825594687,0.1470702845965784,0.0017474087993447588,0.4936508106660777
tumor_2,random,FABP4,6892,0.007255964903545377,0.0002924662078400521,0.01907831796476911,0.00023805008971213717,0.05040955239826909
tumor_2,random,FABP5,6892,0.01772202989540549,0.0006312582183256708,0.0456109718914461,0.0005713771016548627,0.12956113159301536
tumor_2,random,FAM30A,6892,0.010475609009669328,0.00037926077136532114,0.02780754411589127,0.00033438402440973174,0.061250197316079516
tumor_2,random,FAP,6892,0.007288507931743527,0.0002651434397376515,0.018703249071791807,0.00020852405501588226,0.05735837655182315
tumor_2,random,FAS,6892,0.00565047967413876,0.00026045685829793826,0.014956072565828663,0.00023156276883126912,0.040756448438850686
tumor_2,random,FASLG,6892,0.009883181069072475,0.0003523985375458992,0.024987088044659676,0.00031895055065403986,0.06490173264580518
tumor_2,random,FASN,6892,0.025245710808658905,0.0010272794750265557,0.06906819491542052,0.0008208937088544492,0.16922498201543928
tumor_2,random,FAU,6892,0.06306296968565053,0.0019231254308088562,0.1741091509224513,0.002120842707398306,0.5483993565366251
tumor_2,random,FCER1G,6892,0.005231413419533562,0.0002287628060934578,0.01588082223633619,0.00019401516302270272,0.04736566551653974
tumor_2,random,FCGBP,6892,0.007089049285166916,0.00027506410165179716,0.0179907096035425,0.0002240639895209393,0.047345953558044766
tumor_2,random,FCGR3A,6892,0.013513117915265872,0.0004661363381156853,0.03582618575398845,0.00041732302096915885,0.1055209164186166
tumor_2,random,FCRLA,6892,0.011371096582608691,0.000426466687101398,0.029324965091834083,0.00036362465519586084,0.08147562642492479
tumor_2,random,FES,6892,0.021293191189563646,0.0008298595913023648,0.05943277321228335,0.0007049412947269732,0.14849815426665713
tumor_2,random,FFAR2,6892,0.009096120433093794,0.00034331116073213616,0.022171301232543853,0.0002970424015019874,0.07583420224624633
tumor_2,random,FFAR3,6892,0.01482593340791645,0.0005382897247811568,0.0375357734189151,0.00046958623911138274,0.09383835839342013
tumor_2,random,FFAR4,6892,0.008946671339754044,0.00031372035434366105,0.023352819473282136,0.0002758070505678118,0.05858459382684607
tumor_2,random,FGF1,6892,0.0038377878611941954,0.00013466226447237574,0.00978440854270595,0.00010322336664134911,0.030827920108163716
tumor_2,random,FGF12,6892,0.008361260952088534,0.00030843131895700714,0.0219417696680065,0.0002476903079070389,0.0510091094153021
tumor_2,random,FGF13,6892,0.019030563661362975,0.0006555052130144503,0.0495443888381083,0.0005961506053414348,0.14342042867857155
tumor_2,random,FGF18,6892,0.020331859561772525,0.0007316063155881483,0.05293200563162931,0.0006424253806971806,0.1695532670905026
tumor_2,random,FGF2,6892,0.006910346485771676,0.000269101686015677,0.016812299163844514,0.00021148057592874762,0.05110121630324421
tumor_2,random,FGF7,6892,0.006338771673252355,0.00024250421693876323,0.015753854274235177,0.00021469600559161656,0.04531592605505631
tumor_2,random,FGF9,6892,0.0074538107608749776,0.00028013151557799846,0.01761103060096046,0.0002494738118611621,0.04858474904558126
tumor_2,random,FGFR1,6892,0.009733161996013321,0.0003834721789110908,0.0247566298387882,0.0003415881515613436,0.06909688791187107
tumor_2,random,FGFR2,6892,0.007006948546547545,0.00024060761920573364,0.019900191480683588,0.00025749087445410703,0.05359764713916115
tumor_2,random,FGFR3,6892,0.023637978265032784,0.0009451382491295002,0.06421609440795727,0.0008240032130575096,0.16974302720464968
tumor_2,random,FGG,6892,0.03901009778108381,0.0015183488659058612,0.12979161491511076,0.0012811212769757838,0.6472178637274616
tumor_2,random,FGR,6892,0.006334066039961517,0.0002866422223101007,0.01726981625251431,0.0002460994107895106,0.059267025173536894
tumor_2,random,FHIT,6892,0.005887077966079578,0.00025524215964750326,0.015231053055103519,0.0001885042456634293,0.04278145017424269
tumor_2,random,FKBP11,6892,0.010146650911829891,0.00035920322179016127,0.028556075670704506,0.0003491257088938079,0.06962124252160513
tumor_2,random,FKBP5,6892,0.06173642443194234,0.002021666544772812,0.1760176127654683,0.0021576548912754013,0.6938723179965731
tumor_2,random,FLT1,6892,0.0075825985484052226,0.00028515195416129835,0.019963748521537445,0.00023126557055957292,0.06345501709121784
tumor_2,random,FLT3LG,6892,0.008024468950004854,0.0002853567829580452,0.020952524159119038,0.0002551411560154715,0.04933385757775042
tumor_2,random,FN1,6892,0.07515257930216064,0.0022678102760988086,0.21047906236776037,0.002672137985320378,0.9694493803089961
tumor_2,random,FOS,6892,0.017831790477653087,0.0005581801892617999,0.04631076103572405,0.0005299468781930016,0.14721808113340423
tumor_2,random,FOXF1,6892,0.014605428435968357,0.0004994710984608918,0.03700844748406463,0.0004555722144208614,0.0850913858781259
tumor_2,random,FOXP3,6892,0.005189588805383586,0.00017990487713606508,0.014121394096825054,0.0001631511127763899,0.04563822676285374
tumor_2,random,FPR1,6892,0.009029468951232782,0.00033975925851756285,0.024322993976663466,0.0003231007227588837,0.07886753443408909
tumor_2,random,FYB1,6892,0.008078573530110694,0.00035901141135418824,0.02189992902002087,0.0003120623936788655,0.05660923940392815
tumor_2,random,FYN,6892,0.00676556636598895,0.00026348255295195104,0.017416295403447687,0.00021304837812208152,0.05117428551882357
tumor_2,random,FZD1,6892,0.01057483275772034,0.00037900222027849773,0.029036076401427358,0.00034090335481972594,0.07407514689349337
tumor_2,random,FZD3,6892,0.007160716633982924,0.0002763012064504419,0.017763673113254982,0.00023471395574688978,0.043181054449901696
tumor_2,random,FZD4,6892,0.017219146813327597,0.000628927305266005,0.04405341636424898,0.0005516217737645329,0.14017262209644818
tumor_2,random,FZD5,6892,0.01531453948770393,0.0005634166592003516,0.042037200469599884,0.0005226463917852477,0.1413748452833676
tumor_2,random,FZD6,6892,0.013989377230668232,0.0005284990689259767,0.0349131178795614,0.0004477512103860994,0.09617080869975114
tumor_2,random,FZD7,6892,0.014949099421349477,0.0005747719587417249,0.03813919686422705,0.0004848135044748439,0.13040453308092537
tumor_2,random,FZD8,6892,0.019795427347301792,0.0006951153101987522,0.049338053557888006,0.0006368452462838198,0.13031946346000106
tumor_2,random,G0S2,6892,0.0262315329266831,0.0009865217885826976,0.06824187763848515,0.0007553903371902715,0.18336546889738714
tumor_2,random,G6PD,6892,0.03889014298518989,0.0014779374254726332,0.1121145461798925,0.001415148816937085,0.3884203703996943
tumor_2,random,GADD45B,6892,0.03127939823275448,0.0009694672500554265,0.08193315937939702,0.0010034676715506288,0.3073423075769001
tumor_2,random,GAS6,6892,0.011217379181519329,0.00045541416128208075,0.02673749921491258,0.00038862656852136756,0.07677561823641392
tumor_2,random,GATA3,6892,0.008003198678169596,0.0003193225246601215,0.019398387585273656,0.0002907655153304377,0.05880473102384187
tumor_2,random,GC,6892,0.05683792153842535,0.0021123657220334566,0.18038389723703646,0.002066482869128849,0.7726614634594227
tumor_2,random,GCG,6892,0.00713652415511261,0.0002796056693990601,0.01777164444663628,0.00023857566860175096,0.05255917629055914
tumor_2,random,GDF15,6892,0.01543909159787075,0.0006012326939411217,0.03927872098764233,0.0005037031874474202,0.13685887478869918
tumor_2,random,GLUD1,6892,0.019883005739661563,0.0007100636234867951,0.05393933776941191,0.0006635743981323316,0.14360417216560475
tumor_2,random,GLUL,6892,0.06210728212647806,0.0023904771197237862,0.18940127725941056,0.0022461160763474768,0.7739686812242172
tumor_2,random,GNLY,6892,0.0045460338624155345,0.0001778447881138171,0.013268675214856394,0.0001458422631844391,0.027535283368254865
tumor_2,random,GPBAR1,6892,0.01096989179587611,0.00044120875844356284,0.027304390918999128,0.0003527390062113299,0.07544674108273415
tumor_2,random,GPER1,6892,0.016305188422436702,0.0005822683677750554,0.04082311028234922,0.000511545128264209,0.1357871077286465
tumor_2,random,GPNMB,6892,0.010120263008488093,0.00038057271485092165,0.028314470415993026,0.0002877387883428777,0.1346857006006355
tumor_2,random,GPR183,6892,0.003651188257577636,0.00018129218273925962,0.00999382302689745,0.00015925333171338613,0.02922266107069827
tumor_2,random,GPX1,6892,0.061900757557971406,0.002032501396268744,0.17347894272460532,0.0018402900292535903,0.5056470683183062
tumor_2,random,GPX3,6892,0.07138248582796783,0.0021335511128370926,0.18566804190845462,0.0023290589578896454,0.7118568874048506
tumor_2,random,GSK3B,6892,0.016420719445709008,0.0006457099231487566,0.04501179187496161,0.000569991605302693,0.14451281338951988
tumor_2,random,GSN,6892,0.041836410283151035,0.0013788017079613174,0.10861684018506837,0.0012597563668309787,0.3642757071061401
tumor_2,random,GSTP1,6892,0.033650516770962244,0.0012369088671683793,0.09660078156554344,0.0011578336118167848,0.28276704566835364
tumor_2,random,GZMA,6892,0.004013492155293661,0.00016710128025906271,0.010422491583512643,0.00014963605712313007,0.034394076958743594
tumor_2,random,GZMB,6892,0.007601048870691062,0.0002627595565515642,0.02030826908000056,0.00023528209094958357,0.04851955780289212
tumor_2,random,GZMH,6892,0.00577450424484915,0.00023446434036972805,0.016614131707633515,0.00018561351178285787,0.05204117041784827
tumor_2,random,GZMK,6892,0.0067994082347369355,0.0002666711303144213,0.01616727069841327,0.00022182077741938732,0.04862474457908853
tumor_2,random,H2AZ1,6892,0.059047072543235615,0.00211523770226947,0.162858699235143,0.00202166762909403,0.507492932227003
tumor_2,random,H4C3,6892,0.056168330536568264,0.0018428845823442637,0.15871089112102224,0.001934469514671706,0.5979847684142706
tumor_2,random,HAVCR2,6892,0.0038682511864820287,0.00012669910935136474,0.011222745325428218,0.00011384858345895831,0.030333174089093418
tumor_2,random,HBA1,6892,0.016036804860730204,0.0006041888326857373,0.04275461179393468,0.0005006012841856281,0.10815488393735695
tumor_2,random,HBB,6892,0.012755455880223716,0.0004775006589041689,0.033791684943375096,0.0004014141209259168,0.07760489598537942
tumor_2,random,HCAR2,6892,0.014249716597903537,0.0004705038768834696,0.036056563171910236,0.0004322840045567215,0.09564234442275352
tumor_2,random,HCK,6892,0.004391426223198312,0.00016337632806697912,0.013337643832431537,0.00014328543668614622,0.04325803241601785
tumor_2,random,HCST,6892,0.009371129580158838,0.0003536786324288014,0.02541948465570414,0.0003168100885312905,0.07625599667946793
tumor_2,random,HDAC1,6892,0.02403565108942574,0.0008928356017868128,0.06435016021921634,0.0007834591689002506,0.18128156661403746
tumor_2,random,HDAC11,6892,0.013952318965745548,0.0005396467769238968,0.03552955474627446,0.00046050027557540036,0.0941041703368604
tumor_2,random,HDAC3,6892,0.019120755605237454,0.0006790409592084466,0.051872760800318274,0.0006334355531426344,0.14086675634240536
tumor_2,random,HDAC4,6892,0.015898173621253533,0.0006134614278971863,0.04111874215825106,0.0005223754215413479,0.11893651080398593
tumor_2,random,HDAC5,6892,0.015229480845726798,0.0005678281834828679,0.03938703482875801,0.000492816719175009,0.1164435184390497
tumor_2,random,HEXB,6892,0.02058604973125381,0.0006898466629516246,0.053761148653793125,0.0006456812954563437,0.15253431984598192
tumor_2,random,HEY1,6892,0.01085139115066219,0.00037392463006993414,0.028215934087169502,0.0003445211331438325,0.0906663451208153
tumor_2,random,HGF,6892,0.005122516513072404,0.0001782217740249908,0.013241879758776397,0.0001552925834656703,0.038912488165434564
tumor_2,random,HIF1A,6892,0.03455128876349277,0.0012253618496900515,0.09549427263689911,0.001140696928070757,0.3114981588935114
tumor_2,random,HILPDA,6892,0.023665906172824103,0.0007810583483514818,0.0625377752362776,0.0007156127376369508,0.24231700870423234
tumor_2,random,HLA.A,6892,0.08514593973010184,0.0027155896477793306,0.23690627006627674,0.002845213239479543,0.8171058280600585
tumor_2,random,HLA.DPA1,6892,0.052807609485731224,0.0017672852783947623,0.15307988087147084,0.0016661654273704624,0.5676705332096361
tumor_2,random,HLA.DPB1,6892,0.029518718367032504,0.0010273513046782216,0.08212748403427582,0.0009372172771702719,0.2635676798822676
tumor_2,random,HLA.DQA1,6892,0.02681653856577377,0.0008979115983146036,0.07337351598993357,0.0007570176862748615,0.3530774202448443
tumor_2,random,HLA.DQB1,6892,0.06337177712441645,0.002054232728138569,0.17286630887811158,0.0019439395066992555,0.6033571754994294
tumor_2,random,HLA.DRA,6892,0.045661157275467906,0.0015664661543953503,0.1375418474577617,0.001512396344300625,0.5106853162247357
tumor_2,random,HLA.DRB1,6892,0.06671254456222833,0.0022053927076428927,0.1909649187883887,0.0020822421684898373,0.7382968908925258
tumor_2,random,HMGB2,6892,0.02838236273843587,0.0010608165224795087,0.07496916034752603,0.0009362295351237873,0.19396744085806045
tumor_2,random,HMGCS1,6892,0.020929854159357997,0.0007718096048554961,0.0588920543115025,0.000616306605413301,0.15777955231321877
tumor_2,random,HMGN2,6892,0.07288472104742766,0.0023765858905093664,0.20850116424677373,0.002562855008369453,0.7176170623836257
tumor_2,random,HPGDS,6892,0.009239744427813907,0.00036199377814474803,0.023278859798829987,0.0003060763743684006,0.061393430390570936
tumor_2,random,HSD17B2,6892,0.01991214665874933,0.0007528097161685024,0.05439343193524452,0.0006953586654456928,0.119093462074508
tumor_2,random,HSP90AA1,6892,0.0576548669826214,0.0019941140228084404,0.1691542958423511,0.0020801534600232777,0.5697318202318733
tumor_2,random,HSP90AB1,6892,0.06044739247086308,0.0020084245194557787,0.17253010113000306,0.0021030797103639204,0.6125169490378058
tumor_2,random,HSP90B1,6892,0.06439849889869095,0.001954808550724974,0.1738947536457423,0.002102431860286641,0.656323624942462
tumor_2,random,HSPA1A,6892,0.0581328404118435,0.0018151542416484166,0.15442981744726694,0.001977677331372035,0.6075266790290551
tumor_2,random,HSPB1,6892,0.05635091997843854,0.0017915349699724322,0.15789286837932287,0.0019332828701696056,0.5486493843303292
tumor_2,random,HSPG2,6892,0.030535769948259635,0.0011692803740645911,0.0823135650828205,0.0009863418125552795,0.26602358299847395
tumor_2,random,HTT,6892,0.008336079495097388,0.0003297208927154437,0.022305217679458637,0.0002722534591205232,0.052634346272868025
tumor_2,random,IAPP,6892,0.005316706317525846,0.00019354774667067198,0.013701812125931889,0.00017646899164117571,0.03850993292872375
tumor_2,random,ICA1,6892,0.011244582915058369,0.0004350344827434411,0.029293991961372928,0.0003765072409060386,0.07120618062812112
tumor_2,random,ICAM1,6892,0.007587900791829101,0.0002750896672022667,0.018413311105075027,0.00022374327081854133,0.07302239765974147
tumor_2,random,ICAM2,6892,0.009975134983453527,0.00037852730910864946,0.02452714103916257,0.00030361638971088893,0.06107995402375234
tumor_2,random,ICAM3,6892,0.009394892579492114,0.0003342876385923065,0.024876371839243728,0.00029704887496008947,0.06888891560377164
tumor_2,random,ICOS,6892,0.005935023135915874,0.00020251285355750296,0.01592890534158612,0.00019081650688861665,0.05192597958233068
tumor_2,random,ICOSLG,6892,0.017744699689166137,0.0006231351406714914,0.043662272893890706,0.0005629461887593485,0.1143250950320533
tumor_2,random,IDO1,6892,0.003074430004368983,0.00013002639711373563,0.008477159425459783,0.00010524736772802161,0.024301877258564048
tumor_2,random,IER3,6892,0.01990604683192251,0.0007137107385800246,0.05228256295348377,0.0006661025118738902,0.14625018120394392
tumor_2,random,IFI27,6892,0.06433720077435015,0.0022009878307387154,0.1823167922577939,0.0020928249408270496,0.6570230670517374
tumor_2,random,IFI44L,6892,0.010060851941866508,0.0003365918480872847,0.027095413663541033,0.00033127366839100426,0.0618405193840028
tumor_2,random,IFI6,6892,0.06071646919001419,0.002013850035062229,0.17762613218531975,0.0019284049014236862,0.6113715332280985
tumor_2,random,IFIH1,6892,0.011261476638961477,0.0004249481421065573,0.027838547967465672,0.0003760151710771852,0.08991134042005838
tumor_2,random,IFIT1,6892,0.004975051408787909,0.0001927713250836306,0.013281741555939896,0.00017899316861681985,0.03542779349576571
tumor_2,random,IFIT3,6892,0.007094313103075393,0.000301448289013648,0.01960077226468434,0.0002436275822363383,0.04821848135135562
tumor_2,random,IFITM1,6892,0.012059009222856177,0.00037489977501136584,0.03247368000702472,0.00038339340540776535,0.09534485334856378
tumor_2,random,IFITM3,6892,0.058986895625223856,0.001931517129988248,0.16982281742051558,0.001972940015296115,0.599823099300422
tumor_2,random,IFNA1,6892,0.009235995660267891,0.00032372451494122226,0.02410486113263572,0.0002987934741279769,0.06642183688343271
tumor_2,random,IFNAR1,6892,0.019068327861738316,0.0006420903447263945,0.05049306500087034,0.0006025873322120795,0.12500356447046554
tumor_2,random,IFNAR2,6892,0.019071231362675693,0.0006857962649388979,0.051411416842069776,0.0006165840880539266,0.13793980762915733
tumor_2,random,IFNG,6892,0.004472796258138784,0.00018205612938535512,0.012050113982985309,0.0001466257986434352,0.03728704799229396
tumor_2,random,IFNGR1,6892,0.025714626298780602,0.0009707162162918319,0.06676794278664591,0.0008131452412122362,0.20565793687583223
tumor_2,random,IFNGR2,6892,0.0184355293164647,0.0006340848664444456,0.04828828595439756,0.0005906868738884437,0.1430201410843823
tumor_2,random,IFNL3,6892,0.01099073212857029,0.00042504370308966164,0.028563487603887484,0.0003637013915329298,0.07614961258068835
tumor_2,random,IGF1,6892,0.012686519498017402,0.0004672250442166042,0.0348181067586477,0.00038410009459189515,0.1086363392669907
tumor_2,random,IGF1R,6892,0.0036920240144983144,0.0001221453981852098,0.009749175976079176,0.00011716822694434166,0.028414466504428564
tumor_2,random,IGF2,6892,0.007236269724433561,0.0002746598986653984,0.021514951324448323,0.00019832829221663463,0.05687733910443247
tumor_2,random,IGF2R,6892,0.03237629874523738,0.0011332000909368475,0.0849783585367787,0.0010482642398871658,0.24854012511788465
tumor_2,random,IGFBP3,6892,0.03985792404545814,0.0015002078681448528,0.11225089874823005,0.0012712346348981518,0.5815105161001857
tumor_2,random,IGFBP5,6892,0.04384480161369128,0.001371796830776812,0.11809692282158853,0.0013434979449721163,0.5864586407509654
tumor_2,random,IGFBP6,6892,0.012819445647085242,0.0004747797737006935,0.032057373445411874,0.00040593388031239663,0.0967656163632932
tumor_2,random,IGFBP7,6892,0.018553707841216214,0.000690731908210678,0.05256395976970461,0.0005499526934089957,0.16434487981983492
tumor_2,random,IGHA1,6892,0.01078797208501466,0.00043414192907073823,0.029144200288625223,0.0003638281813949137,0.07531499408174151
tumor_2,random,IGHD,6892,0.011417073496626566,0.0004247935671875803,0.029173518720396984,0.00038449748707790966,0.09235774689200234
tumor_2,random,IGHG1,6892,0.013706816109909458,0.0005096355929710942,0.036830186756489636,0.0004275953560114295,0.11231758855407244
tumor_2,random,IGHG2,6892,0.010324431391669631,0.00039034254710623896,0.025960076321456936,0.00031519019214561503,0.08320853003883444
tumor_2,random,IGHM,6892,0.013003744793870961,0.0004986188084818023,0.03570902185545379,0.00041904342292774346,0.08654172040295552
tumor_2,random,IGKC,6892,0.015435634429895742,0.0006247329482078181,0.0413692587697138,0.00047877517025051775,0.10848780267789737
tumor_2,random,IKZF3,6892,0.00618412969206923,0.00022840318312740643,0.01410724838468064,0.00019776320354393932,0.047535079640429016
tumor_2,random,IL10,6892,0.01206867339713007,0.0004099367534353409,0.03010829052301659,0.00034579200280200563,0.09495130158209733
tumor_2,random,IL10RA,6892,0.002776981164899655,0.00013214380164135306,0.007587998967755043,0.0001234349700919242,0.02453090500202463
tumor_2,random,IL10RB,6892,0.015295154216969023,0.0005493575110736488,0.03921285463038678,0.0004817266851894441,0.12759362871464863
tumor_2,random,IL11,6892,0.00730446588959614,0.00026549372720589365,0.018735998680407547,0.00022006611243041423,0.07224352336016657
tumor_2,random,IL11RA,6892,0.010138281590147976,0.0003987135430367595,0.026743687549930277,0.00034852573849998895,0.07407958274183837
tumor_2,random,IL12A,6892,0.004424124285651698,0.00017630355594393295,0.011008764574592322,0.0001593772390397411,0.03723507755915248
tumor_2,random,IL12B,6892,0.010157684720587796,0.0003732779500682483,0.024838598359547,0.0003075941598151858,0.06669798586434271
tumor_2,random,IL12RB1,6892,0.0036318467146064597,0.0001558735613129062,0.010850121903566193,0.00012845399708456072,0.04348278531384049
tumor_2,random,IL12RB2,6892,0.004172781829422776,0.0001511501320266347,0.011050902260413357,0.000129342766566743,0.043344424318873954
tumor_2,random,IL13RA1,6892,0.025972391752452112,0.0008596245250210747,0.06874267116449265,0.0008267832237975363,0.23573795301278713
tumor_2,random,IL15,6892,0.0052739613824342915,0.00020854548740850917,0.013889729464777978,0.00017757237301894833,0.042789639996854104
tumor_2,random,IL15RA,6892,0.01441249498657345,0.0005900777896347169,0.0381159492095868,0.0004871043699617656,0.10028836298683375
tumor_2,random,IL16,6892,0.005968390019257562,0.00021041461239033614,0.01738204324764734,0.00019524733592673704,0.0518701775993153
tumor_2,random,IL17A,6892,0.005612331872994596,0.00023169935213705024,0.015522674500111985,0.000198338086059319,0.0514031032558272
tumor_2,random,IL17B,6892,0.0065339917714588094,0.0002567978267970452,0.015900030184685277,0.0002075679819505976,0.05487270570773822
tumor_2,random,IL17D,6892,0.00838720792293299,0.0003201517463315886,0.02156212275373618,0.0002968054319162448,0.06331380986410287
tumor_2,random,IL17RA,6892,0.017903079997528683,0.0006503379687207439,0.047057680217430294,0.0005698237030803843,0.13014633092975647
tumor_2,random,IL17RB,6892,0.013491616119050653,0.00049583660572234,0.03572817753659355,0.0004614469749177156,0.07374278092965483
tumor_2,random,IL17RE,6892,0.007526063678047803,0.00025835809984182647,0.018514698187242794,0.0002183750028247009,0.04950203189164069
tumor_2,random,IL18,6892,0.008010601005706806,0.00026852870336846013,0.0206454227181635,0.00024316934013840198,0.04696370536051637
tumor_2,random,IL18R1,6892,0.007833555322233695,0.0002867430565478184,0.019062174694640728,0.0002332228450874716,0.045769015899650836
tumor_2,random,IL1A,6892,0.008484114074292557,0.0003224319092762841,0.020898434875729736,0.00027508493174930096,0.07360478785386933
tumor_2,random,IL1B,6892,0.00791042087976245,0.00028977916851478106,0.019865894685838548,0.0002274069101169363,0.06872178601194959
tumor_2,random,IL1R1,6892,0.01299294182549388,0.000554126450701533,0.0351125938605568,0.0004661755683336359,0.09070629930232176
tumor_2,random,IL1R2,6892,0.004754497135491546,0.00019624102726267648,0.011827664795178688,0.00017233510046381478,0.05184948843224433
tumor_2,random,IL1RAP,6892,0.01916218753313244,0.0006174780753843577,0.05112127548139269,0.0006003245609414728,0.16033232217794408
tumor_2,random,IL1RL1,6892,0.004282587903426896,0.00018802052619887048,0.010198318570267432,0.00014892009088334393,0.028756313391913403
tumor_2,random,IL1RN,6892,0.01008085359698156,0.0004135769640600045,0.02720071310055828,0.00035066391647078416,0.08875481943214854
tumor_2,random,IL2,6892,0.003752348696728125,0.00016084694351884638,0.010078922597498449,0.00011964937341723198,0.027874671002431108
tumor_2,random,IL20,6892,0.008260053639163416,0.00033854614051535164,0.020260059171276802,0.0002599301004571523,0.060896881980582275
tumor_2,random,IL20RA,6892,0.00429881298514564,0.00020373963210504692,0.01172327811087066,0.00017808413258454044,0.03472474744363175
tumor_2,random,IL22RA1,6892,0.0037493713702475445,0.00012111403080508611,0.010475726705858671,0.00012121335369179538,0.022344061992940988
tumor_2,random,IL23A,6892,0.005831183073934097,0.00023056677591959718,0.014983191314054456,0.0001883162204030455,0.04777976953908559
tumor_2,random,IL24,6892,0.011437029816128921,0.0004296919163526448,0.028381312855764486,0.0003651992791449292,0.08098405240807692
tumor_2,random,IL27RA,6892,0.00701449154624829,0.0002853750702089565,0.017295470340982798,0.00022211563873512233,0.05834751785728661
tumor_2,random,IL2RA,6892,0.007062541542291528,0.00026505375674830536,0.018065743104571468,0.0002386582737429227,0.04251906842367968
tumor_2,random,IL2RB,6892,0.0032627608830858405,0.00013640913248765468,0.009097235018005826,0.00011253967415618868,0.03460894450959513
tumor_2,random,IL2RG,6892,0.05196069518336081,0.0017249408552629621,0.14312524286166883,0.001675452662011464,0.5767653192344043
tumor_2,random,IL32,6892,0.07668828465136658,0.002544200760826173,0.21674507195571868,0.0025209062862521525,0.8098092432414935
tumor_2,random,IL33,6892,0.008198352098929546,0.00036316951857095125,0.021108543103525942,0.0002890055080949875,0.05426012433299464
tumor_2,random,IL34,6892,0.022104041397939662,0.000816101301769438,0.05678521567289148,0.0007123016001567685,0.1641043352271122
tumor_2,random,IL36G,6892,0.006687271202374839,0.00024859569229190485,0.016557984511625132,0.00020728105536104363,0.046877758307586434
tumor_2,random,IL3RA,6892,0.007100034039305416,0.00025535195462403815,0.018350869318707108,0.00022758603078430466,0.04496989012017259
tumor_2,random,IL4R,6892,0.01446435089761989,0.000492992004698385,0.036960184038305914,0.0004452879057903854,0.09099789816952979
tumor_2,random,IL6,6892,0.006891645311912521,0.0002556040230747001,0.016708810508193894,0.0002202842121889824,0.06247945743119841
tumor_2,random,IL6R,6892,0.03795035985115758,0.0013754879542524265,0.10477196195255263,0.0012448441784382585,0.35163072064508005
tumor_2,random,IL6ST,6892,0.042396449148563047,0.0014618280400119324,0.11693420761804844,0.0013932387237984949,0.45719961534633563
tumor_2,random,IL7,6892,0.006966191395556147,0.0002320341660598729,0.017729230158142335,0.0002249726211820181,0.04046262886129633
tumor_2,random,IL7R,6892,0.004755346978827014,0.00019772366050791124,0.012768134974225387,0.0001408335971031947,0.03731641523845811
tumor_2,random,INHA,6892,0.024528718558496844,0.0008708619283373075,0.06213417272576689,0.0007678017111501051,0.20056303626738115
tumor_2,random,INHBA,6892,0.01009951923410092,0.00037441205298735926,0.025173015804751602,0.0002926593875301418,0.08634911967367974
tumor_2,random,INHBB,6892,0.009973264713239225,0.0003839291602706473,0.025994996137720293,0.0003023113498780647,0.06141691397563868
tumor_2,random,INS,6892,0.0056679233925409495,0.00020623739975175203,0.01465694644448936,0.00018195045998969863,0.042768719052222556
tumor_2,random,INSIG1,6892,0.01312239596291023,0.0004675325010698499,0.039039076660320304,0.00038669872831947395,0.09359020725810295
tumor_2,random,INSR,6892,0.02080124386821917,0.0007155437642817595,0.05409880395510055,0.000672244605584862,0.17283205256127207
tumor_2,random,IRF3,6892,0.027858854150515776,0.0009809943018710583,0.07460695329203053,0.0008956040776321516,0.21733401697654076
tumor_2,random,IRF4,6892,0.009900448268611315,0.00033347962139612853,0.02476985538605378,0.0002929783723008383,0.06406887475571252
tumor_2,random,ISG15,6892,0.023026550973913384,0.0008975522914858232,0.06420095064411765,0.000787375754783424,0.17665041996564945
tumor_2,random,ITGA1,6892,0.01714059810265758,0.0006847191281841585,0.04601055734116018,0.0005543487313239548,0.131904761589238
tumor_2,random,ITGA2,6892,0.007999228743761421,0.00028369558677269785,0.01944664278036163,0.00024912919955347125,0.05419998358006509
tumor_2,random,ITGA3,6892,0.014445018474468274,0.0005171585644222445,0.03865618365053282,0.000439328282635776,0.1132365632167647
tumor_2,random,ITGA5,6892,0.028988226876774253,0.0009971417402720852,0.07320547712751874,0.0008729438033231623,0.3254342106213251
tumor_2,random,ITGA6,6892,0.019059692175371207,0.0006970030948636207,0.048317206832976876,0.0006039584182726728,0.1374519969778457
tumor_2,random,ITGA8,6892,0.004640348892898401,0.00018838258454871085,0.012338216804998732,0.00016239271000616104,0.026962069175297098
tumor_2,random,ITGA9,6892,0.007089814371411816,0.000224583854360346,0.01671610490346135,0.00021837314896596202,0.04247174821475904
tumor_2,random,ITGAE,6892,0.0023469016256996767,7.865710610639354e-05,0.00637279982936422,6.63110273732109e-05,0.023102967476835008
tumor_2,random,ITGAL,6892,0.007935480004526757,0.0002764134071397925,0.02135196238257817,0.00023156897434725688,0.04007248129258006
tumor_2,random,ITGAM,6892,0.013561292021291832,0.0005798585105604257,0.035606173474418114,0.00048484140235493395,0.09488885327993044
tumor_2,random,ITGAV,6892,0.042854155473633984,0.0015118049225898837,0.11248731059583886,0.0013917901801765646,0.36822054515345354
tumor_2,random,ITGAX,6892,0.0113880142132123,0.00043367270995017663,0.02909114611792112,0.0003835731173891979,0.10461593664422256
tumor_2,random,ITGB1,6892,0.046669906690863766,0.0014426442270998163,0.12223528162520517,0.0014624380124733261,0.39435578327714993
tumor_2,random,ITGB2,6892,0.01542562894490442,0.0005256677922832048,0.04190128966191653,0.00041960686863768104,0.1344962839847537
tumor_2,random,ITGB4,6892,0.007908978449757461,0.0003061970547719589,0.02008949596081059,0.00024111488223919143,0.04677353108753941
tumor_2,random,ITGB5,6892,0.0253032247275487,0.0008865042702798316,0.06547594492258023,0.0008595039667844258,0.20244310054925668
tumor_2,random,ITGB6,6892,0.002657952626399021,9.629767170202449e-05,0.006805797621542377,8.781048755245932e-05,0.02064997301245727
tumor_2,random,ITGB8,6892,0.009256028500993671,0.0003032976096649705,0.023937146534231932,0.00027856441702059744,0.07526550132603094
tumor_2,random,ITK,6892,0.005264558772112174,0.0001964981384132804,0.013810541392214817,0.00017229274269690755,0.042128888997124456
tumor_2,random,ITM2A,6892,0.0059866607625786595,0.00020018735257880835,0.015003814852420291,0.00018759776417032062,0.04975298778754896
tumor_2,random,ITM2B,6892,0.06419968712984114,0.0020609502528783495,0.17917290934852312,0.002063694252074581,0.604795339054052
tumor_2,random,JAG1,6892,0.017293981402002716,0.0006824707530388063,0.04777430240947265,0.0005834949110999287,0.1423556500303742
tumor_2,random,JAK1,6892,0.033159480260312665,0.0011613561845130915,0.08761996673383586,0.001077860529682536,0.2606630709381087
tumor_2,random,JAK2,6892,0.005087755001059534,0.00022228229830121687,0.013079325477404816,0.00017910587350178687,0.02930570146700947
tumor_2,random,JCHAIN,6892,0.005220325839869544,0.00018909135010626953,0.015184019150231867,0.00017045423278421191,0.027937939878326313
tumor_2,random,JUN,6892,0.0636397022714766,0.0020977320391963998,0.17425152592466914,0.0020733759362532903,0.6763020708061909
tumor_2,random,JUNB,6892,0.018603147421958108,0.0006564511242687499,0.05154564317962553,0.0006544623066833081,0.17724502512281054
tumor_2,random,KDR,6892,0.00966831708420987,0.00041738343120862416,0.02491348318498067,0.0003615873712776014,0.06169678123125546
tumor_2,random,KIT,6892,0.00947878317686108,0.0003376334776477479,0.02408722828179371,0.00028439413290254974,0.05703071162869554
tumor_2,random,KITLG,6892,0.011583643058491671,0.0004454286203744263,0.02963853407640646,0.00039330592494781527,0.08747004972882089
tumor_2,random,KLF2,6892,0.006623221252768155,0.00022718443216404051,0.016617533902057138,0.00020028641579412785,0.048574386998341726
tumor_2,random,KLK3,6892,0.007758698289177758,0.00027499560664845797,0.020290340611090082,0.00022257716669096434,0.05990218998423905
tumor_2,random,KLRB1,6892,0.0065035578929097575,0.00021661222525350634,0.016918733236431272,0.00018968118405024182,0.039137223411189546
tumor_2,random,KLRF1,6892,0.004327099551395386,0.00015772838728172594,0.012818242953436204,0.00014869708754819047,0.04116619812480914
tumor_2,random,KLRK1,6892,0.004473063886521419,0.00018444262337093952,0.012286784022145034,0.00017600316695981152,0.03564717128597884
tumor_2,random,KRAS,6892,0.016243300968228597,0.0006053983102035193,0.04260728680533177,0.0005409939943591806,0.11186163343996307
tumor_2,random,KRT1,6892,0.006946302593663525,0.00026048504114081463,0.018582075901245197,0.00023005628700545225,0.04826550869599543
tumor_2,random,KRT10,6892,0.0049668779660873566,0.0002020114270310322,0.014082752783848723,0.00015244810656488714,0.04439506962049709
tumor_2,random,KRT13,6892,0.003197833079032846,0.00011700829587826862,0.008501523907984986,0.00011229988945908721,0.025737202576491463
tumor_2,random,KRT14,6892,0.006422070264900065,0.00022891014741639054,0.0172793938501998,0.0002102940436574603,0.045113430283125186
tumor_2,random,KRT15,6892,0.01711915879430886,0.0006340846670748098,0.04457704583509948,0.0005094985587637056,0.10760865259369876
tumor_2,random,KRT16,6892,0.01892775787744353,0.0007318267353742453,0.0501114105557384,0.000610288479415323,0.1382087770406975
tumor_2,random,KRT17,6892,0.021591587499169458,0.0007242941461292257,0.05550737609700054,0.0006673281601081652,0.1727414208622452
tumor_2,random,KRT18,6892,0.05959541130126132,0.002027217157641353,0.16744011328617803,0.0019715267336523593,0.6548647912134679
tumor_2,random,KRT19,6892,0.019802207402448216,0.0006703849529129525,0.050387970980222206,0.0005746090478563153,0.19989345937902042
tumor_2,random,KRT20,6892,0.017946109611411847,0.0006216932755645213,0.04753563008721144,0.000557856756093865,0.14513499464266472
tumor_2,random,KRT23,6892,0.006712888928274319,0.0002708035877698178,0.01744273278273202,0.00021546663591171813,0.05241159543342509
tumor_2,random,KRT4,6892,0.005831537838938505,0.00019184688609888108,0.014258189481790908,0.00017240314644081356,0.04264228121829641
tumor_2,random,KRT5,6892,0.007362651238753068,0.0002659658110667011,0.01815713965493453,0.00022438699223782676,0.04516089097710769
tumor_2,random,KRT6A,6892,0.010300675743284894,0.00037904461010780237,0.02657004594719075,0.0003042155001676103,0.09487218214373216
tumor_2,random,KRT7,6892,0.010078793880637807,0.0003315851684565561,0.02631158525313646,0.0003046279371907451,0.0636004285839791
tumor_2,random,KRT8,6892,0.07183422099207584,0.0024097019159183726,0.2001174830047152,0.0023923226619836863,0.8066377679656187
tumor_2,random,KRT80,6892,0.00808601339995073,0.00028345593869134243,0.02046281548730572,0.0002306782541603412,0.05114349228348952
tumor_2,random,KRT86,6892,0.013182538967537443,0.0005022423338596456,0.032986531164080936,0.00043077178370458385,0.10700609108526786
tumor_2,random,LAG3,6892,0.007568623905677675,0.0002601392326904445,0.020122368330283504,0.00022868516287333828,0.06156860369186321
tumor_2,random,LAIR1,6892,0.006791783423982972,0.00026249136496699765,0.02038899829110657,0.0002198735553117011,0.05132996281279876
tumor_2,random,LAMA4,6892,0.006911270462911094,0.00030316932670894836,0.018379849241384333,0.00026092853248444316,0.049247116952685195
tumor_2,random,LAMP2,6892,0.06377995346599322,0.0019931923437008846,0.1721015626307873,0.002142219245250264,0.6313653471972499
tumor_2,random,LAMP3,6892,0.004356662001667811,0.00018453017306378024,0.012212891403022987,0.00014964666739494416,0.04220117720283974
tumor_2,random,LCN2,6892,0.010510939935721442,0.0003398251937756564,0.02748245886271334,0.0003248984934247195,0.08063846415343952
tumor_2,random,LDB2,6892,0.007586557152984422,0.00027187515545205854,0.0195610621505401,0.00023383108744558608,0.04665277299139245
tumor_2,random,LDHA,6892,0.05074171737507764,0.0014991533655316965,0.13780050904463567,0.0015710217336774167,0.5620538138686573
tumor_2,random,LDLR,6892,0.009580151900528534,0.00033456975872950696,0.02537659782803068,0.00028858400068549115,0.08309090603773324
tumor_2,random,LEFTY1,6892,0.010802418412181245,0.0004043727861621924,0.02649251390616093,0.0003515465254871788,0.07181013901607664
tumor_2,random,LEP,6892,0.006618109762990762,0.00027773879338296575,0.017093079571692718,0.0002271979046340141,0.04796695298013451
tumor_2,random,LGALS1,6892,0.0590619667280234,0.0017832084532737047,0.1536619205941304,0.0017079972488546176,0.599959903206179
tumor_2,random,LGALS3,6892,0.04696494684638688,0.0015139589191098745,0.12461863272587996,0.0014884005146299265,0.44930350087145243
tumor_2,random,LGALS3BP,6892,0.05491804462041083,0.0017954213129353159,0.15375700490183003,0.0018605342050411096,0.5287813859367163
tumor_2,random,LGALS9,6892,0.029311506938485478,0.0011828400274003397,0.08081371699115537,0.0010068769838477247,0.22653428059714203
tumor_2,random,LGR5,6892,0.005236091460714125,0.00016533014061167114,0.013051733612807875,0.00016247991694389602,0.03965346542613994
tumor_2,random,LIF,6892,0.002617020693321691,0.00012117097968245225,0.0062772912081807755,0.00011213104758364904,0.03072724522736267
tumor_2,random,LIFR,6892,0.008199844028932073,0.0002757679089348566,0.02067519269030416,0.00027906274111336236,0.05596344988391462
tumor_2,random,LINC01781,6892,0.005190194860072774,0.00020757781666053645,0.014730607012355835,0.0001608557735953932,0.040190360462717054
tumor_2,random,LINC01857,6892,0.007801088473494195,0.00033132960752496095,0.018933668159336517,0.00027999225245118746,0.06219960376993289
tumor_2,random,LINC02446,6892,0.006942584619139014,0.0002273643574515865,0.016724681567743385,0.0002276546787467599,0.0387982821884825
tumor_2,random,LMNA,6892,0.03958044787329009,0.0013095442324926488,0.10332813523064524,0.001234230396993103,0.3438495142497734
tumor_2,random,LPAR5,6892,0.008912015344818662,0.000300604755574203,0.022964959709995087,0.0002777177105847679,0.06116784496859147
tumor_2,random,LTB,6892,0.01825691567041608,0.0006881028595314668,0.048104279835091426,0.0005780568230770307,0.12577415128599695
tumor_2,random,LTBR,6892,0.024271637131946484,0.0008788052845417234,0.0627068988787247,0.0008038328876459265,0.1944590466431114
tumor_2,random,LTF,6892,0.0032688211765129925,0.00013831572626681735,0.009811715499930082,0.00010644867399028003,0.027259415956021143
tumor_2,random,LUM,6892,0.009280861991641961,0.0003793982147819113,0.023139527613660334,0.0003253301622346479,0.054451542401295724
tumor_2,random,LY6D,6892,0.010539230865160693,0.0003948286158277811,0.02693237163911174,0.0003362271553390957,0.06796070985747436
tumor_2,random,LY75,6892,0.0068450656429379616,0.0001979318934045081,0.01797969016711078,0.00021679015953687044,0.06617277591233381
tumor_2,random,LYN,6892,0.006676552753477426,0.00024554757732266096,0.017964614049410712,0.00019731220328870428,0.05647463340660959
tumor_2,random,LYVE1,6892,0.004246899378267065,0.00017890850585764554,0.010899037911485852,0.0001732767878654372,0.031340070438437735
tumor_2,random,LYZ,6892,0.012244240627160594,0.0004973170763279817,0.0411096368571242,0.0003315094391404495,0.21069199740552486
tumor_2,random,MAF,6892,0.05179248551451084,0.0016481409169307206,0.13765142136775022,0.001633962723156036,0.42710411233515844
tumor_2,random,MALAT1,6892,0.08155879871351526,0.00255535168029307,0.22765835542924343,0.0028688926496595667,1.347683236915208
tumor_2,random,MAML2,6892,0.009179481456179955,0.0003219667833615854,0.022716800093724857,0.00026603112339590576,0.04926865566129969
tumor_2,random,MAP1LC3B,6892,0.03855806906715423,0.001338582123420736,0.1045597879124321,0.0012351712536162235,0.3007249587314476
tumor_2,random,MAP2K1,6892,0.01887042030865879,0.0006471032685079138,0.04971809638200627,0.0005983393656951564,0.14657807703669865
tumor_2,random,MAPK13,6892,0.020503920909948105,0.0007754351728584503,0.05262748370051397,0.0006625859881841337,0.16292240984774942
tumor_2,random,MAPK14,6892,0.027793565004060255,0.0009528312037802076,0.07473854537475184,0.0008918670237035832,0.23753453402010458
tumor_2,random,MARCKSL1,6892,0.054052021325809385,0.0018617025521036373,0.14794763625078244,0.0017656664555608598,0.4618196172927691
tumor_2,random,MARCO,6892,0.005853138433594215,0.0002616905462362553,0.014833365567650126,0.00017484147579881405,0.029234627493101413
tumor_2,random,MB,6892,0.012787455313931956,0.00039078786875310523,0.03490252552440383,0.0004141598131500423,0.11459201697745591
tumor_2,random,MECOM,6892,0.01689583382263047,0.0006387413497819791,0.04589002784659131,0.0005468582922248874,0.12857595674236214
tumor_2,random,MEG3,6892,0.007867252149427817,0.0002353548867930851,0.020963729488678508,0.00025574110540826564,0.062358404878784315
tumor_2,random,MERTK,6892,0.01418315527358278,0.0005545224606520175,0.03729007535520529,0.00047242638239601467,0.09268394861139359
tumor_2,random,MET,6892,0.01070604502167758,0.00035818659597963503,0.02767434887189658,0.0003335591013320364,0.09312553597103548
tumor_2,random,MFAP5,6892,0.0057262440043359935,0.00018792001302479004,0.015263763705512547,0.00017714280909600526,0.041300632143775294
tumor_2,random,MGP,6892,0.014059077943487389,0.0004706294163907009,0.03673960472672915,0.00038115928184176895,0.1221906614674364
tumor_2,random,MIF,6892,0.08121984682639913,0.0023912274110301363,0.2133227713738508,0.002623833035209982,0.720550689635339
tumor_2,random,MIR4435.2HG,6892,0.010340290194320818,0.00038051441665112575,0.02594075990207434,0.0003447583890680647,0.07556073211952598
tumor_2,random,MKI67,6892,0.0057129233855823325,0.00029657044255479307,0.01580989872956339,0.00025801770509154166,0.027512741198351176
tumor_2,random,MMP1,6892,0.011315014337411926,0.0003914973721654858,0.03068057240479633,0.0003478545391311497,0.09224971486852727
tumor_2,random,MMP12,6892,0.007004447218146363,0.00028751886895219173,0.01841996425889255,0.00022470838307820263,0.05822761682907501
tumor_2,random,MMP14,6892,0.029284983045115877,0.0011576554857024475,0.07729069330957646,0.0009668393857142457,0.20994174543435568
tumor_2,random,MMP19,6892,0.006231767485159851,0.0002748955405943862,0.015367954214983492,0.00022566838570863606,0.05400074050999224
tumor_2,random,MMP2,6892,0.007399963130847428,0.0002577683524190174,0.018630483877565118,0.00022319783971358018,0.05661886311301845
tumor_2,random,MMP7,6892,0.013845742398404606,0.0004697316878018988,0.035269241391784376,0.00043107437789072456,0.11095506824782689
tumor_2,random,MMP9,6892,0.007840364896498423,0.00026445442684834726,0.021236542980508928,0.0002371685696591441,0.06573594885982353
tumor_2,random,MPO,6892,0.009011253131822713,0.0003445113359768441,0.024347331755466488,0.00027750181178441653,0.06080117680296095
tumor_2,random,MRC1,6892,0.006652402330473178,0.0002325182910290467,0.01866430960789115,0.00019550371476975294,0.05393854989623562
tumor_2,random,MRC2,6892,0.008158526059755762,0.0003495477541992063,0.02091658848966999,0.00027342941869258614,0.06582325903698259
tumor_2,random,MS4A1,6892,0.006093969603771267,0.00020801745919299955,0.015510026705508065,0.00017686042113940228,0.04508420075130657
tumor_2,random,MS4A4A,6892,0.004169251919472433,0.0001755660793948963,0.012600726283835632,0.0001569905150752408,0.04164809529547471
tumor_2,random,MS4A6A,6892,0.008412203221250535,0.0003115052340158669,0.0256197478420853,0.0003001432708105629,0.07320633032103178
tumor_2,random,MSMB,6892,0.005664145891747621,0.00021223055080916525,0.013503028366074735,0.00018935811515628187,0.04169708498613868
tumor_2,random,MSR1,6892,0.010194141116092311,0.0003508638186896378,0.027666887638498856,0.00028542237074049025,0.11402437654121363
tumor_2,random,MST1R,6892,0.011087509797447107,0.0004220297921411861,0.0282098821105162,0.00035248002556923197,0.06833505456205966
tumor_2,random,MT1X,6892,0.02414985644188939,0.000737793147351987,0.06763238852972828,0.0007822332904893767,0.31541931885784835
tumor_2,random,MT2A,6892,0.06046623010415362,0.00186412400825336,0.16993221145531878,0.0019237974576411744,0.8075305252530285
tumor_2,random,MTOR,6892,0.01773883952480566,0.0006691537981832718,0.04702990705943848,0.0005997147650653489,0.12229398111494698
tumor_2,random,MX1,6892,0.01899155049997766,0.0006928761761733996,0.053336749215233584,0.0006199543046584129,0.15162750721779233
tumor_2,random,MXRA8,6892,0.010495165974259575,0.0003783345990536986,0.02650794132941825,0.00033037763715705013,0.07154646230713843
tumor_2,random,MYC,6892,0.007637035275829196,0.00024109191832943563,0.0187146058860743,0.00022806043569541113,0.04248251463589509
tumor_2,random,MYH11,6892,0.005460926040372467,0.00019127718747568694,0.014994836255375055,0.0001763075770484634,0.029728482003290303
tumor_2,random,MYH6,6892,0.0029620631963127573,0.00011754461299939878,0.007251350885981156,9.36483367818797e-05,0.028442620801403938
tumor_2,random,MYL12A,6892,0.05574397412134152,0.0018201437728864287,0.1593761229012767,0.0019289334617871665,0.5413990708279515
tumor_2,random,MYL4,6892,0.01101629423800244,0.00040137840491233265,0.02896911324652099,0.00034090924104471877,0.07520907971116529
tumor_2,random,MYL7,6892,0.0054122184345674895,0.0001873893031241486,0.013999161275089633,0.00017424177163761158,0.029646507916236776
tumor_2,random,MYL9,6892,0.05060900443618538,0.0017251056826024268,0.13793750849889738,0.0015858986919858342,0.4716145795234369
tumor_2,random,MZB1,6892,0.005743352870510386,0.0002442197650669405,0.016404918659974628,0.00020275543623397152,0.054310562503579594
tumor_2,random,MZT2A,6892,0.05184642275692911,0.0016032796989605166,0.13976260119541298,0.0017075987981103485,0.44391731163164766
tumor_2,random,NACA,6892,0.049352042903411254,0.0015112538238977928,0.13968664173721118,0.001655330228535084,0.432297115834284
tumor_2,random,NANOG,6892,0.011356275349891098,0.00043247243321828453,0.02996181458474239,0.0003762952946143954,0.08218891450245198
tumor_2,random,NCAM1,6892,0.010155402079780785,0.0003739604239272995,0.026331881661380487,0.000347177293122876,0.07894761431110105
tumor_2,random,NCR1,6892,0.0029649340145471515,0.0001229477016640065,0.008482406892204572,9.571576830151472e-05,0.03163575898330667
tumor_2,random,NDRG1,6892,0.0781366115080386,0.0023579998032029342,0.2090791403404582,0.0025417646315419777,0.8770737340410026
tumor_2,random,NDUFA4L2,6892,0.046941843400626904,0.0014682624943931617,0.12051748626153172,0.0011593170379639605,0.7763532251867387
tumor_2,random,NEAT1,6892,0.07523594052261644,0.002331490334380179,0.21273152696828718,0.0026264190738647625,1.2156787843552572
tumor_2,random,NELL2,6892,0.002081374154446157,0.0001027442153432181,0.0063791251425683775,0.0001048208456899721,0.027212686205712256
tumor_2,random,NFKB1,6892,0.017860400467314845,0.0006611301141804055,0.04804544133142024,0.0005902640450156418,0.12579193501031988
tumor_2,random,NFKBIA,6892,0.04625994196176222,0.0014935844715600157,0.12361034092310116,0.0015313099253873432,0.41397203340468014
tumor_2,random,NGFR,6892,0.008753249270166364,0.00030791953525933157,0.02210671583959996,0.000274427456542853,0.05988366741353862
tumor_2,random,NKG7,6892,0.006994643535716887,0.00030883058594827873,0.019336063702614006,0.00023897201840900373,0.05920392244767462
tumor_2,random,NLRC4,6892,0.005714330034159141,0.00020894031724897616,0.015019496035539434,0.00018272150902395209,0.050988796646421364
tumor_2,random,NLRC5,6892,0.015697315475920577,0.0006206315390785549,0.0400532530473469,0.0005161082408526608,0.09674114840098251
tumor_2,random,NLRP1,6892,0.007472189709525805,0.00026761929320061307,0.01950180304557781,0.00023947124703370287,0.04732983071803147
tumor_2,random,NLRP2,6892,0.007934835134134902,0.0002795962113567394,0.019757293268706587,0.00024125361519857148,0.043732014209230695
tumor_2,random,NLRP3,6892,0.006844591067723381,0.000279687952837794,0.01604599286099432,0.0002429699059444862,0.055717093651426575
tumor_2,random,NOD2,6892,0.012302829352900974,0.0004810757515810964,0.03142576573583612,0.0003778295092716874,0.08667798644067375
tumor_2,random,NOSIP,6892,0.021351225375469036,0.000784772455031558,0.05612730904415347,0.000697324732182448,0.14963325766638888
tumor_2,random,NOTCH1,6892,0.019310211342947532,0.0007512257862113451,0.05149756763093941,0.0006547416104725903,0.14924575128172618
tumor_2,random,NOTCH2,6892,0.015811356797287898,0.0005797015297583269,0.039346288054618275,0.0005005541852760954,0.11296600388319603
tumor_2,random,NOTCH3,6892,0.005866867256038933,0.00019462359860370043,0.017053402319590513,0.00019739098851310395,0.0474404270283526
tumor_2,random,NPPC,6892,0.011093195206170157,0.00042210488400846834,0.028355947978957678,0.00035395803967953524,0.09106016412575665
tumor_2,random,NPR1,6892,0.007227775363105085,0.00022013679159169525,0.019286606708410165,0.00020247763952168055,0.0520307649872622
tumor_2,random,NPR2,6892,0.012358283239828387,0.0004650838626209439,0.03181043582612614,0.00042225823608892565,0.09418771276936604
tumor_2,random,NPR3,6892,0.00937759324227737,0.00036226773690075666,0.02305652685487752,0.00029290827961101385,0.0633592205509239
tumor_2,random,NR1H2,6892,0.03014956667598497,0.0010239125798220368,0.08204444328716778,0.0010090866465937642,0.24870966679926748
tumor_2,random,NR1H3,6892,0.015411755131007333,0.0006090617129068309,0.040994684098697054,0.0005180278280106054,0.1052045327872589
tumor_2,random,NR2F2,6892,0.021681284338092074,0.0007413530895192069,0.05738065164372459,0.0007287923087102092,0.1714636251619353
tumor_2,random,NR3C1,6892,0.030849066255608754,0.0010667172747345975,0.07964373145998929,0.001015615951521368,0.23451757280449895
tumor_2,random,NRG1,6892,0.005769917194961797,0.00023600374401911822,0.015428331341552295,0.0002140114784976192,0.037907151932213945
tumor_2,random,NRXN1,6892,0.006938436384584692,0.00023393138605430993,0.016794542447302774,0.00021646945793208367,0.04674551285847169
tumor_2,random,NRXN3,6892,0.013027345745562663,0.0004728456756410404,0.033540956669641644,0.00040994439027393413,0.07146049140402706
tumor_2,random,NTRK2,6892,0.004784394078415041,0.00015327041924330338,0.01176025930453455,0.00012931262359048583,0.03522696147863223
tumor_2,random,NUPR1,6892,0.07583160820710069,0.0023703241353156077,0.20845276182541733,0.002534794717911275,0.8489515579630511
tumor_2,random,NUSAP1,6892,0.02014894842097073,0.000815739030057811,0.054394461049405596,0.0007181388906166666,0.12615161146790732
tumor_2,random,OAS1,6892,0.014710653765059225,0.0005376381857283503,0.039503617705073255,0.0004935456674099766,0.11056610959788742
tumor_2,random,OAS2,6892,0.0082638244200833,0.0003536222785742578,0.023756600328349767,0.00031871075572021697,0.07829108883014749
tumor_2,random,OAS3,6892,0.010955725261699398,0.0004557500641600977,0.028805369662242016,0.00039726966946581217,0.06709004627926564
tumor_2,random,OASL,6892,0.008423520617056757,0.00033423529110222414,0.023119443555300902,0.00028320240120113533,0.0751614017063941
tumor_2,random,OLFM4,6892,0.0065522901380074645,0.0002348833659097387,0.017864022756349976,0.00020226044701196944,0.04934106041351372
tumor_2,random,OLR1,6892,0.0038213814044243143,0.0001165468441004008,0.010912650624606045,0.00011478076768464469,0.03138339457681477
tumor_2,random,OSM,6892,0.007331284386734464,0.00029204758458003036,0.020209121732911485,0.00025123289234397437,0.052323169285170466
tumor_2,random,OSMR,6892,0.02094714483859702,0.0006653828947332369,0.05474108232487127,0.000624000885131721,0.17502093979441055
tumor_2,random,P2RX5,6892,0.004474120249722296,0.00019879728298049737,0.013344517357446614,0.00015563282710926102,0.028758032110330307
tumor_2,random,PARP1,6892,0.027890103602080836,0.0010373694643245994,0.07468393700732728,0.0009147867589650609,0.19396823953525347
tumor_2,random,PCNA,6892,0.022030713162787617,0.0009257561130757158,0.06091374432596741,0.0007484101546650273,0.15388002417109567
tumor_2,random,PDCD1,6892,0.0071594548783818004,0.00027373034543452573,0.018174789111776946,0.00025115702197917,0.053879284216264166
tumor_2,random,PDCD1LG2,6892,0.006258307401811379,0.000229892384427842,0.015419335711817136,0.0001927436566774364,0.048817539149202345
tumor_2,random,PDGFA,6892,0.026406852224242678,0.0009586803684965954,0.06714218026973337,0.0008433107251824598,0.20556594791304655
tumor_2,random,PDGFB,6892,0.005514107303541463,0.00021187772663195626,0.015009414586746655,0.00018278018869373458,0.043220076384103294
tumor_2,random,PDGFC,6892,0.009504721535762175,0.00034871602262727885,0.02379731699090302,0.0003131526360567485,0.06763280266347343
tumor_2,random,PDGFD,6892,0.0018681961983048807,5.557554420841296e-05,0.005507969096826213,5.736120108189973e-05,0.021597828148478736
tumor_2,random,PDGFRA,6892,0.006368274566256919,0.00021059623649406659,0.017101665808888424,0.00018643209767734342,0.055269381764873095
tumor_2,random,PDGFRB,6892,0.00897867743994633,0.00033698209629965195,0.022795048929558765,0.00028175040431421215,0.06412852273472898
tumor_2,random,PDS5A,6892,0.03531370603519173,0.0012439070311421167,0.09429746025842703,0.0011625252743627447,0.26164151612231185
tumor_2,random,PECAM1,6892,0.009705593886462787,0.00037510300034150824,0.02550922133153436,0.00030507521241510973,0.07323748167210097
tumor_2,random,PF4,6892,0.009760699243145847,0.00034256892911367496,0.02372085394404528,0.0003012179154162539,0.07607369365302283
tumor_2,random,PFN1,6892,0.0538040471760647,0.001883142289508936,0.1596229713889043,0.0018313432417850367,0.5078007560950006
tumor_2,random,PGF,6892,0.012294107405898539,0.00040893124624274204,0.030029560665078937,0.0003719976578002443,0.08488656896648593
tumor_2,random,PGK1,6892,0.08108765804276381,0.002349170252386671,0.21501119550758324,0.0025673124069164133,0.8205861743915708
tumor_2,random,PGR,6892,0.00484433627367945,0.0001612804722722289,0.01329398673439633,0.00015150629303833715,0.031321704281918356
tumor_2,random,PHLDA2,6892,0.02492384299656427,0.0009723356230308995,0.06516829503325014,0.0008366258265990314,0.21199625869528954
tumor_2,random,PIGR,6892,0.021728359237805146,0.000938537191327578,0.062478338380101514,0.0008413279812548924,0.25245771499646147
tumor_2,random,PLAC8,6892,0.010240695645686552,0.00041747359266060285,0.025148609740046707,0.0003206992957068566,0.08793171053630561
tumor_2,random,PLAC9,6892,0.00934660393959295,0.0003377567528160579,0.024186564290972275,0.00027593320982852946,0.06682453780390638
tumor_2,random,PLCG1,6892,0.028880990513487435,0.001024921277019396,0.07501241508349711,0.0008969751006935927,0.21980441674615964
tumor_2,random,PLD3,6892,0.04511576189279108,0.0014419994492188908,0.11807778210059969,0.0014349863291760467,0.3697813681913426
tumor_2,random,PNOC,6892,0.006251577970796673,0.00022496915093087234,0.0161053610530623,0.00020925064030725778,0.05214796980796534
tumor_2,random,POU5F1,6892,0.0431055092926689,0.0015226976727218487,0.11624181195424661,0.0013599137743957506,0.510417396662773
tumor_2,random,PPARA,6892,0.02799146806394247,0.0010003317771637454,0.0777265478520622,0.0009535768721761181,0.2518260903822406
tumor_2,random,PPARD,6892,0.02249669467336301,0.0007098009042172425,0.05724798734133796,0.0006725558238199629,0.1707344309983535
tumor_2,random,PPARG,6892,0.0059906115781383955,0.00024352000026621554,0.015177417053336745,0.0001823582106838558,0.04145615424973791
tumor_2,random,PPIA,6892,0.07385195093869934,0.002391134142313676,0.2091712394329539,0.0026106657390487205,0.6486683077277176
tumor_2,random,PRF1,6892,0.0068222112263413934,0.0002544015291686937,0.018003421841601145,0.0002203195060885369,0.04591181954457404
tumor_2,random,PROX1,6892,0.05087681261566372,0.001685360904035001,0.13897073832337836,0.0016885595305876295,0.48248870046362635
tumor_2,random,PRSS2,6892,0.017057948836703255,0.0006314763569849575,0.04786618389502747,0.0006209170002028546,0.14370220135947054
tumor_2,random,PRTN3,6892,0.00691956816606269,0.0002532886492601472,0.018826171306358653,0.00022117155112947673,0.04478583848171098
tumor_2,random,PSAP,6892,0.06678012381368252,0.002067007754247856,0.18444255604275914,0.00211109650177357,0.6320383578234019
tumor_2,random,PSCA,6892,0.006832732553647192,0.0002686594841642817,0.01683285190444859,0.0002262423179199653,0.048616547401794684
tumor_2,random,PSD3,6892,0.008885772546560861,0.0003399291773891529,0.02390734285485914,0.0002945677161561877,0.09374792074500563
tumor_2,random,PTEN,6892,0.004265860287654763,0.0001608413296326804,0.01227401382660356,0.00015454607914057415,0.03537617322113061
tumor_2,random,PTGDR2,6892,0.005508594983108709,0.00019767899485016857,0.014174459967329814,0.0001864766961086942,0.0501638796199078
tumor_2,random,PTGDS,6892,0.027071685440819015,0.0012242018133828596,0.07242871542477838,0.000880484420854606,0.19812639290356007
tumor_2,random,PTGES,6892,0.014949526570821683,0.00048221351653217754,0.03864043127532964,0.00043206599324730795,0.10436836545872949
tumor_2,random,PTGES2,6892,0.012017821626969058,0.0004515529944388022,0.03247031676907307,0.00039710838522988447,0.09285711870731173
tumor_2,random,PTGES3,6892,0.04258764406110906,0.001436161129225143,0.12080344073549405,0.0014764956547801678,0.3827220987766643
tumor_2,random,PTGIS,6892,0.009318825321215802,0.00029786924795791736,0.024568031809373274,0.00028654950603901764,0.07703037495513358
tumor_2,random,PTGS1,6892,0.010668156436510446,0.00036347680888711495,0.025724185365092744,0.0003083715764093636,0.08484253068630335
tumor_2,random,PTGS2,6892,0.004128925321103158,0.00017307374106498308,0.010604780994707559,0.00016078238584616935,0.03887012981677862
tumor_2,random,PTK2,6892,0.02100753240745803,0.0007363531935108311,0.05413350321697606,0.0006820807755151648,0.16361714370509067
tumor_2,random,PTK6,6892,0.011489979584606227,0.0004277461102712357,0.02914957583354093,0.00036395285841199076,0.09086638415301374
tumor_2,random,PTPRC,6892,0.00577594563695969,0.00021287962786030275,0.015389932711828194,0.00019202252023689707,0.05164079450548015
tumor_2,random,PTPRCAP,6892,0.010885862018699524,0.00038062741896076276,0.029972734070519223,0.0003349151262650371,0.08684444609213901
tumor_2,random,PTTG1,6892,0.018514616628952034,0.0007395042235998738,0.047249807438419104,0.000639080895107628,0.10044155154579708
tumor_2,random,PXDN,6892,0.008039698021289652,0.0002906745013974299,0.021585940417265536,0.000257504312110066,0.05824104015581981
tumor_2,random,QRFPR,6892,0.012575690484931665,0.00046192686622194696,0.03204075310177111,0.00040508882506521196,0.09046439947287006
tumor_2,random,RAC1,6892,0.0533216099147493,0.001673243546440664,0.1460271695782271,0.0017709901673237313,0.4974362864788303
tumor_2,random,RAC2,6892,0.018058483287836928,0.0006707899097628096,0.047863224670301754,0.0005914109791361358,0.1386442794880049
tumor_2,random,RACK1,6892,0.050365007312095963,0.001530827889477412,0.1419011791228591,0.0017203396865145641,0.44728258426418577
tumor_2,random,RAG1,6892,0.005037447646042971,0.00018470292712711642,0.012766066809453492,0.0001502800871809592,0.03501050542787397
tumor_2,random,RAMP1,6892,0.052543537233398344,0.0017646259217991825,0.14497598934586492,0.0016977809613497184,0.5054152175086244
tumor_2,random,RAMP2,6892,0.00754385894165524,0.00029233520581294553,0.02009313323476108,0.0002457144323491361,0.0430542727312364
tumor_2,random,RAMP3,6892,0.006974509758866666,0.00030310641515994487,0.019236845697073058,0.00024286174406392094,0.04758390724749424
tumor_2,random,RARA,6892,0.03207393712815475,0.0011783461728663697,0.08615695539931105,0.0010626601855157737,0.26989157733036845
tumor_2,random,RARB,6892,0.006829735609549798,0.00022564932481635092,0.01704717223598442,0.00021342113312242263,0.042612434233087755
tumor_2,random,RARG,6892,0.006817825999069317,0.00027816827215251886,0.017088481090631547,0.00023848498717864071,0.060670274835809855
tumor_2,random,RARRES1,6892,0.010481270738524394,0.0003737483070984867,0.026902495670303683,0.0003430486128286105,0.07578377490629473
tumor_2,random,RARRES2,6892,0.057956232650389815,0.001850386552643892,0.16624112430449417,0.0019547951098728015,0.6393706208492357
tumor_2,random,RB1,6892,0.0077411914408478276,0.00029586732401343723,0.0202622612172768,0.0002656127034031331,0.0557371288878411
tumor_2,random,RBM47,6892,0.059616583187658535,0.0019095795190035192,0.15938543794994456,0.001897046976842131,0.5438907036224773
tumor_2,random,RBPJ,6892,0.020009222415949365,0.0006683183531420162,0.05284980825386083,0.0006587364652298128,0.1643921906912794
tumor_2,random,REG1A,6892,0.03952651167600845,0.0013277808956746464,0.11598871307668086,0.0012565051534444039,0.663173006664146
tumor_2,random,RELA,6892,0.02014592610316073,0.0007052522677263774,0.0538858703980698,0.0006575934352225101,0.17546517349973917
tumor_2,random,RELT,6892,0.01258595885557041,0.0004717104144151995,0.03381303644555854,0.00039648628611239434,0.0826593541483891
tumor_2,random,RGCC,6892,0.0076340891652996205,0.0003254401518443247,0.019460448457627573,0.0002847000642060421,0.06823302521844578
tumor_2,random,RGS1,6892,0.012088380981757222,0.00039982636053035274,0.03293471096116764,0.0003028906859365318,0.11401508021188363
tumor_2,random,RGS13,6892,0.003571963482614751,0.0001716532965735331,0.010644547908539326,0.00013311641230946298,0.030548075201025305
tumor_2,random,RGS2,6892,0.03216693951618316,0.001041271879193564,0.09127961547116388,0.0010998381229378965,0.37708220363277306
tumor_2,random,RGS5,6892,0.006228486024066525,0.00023953732814549914,0.01969048148322444,0.0002189721438701637,0.05687748404819191
tumor_2,random,RNF43,6892,0.010662323579035949,0.0003780455409884834,0.027176451741434522,0.00033956036169858225,0.06727942740170553
tumor_2,random,ROR1,6892,0.01082907421694116,0.00037164750478641624,0.028269323074497775,0.00034873143938109934,0.08744118855372814
tumor_2,random,RORA,6892,0.022284914954342226,0.0007885314755481836,0.05796337559520852,0.0006885232427798353,0.18028109941016007
tumor_2,random,RPL21,6892,0.062081358762073116,0.001903493825772864,0.17088661052649318,0.0021477270566704586,0.5302691719972683
tumor_2,random,RPL22,6892,0.04794305050588855,0.001434018081653538,0.13338227953361287,0.0016334246947146084,0.4247255860659324
tumor_2,random,RPL32,6892,0.04662191300412118,0.0013641174039775463,0.13064644486472837,0.001593374935529125,0.392468451595702
tumor_2,random,RPL34,6892,0.06044636453489448,0.0017867664327150057,0.17306334019554276,0.0021931416616430555,0.6140220991825487
tumor_2,random,RPL37,6892,0.06198797474530954,0.001935598269601811,0.17961613365553872,0.0022540975943000073,0.603434001990063
tumor_2,random,RPS4Y1,6892,0.0037306850027180537,0.00011037047521479865,0.013817640052719427,0.0001023874543980638,0.03285086546628925
tumor_2,random,RSPO3,6892,0.0030425336321781254,0.00011896563910718956,0.00921156681603544,0.00011412889852481442,0.023786948942701086
tumor_2,random,RUNX3,6892,0.009602119822949128,0.00035135261418730283,0.02358653008117861,0.00029248297310898266,0.06811156370916013
tumor_2,random,RXRA,6892,0.02568566384238801,0.0008806680204054866,0.06819189215014493,0.0008471414345027572,0.2073944361365711
tumor_2,random,RXRB,6892,0.021941488273052614,0.0007866047268604103,0.05670968929783495,0.0007043668727473702,0.16774289156921832
tumor_2,random,RYK,6892,0.019938461892566255,0.0007166080190427047,0.05236193882644682,0.0006508813146528414,0.14341068438694587
tumor_2,random,RYR2,6892,0.011744426724863647,0.00040471957188872594,0.029742632053000068,0.0003593664090041571,0.08552500534838621
tumor_2,random,S100A10,6892,0.07253637799416283,0.0021632449822767837,0.19786065498446542,0.0024185270110310625,0.7691547667972352
tumor_2,random,S100A2,6892,0.011503778088789756,0.0004343635431122641,0.02783484107122048,0.000384865958015982,0.082489551839284
tumor_2,random,S100A4,6892,0.014864445900602902,0.0005208561111308683,0.040769065868161355,0.0004249502916971928,0.14171479771060916
tumor_2,random,S100A6,6892,0.07898029795839996,0.0027197282346498428,0.21213693214531498,0.002517065029799111,0.8505241196113671
tumor_2,random,S100A8,6892,0.004395420703838747,0.00019286341997493364,0.012107661353259568,0.00016407205819214202,0.027884485845809836
tumor_2,random,S100A9,6892,0.023121405245930288,0.0009701275201168356,0.06337077920964271,0.0008780819496606433,0.14858911439565503
tumor_2,random,S100B,6892,0.006234059232823984,0.00026360684145705935,0.015967418950072552,0.00019646141804346664,0.047870782454446655
tumor_2,random,S100P,6892,0.008512856464261958,0.00031913880473298,0.022603477562394735,0.0002775992485815992,0.06407500902671116
tumor_2,random,SAA1,6892,0.021984243807634224,0.0008083743602782795,0.06421098160728796,0.0006045298820575898,0.15622880834744834
tumor_2,random,SAT1,6892,0.036800073826334476,0.0012105249793790713,0.09941405118761305,0.0011753385119399578,0.32210872018319214
tumor_2,random,SCG5,6892,0.008138300646389027,0.00031405631382003057,0.021160848429368447,0.0002498677367067239,0.05847690976485335
tumor_2,random,SCGB3A1,6892,0.007136256369674017,0.0002914499605699963,0.01768420309109967,0.00022304739271821188,0.04115789898922462
tumor_2,random,SEC23A,6892,0.02193758191221388,0.0008223808073483895,0.06289172728953518,0.000731002726862305,0.1999780207551937
tumor_2,random,SEC61G,6892,0.03815525921286763,0.0012133833520862423,0.10454648610552283,0.0012404309062894001,0.3195598301367838
tumor_2,random,SELENOP,6892,0.052715627088341745,0.0017092458153320053,0.16089562040092062,0.0018716667311472136,0.5715398972107332
tumor_2,random,SELL,6892,0.0065611174903205715,0.00022907126721265244,0.01715286391079415,0.0002045720192698256,0.03741103071349976
tumor_2,random,SELPLG,6892,0.008625819671673952,0.00030987177686367775,0.022610223216394658,0.0002712956357630855,0.06684118165376936
tumor_2,random,SERPINA1,6892,0.07475501978213159,0.002393254737589837,0.22048899746352393,0.002687520825532934,1.053018585619647
tumor_2,random,SERPINA3,6892,0.0606639726295823,0.0019758228541047777,0.17088800135859922,0.0017573056134725553,0.8879010774308144
tumor_2,random,SERPINB5,6892,0.0045469796420839845,0.00015863306712884622,0.012585110275155378,0.00015608012824326717,0.03939974643366685
tumor_2,random,SERPINH1,6892,0.03816830372037577,0.0014100474463378137,0.10634850999866075,0.0012761309114459113,0.3186038851150204
tumor_2,random,SFN,6892,0.030324262652699673,0.0010360873376973761,0.08001979458029855,0.0010058914594227649,0.28129698888950583
tumor_2,random,SH3BGRL3,6892,0.05615688838079602,0.0018063258944114326,0.156508157760722,0.001851947967569559,0.5224907653928775
tumor_2,random,SIGIRR,6892,0.010636359322394526,0.0003898360173556425,0.027633062450975198,0.0003312474576637891,0.07903205462604554
tumor_2,random,SLA,6892,0.008406431308352388,0.0002988745488225039,0.022454328115816536,0.00024828311682049297,0.06708938214624373
tumor_2,random,SLC2A1,6892,0.03082392958077444,0.0009541126092842076,0.08032221033222199,0.0008377023255083687,0.36131515660399155
tumor_2,random,SLC40A1,6892,0.016652962288221163,0.0005713649050044959,0.04777357011118761,0.0005775374475493002,0.14637862193796414
tumor_2,random,SLCO2B1,6892,0.01626095639058517,0.0005664874416041274,0.046447770872266314,0.0004862313081317543,0.15610652333439348
tumor_2,random,SLPI,6892,0.025366169841067127,0.000993366943846548,0.06890541172518275,0.0008777469098963795,0.1642296286406522
tumor_2,random,SMAD2,6892,0.022496749762998643,0.0008128526803054925,0.06278284885196282,0.0007463322918684273,0.17091628452405214
tumor_2,random,SMAD3,6892,0.012345640941655984,0.00044737450583482856,0.03287446624598046,0.0004085799356733158,0.09379289470781241
tumor_2,random,SMAD4,6892,0.016566570198003394,0.0006081841462768212,0.04551586448155491,0.000567962950102882,0.13504919242701668
tumor_2,random,SMARCB1,6892,0.01937832900750528,0.00071878742831213,0.05079203645922503,0.0006070664796452366,0.15688377974904325
tumor_2,random,SMO,6892,0.016958851296358997,0.0005931926981033086,0.04350633823062287,0.0005393050601526953,0.11203419956737833
tumor_2,random,SNAI1,6892,0.030003143024745504,0.0011079559996677855,0.07605935199514675,0.0009142852492318096,0.2179559901140054
tumor_2,random,SNAI2,6892,0.018441964104103797,0.000698107276360856,0.05278070684557119,0.000636157872915563,0.142798259206937
tumor_2,random,SOD1,6892,0.05574647360268491,0.0018617057675705602,0.16000092378935737,0.0018949505650733337,0.5011984321276413
tumor_2,random,SOD2,6892,0.07861154990022633,0.0026368655756659966,0.22085804094974484,0.0025390494304799952,0.8687211403174887
tumor_2,random,SORBS1,6892,0.010446446586994307,0.0004053559397690026,0.028765392549202445,0.00033869246834297755,0.07300079932527166
tumor_2,random,SOSTDC1,6892,0.008769146638524569,0.00033617949292329987,0.020967119599982244,0.0002861211305510252,0.0462647016646016
tumor_2,random,SOX2,6892,0.0051359536508676605,0.00017209188433469315,0.012979324391891168,0.00015242092635115147,0.03130054877223373
tumor_2,random,SOX4,6892,0.06770797242135895,0.0022017120308473782,0.17602381525492025,0.002059527579606084,0.6721803853177135
tumor_2,random,SOX9,6892,0.06062224793519627,0.002138450241891074,0.15845279706919996,0.001960307900726127,0.5414566068296276
tumor_2,random,SPARCL1,6892,0.016779801786514524,0.0005741673197890995,0.044225452295696396,0.000537736680425425,0.13806665074826824
tumor_2,random,SPINK1,6892,0.015535883736692355,0.00070301324275338,0.04929551695296741,0.0005858956845261492,0.20410443639791326
tumor_2,random,SPOCK2,6892,0.007555544264309186,0.0003026662423185287,0.019808261209379424,0.0002332432823252509,0.06133853018132723
tumor_2,random,SPP1,6892,0.058901874759089624,0.001916936563625074,0.15560840555579952,0.0015966472056819843,1.0985099122237254
tumor_2,random,SPRY2,6892,0.011933096243069657,0.00043735528197049253,0.0289254534118271,0.000387008638251023,0.08905614989291497
tumor_2,random,SPRY4,6892,0.0068466089810142045,0.000303348450753624,0.017777701169953725,0.00025694754826792443,0.0453916691035636
tumor_2,random,SQLE,6892,0.015670571002580312,0.0006072320412926043,0.04188080131935304,0.0004976076213765746,0.09664228182465257
tumor_2,random,SQSTM1,6892,0.0666137659186454,0.0022555092805558847,0.18623686396332811,0.0023209049769732193,0.6557656351004439
tumor_2,random,SRC,6892,0.016970154647626204,0.0006596467537589785,0.045710793005743613,0.0005585756265181357,0.11977296959795591
tumor_2,random,SREBF1,6892,0.008193532598731382,0.00028027479929635394,0.02178758669519463,0.00025690221401381686,0.054073018062395804
tumor_2,random,SRGN,6892,0.008937544893121777,0.0003471060817231436,0.027736747844229293,0.00021336079191636514,0.12243677864668119
tumor_2,random,SRSF2,6892,0.048981305706010426,0.0017828082090507826,0.13672026158769918,0.0016770644785182457,0.4308325226505036
tumor_2,random,SST,6892,0.008602102008906046,0.0002971850178409765,0.020330982112600853,0.0002557049134357101,0.050464808713571896
tumor_2,random,ST6GAL1,6892,0.020482027001929748,0.0007455921539995966,0.057053657299749774,0.0007233291966492394,0.14038174550358212
tumor_2,random,ST6GALNAC3,6892,0.006838084384407124,0.0002705171591529199,0.017454128548245094,0.00023421174903854604,0.04969793621179872
tumor_2,random,STAT1,6892,0.030930637563181495,0.001209051171873188,0.09040755054857247,0.0010941263268511203,0.2550857745358897
tumor_2,random,STAT3,6892,0.03892060937451818,0.001342052675609726,0.10638339221196436,0.0012619104872909936,0.3230087723332463
tumor_2,random,STAT4,6892,0.006051923979240785,0.00025012405474116506,0.01754578647399143,0.0001984987871644053,0.03791635685697571
tumor_2,random,STAT5A,6892,0.01652878431194001,0.0005718623569345802,0.0434963482997658,0.0005033210421099215,0.09143124989872208
tumor_2,random,STAT5B,6892,0.010846293222056987,0.0003995417734259099,0.029206609772950698,0.0003626367304818105,0.08904459784240443
tumor_2,random,STAT6,6892,0.019763297880597053,0.0006973318109800454,0.05319221630347628,0.000635366040531788,0.14928431793947453
tumor_2,random,STMN1,6892,0.05171037984050343,0.001964324616043664,0.14517743198224844,0.0017725005923266,0.45537735418518527
tumor_2,random,SYK,6892,0.00798414032520495,0.0002993145341894173,0.021296283579667955,0.00026222197636379557,0.05665668063761174
tumor_2,random,TACSTD2,6892,0.006590587130501256,0.00023154770560475794,0.016404562609124814,0.00019049663411214204,0.04902534035103238
tumor_2,random,TAGLN,6892,0.007635896770014398,0.00028788069953043284,0.024276918534852147,0.0002147282823762545,0.07127896602613484
tumor_2,random,TAP1,6892,0.02279811863268333,0.0008899475100501629,0.061563974615905084,0.0007699482790023234,0.18274199351996087
tumor_2,random,TAP2,6892,0.01777855587061884,0.0006755354090381549,0.047631779067189656,0.0005696426246548242,0.129735388106278
tumor_2,random,TBX21,6892,0.0026197603412780068,0.00014034589603098858,0.008048870680716972,0.00010626928202281803,0.025659015765071392
tumor_2,random,TCAP,6892,0.017062193378220996,0.0006754553429902188,0.04273815750138611,0.0005692531845551852,0.13655392296231686
tumor_2,random,TCF7,6892,0.006642559508550361,0.00027914463774488744,0.016932272217147274,0.0002343543781776363,0.05629996706438354
tumor_2,random,TCL1A,6892,0.00545153924779133,0.0002557350830661401,0.014609476322204402,0.00020319387690318497,0.04369784776776174
tumor_2,random,TEK,6892,0.003364705297823247,0.00011770198742612732,0.009660577762919818,0.00010280418555644617,0.02663211269883205
tumor_2,random,TFEB,6892,0.016100343697457355,0.0006549346490418909,0.04029372478165035,0.0005114000500291817,0.1101364358068974
tumor_2,random,TGFB1,6892,0.015121681138995258,0.0005193270973523481,0.039329197946411584,0.0004718798879228447,0.1106084381850615
tumor_2,random,TGFB2,6892,0.006183296480084739,0.0002345537641249742,0.015328620892673195,0.0002166518337220543,0.04210887808083656
tumor_2,random,TGFB3,6892,0.009765428496639281,0.00030937736005628676,0.024317162341448505,0.00028291816395611296,0.06473518619692528
tumor_2,random,TGFBI,6892,0.010180010119435775,0.00035632237476280874,0.026711433879664633,0.00031613748865058514,0.06563394831940608
tumor_2,random,TGFBR1,6892,0.010598349722007152,0.00034855438377941097,0.02771710218660084,0.0003248688041159773,0.07945899232454877
tumor_2,random,TGFBR2,6892,0.01653402107719789,0.0006644361858530129,0.04333523325201148,0.0005415763285845842,0.1332973616353238
tumor_2,random,THBS1,6892,0.014995412609890726,0.0005789407578798934,0.0368380108552953,0.0005039925786842417,0.10353700259208627
tumor_2,random,THBS2,6892,0.006398965526659753,0.00024685276650954116,0.016090387739327604,0.00018809891956419144,0.04484956939410812
tumor_2,random,THSD4,6892,0.013124751155880873,0.0005131424538647477,0.0337555860740971,0.00043511536921915815,0.09231802487453197
tumor_2,random,TIE1,6892,0.009049854609840704,0.00031281458700567174,0.02339937385086249,0.0003007687102020385,0.06875080139508125
tumor_2,random,TIGIT,6892,0.006270164657450101,0.0002479982773162301,0.016809933934251557,0.00019650707130133713,0.05396725350007482
tumor_2,random,TIMP1,6892,0.06315121597469067,0.0020807332443979654,0.1743275276915096,0.002010979246492915,0.6011081782268428
tumor_2,random,TLR1,6892,0.007581784406270685,0.00024049521688898588,0.018504266014145076,0.00022414565235474317,0.05309763203014347
tumor_2,random,TLR2,6892,0.011788200503158439,0.0004222176955599871,0.032108485559447494,0.00039188473906838977,0.08174614942946881
tumor_2,random,TLR3,6892,0.008181089684486095,0.0002775882104203214,0.022282508550805283,0.00025700085494959643,0.05008121271704709
tumor_2,random,TLR4,6892,0.007844299271860058,0.0002911982763227888,0.018728230601958756,0.0002622960349951679,0.05411941247434672
tumor_2,random,TLR5,6892,0.010909430619552992,0.00043147569692106763,0.02608816273497889,0.000360038505732695,0.09250526936441296
tumor_2,random,TLR7,6892,0.007865429988365515,0.00026464247250209685,0.020413112659785664,0.0002199732576186095,0.04585092823826803
tumor_2,random,TLR8,6892,0.004572014922943146,0.00014473812004351793,0.011754473822069199,0.0001301892235272196,0.028404196199065358
tumor_2,random,TM4SF1,6892,0.037758326856811325,0.0012899743789785182,0.1005921721143715,0.00122976170535336,0.32980417028658215
tumor_2,random,TNF,6892,0.005737024632464171,0.00021531403043784222,0.015660363229846198,0.00018805633967060347,0.04360465590419689
tumor_2,random,TNFAIP6,6892,0.007311183670524873,0.0002816013052179595,0.020163244555622677,0.0002594241192228353,0.053752327942168165
tumor_2,random,TNFRSF10A,6892,0.0033632374312123257,0.0001394061268927345,0.008633051415742119,0.00011505313600999768,0.020459918687820416
tumor_2,random,TNFRSF10B,6892,0.01124156045571896,0.0004243966376214336,0.03016844345085746,0.0003645172364506439,0.0735092871097078
tumor_2,random,TNFRSF10D,6892,0.0056047176332856205,0.00018022132808233395,0.014997306672758375,0.0001954490294589797,0.04942889794590534
tumor_2,random,TNFRSF11A,6892,0.010880144519660594,0.0003428809309822805,0.0292498056369672,0.00033622285334279617,0.08590844762075482
tumor_2,random,TNFRSF11B,6892,0.015638716153619954,0.0005912628637794497,0.040506557503567055,0.0005157957785190693,0.10446389160908501
tumor_2,random,TNFRSF12A,6892,0.031320023375660075,0.0010513675101108495,0.08148132538724553,0.0009266923938548801,0.3076617297301401
tumor_2,random,TNFRSF13B,6892,0.004468858347734349,0.00018897383834634338,0.011608537011771737,0.00013886941118434784,0.031788339376305375
tumor_2,random,TNFRSF14,6892,0.0402929533772831,0.0013613316671238333,0.10770506658389985,0.0012657244864426509,0.37113185318930125
tumor_2,random,TNFRSF17,6892,0.003478245556236148,0.00013864405454196328,0.00984301407316357,0.00012373773388839928,0.0318924822340038
tumor_2,random,TNFRSF18,6892,0.008882232845095497,0.0003608958143061652,0.02217630380753793,0.00026420453434278837,0.0622823471136585
tumor_2,random,TNFRSF19,6892,0.0036393752255251613,0.00011993050732820631,0.00979377784839498,0.00010163162051193054,0.020627307880979433
tumor_2,random,TNFRSF1A,6892,0.03546917913975497,0.00119239130389325,0.09523077520751436,0.0011454985112707582,0.3321396226978247
tumor_2,random,TNFRSF1B,6892,0.007271753744111686,0.000291369187441971,0.019161281227930087,0.00024466351243754433,0.05841778929419361
tumor_2,random,TNFRSF21,6892,0.023774793341613167,0.0008145998680974381,0.059783944456896984,0.0007506299532416828,0.19808684678033678
tumor_2,random,TNFRSF4,6892,0.006127420227471426,0.0002455866350462195,0.016181894325115027,0.00022195879144152166,0.04662464629952185
tumor_2,random,TNFRSF9,6892,0.004675487348183101,0.00018236105912490365,0.011069464010235952,0.00016508810091758928,0.03508747659900856
tumor_2,random,TNFSF10,6892,0.01639862518816499,0.0005592061915924194,0.04205158851477001,0.0005103529778059159,0.12073531780261046
tumor_2,random,TNFSF12,6892,0.00938700662711792,0.0003210437565037181,0.02313879109355305,0.00028362381682428046,0.06312974996426657
tumor_2,random,TNFSF13B,6892,0.006415833874259121,0.00023401109437440129,0.016991030699311304,0.00020720054740294643,0.055784904933836844
tumor_2,random,TNFSF14,6892,0.005818485010788818,0.00023681170694951848,0.016346417820160573,0.00019349555310457415,0.05830944874163128
tumor_2,random,TNFSF15,6892,0.005816234026544198,0.0002154489281332766,0.015539811335874853,0.00018831005823410077,0.04509706022425776
tumor_2,random,TNFSF4,6892,0.010194573234541053,0.0003780682472779333,0.025352696196568804,0.0003351891986432127,0.06597679093217929
tumor_2,random,TNFSF8,6892,0.004985833498316878,0.00020026145037365333,0.013870411687592737,0.00017072405262280954,0.053569833801729264
tumor_2,random,TNFSF9,6892,0.006358168077049513,0.00021421966848195109,0.016368393276073895,0.00020315396568664867,0.03974385193537566
tumor_2,random,TNNC1,6892,0.01094415383570186,0.00038196532927309496,0.02852990195799448,0.00033821225287011667,0.059638192078208065
tumor_2,random,TNNT2,6892,0.005739773226265692,0.0002025865812433573,0.015790530220628134,0.00015767598575736194,0.04760506360645902
tumor_2,random,TNXB,6892,0.02247309620527024,0.000692759249734323,0.05611974880777924,0.0006541998052648825,0.23253241403421848
tumor_2,random,TOP2A,6892,0.023863599026841622,0.0010004384325845177,0.06262226242853683,0.0008068619129361255,0.15049858744709008
tumor_2,random,TOX,6892,0.011790171087823821,0.0004475727052117367,0.029907174545674826,0.00038399850785966435,0.08345256001848025
tumor_2,random,TP53,6892,0.005783166802767718,0.00020757949053661415,0.016538336689735846,0.00016638796979715425,0.03599074812757364
tumor_2,random,TPI1,6892,0.06106132981799828,0.0019116939374432716,0.1627560914560852,0.0019004854622663558,0.576269701203764
tumor_2,random,TPM1,6892,0.057952583485590514,0.0018294294212139967,0.15864708042923562,0.001855994159433534,0.6094856407246763
tumor_2,random,TPM2,6892,0.028345414654211774,0.0011133277830340075,0.07582846827903958,0.0009066162244594235,0.24312691880217535
tumor_2,random,TPSAB1,6892,0.012642539198793042,0.00045997151808845516,0.03299860429949518,0.00038549900354703916,0.09233703460284698
tumor_2,random,TPT1,6892,0.04619944902518397,0.0013336881921565946,0.14225687786747712,0.0017697300323627004,0.5216701025413346
tumor_2,random,TSC22D1,6892,0.029626779775181168,0.0010310343700285119,0.07547814748887767,0.0009341696818995758,0.23458810537401625
tumor_2,random,TSHZ2,6892,0.015893266757660618,0.0005937744127183617,0.04199068486564664,0.0004948991043228357,0.12310139392124966
tumor_2,random,TTN,6892,0.017689363713507572,0.0007756661906520243,0.04608144742910746,0.0006299590819427529,0.16728513686603408
tumor_2,random,TTR,6892,0.043540368109830134,0.00174447961616687,0.13060571461020323,0.001436334490794105,0.4728103451883687
tumor_2,random,TUBB,6892,0.0659312961734961,0.0022942484789402816,0.18421202800752842,0.002206240961082138,0.6604037618542613
tumor_2,random,TUBB4B,6892,0.0486748893878753,0.0017115673639866336,0.13400243161831568,0.0016264787242340748,0.4611653429442179
tumor_2,random,TWIST1,6892,0.010200287114174925,0.00038613351862734917,0.025256402286261324,0.00033917350039795963,0.059435076822210275
tumor_2,random,TWIST2,6892,0.010592027523112172,0.0004187134576356957,0.02759643795551949,0.0003558795994983581,0.06567004965763895
tumor_2,random,TXK,6892,0.0074552939715295235,0.0002690802021986006,0.019882970121897242,0.00023646986556922762,0.050283084592972704
tumor_2,random,TYK2,6892,0.015518936515746295,0.0005878620825908096,0.04038107212299391,0.0005296630648397039,0.09096268412137623
tumor_2,random,TYMS,6892,0.028875254553377045,0.0011438790292930298,0.07631024176714178,0.0009684243724710955,0.1993571858806225
tumor_2,random,TYROBP,6892,0.010796278665270342,0.00039906837656931266,0.030395278175473883,0.00035005805029079636,0.0964327926571417
tumor_2,random,UBA52,6892,0.04581419327915216,0.001465947742309931,0.12936650374790765,0.0015469922981061837,0.38895955424040485
tumor_2,random,UBE2C,6892,0.02690585057892487,0.0010437730407868938,0.06995472119083586,0.0008802252640635425,0.1903366706659421
tumor_2,random,UPK3A,6892,0.0032724858103541617,0.00012758320987714213,0.008059673115840259,0.00011242237647749511,0.026788157505090705
tumor_2,random,VCAM1,6892,0.011367430452901159,0.00043239083339330684,0.029343082520554575,0.000359641919009064,0.08417023110057271
tumor_2,random,VCAN,6892,0.0027083675858339817,0.00010930338498781416,0.008575925463371388,0.0001019640683884961,0.019683138837161752
tumor_2,random,VEGFA,6892,0.06794467550994006,0.0020041481099930814,0.17648871878127703,0.002104931299019755,0.9619120003931737
tumor_2,random,VEGFB,6892,0.03892278237611831,0.0012239731673982408,0.10173481557237443,0.0012130285524121604,0.34595376653536225
tumor_2,random,VEGFC,6892,0.0035420010104998123,0.00010633611891079371,0.010382161782222064,0.00010244429420468305,0.033238385722461086
tumor_2,random,VEGFD,6892,0.011876685110969957,0.00040911274698869545,0.03003722314165556,0.00038042914436060317,0.07799445502868194
tumor_2,random,VHL,6892,0.03081874231473371,0.0011429358054677783,0.08250232365543363,0.0010235769662950177,0.22621379585385534
tumor_2,random,VIM,6892,0.01803411931746482,0.0005975967845148571,0.05633976261871443,0.00044790489598272855,0.2528054529707159
tumor_2,random,VPREB3,6892,0.009231010374158525,0.0003282901404422005,0.023777995008901757,0.0002960149194891552,0.05718261892077727
tumor_2,random,VSIR,6892,0.013624002806057486,0.00047275020184617223,0.0362400615313785,0.00043661398483857834,0.10334343271813647
tumor_2,random,VTN,6892,0.05146487598708499,0.001892804447813,0.17858118097999448,0.0017925240606568276,0.8824257301679689
tumor_2,random,VWA1,6892,0.026061559271594932,0.0008317988506009326,0.06516095591099307,0.0007135850815638369,0.23668360213795295
tumor_2,random,VWF,6892,0.007274383721990458,0.00025271258965337023,0.019225142112267175,0.00022214046130613398,0.05339073567056731
tumor_2,random,WIF1,6892,0.005479565823493386,0.00022486354450367387,0.015432552527190358,0.00019419592043452182,0.04089519171697158
tumor_2,random,WNT10B,6892,0.006167409590618967,0.00026370509748546353,0.017386277051327954,0.00021099084228897347,0.048884610409202695
tumor_2,random,WNT11,6892,0.0041268600125267925,0.00014910908640197775,0.01118884434544082,0.00011603864923102185,0.04447547205486432
tumor_2,random,WNT3,6892,0.014682384282653232,0.0005404050907341215,0.037090891229288214,0.0004749015257260645,0.09958378751858718
tumor_2,random,WNT5A,6892,0.0041970803528509,0.00017541526842138497,0.01269289421524233,0.00013069220458704301,0.035014653766673114
tumor_2,random,WNT5B,6892,0.011674338578150862,0.00039810534227477113,0.028913741855267534,0.00036742802031352885,0.07364331527648421
tumor_2,random,WNT7A,6892,0.005366248026524264,0.00021031882062065474,0.014932671415639013,0.00019123377959314995,0.03758064907783043
tumor_2,random,WNT7B,6892,0.008693326585731527,0.0003135226926533594,0.022870747731267235,0.000283506051945124,0.07721804984497045
tumor_2,random,WNT9A,6892,0.01658842618055847,0.0005598698188484612,0.04013185836684209,0.0005023122377450237,0.10542085418446893
tumor_2,random,XBP1,6892,0.03691053459743358,0.0012399181974735007,0.10088927485292683,0.0012545274288168523,0.3023325515535193
tumor_2,random,XCL1,6892,0.01955016416568337,0.0007595289068633558,0.049439505110962345,0.0006484346317794821,0.14867442842830683
tumor_2,random,XKR4,6892,0.005139863994230302,0.00019757699317901465,0.01300618575555125,0.00016498909586641744,0.026437729270520082
tumor_2,random,YBX3,6892,0.061313045744214464,0.0018977221278648462,0.15991061291275238,0.00194020879760607,0.5648145707358553
tumor_2,random,YES1,6892,0.00994133337226484,0.00038328722742432894,0.026890937991225133,0.0003257239126568199,0.09149527237457973
tumor_2,random,ZBTB16,6892,0.04958689325501671,0.0015770412242967194,0.13132643861587615,0.0016272527801513993,0.5124015882932416
tumor_2,random,ZFP36,6892,0.047013629173695906,0.0014788372492475913,0.12615059164829862,0.001535779967083286,0.46818618907598025
