gene,n_cells,PCC,MSE,MSE0,EV_percent,observed_mean,predicted_mean,observed_variance,predicted_variance,PCC_defined
AATK,6969,0.2411743200576483,0.07163749110844797,0.07538537915062947,4.9716378486241215,-0.0019751660304494424,0.015673276298974886,0.07538147786978004,0.007116196119509813,True
ABL1,6969,0.3382039407979276,0.13419189518607322,0.1513686250491891,11.34761570142696,-0.00011374524606490412,0.009266960944711503,0.15136861211120617,0.019207268438954872,True
ABL2,6969,0.28893468741142536,0.09539594892560103,0.10408390982409568,8.34707392639027,0.004553962695083722,0.001086065096253857,0.1040631712478702,0.008159297238252367,True
ACACB,6969,0.36311119298420497,0.17233884709971015,0.19790823313629569,12.919819267436129,0.007774790106690038,0.02088213213213608,0.19784778577509193,0.032995867723182304,True
ACE,6969,0.322155423221882,0.11799875598934008,0.13124068456039006,10.08980455672398,0.004633821575897191,-0.007954102216673592,0.13121921225799552,0.01747045802961988,True
ACKR1,6969,0.22412811241509772,0.06275086026697124,0.06594232286828662,4.839778859003829,0.006924885250964762,0.019831093895898683,0.06589436883254757,0.003326436675712255,True
ACKR3,6969,0.2665833235573991,0.08547257514446449,0.09198107944026548,7.075916411730909,0.0029365488315076767,0.008561588564671417,0.09197245612122265,0.006192007370105309,True
ACKR4,6969,0.2418498093092656,0.08418879897215026,0.08906793983839367,5.477999014119128,0.000999997579088374,0.016100741188915992,0.08906693984323592,0.0067815069409112696,True
ACP5,6969,0.3574190699274009,0.14620115935995778,0.1669622543153596,12.434603881298878,-0.0052594959025985795,0.01824279867680865,0.1669345920182086,0.019522084755101782,True
ACTA2,6969,0.18127957355928068,0.05088130955133969,0.0523564431308198,2.817482417196071,0.0033388711883067606,-0.012387949973879354,0.052345295070009325,0.0019760658630623524,True
ACTG2,6969,0.15962454327620948,0.034181501934011996,0.03442823809317556,0.716667981950736,-0.002806522850198988,-0.02683762667564605,0.03442036152266561,0.0013990781620801301,True
ACVR1,6969,0.32315554069595454,0.1390407553768136,0.15486301854555332,10.216940956814401,-8.364039525220753e-05,-0.018227485392679932,0.15486301154983945,0.017353388385923648,True
ACVR1B,6969,0.3938538283298103,0.1825901296020749,0.21578856964707951,15.38470740099922,0.007971090657380206,-0.00885117594036424,0.21572503136081636,0.03597841992936501,True
ACVR2A,6969,0.2658368956210323,0.08641504908957633,0.09187598908781322,5.943816281550385,-0.0009387169994947335,0.027926302417013715,0.09187510789820977,0.008968454530350221,True
ACVRL1,6969,0.3437343627839752,0.12906657580322262,0.14636594131759312,11.819256145685786,0.007270962825240903,0.0019512985418578066,0.14631307441718736,0.018232521464678453,True
ADGRA2,6969,0.23962126577113507,0.06372043203602266,0.06754149147064835,5.657351283523571,-0.002051927212372899,-0.00946284713209411,0.06753728106536427,0.004191807338737941,True
ADGRA3,6969,0.2673362799442923,0.07372775906823122,0.07917397342092869,6.878793771966785,0.0028427379639611593,0.008913077051877069,0.07916589226179714,0.007875311826397516,True
ADGRE2,6969,0.20688465137629247,0.05373481150747756,0.056036933104611185,4.10822197002817,0.006265497655382046,0.016705784622741783,0.055997676643742715,0.0029103276769572705,True
ADGRE5,6969,0.295021898181841,0.10711174228205507,0.11591821139688438,7.597140267008995,-0.007564260916347944,0.021140782578161002,0.11586099335367335,0.015135755279821554,True
ADGRF1,6969,0.19883011476596915,0.06281943071557357,0.06532428332803294,3.8344892356200755,-0.003159274561348049,-0.006807921899124191,0.06531430231228055,0.0035297404630803635,True
ADGRF3,6969,0.23197302959939392,0.059574973654931786,0.06274287671518423,5.049024249609824,0.0007125917917807315,-0.013715649377525254,0.06274236892812318,0.003473533450954414,True
ADGRF5,6969,0.21825701251753285,0.05126716695354489,0.053810567424775295,4.726581771853578,0.0007793352484685959,-0.0035858128980509876,0.053809960061345787,0.0024428056790196653,True
ADGRG1,6969,0.3389908823844538,0.14292519596939735,0.16042461834322125,10.908190123528716,-0.004180833919692508,0.026440484785233087,0.16040713897095812,0.017447201992537794,True
ADGRG3,6969,0.2574688159389734,0.07895541888666843,0.08443301441214413,6.487504400515453,0.002668825715185837,-0.006108243739031162,0.08442589178144745,0.0066941078568534835,True
ADGRG5,6969,0.18414472459952927,0.03518277570923435,0.0363657198279873,3.252909950217886,0.0007658268022073668,0.006040345705416995,0.0363651333372962,0.0015924117147827922,True
ADGRG6,6969,0.24621360759009267,0.07712425339119941,0.08161961203114437,5.507694202503222,-7.678482407287848e-06,0.01749592487005233,0.08161961197218465,0.0067946938386287195,True
ADGRL1,6969,0.20037635022975203,0.04812266042511339,0.050037074504532916,3.8259912242593175,-0.001187176320555905,-0.008920859561806518,0.05003566511691669,0.002584106157255762,True
ADGRL2,6969,0.1988506422145108,0.04989621882042445,0.051719352454884494,3.5250511615558033,-0.001455026119199061,-0.008083043772137106,0.05171723535387775,0.003438548717029044,True
ADGRL4,6969,0.18368472879169537,0.03257261537666282,0.033570940844879285,2.9737786403705946,0.0020056576491437115,-0.009711292956060758,0.03356691818227402,0.0010675384500139801,True
ADGRV1,6969,0.12587604451906872,0.024359320075738957,0.024702303766432086,1.3884684357222121,-0.004899359949244233,0.003352335254187458,0.024678300038519247,0.00047359272008446287,True
ADIPOQ,6969,0.1383198585242821,0.031053615911698806,0.03139490199409298,1.087074845649738,-0.0024247929242167347,-0.017683638848710742,0.03138902237336744,0.0003542694486095988,True
ADIRF,6969,0.46009394588164193,0.3060359063824512,0.3862596549158376,20.769383370071726,0.005496056384516166,-0.005031602878793315,0.386229448280065,0.10502969047390551,True
ADM2,6969,0.23215601904420158,0.06502629508561662,0.06874069971527082,5.403501339147743,0.0033349184826399164,0.004311128332516028,0.06872957803398366,0.0036793511562049717,True
AGR2,6969,0.1804550494485525,0.03913772328278585,0.04039580863541564,3.1143957631456054,-0.002174766790637636,-0.010042589597755738,0.04039107902482214,0.0013294219032835583,True
AHI1,6969,0.24936556736554139,0.07333252812472672,0.0779627926349707,5.939069591726054,0.0015344889336053808,0.009841880755875063,0.0779604379786832,0.006709366307255592,True
AHR,6969,0.2917886322062047,0.0893272712130493,0.09666658544306683,7.592400410522549,-0.0029167061617357657,0.014554992509322408,0.09665807826823138,0.013242894900290576,True
AIF1,6969,0.22991695165304146,0.061161455674777467,0.06411995639530572,4.614009252109918,-0.002135597367183364,0.016882892802053247,0.06411539561919222,0.004461851470420521,True
AKT1,6969,0.46002966115138866,0.2218636588556761,0.2767398215722505,19.82951438098238,-0.00384842740495572,0.035805255897928,0.276725011178758,0.08302230921370195,True
ALCAM,6969,0.16583189643724913,0.0405718579746504,0.041624172425277335,2.528133027788182,-0.0009476889792414406,-0.003982733195565543,0.04162327431087647,0.0018489119174855883,True
ALOX5AP,6969,0.2209518598734334,0.06885528400334338,0.0723852822105037,4.876679484228208,0.0004577454372498513,-0.0010608191378623105,0.07238507267961873,0.003691676700495914,True
ANGPT1,6969,0.2282320981739228,0.049177876075620054,0.05092889592444557,3.43816573487713,-0.0009496720663562774,0.028633639858820455,0.05092799404741194,0.003220998297801815,True
ANGPT2,6969,0.18273198055639087,0.033601659278317264,0.034421683015774425,2.3822883299499664,0.0004406166871645338,-0.017618753651309636,0.034421488872709356,0.0010277992637610092,True
ANGPTL1,6969,0.27769368985120835,0.07818663195378635,0.08464183260705739,7.626489708982054,0.005821472917204865,0.004370745927205531,0.08460794306013236,0.005001739311605298,True
ANKRD1,6969,0.19639614427396862,0.05428401636210427,0.056171225961900634,3.359744366406403,-0.00022385236368167006,0.0007411732089902614,0.05617117585202113,0.0039987268137835815,True
ANXA1,6969,0.25787538726743015,0.09006264359777168,0.0956626281467565,5.85388950468082,0.0023151063768537643,0.029931461357284795,0.09565726842921958,0.006050332980693455,True
ANXA2,6969,0.5968132195504372,0.6499357614369007,0.997729647082017,34.85852972919891,-0.003519983168636338,0.07823048580132134,0.9977172568005095,0.39221375584046936,True
ANXA4,6969,0.5789643068339829,0.38890522628902596,0.5833503984790159,33.332482963407884,0.012004599310880002,0.0294874930674923,0.5832062880744027,0.22266375397284058,True
APOA1,6969,0.5523568123863782,0.7137883877942297,1.022241289867692,30.17417757732963,-0.0012217432063798307,-0.05303953624438574,1.0222397972112052,0.2821056590812166,True
APOC1,6969,0.6708827265613869,0.7765294588049638,1.4009527669904727,44.57133194625078,0.01819227856737176,-0.059325664492492644,1.400621807991015,0.6033921961006978,True
APOD,6969,0.21562030738223797,0.052875691336367256,0.05514717199024333,4.118943133254305,0.0017850584827480023,0.018563649474009326,0.05514398555645676,0.002199539890082118,True
APOE,6969,0.6705117051248158,0.902902151171225,1.6380500205686976,44.879451797341595,0.005371440324944632,-0.030264084221636706,1.6380211681975354,0.7476481802473045,True
APP,6969,0.5519459456188682,0.423887842534525,0.6094693383112072,30.449685342812217,-0.002585320426788609,-0.012142255851107026,0.6094626544295053,0.18413255760899225,True
AQP3,6969,0.36514490211274636,0.22336903997913837,0.2571258719743248,13.128524071104442,0.0069229949588053095,0.030554579457698166,0.257077944115121,0.035399492032962214,True
AR,6969,0.49012605114135044,0.2636785899693947,0.344847545111964,23.53763461364228,0.009388684110296629,-0.01912722363814119,0.344759397722642,0.10125327920327648,True
AREG,6969,0.2475159030979481,0.0651470964819354,0.06934820964999155,6.057998020799172,0.00031806524612585773,0.006596006729534092,0.06934810848448972,0.004628298882939074,True
ARF1,6969,0.5682361046508239,0.4027411439653985,0.5932427875315793,32.111919027088064,0.003151053078189302,-0.01874048202737582,0.5932328583960762,0.21319857534776704,True
ARG1,6969,0.04020251229248012,0.02460764970848121,0.02308340677130147,-6.603197492818769,0.0003278505162403152,-0.035950585634204814,0.023083299285341058,0.00047426204979546076,True
ARHGDIB,6969,0.2512447148332867,0.07955096633271103,0.08447799891249314,5.832326337281968,-0.0015422830299079667,-0.011075371622847876,0.08447562027554784,0.008249200830734757,True
ARID5B,6969,0.24444217355290396,0.07832054188795558,0.08231430868309368,4.851850011295033,0.003230409687878087,0.02885759535632078,0.0823038731363405,0.007532947105551311,True
ATF3,6969,0.20698508203183427,0.057352582545071605,0.05962065672868117,3.8041751098633725,-6.607963443914296e-05,-0.01684127940688336,0.05962065236216117,0.0027815338155370013,True
ATG10,6969,0.2900176410244541,0.08156302193021824,0.08898310890820098,8.338758972377146,-0.002308619881500762,-0.002743085767996995,0.0889777791824457,0.008990100334125587,True
ATG12,6969,0.2768930372843015,0.08325904067337463,0.08930590520073418,6.7709570982657175,0.0026547983748479356,0.02975945344748298,0.08929885724632426,0.008323185897816053,True
ATG5,6969,0.35463024011734334,0.12245136143447148,0.13974270300099387,12.373699087815272,-0.004865856654915308,-0.0036667562614389223,0.1397190264400067,0.02248344210806774,True
ATM,6969,0.2772313735144963,0.08862807677453248,0.09514345051983873,6.847947714433267,-0.0016758589760647183,0.025451965594239515,0.09514064201653173,0.008741655210278042,True
ATP5F1B,6969,0.4912933890717788,0.2717840204247182,0.3573249761735745,23.93926018406949,0.0006175328915798949,-0.00315077791533309,0.3573245948267017,0.10239466783706289,True
ATP5F1E,6969,0.6329048702404768,0.4697573814862492,0.7830353074247545,40.00814815985927,0.006815645691397064,-0.013314147088339924,0.7829888543985649,0.3158983239362401,True
ATR,6969,0.3217000387661237,0.12035643107245338,0.1341466683908996,10.279970038660846,0.0027165155997319413,0.011334296930642805,0.13413928893389315,0.015087234868905047,True
AXL,6969,0.22575309986689865,0.05757238071974339,0.06043705087646662,4.7399237970406904,-0.0028863859015842612,-0.0023020706261783594,0.060428719652895015,0.00496033102444805,True
AZGP1,6969,0.2826368369539294,0.09049575347123982,0.09420014196211654,3.932465932340612,-0.0012036194258568224,-0.059056725030133365,0.09419869326239284,0.011781151432430016,True
AZU1,6969,0.22032656025425776,0.04873119140324039,0.05121708436689925,4.853640136660042,0.00036199403503632543,0.0010582665053648884,0.05121695332721742,0.0024998363212016487,True
B2M,6969,0.6931816654301035,0.7405768104613056,1.4243259710783025,48.00510378248293,0.00945820962035437,-0.010474423707773822,1.4242365133490786,0.7128021844272996,True
B3GNT7,6969,0.2697854672799702,0.07525851252307873,0.08112817458535457,7.235047617274315,-0.0009502812264245797,0.0022399042776980503,0.08112727155094389,0.00514929423244797,True
BAG3,6969,0.3355078582395473,0.13302559230728564,0.1491534434695891,10.812925794496831,0.0015790839416940717,-0.007978962859159427,0.14915094996349207,0.02356261239580356,True
BASP1,6969,0.24342261697596393,0.07828903284237208,0.08311542541304527,5.806855402217148,0.002187275045365202,0.012337546249428486,0.08311064124092221,0.004893684099481483,True
BAX,6969,0.41268340223297567,0.1820890853326919,0.2181206283919294,16.51909006721469,0.005974941623828421,0.010064910245947845,0.21808492846452102,0.051221270622457536,True
BBLN,6969,0.3832968512195729,0.16409665822498257,0.19034896799026998,13.79167433501891,0.0064092745721417155,-0.0012560966238887303,0.19030788918973474,0.043394120023544,True
BCL2,6969,0.2523586881573661,0.08053299434778823,0.08567882587428192,6.005954766518706,-5.524549063967057e-05,0.005211991784269229,0.08567882282221698,0.008224074001964954,True
BCL2L1,6969,0.4574394882594042,0.25772084174126303,0.3247730145844879,20.645857208614117,0.002402392799088972,-0.026502550700950707,0.32476724309332416,0.07257709409759433,True
BECN1,6969,0.34787654457619266,0.1139560461940582,0.12952162070995527,12.017742235293593,0.0030754444644139475,0.013136047323508739,0.12951216235130253,0.01669029944937284,True
BEST1,6969,0.21087095686994142,0.058662057933950254,0.06136950440072408,4.4117131028059475,0.004712880331280413,0.010989528574067648,0.06134729315970825,0.0029201144339818168,True
BGN,6969,0.3453199721276597,0.21773095574958914,0.2472493797608644,11.938725201181487,0.006972051869336426,0.006154507295620635,0.24720077025359896,0.028564034856875937,True
BID,6969,0.34724327752994544,0.1315995893273352,0.14887588341413052,11.604494758051286,0.006364329385695866,0.024277351422975456,0.1488353787256005,0.023624209987049526,True
BIRC3,6969,0.45320439640296256,0.3032985426257371,0.38166052749351176,20.531854677873874,0.004058013877151583,0.007558469598572169,0.3816440600168832,0.08146961618906294,True
BIRC5,6969,0.23640395866382072,0.06627569075060899,0.06923838302550783,4.278973808223363,0.0031192173481346766,0.026885794433445052,0.06922865350864144,0.006551321431641265,True
BMP1,6969,0.24142757066735918,0.07071254232598337,0.07482318443301131,5.493808019769819,0.00699248942344085,0.024066304086528056,0.07477428952467455,0.004662484231064539,True
BMP2,6969,0.22387628624992198,0.06226081258039066,0.06552828988409012,4.986361324977584,0.0009095392707499563,0.0018026724062573493,0.06552746262240489,0.0037712771286940194,True
BMP3,6969,0.18918800705654287,0.03522752121259882,0.03589456130279764,1.8583319199024007,0.0045631718714245085,0.028694771208304177,0.035873738765269815,0.001873074343169587,True
BMP4,6969,0.24355663536202285,0.05775330722318516,0.06103492080654482,5.3766164353043155,0.0029842763335209766,0.019562990808519226,0.06102601490130814,0.004717090838041695,True
BMP5,6969,0.18093289541853358,0.04365709127072674,0.04496061942380064,2.8992664464579376,0.0012393702344891673,-0.01079648837483516,0.044959083385223496,0.0011134469724348181,True
BMP7,6969,0.13822271863141433,0.02650312753403921,0.026904741847723967,1.4927268804801108,-0.0014039214675336507,-0.008043065150508255,0.026902770852236135,0.0009643566321546333,True
BMPR1A,6969,0.2750728017608226,0.09471340912976924,0.10182197209143252,6.981364449786975,0.0002935370442377715,0.024263758404900183,0.10182188592743517,0.008536037990462606,True
BMPR2,6969,0.27745015359433023,0.08937357368705169,0.09564776068180103,6.559679965349286,-0.004060886450692389,0.02318188824558176,0.0956312698830349,0.010986775064349205,True
BRAF,6969,0.23517019801774292,0.07845692064775497,0.08235822579798546,4.736995136102018,0.002222638737053761,0.004880560035347588,0.08235328567503078,0.008649832417645364,True
BRCA1,6969,0.23382284055917407,0.06298369251296738,0.06631315510662376,5.020817646669052,0.0016972659587911425,-0.010384801072148026,0.06631027439488853,0.005266943226817336,True
BST1,6969,0.18465907881705632,0.03578957791617311,0.03696451285381849,3.1785484155893884,0.0009029300562414109,0.00905369453117185,0.036963697571132166,0.000963787118859954,True
BST2,6969,0.5321842866053391,0.3199908268225325,0.4447112051633435,28.04525204059135,0.008768450582638107,-0.013493818147002385,0.44463431943771337,0.14667157725222624,True
BTF3,6969,0.5435334678427184,0.3273475912012442,0.46428256018699243,29.493885992744783,0.0018635202896275982,-0.004755059318489496,0.4642790874791231,0.147450152066762,True
BTG1,6969,0.48040218120965517,0.2896667197230844,0.3723964124035636,22.21549132187276,0.002928188337128856,-0.014104212755742281,0.372387838116626,0.12061400627274634,True
BTK,6969,0.15720124248305267,0.033225037195945675,0.03402640634042075,2.355138936676693,0.0014927662617165724,0.004989953577924188,0.034024177989309054,0.0011849326098445124,True
C11orf96,6969,0.2796682586045883,0.10983176704305063,0.11690285393576605,6.048686284939397,0.005561693829295454,-0.0383141540436718,0.1168719214975112,0.011852332500490701,True
C1QA,6969,0.21854770576055796,0.1025914665886001,0.10695716174421833,4.081723079057131,0.0005080369589129998,-0.01663439833459001,0.10695690364266715,0.008587906657041077,True
C1QB,6969,0.2708692143885311,0.11925450111727189,0.12569133870718605,5.121146497539975,0.002353132626370252,-0.024647278981148334,0.12568580147402417,0.0200024991795983,True
C1QC,6969,0.2281617504138794,0.08487292856496477,0.08752838354202332,3.0338215669019286,-0.003929765512002799,-0.012813950025912575,0.08751294048504359,0.012177988623392666,True
C5AR2,6969,0.22162362067655209,0.05689961967504188,0.05964070395461679,4.5959958515256805,-0.002603442875208959,0.005700197684635928,0.059633926039812,0.004268791052958585,True
CACNA1C,6969,0.1754651109698335,0.044576086901375385,0.04578119885148392,2.632329384859422,-0.001359056974863421,-0.015152275783256655,0.04577935181562447,0.001725142961162716,True
CALB1,6969,0.2686516253777529,0.06939429729733361,0.07466213931014856,7.055573362199274,-0.0026966350195585425,0.00752095828838577,0.07465486746972014,0.006117596871378866,True
CALD1,6969,0.47539071866761606,0.28061905793559705,0.361277230686297,22.32583896789687,0.002000679089188627,0.029717128879147035,0.3612732279694773,0.09042459113914816,True
CALM1,6969,0.5477490452191167,0.3377285326660329,0.48156297900744655,29.868252463649092,0.004681216491647423,0.017216606590527202,0.4815410652195973,0.16209374383118524,True
CALM2,6969,0.6196333629368428,0.49891258974774183,0.8079095786838884,38.24648167181195,0.00333926137892241,0.0313235368221276,0.807898428017338,0.33343729267621447,True
CALM3,6969,0.6084549420658947,0.3925271309086622,0.6233315547864499,37.02755333104548,0.021972783545986585,0.01584154838199791,0.6228487515697041,0.2453924959107085,True
CAMP,6969,0.2238824606051312,0.06839857026585604,0.0717218774776897,4.633603202687253,0.0021267106045881564,-0.004013895113854368,0.07171735457969215,0.005683715043349469,True
CARMN,6969,0.2188136371103803,0.06299183984522289,0.06607756960602067,4.669859650099228,0.00044024811274763465,-0.005827798099509761,0.06607737578762055,0.0039044845739998886,True
CASP3,6969,0.27036392996467223,0.07590583778048063,0.08121865140031785,6.541371382357664,0.0009863313518957422,0.004410729721824127,0.08121767855078231,0.010365802268363896,True
CASP8,6969,0.20526064953140608,0.05327832623970707,0.05559436266611394,4.165955530988674,-0.0012842163428597923,-0.00403511719111327,0.05559271345449809,0.0027983283300122065,True
CASR,6969,0.18047116086365944,0.05162744093735242,0.053331460167179705,3.1951482754937532,-0.004471573613563729,-0.0056752996397062905,0.053311465196598955,0.0023816344145321604,True
CAV1,6969,0.42041783102831204,0.23666391886012988,0.28641314507429855,17.36974264964801,0.005668083262214327,0.023824214061979012,0.2863810179064362,0.06194595996517979,True
CCDC80,6969,0.2975370215844935,0.11271060152672784,0.12366317900142275,8.856781430929328,0.005188177634404232,0.002546412229226855,0.123636261814259,0.011702650165114448,True
CCL11,6969,0.19818142898339722,0.055800746597610376,0.05807456500230921,3.9153429812318397,0.0018144327522282074,0.0028016821568553033,0.05807127283609761,0.002581372807170513,True
CCL13,6969,0.22327994401270929,0.050034965190802104,0.05257055291202789,4.8232091556443475,-0.0022849343703199893,-0.00729680333868116,0.05256533198695099,0.0018595970626203936,True
CCL15,6969,0.37265877091977534,0.14417739733166265,0.16617483076017686,13.237524195382433,0.004799966987295666,0.012117916865260678,0.16615179107710185,0.033947640490275,True
CCL17,6969,0.2247786489922984,0.05658368329093464,0.059234889801164405,4.475751569943231,-0.00298335644072928,0.010642524476421411,0.059225989385514585,0.004559862944920146,True
CCL18,6969,0.16218617100714133,0.04270608842086217,0.043799210206569274,2.4957568425358456,-0.00019835423496946712,0.007481347495140202,0.043799170862166455,0.001137186031913524,True
CCL19,6969,0.22445474171861193,0.0600075569899353,0.06202902386520694,3.2589048630918716,0.00447978343494415,-0.02902396694563403,0.062008955405581885,0.003160713342204932,True
CCL2,6969,0.22574705801599076,0.06582285396587338,0.06930950336219675,5.030550252398847,2.682987749704861e-05,0.0030652379204421138,0.06930950264235299,0.004284055571051463,True
CCL20,6969,0.2586720632306631,0.11250999896782793,0.1200426903487279,6.275010464208409,-0.00967090333024678,0.013034290334345843,0.11994916397750216,0.00960968041390619,True
CCL21,6969,0.22141494288328417,0.06858125321733154,0.07192632201224453,4.650687955855082,-0.001650327458188701,-0.011943585539635173,0.0719235984315261,0.004650784374681466,True
CCL22,6969,0.19263211615265505,0.05211354875831226,0.053872786712986356,3.2655410310341693,0.001667197226562875,-0.012742207876585284,0.05387000716639252,0.0015057880994597149,True
CCL26,6969,0.181185128816344,0.03818273891229522,0.039476233195581335,3.2766405975909962,-0.0007855734980453599,-0.002061693464810891,0.03947561606985951,0.0012120633112370708,True
CCL28,6969,0.4180406163848544,0.23019907997191133,0.2784731718763534,17.335275631462466,0.0005796298198642476,0.02035336185945365,0.2784728359056296,0.04832776724970759,True
CCL3,6969,0.16952230466465654,0.04739842967977614,0.04824075929758672,1.7460952731163104,-0.0013897630380308086,0.003351075019891078,0.048238827856284465,0.0036133079642799563,True
CCL4,6969,0.1765289144994786,0.048692266668514006,0.04996489046488627,2.547036097810773,0.0004926836237039811,0.0038433950034906044,0.04996464772773137,0.0031353627324448158,True
CCL5,6969,0.24515546464949298,0.09876466702830713,0.10492409447916788,5.870365125794508,0.006999988867402128,-0.0011946704659412135,0.1048750946350248,0.008207746315140664,True
CCL8,6969,0.21459802667457997,0.052247792186642925,0.05462616037627851,4.353899621084112,0.005584015191448079,-0.007333333308029797,0.05459497915061936,0.002471832977955511,True
CCND1,6969,0.28743606804061433,0.09985392795348107,0.1087362217709365,8.168661438473436,-0.0003629105558763499,-0.010215691183952297,0.10873609006686435,0.00858691224977127,True
CCR1,6969,0.24169025777088252,0.07017209760999507,0.07341726394472166,4.420167901067485,-0.001121551873934014,0.031191529237853264,0.07341600606611573,0.004197142843282823,True
CCR10,6969,0.23898780560172758,0.08074848876253475,0.08548777293649534,5.543815227800087,-0.00029277268458788015,0.01154302586018232,0.08548768722065034,0.005142146168456746,True
CCR2,6969,0.1966996943018143,0.04079090494255286,0.042341499476137474,3.662115307131464,0.0016460623562737952,-0.0078531555447357,0.04233878995485642,0.0016369196430775824,True
CCR5,6969,0.1892035734339738,0.041283659192697046,0.04245356907917659,2.7557397690112895,-0.0024125465559538613,-0.012001056535751342,0.04244774869829212,0.003048638888117347,True
CCR7,6969,0.18551529016903603,0.043948823094675855,0.04493894799993937,2.20326676375433,-0.0009197360397770751,0.010544411470015861,0.044938102085557666,0.003595625569293129,True
CCRL2,6969,0.17803358126293953,0.032549648525804616,0.03347414109505102,2.7618111742472418,0.0027477680548463187,-0.008666874686570635,0.0334665908657673,0.0013137788546465684,True
CD14,6969,0.26892238203880997,0.12019908314952196,0.12910790668001657,6.900292754784109,-0.003641021261941858,-0.01932607457968653,0.12909464964419004,0.012225131525033961,True
CD163,6969,0.21325651424488157,0.07216864811244808,0.07426325048833918,2.8205099589870497,-0.004020221507870872,0.022191247902409658,0.07424708830736607,0.0068608627878817595,True
CD164,6969,0.5286102744795892,0.34169785873033426,0.4739945579590616,27.911016488960115,0.005472353113392091,-0.0006185995046279748,0.47396461131045853,0.14104798026045837,True
CD19,6969,0.23405602700970876,0.07652089665021734,0.08032773229423591,4.739129980757251,0.0014879807513402308,-0.019391834110444955,0.08032551820751939,0.006237473004856147,True
CD1C,6969,0.23840206835814234,0.07523973722953049,0.07973832110300805,5.641683711481926,-0.0023270823175860263,-0.0011911926593822341,0.07973290579089469,0.005390081456986312,True
CD2,6969,0.16579802758866077,0.0330134926030245,0.033908768636768186,2.6402493211532096,0.0018318603284339478,0.004575078019158414,0.03390541292450505,0.0013131178443191738,True
CD209,6969,0.24879294270327695,0.054786641390728176,0.05791423438553551,5.400387362434811,-0.00037498488831954566,-0.021238260262205176,0.05791409377187007,0.00416888477012121,True
CD22,6969,0.15585171707625367,0.02412870016612797,0.024489226019586342,1.4721814938946198,0.0005312866271654012,0.013536067406769454,0.02448894375410657,0.0010549532239984706,True
CD24,6969,0.6002408039249688,0.4717750049453219,0.7371373217571361,35.9990342341183,0.020925317433766816,0.005801618227772313,0.7366994528474257,0.24871669720321243,True
CD27,6969,0.2519968908225491,0.07845262582538086,0.08362462734048297,6.184782736363026,0.000529798222145779,0.0119143945010894,0.0836243466543265,0.004881660178643637,True
CD274,6969,0.24022995727268967,0.05888467912554651,0.06231139928098299,5.499347141899746,0.0015107761816736238,0.010348127160206905,0.062309116836312975,0.004847984111415156,True
CD276,6969,0.4556297448710877,0.2703601490308887,0.3392607562895085,20.3090413439459,-0.00014629002571242802,0.018070158978499454,0.33926073488873865,0.08999557992256485,True
CD28,6969,0.22981083698566068,0.057891232351085,0.061057986759546094,5.186470397283427,0.003016038913392562,-0.002684870500242893,0.06104889026881784,0.003920554093636309,True
CD300A,6969,0.21815689682713837,0.05849135791831816,0.061386518747134126,4.71628117688484,-0.0017868231317545048,-0.0066914489424752316,0.06138332601023191,0.0031769690676359532,True
CD33,6969,0.1813321280615616,0.04273104098549065,0.044173337050331905,3.265082878384018,0.0005041185008998854,0.002643910617123787,0.04417308291486894,0.0016426704235973785,True
CD34,6969,0.24774698602308953,0.07771646108103006,0.08250658751415856,5.805750276978161,0.00025123445653114863,-0.0026683191408537255,0.08250652439540532,0.007648950488742583,True
CD36,6969,0.17092515533153926,0.045860918612975254,0.047164120547473196,2.7631214562480744,-0.0006311041674358736,-0.006402262557479158,0.04716372225500174,0.001899676188837625,True
CD37,6969,0.16427371644645844,0.04042561085513987,0.04077423138392952,0.8550020857708951,-0.0029835996456836623,0.022510038697933075,0.04076532951708443,0.0019076583044078358,True
CD38,6969,0.2383050052443614,0.06355196414305798,0.066933891813451,5.052638624119821,0.002371622170637697,0.022794452840090813,0.06692826722172955,0.004143924622298817,True
CD3D,6969,0.22272542884479296,0.05305580777502931,0.05559749741244899,4.571590009824,-0.000556544676446593,-0.00960382385240072,0.05559718767047225,0.001673476061443771,True
CD3E,6969,0.14734279396437433,0.028766280161612773,0.029172219400330383,1.3915267575185353,-0.00040943698666499087,-0.00477834290217179,0.02917205176168375,0.001568489144141731,True
CD3G,6969,0.19036281491980836,0.047025690474468716,0.0480297661001037,2.090527827144284,-6.166439193925927e-05,-0.0101677039092919,0.04802976229760665,0.0044762280571525115,True
CD4,6969,0.18784439975977954,0.0560085813684354,0.057928110933894016,3.313640880934521,0.0007088786432879575,0.007721527973781966,0.05792760842496406,0.0013325625844905608,True
CD40,6969,0.3184147897404565,0.10482120996162166,0.11645330785057015,9.988636736600476,-0.0014279328702528963,0.01029772304921831,0.11645126885828919,0.013206745367815634,True
CD40LG,6969,0.19663282789150052,0.0627165525127724,0.06504948861997097,3.586401917512261,-0.0009326759032495636,-0.013019821770349698,0.06504861873563085,0.0031612982935796045,True
CD44,6969,0.46344301594648357,0.43596047483834405,0.5508627582138742,20.858604373272783,-0.0024731141890732317,0.05576724340998343,0.5508566419200825,0.11492738279980518,True
CD47,6969,0.3331115071943419,0.13418769783862486,0.15054765260921774,10.866961049906942,0.0007033773607974382,0.015088457155805405,0.1505471578695047,0.019889633340184086,True
CD48,6969,0.15884393819714393,0.03660811207102188,0.037454743166280155,2.2604108950891932,-0.0010969648034787449,0.008791418621295972,0.037453539834499824,0.0008643792318643282,True
CD52,6969,0.15264826682641153,0.0363455593886964,0.037185922653996305,2.259896233096681,0.0022398767152806234,0.007141875584212501,0.03718090560629644,0.0010290587547340912,True
CD53,6969,0.1970179929972118,0.06456660667154766,0.06715432838964276,3.8533952764453594,0.0007437886417656174,-0.00028996692853061005,0.06715377516809796,0.003063179389523273,True
CD55,6969,0.2675201294803038,0.08252049726122318,0.088567861330587,6.827944108068196,-0.0007660124706972242,-0.014430045682132674,0.08856727455548037,0.008075223213051314,True
CD58,6969,0.2741112697017194,0.09698545986482199,0.10434584836727887,7.053839340641144,0.004612501069725903,-0.012086881067746686,0.10432457320116263,0.01068957590569205,True
CD59,6969,0.5583612785588039,0.39203736796375166,0.5657491494780165,30.70473577813391,-0.00655442448048257,0.019764409559150906,0.5657061889977487,0.21600605087587438,True
CD5L,6969,0.19956454281186983,0.06093961785758914,0.06317315976780989,3.535586819513281,0.0006591524505977875,-0.01612777439835963,0.06317272528585559,0.002617696794939923,True
CD63,6969,0.5977027123126534,0.539032521041085,0.8370289979815811,35.601690940109286,0.00638011532368197,0.02580357625455622,0.8369882921100423,0.3282070557045584,True
CD68,6969,0.49229262212389624,0.36478620590896776,0.4795238996303679,23.927419219322243,-0.0017807124967570969,0.03204996608227624,0.47952072869337403,0.10409031156103354,True
CD69,6969,0.19942597389852226,0.049415072625750796,0.05139709565765784,3.8562938363458588,-0.0016579565576474522,-0.007638547191718957,0.05139434683771105,0.002559437721270035,True
CD70,6969,0.1452266044064481,0.03186130153512585,0.03046515272468806,-4.582773055676803,0.0008339005109355173,0.044740221503368836,0.03046445733462542,0.001289667884357457,True
CD74,6969,0.6075215520926174,0.6799626775260007,1.0734384547706803,36.65564387934456,0.019073071466348044,0.02790348999127949,1.0730746727155234,0.4662634201828118,True
CD79A,6969,0.18548737723742403,0.04015495403846799,0.04139617813559123,2.9984026376968065,-0.002383581020685295,-0.016042255099704052,0.04139049667710888,0.0015317282434220642,True
CD80,6969,0.21673187163121943,0.06134028785728754,0.06385085215249195,3.9319197952261464,0.002864017573725563,-0.014634780506251284,0.06384264955582876,0.0046999952455813775,True
CD81,6969,0.5747902788001111,0.4951358395312352,0.7385820084312605,32.96129151820285,0.011514538964012087,0.011073286419800911,0.7384494238237069,0.26997003985206897,True
CD83,6969,0.23182491003784111,0.07250499679498441,0.0765598682807772,5.296340728959792,0.0002785952474982346,-0.0016038304837339063,0.07655979066546621,0.00513247179888822,True
CD84,6969,0.2186957464411683,0.05417815530572119,0.056865477897940234,4.725753992681003,0.000326624293292436,-0.005336884467722627,0.056865371214512926,0.002790639434056921,True
CD86,6969,0.21061175952107603,0.046603819704838345,0.047770512219298865,2.4422859631577976,0.0019348901065064051,0.030824253440099973,0.04776676841957415,0.0032538312518533407,True
CD8A,6969,0.24565508490328228,0.06446131459151815,0.06857746822135319,6.002195380775777,0.002345476312888098,0.007572071985733835,0.06857196696221954,0.00409686633023446,True
CD8B,6969,0.2394609956129987,0.061576605851612974,0.06526786271834807,5.655550393405806,0.002029935512485934,0.007674927219068547,0.06526374208016247,0.003174774923099601,True
CD9,6969,0.4806099006477023,0.25094140303322704,0.3261556279227271,23.060839197697327,0.0005098151662870055,0.010476231062644472,0.3261553680112267,0.07804997390333857,True
CD93,6969,0.16222331548948685,0.049525269753481205,0.050772964197206186,2.457399254608894,0.0003810665228220085,-0.0036828856790150437,0.05077281898551151,0.002028985342966099,True
CDH1,6969,0.3278242752575564,0.17414247150379192,0.19347123820909348,9.990511708211669,0.005222214206525047,-0.013204825104452528,0.1934439666878705,0.03170843706253688,True
CDH11,6969,0.19956845601231377,0.04895113848496136,0.05034902366808699,2.776389850855543,-2.0887433824006856e-06,0.015043433283159395,0.050349023663722896,0.0041345206608589076,True
CDH19,6969,0.21751396170029183,0.051700327605789194,0.05402178406503315,4.297259891397342,0.0031752201829686674,-0.012252818964382193,0.05401170204182358,0.0028095069352712557,True
CDH5,6969,0.23413345199268346,0.061679875190173185,0.06493512720618538,5.013083297235966,-0.0021133359368211107,0.015143944349309381,0.06493066101740415,0.003962332940372141,True
CDKN1A,6969,0.5468411306565976,0.4161376998067791,0.5934715710872791,29.880769344285973,-0.0008125252682811339,0.003078173705552953,0.5934709108899625,0.1868323552209639,True
CDKN3,6969,0.2581588708758993,0.07927850088129859,0.08391030785853602,5.51994992682684,-0.0007765772507238258,0.02600140907557264,0.08390970478630898,0.008172385169929035,True
CEACAM1,6969,0.22615584287065235,0.04857413807456595,0.05102515660374449,4.803549253582617,0.0022363517129245047,-0.009093997844471225,0.05102015533476053,0.0032499516162035826,True
CEACAM6,6969,0.17421143416011683,0.03906386342093768,0.03972626667850654,1.6674188464007922,-8.456543684518907e-05,0.022688219147886823,0.03972625952719332,0.001575365860415889,True
CELSR1,6969,0.37012859426361894,0.16365501368245855,0.18904636502930827,13.43128250200063,0.0006121876147748203,-0.013333585013258998,0.189045990255634,0.031904934216653656,True
CELSR2,6969,0.26996557794100395,0.0850312467503992,0.09066404594255807,6.212825749832107,-0.002787180141219622,0.02524472757078646,0.09065627756941974,0.009081427649087538,True
CENPF,6969,0.22928878941561556,0.05295344642210311,0.0545334330014018,2.8972806081327684,0.0014361380495869767,0.028744785378857204,0.05453137050890562,0.00590596646808148,True
CFD,6969,0.2505924970975217,0.0702846369488224,0.07459197233080729,5.774529413007523,0.004136137137250179,0.019416291909010366,0.07457486470038943,0.006570022629046284,True
CFLAR,6969,0.3330616519338989,0.11681324419038129,0.131298244370534,11.032135463498582,-0.0027179785499375697,-0.006797738528466591,0.1312908569631389,0.016651119031522343,True
CHEK1,6969,0.2745652589883725,0.08035401233894494,0.08558560539101882,6.112702046298624,-0.0015797099529679082,0.010935465390955013,0.0855831099074837,0.012762974638519279,True
CHEK2,6969,0.24821707314657415,0.07194322393746545,0.07525719922937618,4.403532586709835,-0.002314703453218326,0.020943651633188266,0.0752518413773017,0.009243189368797889,True
CHI3L1,6969,0.19504672830505823,0.07012693621152268,0.07040122143173544,0.3896029282371538,-0.003901574640401314,-0.03730220091271937,0.07038599914706185,0.007716625146262285,True
CIDEA,6969,0.1867795041783474,0.03920163353817757,0.040435700321902954,3.0519238541713234,-0.0020516898794681548,-0.012199548871866736,0.04043149089054095,0.002150221442644391,True
CIITA,6969,0.2714522250586729,0.09547166548233073,0.10197274514242899,6.3753110216048015,-0.005107936564143889,0.004581899996173379,0.10194665412648342,0.01377891737859574,True
CLCF1,6969,0.25430594248445487,0.0850316186670804,0.09061925254023313,6.166056016266452,0.0007790566636801348,-0.0013541020605323442,0.09061864561094711,0.008639837029648306,True
CLDN4,6969,0.3521328496030612,0.1914177400158954,0.2174498515625572,11.971547168047959,0.00020488967066225797,-0.018354016411228996,0.21744980958278418,0.03550495659939488,True
CLEC10A,6969,0.18209389378999097,0.03450187828295944,0.03510738630462721,1.7247311332543314,0.0012358274807425717,0.024664325086344585,0.03510585903506424,0.001403287955958135,True
CLEC12A,6969,0.19393033355845604,0.0519851650935986,0.05321411039779141,2.30943502579688,0.0012613629917192534,0.028722670340603454,0.05321251936119453,0.0024190855343412705,True
CLEC14A,6969,0.180174124633634,0.023405334849301775,0.023960897191086766,2.3186207818280513,-0.002253607715697726,-0.015077609807377969,0.023955818443350638,0.0012821500728189884,True
CLEC1A,6969,0.19003035350140846,0.0451593177408634,0.04677850271482389,3.4613869191828073,-0.001809473495466977,-0.005441739315439424,0.046775228520493616,0.00238596135688549,True
CLEC2B,6969,0.1822801818006803,0.03782400826634604,0.03890431490444079,2.7768298728515495,0.004413376814204799,-0.00885058685999285,0.038884837009537196,0.0018814653109950712,True
CLEC2D,6969,0.2534875726832515,0.07245388180543762,0.0771780085177924,6.121078793145706,0.0012310035307586305,0.015276350321982915,0.07717649314809827,0.005879633453012281,True
CLEC4A,6969,0.22774334591534576,0.06416565262915036,0.06695275169655757,4.162784944282594,-0.0019835927557750248,0.023241476551786627,0.06694881705633515,0.004383139735858093,True
CLEC4D,6969,0.1741220642917676,0.0415847866192051,0.04281836047363989,2.880946025932518,-0.003253462295276326,0.0023415955732387986,0.04280777545673336,0.0018170582059549056,True
CLEC4E,6969,0.1509059090065895,0.028997360090849755,0.02961841528646678,2.0968549114131596,-0.0018670450634628959,-0.006824709904151755,0.02961492942919823,0.001001675326137991,True
CLEC5A,6969,0.1575169786138965,0.03475881875212524,0.035622797918116414,2.425354594485085,0.0013194277349093465,-0.0022845090418885114,0.03562105702856895,0.001066655085991908,True
CLEC7A,6969,0.22516876247378753,0.052577591915470935,0.0548467526907003,4.137274613186214,-0.0006708386151686958,0.02193143832447719,0.054846302666253496,0.0026670357191976315,True
CLOCK,6969,0.2750474766688043,0.07179362664061885,0.0769622395984156,6.715777743431406,0.0012561387299191303,0.01991949157786944,0.0769606617139087,0.00880198609414353,True
CLU,6969,0.6619743655611283,0.7842667614538149,1.3879800632752919,43.49581941377904,0.008051296018522667,-0.058899717873171095,1.3879152399077161,0.6210809620854586,True
CMKLR1,6969,0.20840351973593382,0.05672960390528097,0.05908593807357079,3.9879779269237248,0.0037502853253562033,0.006254666066605719,0.05907187343354941,0.004275217845026061,True
CNTFR,6969,0.28681560015888,0.10300871659160803,0.11037359754381418,6.672683609214214,-0.0007074378812513216,0.04062370449643486,0.11037309707545685,0.009590820919954378,True
COL11A1,6969,0.18891319292435216,0.04602133072064687,0.04727930054489631,2.660720039745268,-0.002777548354776026,0.015415398998022687,0.04727158577003375,0.0009478818934655005,True
COL12A1,6969,0.16667667172337472,0.04212644733834348,0.04310447297747973,2.2689655425023325,0.0016678410822391716,0.0012974657229507204,0.04310169128360414,0.0024506843972188757,True
COL14A1,6969,0.23245436964942687,0.05603946141453739,0.05847285365159236,4.161575987986199,-0.0009840783814238517,0.01855890049542582,0.05847188524133142,0.00559334639241599,True
COL15A1,6969,0.23879213911046937,0.07959218716781098,0.08326371138101792,4.409513042729873,-0.005347234303203062,-0.0069238882947046014,0.08323511846632498,0.010418462319148324,True
COL16A1,6969,0.2465233500189822,0.06588318371514684,0.06780019301843697,2.8274393006061604,-0.0038538107888772817,0.004595920557962309,0.06778534116083904,0.01221223399042337,True
COL17A1,6969,0.21673597956039004,0.04599332036468264,0.04755201970734002,3.2778825216056573,0.0004366053315621227,-0.020533437651609726,0.04755182908312377,0.003919680020936928,True
COL18A1,6969,0.36468324106635497,0.18980502094853852,0.2179908140998639,12.929807738785348,0.0046347118566668795,0.005976160901614268,0.21796933354587594,0.03957677398332546,True
COL1A1,6969,0.2551092195944789,0.07996250430550184,0.08492856819329696,5.847342058672633,0.002963054161329046,-0.0006095757321739902,0.08491978850333548,0.009590988490282459,True
COL1A2,6969,0.12526029418812687,0.03149447851536547,0.031997853517305046,1.573152404324052,0.0020663350658037686,0.001541086804928371,0.03199358377670075,0.0004322950623363139,True
COL21A1,6969,0.1636081094588782,0.03641277198432739,0.0366525620730043,0.6542246301890264,0.0006962653213687223,0.027884138169130324,0.036652077287607124,0.0010847594480137821,True
COL27A1,6969,0.42052909439845026,0.2953021817903633,0.35824062153355907,17.568761318515026,0.01030748551862451,0.007985139089053976,0.3581343772758391,0.07504695637533523,True
COL3A1,6969,0.33229380494191096,0.2032515787294652,0.22844019204293595,11.026349211235331,-0.0007959769974310475,0.005167657558624894,0.2284395584635601,0.025462881867965637,True
COL4A1,6969,0.1592771860742584,0.06358890375102205,0.06367775257854011,0.13952883687041728,3.1086734487637845e-05,-0.029786929058402557,0.06367775161215629,0.0042825701527429,True
COL4A2,6969,0.21389189711977277,0.07017618355448386,0.07284185000912151,3.659526020143422,0.001386186117882331,-0.024030259550729634,0.07283992849716762,0.0039047555036180476,True
COL4A5,6969,0.20557604184825032,0.05129133055291807,0.053233199601948326,3.647853338800977,0.0015723200097695058,-0.014813793567139567,0.0532307274117337,0.0029039527229832913,True
COL5A1,6969,0.19895049985816105,0.044030253022278344,0.045412494074751564,3.0437461774241448,-0.0021354275101961237,-0.0019435925377926538,0.04540793402409961,0.003953701515200618,True
COL5A2,6969,0.20615409645433685,0.05099437227663601,0.05321587993244753,4.174520197038012,0.0010518290969524584,0.006777835269639671,0.0532147735879993,0.001994132620912187,True
COL5A3,6969,0.1529467064495776,0.04662649465957276,0.047614729741377246,2.0754818670024044,-0.0006806094513200827,-0.010197635879559708,0.04761426651215217,0.0015468939067375853,True
COL6A1,6969,0.39875117252027625,0.19711355224608218,0.23313687903829433,15.451578034676816,0.0029634907018472926,0.027784425816459273,0.23312809676115234,0.04555780090687167,True
COL6A2,6969,0.3073465978025774,0.12618193876884995,0.13804913926621998,8.596359644434148,-0.004329309669281972,0.029488942053739378,0.13803039634400424,0.011528037182171368,True
COL6A3,6969,0.19006862307122355,0.051839870733281904,0.05373228312726334,3.5219281293134452,0.002119349308011521,0.005231881429598832,0.05372779148577294,0.0025645895645351425,True
COL8A1,6969,0.14789827320915902,0.024547781048152188,0.02486599298440024,1.2797073354266497,-0.0018190591821781376,0.010697125059119905,0.024862684008091985,0.0010126764785646722,True
COL9A2,6969,0.41761071745663236,0.2771240897565826,0.3356632478155512,17.439847358903048,0.007949352880207773,0.005343214052661555,0.33560005560433664,0.05531137165186167,True
COL9A3,6969,0.3263132196245208,0.1145407256209296,0.12799408440892604,10.51092232123364,0.002890294816781705,-0.009774263731441447,0.12798573060479773,0.014759611352649613,True
COTL1,6969,0.2704113772526746,0.12344202350241833,0.1309578776659451,5.739138643265617,-0.005005181806469634,0.02765217063418504,0.1309328258210289,0.016831114036873568,True
COX4I2,6969,0.19926155395307374,0.044974403521724896,0.046106385092056425,2.4551514244098738,0.004016002348530222,-0.01817321354566867,0.04609025681719236,0.0033260510891966097,True
CPA3,6969,0.1857437583886403,0.03776735512185522,0.03837233617331037,1.576607295221033,-0.0002097151638967506,0.02092960199456374,0.03837229219286049,0.002796236015614395,True
CPB1,6969,0.13575541869381388,0.030328641428746354,0.03057749261486267,0.8138377768599492,6.14611190606231e-05,-0.007658950525966338,0.03057748883739408,0.0015768748509557792,True
CRIP1,6969,0.30229662984544536,0.11544131930926953,0.12616681046377676,8.501040103242186,0.0011047004054002875,0.014398542588689198,0.12616559010079276,0.017541294216225727,True
CRP,6969,0.1878371900583584,0.05175828247610267,0.05281218106681447,1.9955596785114382,-0.0008204894963304972,0.02032203280502867,0.05281150786380072,0.0038715479074378526,True
CRYAB,6969,0.5226426722520299,0.7682079707807523,1.0508896405886432,26.899272662879238,0.0061724991357887575,0.06941263957895538,1.0508515408430523,0.3089554139709292,True
CSF1,6969,0.4257798373060226,0.2213483749806956,0.27007861297634833,18.04298291472646,0.0001951442470952862,0.015413309635896776,0.27007857489507686,0.0492201807908658,True
CSF1R,6969,0.19787904580488969,0.07278512882254598,0.075542388273305,3.6499500661582696,-0.0018964580264627241,0.0048358872944983845,0.07553879172025832,0.004487396042921822,True
CSF2,6969,0.2163283290458822,0.058317116479325685,0.06065612214241196,3.8561740851065673,-0.00025905943815772133,-0.02140999146469749,0.06065605503061659,0.0036613013684298912,True
CSF2RA,6969,0.1714701721336891,0.039117123083019914,0.04005035041314461,2.3301352435069034,-0.001914383895659929,0.013692607992904816,0.04004668554744413,0.0013242878839282502,True
CSF2RB,6969,0.20374128777395173,0.05125893866021857,0.05309620961211717,3.4602676261081156,-0.0006951629807607295,0.018466441335385348,0.053095726360545506,0.0022299957969419163,True
CSF3,6969,0.14057769687944416,0.03169328716175406,0.03162850812318815,-0.20481218498709097,-0.0026454742292811155,0.020782714818955356,0.03162150958928918,0.0013805411098219685,True
CSF3R,6969,0.17690833098201564,0.04174298606619708,0.04308840212085494,3.1224552047305565,0.002403902298050403,0.0026033500652861297,0.04308262337459674,0.0011408729121139731,True
CSHL1,6969,0.22916483451750938,0.05942321160144856,0.06268513772454412,5.20366747446479,-0.0005520239872233839,0.004729257603340981,0.06268483299406336,0.0031138984055719635,True
CSK,6969,0.4664772844838551,0.21737359858344948,0.27728195256341953,21.60557274865117,0.002990510558993082,-0.007737863181306703,0.2772730094100144,0.06944864385530207,True
CSPG4,6969,0.28232650712947116,0.08209155678345084,0.0891388427063512,7.90596524358762,-0.0018205450860306904,-0.004590260669693815,0.0891355283219414,0.005928496217170331,True
CST7,6969,0.17394942930443327,0.04406088546037194,0.04525612323387623,2.6410520568178164,-0.0014143650732589155,-0.013755982088357797,0.04525412280531534,0.0017538668092089065,True
CSTB,6969,0.5771898546528982,0.4602478460937145,0.6856674733066525,32.87594001299855,0.01175424907757949,0.0585977833703094,0.685529310935277,0.25807517444936834,True
CTLA4,6969,0.11907180262188806,0.02462225587390805,0.02483063913194298,0.8392182614697874,-0.00022517441730363107,-0.00959558043204497,0.02483058842842424,0.0006885654270075071,True
CTNNB1,6969,0.48091189361146025,0.3021847531316618,0.39269005054956846,23.047514774373525,0.00836495428738592,-0.01005704471584068,0.392620078089338,0.09407842635715871,True
CTSD,6969,0.6413259537299395,0.7456295335789572,1.2646879589130966,41.04241063386345,0.003272527660696112,0.031496792974361844,1.2646772494758034,0.5461235562762404,True
CTSG,6969,0.1121554760808931,0.025972324157541846,0.02617587212739691,0.7776167642644327,-0.0004485963733778877,-0.004703685779603992,0.026175670888690456,0.000813878189676985,True
CTSW,6969,0.20742108415412894,0.05234841267908906,0.054640757088949506,4.195301331803913,0.0022880496655805055,-0.0016712674085112428,0.05463552191767752,0.0030690228787756935,True
CUZD1,6969,0.1832974834988726,0.04962350870649141,0.05059840518540457,1.9267336101620458,0.004035573576192532,-0.02235191436635467,0.05058211933131632,0.002294291367691486,True
CX3CL1,6969,0.3307893147012089,0.15379409650538725,0.17141234828123203,10.278286221794797,-0.009134231385686576,0.011868585443397063,0.17132891409822334,0.027122609642433862,True
CX3CR1,6969,0.21854820158301966,0.052582286282810684,0.05477036632746081,3.9950071386560593,-0.0040616864221717655,0.009431124528131503,0.054753869030868554,0.004531034092080899,True
CXCL1,6969,0.3441291742900798,0.16377962220114695,0.18480200177346282,11.375623299841664,0.0008666317138597979,-0.01975735180825102,0.18480125072293618,0.028515939461581808,True
CXCL10,6969,0.27238072935521174,0.10068605747127776,0.10811084411557864,6.867753836389645,-0.004398076477651532,-0.0007645802815323291,0.10809150103887283,0.013010266282796569,True
CXCL12,6969,0.34153891463866143,0.1283136871604493,0.14501646518363792,11.51784937113003,0.0011133727379552705,0.005730713402788537,0.14501522558478377,0.020722566983989388,True
CXCL13,6969,0.19023433022434016,0.04196793927458795,0.0434934089226579,3.507358208648592,0.00034004997652869155,0.005554471311408934,0.04349329328867123,0.0019628159137593942,True
CXCL14,6969,0.21335019471310057,0.05740420313958043,0.059986842432841185,4.3053429527519675,6.924666039894773e-05,-0.008909100961981964,0.05998683763774094,0.0036548108199467755,True
CXCL16,6969,0.4254780926518933,0.20114258919615344,0.24549129802866734,18.06528752287384,-0.0018936057038758094,-0.010389408083040038,0.2454877122861081,0.04241076146569991,True
CXCL17,6969,0.22307469731397986,0.05078924416089831,0.05331983050996304,4.746050999903084,0.003145223325483254,-0.005955207383444284,0.05330993808019555,0.001978752225855324,True
CXCL5,6969,0.31147015677265955,0.11433934539906634,0.12641395040762257,9.551639648647626,-0.003050389586981134,-0.01455097371523363,0.12640464553099048,0.014119663883136714,True
CXCL8,6969,0.26341531262848544,0.07768034903896397,0.08287314352744439,6.265955733609618,0.0019403329657112479,-0.01250155329675419,0.082869378635426,0.0032551791849998314,True
CXCL9,6969,0.3621508807992386,0.24511658581877788,0.27960301337941545,12.334068629596706,-0.001136272174929902,0.013428300352918655,0.2796017222649632,0.05565778497428098,True
CXCR1,6969,0.22121297440661702,0.05453721793344724,0.057176465032262216,4.615967596677695,0.0016334338017713564,0.010935721736658438,0.05717379692627551,0.003786821819814595,True
CXCR2,6969,0.22101205515112152,0.06721745740172755,0.07042422349114368,4.553498683332147,0.0030397376857301327,-0.008947684875067898,0.07041498348594649,0.0047006720809927285,True
CXCR3,6969,0.2518251044681223,0.08140820056469873,0.08674199673922751,6.149035501873179,0.0007502145585207776,0.006640268340378076,0.0867414339173447,0.007343410817459274,True
CXCR4,6969,0.23533966202611079,0.09092344837174537,0.0959816412047062,5.269958681132458,0.00014430316145578473,0.012233145265310922,0.0959816203813039,0.006968033478542165,True
CXCR5,6969,0.19466140635133278,0.0626077985806284,0.06437260192573058,2.74154421649494,-0.001955889970436211,0.010670111197237904,0.06436877642015404,0.0052075468760057935,True
CXCR6,6969,0.19868584132622663,0.04728746076209583,0.048695207273929,2.8909344279285376,0.0011454250501549761,0.014122382573989735,0.048693895275383835,0.003904033095539391,True
CYP1B1,6969,0.2208027000884421,0.06390568697083827,0.06650304421158389,3.9056215719718734,6.72117036013987e-05,0.02146470486264623,0.06650303969417073,0.004986966049565481,True
CYP2U1,6969,0.26366580594775524,0.07000585943386746,0.07523631069038207,6.9520304870335226,0.0005554212787808536,0.0010064246228120046,0.07523600219758318,0.005203388271679188,True
CYSTM1,6969,0.6086157610577375,0.40320039854984707,0.6400303579759626,37.002925951054664,0.005866874716582609,0.00983367668386468,0.6399959377570216,0.2527615960997774,True
CYTOR,6969,0.3843838897856177,0.20923076198324728,0.24481796529519892,14.536189478186767,0.007484142964018658,0.020167268672102733,0.244761952899294,0.04489652733310674,True
DCN,6969,0.19615882527730724,0.05047836082764885,0.05175862677283272,2.4735315154378545,-0.0022036092710522362,-0.01678648786233092,0.05175377087901367,0.004497042334754083,True
DDC,6969,0.29999291896635333,0.11603603009725463,0.12669773428896697,8.41507091783943,-0.000678948443321505,0.021087753691978208,0.12669727331798203,0.015160237918077395,True
DDIT3,6969,0.29931388551012106,0.09165673515871155,0.10035506873742045,8.66755779069629,0.0003106670975599591,0.01741157186803341,0.10035497222337628,0.008979098059075666,True
DDR1,6969,0.5029718283574255,0.33940506498835943,0.4533079664547002,25.127046047121095,0.007903497557071997,-0.002182315501683385,0.4532455011810608,0.1335570471595733,True
DDR2,6969,0.21899097030914075,0.06001462466921837,0.06300286546696568,4.743023631701549,0.0013764775227843508,-0.004536704986155341,0.0630009707765967,0.0030399475979412415,True
DDX58,6969,0.24314668107115758,0.06210345158450608,0.0655872965410826,5.3117678884573305,0.001530533311424852,0.018880022371909184,0.06558495400886433,0.00518547282562607,True
DHRS2,6969,0.2672899075507485,0.08162529739878147,0.08652392404534898,5.66158631917808,0.00031429459912172436,0.03002041267818579,0.08652382526425374,0.009729570141198756,True
DLL1,6969,0.24989481522953133,0.08416346779699063,0.08883594546848554,5.259670110847714,-0.00748552504725394,-0.0069264854497064696,0.08877991238325193,0.011006207053677892,True
DLL4,6969,0.21843904195925973,0.057950122637513854,0.060818452963336087,4.716217177624326,0.0031455087771219336,0.0034284792587370608,0.060808558737869424,0.0022380636430727676,True
DMBT1,6969,0.20695826409292514,0.045923781417793595,0.04780619970504393,3.9376028608517966,0.004418958230260832,0.007609324563176513,0.047786672513202,0.0034130775096291102,True
DNMT1,6969,0.34569160792464876,0.09783311832419711,0.10911583780773021,10.340130003321823,0.0046108069729815255,0.02000730289071467,0.10909457826678716,0.02353305705891282,True
DNMT3A,6969,0.40102956886579005,0.1527047159767661,0.18025656532502896,15.284796589007922,0.005271986787605532,-0.03290619531453665,0.18022877148033906,0.02963595998065329,True
DPP4,6969,0.4700680146112075,0.31201486563096914,0.4001352471858313,22.02264913541525,0.014561208360317294,-0.001035103842940554,0.3999232183969239,0.09734393559692323,True
DPT,6969,0.2068014067105103,0.05590875098577671,0.05795644522206888,3.5331605112185915,0.002992685672020293,-0.00564217143116765,0.05794748905453703,0.004745142346171776,True
DST,6969,0.2975757647679123,0.09942319532910839,0.10884869680679639,8.659269016714122,-0.0004092626501351043,0.0030255503363160034,0.10884852931088186,0.012627837173642523,True
DUSP1,6969,0.5190188386906307,0.5043913659437731,0.6877441346451852,26.660026522219027,0.003962923391364127,-0.01889023637835539,0.6877284298833826,0.21888697897865314,True
DUSP2,6969,0.24334035702646642,0.0714813227859618,0.07455345210487767,4.120706999045687,0.0033739052658393063,-0.03288333680069649,0.07454206886813569,0.003626646696493753,True
DUSP4,6969,0.19833823310036247,0.05782757473748695,0.059847117494298045,3.374502969175597,-0.0012116295740292736,0.00840791999083106,0.059845649448073995,0.004112392533348139,True
DUSP5,6969,0.2041561271537673,0.048587554787407436,0.05070114668809303,4.168726032348225,0.003373046318347869,0.006609933726362722,0.05068976924662525,0.002093560780218643,True
DUSP6,6969,0.4677453361031953,0.25224151673078493,0.3213905932403737,21.51558818582813,0.00648469197252317,0.02351594770407126,0.32134854201040564,0.08720772168019167,True
EFNA1,6969,0.49483006214004494,0.547874173614574,0.7235988864699633,24.284823559175493,0.00037857558279438434,0.038140561042760035,0.7235987431504917,0.172788590014772,True
EFNA4,6969,0.3563743170791431,0.16657883630954434,0.19060802572993954,12.606598976288986,0.009371329729176266,0.022009560642428542,0.1905202039090423,0.02733196189128485,True
EFNA5,6969,0.26088043220165885,0.0650698743472861,0.06843936693338486,4.923325181219784,-0.0026930899907602166,0.032573960781496186,0.06843211419968462,0.005687229874198071,True
EFNB1,6969,0.3484848961970811,0.14402326201481158,0.16285629321904788,11.564202298836035,-0.0073422750829367405,0.021156876260158938,0.16280238421565377,0.023720252112003987,True
EFNB2,6969,0.18328129662343767,0.04390769296148936,0.04541668301362711,3.3225457078954634,0.002339472762480205,-0.002237883896787029,0.04541120988082092,0.0014488839466119579,True
EGF,6969,0.24210850993693042,0.06009943186323177,0.06332939626457201,5.100260845447469,0.0014636446352343012,0.016940026574236648,0.06332725400895402,0.005862771885110302,True
EGFR,6969,0.43607262359101406,0.2498629783274147,0.3051737785281001,18.12436195123246,-0.0013130513235150459,0.03826137720466233,0.3051720544243288,0.07556913472973648,True
EIF5A,6969,0.5323035616851025,0.3295418890153395,0.45916409742271913,28.230040008560565,0.012828000433756898,0.01273153223549555,0.458999539827588,0.14830023548285629,True
ELANE,6969,0.20897163750805314,0.056863169869822365,0.05942495601296964,4.31096009997578,0.004400018101734759,0.007927295165867456,0.05940559585367457,0.001994723523641933,True
EMP3,6969,0.37487594264568436,0.16945872593429356,0.19640029474904244,13.717682475565752,0.002804310267240831,0.015753986944576377,0.19639243059297068,0.035512275407298434,True
ENG,6969,0.2133967885587786,0.06357217088750645,0.06644805809025224,4.328022948149446,-0.0002851200114023157,0.003939111515385705,0.06644797679683212,0.004423481621889133,True
ENO1,6969,0.669812798596724,0.6722683829037458,1.2182543126934116,44.817073422260854,0.00742867121985857,0.02942930748075469,1.218199127537319,0.5634844532436204,True
ENTPD1,6969,0.18279070484053714,0.039809043218441996,0.04117476143088863,3.31688190771664,0.0019586708298850253,0.005492699261707176,0.04117092503946809,0.0014598040380171377,True
EOMES,6969,0.13569023699418614,0.022290678446525377,0.022708924270997865,1.8417685465032752,0.0013600118447045443,0.0019025690881659693,0.022707074638780363,0.00037128071184934237,True
EPCAM,6969,0.3632726875821233,0.14829314630247847,0.16978976400274354,12.660726532323652,0.008894635929167057,-0.01788566503200714,0.16971064945442718,0.01781741723862702,True
EPHA2,6969,0.2780740110720987,0.10907938385323089,0.11662564101531121,6.470495764383077,-0.0022563619026239367,0.00970460042413038,0.11662054984627461,0.017286546623307735,True
EPHA3,6969,0.23174481682582443,0.05134731138288551,0.053854367770024995,4.6552517297118845,-0.0031111925062070637,0.013476484871984879,0.05384468825121238,0.004185401793703909,True
EPHA4,6969,0.13703744410213614,0.023158708777198427,0.023417862802429253,1.1066510527337314,0.0003168729255113562,0.008884278920671958,0.023417762393978095,0.0009815632596102913,True
EPHA7,6969,0.1866153399029349,0.0331272198777012,0.03428464495312898,3.375928428047348,-0.0017716142580539633,0.0022683371003294353,0.03428150633604919,0.0008838683497223161,True
EPHB2,6969,0.24850788348612435,0.07352546494617042,0.07830631223102988,6.105315329822147,0.001600932015042203,0.00013107225186091137,0.07830374924771255,0.0038568372492543256,True
EPHB3,6969,0.23610448588587798,0.0670555378528904,0.07056620759242416,4.975001292134995,0.0013687858316063248,0.014273003697695208,0.070564334017772,0.0062080082942126144,True
EPHB4,6969,0.22689376503777312,0.05498212936603909,0.05751028096115638,4.395999381093008,-0.002929473925242381,0.017940029258961262,0.05750169914367909,0.0032117356220926156,True
EPHB6,6969,0.20399329144040054,0.048819525395557124,0.050456162678076344,3.2436816350093767,-0.00026047931953864797,0.015678531676758024,0.05045609482860124,0.0036336091448605514,True
EPOR,6969,0.27004684310859217,0.07257992917300637,0.07763345466986041,6.50946878294204,0.003134309253386094,0.026794121967790834,0.07762363077536297,0.004579528975908709,True
ERBB2,6969,0.3337996637790956,0.1259547798829637,0.1408945565139388,10.603515849455214,-0.0038031634247479196,-0.01626176172355584,0.14088009246190603,0.02253620911818437,True
ERBB3,6969,0.33223556490874995,0.13694470424706862,0.15371380133517878,10.90929828190541,0.0007618092121293135,-0.005236587280556955,0.1537132209819039,0.020449686430609664,True
ESAM,6969,0.2494043556883342,0.06761169954235599,0.07141091597915035,5.320218043280112,-0.00010566148478770328,-0.0028205249591654762,0.07141090481480222,0.008437210534765602,True
ESR1,6969,0.19380422611543283,0.053531108656702985,0.05539158954414365,3.358778657106387,-0.0008641247169703591,0.013564706136282623,0.05539084283261661,0.0017697547200725612,True
ETS1,6969,0.21948503416821613,0.07277433145514646,0.07499030234886472,2.955009947031917,-0.0023915908705779377,0.02891726446671959,0.07498458264197187,0.006502768355241254,True
ETV4,6969,0.24265371387088577,0.07908476938877429,0.08385119779448306,5.684389169241388,0.000994626301692093,0.014074652663554073,0.08385020851300108,0.00482510554334743,True
ETV5,6969,0.2499454782545256,0.062889109104832,0.06595253944915386,4.6449012728063455,-0.0008696506465673617,0.010420498643046405,0.06595178315690868,0.00896531964575934,True
EZH2,6969,0.2752063983650365,0.07264832404396461,0.07807443345811595,6.949918396861943,-0.0011585059860786178,-0.012000591844407963,0.07807309132199496,0.009245553009625651,True
EZR,6969,0.5748089194100209,0.4310872627359005,0.6433158663131671,32.98979781014035,0.006060384886390356,0.021394213097031545,0.6432791380481929,0.22258218195458265,True
FABP4,6969,0.19322167687245903,0.04902699207511204,0.05077484237296205,3.442354946198234,0.0011182313055026684,-0.002390077966522633,0.050773591931710084,0.0030504305130155834,True
FABP5,6969,0.31738250276641927,0.12128342543939212,0.13243181883801902,8.418213610931991,-0.0028770801809429696,0.041536711667265976,0.13242354124765227,0.017042501669251534,True
FAM30A,6969,0.20402627088576578,0.05833696448297067,0.05959709475782412,2.114415610314657,0.0009345341779046806,0.013884433019607735,0.059596221403694256,0.006768428317230623,True
FAP,6969,0.22177486146326753,0.056143692279920825,0.059022138941144636,4.8768931673149325,0.0025447529423508826,-0.0028843877811570453,0.05901566317360629,0.0030211221336552117,True
FAS,6969,0.1657119262479,0.03973500199624426,0.0405235377893925,1.9458710570789517,6.084225474205844e-05,0.015316700109668596,0.040523534087612785,0.0018425749205602112,True
FASLG,6969,0.18872879880218926,0.06272745122126012,0.06450151347104982,2.750419570520546,0.0005135375165515111,-0.003056638646060471,0.06450124975026988,0.004975138763263603,True
FASN,6969,0.3633063296434399,0.15555868870040387,0.17617291175481498,11.701130922499893,0.005207766058592428,-0.016926091127733724,0.17614579092749533,0.0396373382790529,True
FAU,6969,0.6200098943959903,0.4668803439234689,0.7576568017570595,38.37838677871822,0.014873879994410732,0.010430888428777341,0.7574355694509677,0.3180305497044979,True
FCER1G,6969,0.15776221488556477,0.0462884281490398,0.04710555941870513,1.7346811708616627,-0.001946104139042544,0.012739009816161589,0.04710177209738524,0.002135409418035277,True
FCGBP,6969,0.15860824719947175,0.045994218503988896,0.046264931403553894,0.5851362821737593,-0.0015447536206242,0.022702628113318718,0.04626254513980509,0.0026678859583949407,True
FCGR3A,6969,0.25457978512280083,0.10135540540455353,0.10772413178241143,5.9120702784793755,0.0018324716726802039,0.016819070141710645,0.10772077382997922,0.010679537556145301,True
FCRLA,6969,0.24663838847087988,0.07930757751051619,0.08429118879647898,5.912375133296221,0.001653642125170069,-0.0029677054949702416,0.08428845426420037,0.0068540033877126,True
FES,6969,0.37322692699958004,0.13777842627464448,0.15900793868816732,13.351227988154946,-0.0002320887822129152,-0.0005579660970689337,0.15900788482296427,0.03209765884188347,True
FFAR2,6969,0.2637081996506399,0.07439507630065735,0.07947801664117526,6.395404107108272,0.0027019740870119014,-0.01526426322852279,0.07947071597721043,0.003971698850648804,True
FFAR3,6969,0.26487290241755274,0.08943915336596484,0.09524301404732126,6.093738989058862,0.00019194291575017593,0.013388128059626605,0.09524297720523772,0.011724079865869996,True
FFAR4,6969,0.20766337994005232,0.057010986987785756,0.05934060689566714,3.9258444255168,-6.292155152808167e-05,0.0033848089046914207,0.0593406029365445,0.004268627516733291,True
FGF1,6969,0.1919485704198873,0.03051756451806962,0.03160078789458725,3.42783661005861,0.00042267160190539034,-0.006868806045140533,0.031600609243304836,0.0008306965440202202,True
FGF12,6969,0.2207149784686508,0.04962495229437435,0.05192485411140009,4.429288933757047,0.0011929786785600995,-0.007369165858960781,0.051923430913270764,0.003950149284136285,True
FGF13,6969,0.3477202227009364,0.13617426617392706,0.1547261072411315,11.990116857456067,0.002526717679301128,0.0034361820937128845,0.1547197229389055,0.022336371792820296,True
FGF18,6969,0.3767420587598338,0.1601663029269008,0.18627411401025049,14.015802046393311,-0.0004884438563289525,0.017472175262389446,0.18627387543285534,0.02739802084412177,True
FGF2,6969,0.22356056990971726,0.04976295265758193,0.05200495174264601,4.311126171520996,-0.002936903865731828,0.01562619757712794,0.051996326338329825,0.0021547651439104156,True
FGF7,6969,0.18681621124290576,0.044199264278580216,0.045712996443970436,3.311382502010274,0.0005006509885022999,0.008594647182205397,0.045712745792558386,0.001935232450446214,True
FGF9,6969,0.20919544342889532,0.047533222528382164,0.049547046460840675,4.064468169762914,8.924132351178078e-05,-0.011798629727024007,0.049547038496826346,0.002519546834238051,True
FGFR1,6969,0.24696778996711904,0.06651237575996181,0.07002308177726331,5.013641114038247,0.005102319691278343,0.03269848225977443,0.06999704811103105,0.004920746535708696,True
FGFR2,6969,0.19627032810374828,0.05206727812674626,0.05404191361720567,3.6538963154530757,-0.0031208086944341422,-0.00274585429894405,0.05403217417030068,0.003182228934185975,True
FGFR3,6969,0.36141274803745105,0.15705463431747024,0.17897961646789348,12.249988341189844,0.006117647391067616,3.359880026289305e-05,0.1789421908582919,0.03646004583721543,True
FGG,6969,0.49328182940414084,0.5997581855405292,0.7901783677952892,24.098379557777516,0.01125545584949364,0.05538378988428332,0.7900516825089059,0.19200917305716797,True
FGR,6969,0.18478595441176526,0.05767912871098149,0.059032971844933745,2.2933677428751076,0.0037633576870717248,0.02950136960466848,0.05901880898385315,0.0023535994318636274,True
FHIT,6969,0.1598230206308752,0.042189545210952466,0.04316381880835163,2.257153385164923,0.0005602139965168012,-0.007566979349521213,0.043163504968629814,0.001690216787690724,True
FKBP11,6969,0.25204551046575696,0.06735126738495917,0.07155924917919547,5.880416357777674,-0.0006133403080080037,-0.006020525388055064,0.07155887299286316,0.007225659577292651,True
FKBP5,6969,0.6288661159092162,0.6164485792753809,1.0182675058224129,39.46103791483547,0.020645708912652917,-0.010349123838667266,1.0178412605259144,0.3859191815037039,True
FLT1,6969,0.20722374631705778,0.06227083692980638,0.0649077035908367,4.062486446373947,-0.002608453967441598,-0.013867796585124164,0.06490089955873858,0.0033965142323320293,True
FLT3LG,6969,0.2002977883667157,0.04754129666250854,0.04921682155080199,3.404374430323509,-0.0012830637319475597,0.003200125541500047,0.04921517529826274,0.003743367541506452,True
FN1,6969,0.6310926242874667,0.8504418666945872,1.4129965410767045,39.81288403957806,0.012494821686761111,0.02115750313754005,1.412840420507728,0.5402036352378298,True
FOS,6969,0.29439634026109857,0.141763123026972,0.15331415456588074,7.534223810982277,-0.0025357449797958603,-0.039552575400209275,0.15330772456327596,0.018107008381857446,True
FOXF1,6969,0.2914823884071696,0.08079220176090957,0.08785453258550915,8.03866416081127,-0.002555033792072739,0.0027285782862997224,0.0878480043878315,0.011212074146509031,True
FOXP3,6969,0.20355624246856563,0.04492936873829457,0.04659379181905811,3.572199247545993,0.0017773350253049056,-0.01405585651229952,0.046590632899266016,0.001570699705761528,True
FPR1,6969,0.25392478002203445,0.07646593866556443,0.08165632940500045,6.3563850803195265,-0.0010037528620096031,0.007688321227047147,0.0816553218851905,0.005244634802178669,True
FYB1,6969,0.2303084198228545,0.05518156819915815,0.05740097311695791,3.8664935405843925,-0.0010289510741160613,-0.02841644026584948,0.05739991437664448,0.004084010246313044,True
FYN,6969,0.2126405907318846,0.050307885389555065,0.05247232085517397,4.124908962179974,-0.0009203820261761626,-0.015360810685422272,0.052471473752100074,0.0024373802572184456,True
FZD1,6969,0.22330726374779108,0.07110294677566595,0.07417110634470524,4.1365967426456045,-0.00037659881514889865,0.010510018153506598,0.07417096451803823,0.0069631560650738255,True
FZD3,6969,0.209938619257448,0.04226353436418783,0.043957177449510505,3.8529386634708507,0.0013725149129449354,0.01598354350748218,0.043955293652323195,0.002467739197124551,True
FZD4,6969,0.315820231801414,0.13381660069971094,0.14856212952049658,9.925496402332644,0.006582832420671118,0.010885243270129782,0.14851879583781527,0.01725298882859307,True
FZD5,6969,0.3110632684298254,0.1356202687880606,0.1500005560774995,9.586822652850135,0.0032652547116053124,0.013019886484238938,0.14998989418916645,0.0162358219771858,True
FZD6,6969,0.29436393819159307,0.09216081688319526,0.1007352187444475,8.511821355155258,0.0035726680554110653,-0.005784757041357258,0.1007224547874155,0.010460560752187919,True
FZD7,6969,0.33108002038282586,0.1263985574559108,0.14103011919371314,10.37477797044547,0.0041924491385712925,-0.023375585245752388,0.1410125425639308,0.013275069629663863,True
FZD8,6969,0.33304617265259906,0.12228155930717528,0.13620323311815372,10.221250621049238,-0.0018724100689649205,0.023713897368718997,0.13619972719869047,0.021324436670567975,True
G0S2,6969,0.3525993250222201,0.1701073086281295,0.19166100933553737,11.245740999763909,-0.002585691967967046,-0.018696491968024066,0.1916543235325785,0.0397279648829009,True
G6PD,6969,0.5373111709509028,0.349014212310629,0.486510705718869,28.261761106587556,0.022116024615364688,0.07963485093641647,0.4860215871740857,0.1406856860359007,True
GADD45B,6969,0.41771608365928964,0.2869185959947805,0.3474831043791826,17.429482936330785,0.0029031115858434075,0.010850566536652383,0.3474746763223081,0.062234165107191784,True
GAS6,6969,0.26640530162474246,0.07421938420174637,0.07986487813605445,7.06880679726406,0.000575054945280672,-0.004135403209758131,0.07986454744786292,0.00553611101438311,True
GATA3,6969,0.21698920127332638,0.05740628971493281,0.060210804077213555,4.6578257926671585,0.0009265325868346972,0.00650086540548129,0.06020994561458036,0.002884520208184656,True
GC,6969,0.5885329125431273,0.6949368083149776,1.0593827965554539,34.401728008559296,0.01072553110432293,-0.033708512952236126,1.0592677595379925,0.3970264906656905,True
GCG,6969,0.20690658963625125,0.05125624569855029,0.05341080689401139,4.0339424186880635,-0.004054662548481332,0.00802339344905642,0.053394366605630676,0.002417031427766919,True
GDF15,6969,0.2725871739367849,0.13126308615949966,0.141100841239569,6.9721448813804265,0.0015474558304228218,0.024747351049780333,0.14109844662002355,0.01274786017053935,True
GLUD1,6969,0.3448412690429764,0.1369079513799731,0.15080063726144705,9.212617488736342,0.0036115109480031166,-0.0541003466813512,0.1507875942501171,0.02584124360728092,True
GLUL,6969,0.6308393546408475,0.686229316513867,1.1371327136228175,39.65266249991234,0.0116902411343258,-0.019229808866374716,1.1369960518850433,0.4901780953996255,True
GNLY,6969,0.15474615351660959,0.02693780618075203,0.027034022353169696,0.3559077193941329,-0.0011760297388133437,0.017595766386433353,0.027032639307223712,0.001567299705799741,True
GPBAR1,6969,0.24436520828698363,0.07273911929149714,0.07713811839238341,5.702756552227006,-0.0015925420572467266,0.007912030834840949,0.0771355822021785,0.006207989995513954,True
GPER1,6969,0.31308775316488957,0.12999219410145188,0.14404343828666827,9.754865860152739,-0.0025979023245558163,0.005520288790389735,0.14403668919017915,0.014826379889584936,True
GPNMB,6969,0.2635344864248393,0.13216034342552643,0.14138012578405706,6.521271860100642,-0.001483460329392836,0.0219682607073981,0.14137792512950592,0.008452002562838951,True
GPR183,6969,0.11686622392567393,0.0289721348066291,0.028609993231033623,-1.2657870020138962,-0.0027847526984417312,-0.028814395061418925,0.028602238383441565,0.0008337554102267297,True
GPX1,6969,0.5897283302933934,0.4247563692787875,0.648717452689208,34.52367166661035,-0.002138673089586828,0.009841973359728239,0.6487128787666331,0.2640202622146072,True
GPX3,6969,0.5972052408653744,0.6101586567062608,0.9463558739936844,35.525453640251534,0.013070093288740111,0.04709580224436346,0.94618504665511,0.35706140768484185,True
GSK3B,6969,0.3666564053597626,0.1369216962432911,0.15723460642673312,12.918854598912521,0.002164754515690447,0.029658534357340012,0.15722992026462096,0.018720139464515312,True
GSN,6969,0.5088170117518314,0.3286075489705084,0.4429823703472607,25.81927160827915,0.004509261997585267,0.02053727322892969,0.4429620369034927,0.10911713700399922,True
GSTP1,6969,0.49559937529131254,0.2560873615206597,0.3391012954978797,24.480571168369092,0.013322081772322155,0.012305876215077132,0.3389238176351296,0.09531827767539677,True
GZMA,6969,0.15817869591598305,0.033990439451604244,0.03475724864423814,2.2061849615389817,-0.001628883224697499,0.008629924690406751,0.034754595383677984,0.0008946574401382936,True
GZMB,6969,0.1940778778586711,0.04708482043806191,0.04861716636827999,3.1518618724308167,-0.00014222095670890289,0.0026167830964690694,0.04861714614147805,0.0035832102611243546,True
GZMH,6969,0.19870463655419587,0.05104814227482367,0.05314664359281972,3.948511469649163,-0.0003243618056633531,-0.00033324396854202647,0.05314653838223904,0.002110338001897809,True
GZMK,6969,0.2103050285897273,0.04750323192357901,0.049700924068594006,4.421833569898781,0.0016438972960245081,0.0005514527097598845,0.04969822167027594,0.0020713777234137713,True
H2AZ1,6969,0.572909099869594,0.4320475125836226,0.6340318941491521,31.857132650493114,0.004635581080378821,0.027107152165619187,0.6340104055371929,0.2821856895424887,True
H4C3,6969,0.581017368260538,0.5318273156653528,0.8021981865716954,33.70374995009773,0.003369004970657242,-0.0044367286470335275,0.8021868363772141,0.29154711023346386,True
HAVCR2,6969,0.13775138047014107,0.0298631543767507,0.03031115751286502,1.4780139489037114,0.0013890697245687474,-0.003125307713335249,0.030309227998165163,0.0011838247123408883,True
HBA1,6969,0.2999801275192976,0.1029927918107066,0.11230658239815203,8.293183167506557,0.00015967380865384147,-0.017607413482763946,0.11230655690242322,0.014973433606463566,True
HBB,6969,0.2841435286202942,0.07390197680125887,0.08014353154980242,7.787970691889146,-0.002894235251281367,-0.00841833575099358,0.08013515495211225,0.008986321777401796,True
HCAR2,6969,0.2663577329111217,0.09107508313943777,0.09744463666778032,6.536587077704825,0.0016242368591791385,0.01133825922823725,0.09744199852240348,0.010899992946260859,True
HCK,6969,0.18749706600275823,0.04316340566678802,0.044496989072217843,2.9970194236410896,-0.0014059270517883214,-0.01660394978806139,0.044495012441341415,0.0014645061323062705,True
HCST,6969,0.2245848701662042,0.07345647521004087,0.07625254802057592,3.6668582009621087,0.0015226047518674467,0.03268276612918617,0.07625022969534576,0.00504500559370421,True
HDAC1,6969,0.39039156466664926,0.16705868835796123,0.1960455758974207,14.785790195350613,0.0090551725469133,0.031008180698588617,0.19596357974756773,0.037910570501823455,True
HDAC11,6969,0.2671249047219184,0.09022406812569435,0.09650486959048415,6.508274133152259,0.005596776279473958,0.002436896350801639,0.09647354568575905,0.011655152403174652,True
HDAC3,6969,0.34065846296438673,0.1324769948210504,0.14877826857767,10.956757268693085,-0.003613469632836116,0.014629840709173897,0.14876521141488458,0.02456985000859966,True
HDAC4,6969,0.31998868310230627,0.1141129277489453,0.12710011153033784,10.21807426053486,0.001258349926250363,0.0012547639060286012,0.1270985280857976,0.014257549640879006,True
HDAC5,6969,0.3219239213537974,0.11170928564191535,0.12451384921893645,10.28364608221729,0.0006055552509734545,0.010560797015532438,0.12451348252177395,0.013088117977059662,True
HEXB,6969,0.34140755424848773,0.14334010776805875,0.16144083080514102,11.21198580731404,-0.0010908930052607965,0.014535635819679751,0.1614396407575889,0.025260975648330172,True
HEY1,6969,0.2811015430099059,0.08787176161613144,0.09485808721578701,7.3650289655986745,9.324414125558276e-05,0.022259922780294046,0.0948580785213206,0.006782291941284197,True
HGF,6969,0.18163172158543317,0.03817131576407824,0.03881628754784211,1.6616009013456612,0.00176833978187133,0.02691522429562642,0.03881316052225897,0.00146544462085036,True
HIF1A,6969,0.4769614945745592,0.28407369868036614,0.3670564728681468,22.607631337859434,0.007832628503080453,0.031224254087831898,0.36699512279888535,0.08609033967678012,True
HILPDA,6969,0.37220852515780106,0.22886762886140863,0.2635349055851866,13.154719162077733,0.0013574404736334256,0.04429107967056927,0.2635330629405555,0.03687804585210986,True
HLA.A,6969,0.6792638043257682,0.6746331410543029,1.247557704569128,45.92369246059824,0.0006065287307617885,-0.009493027420302625,1.2475573366920294,0.655529332631291,True
HLA.DPA1,6969,0.5531863911585794,0.5023794198495888,0.7194646909653425,30.173165388349954,0.003396805693872657,0.03955316398214468,0.7194531526764307,0.26156725461450137,True
HLA.DPB1,6969,0.42981181884033537,0.24317582276416397,0.29580792155033964,17.79266035552024,-0.009998829836208383,0.027805609040885464,0.29570794495225056,0.06737077590345333,True
HLA.DQA1,6969,0.3841132756171212,0.3371302571253291,0.39540879237543974,14.738806110000525,0.0117552314765622,0.024994864967375168,0.395270606908374,0.057384547574344136,True
HLA.DQB1,6969,0.5897614178888649,0.5216663753005549,0.7969743705672878,34.544146641851,0.01250507079053086,0.029341372414530158,0.7968179937718077,0.32243857039283597,True
HLA.DRA,6969,0.5448290845826175,0.46514963148748806,0.6594472437775264,29.463708298640988,0.0020504010076039763,-0.016610418957393375,0.6594430396332404,0.22629054165627263,True
HLA.DRB1,6969,0.5853753722494872,0.6424740996312346,0.9714084498501663,33.86159038143715,0.008062250239723534,0.021793365400003355,0.971343449971232,0.4076368111742581,True
HMGB2,6969,0.3653011176435767,0.1740918919121827,0.19416410786127833,10.337758183111967,-0.0036241510776865173,0.03799474999227869,0.19415097339024903,0.05068207670499064,True
HMGCS1,6969,0.3669824823788022,0.14766259118587408,0.16982450849991407,13.049893392773292,0.002030833762351299,-0.0060788649229889,0.16982038421414816,0.031212573627101687,True
HMGN2,6969,0.6637216778412333,0.611442786748054,1.089743000262514,43.89110215887963,0.00772582234867951,-0.026000708539382612,1.0896833119315532,0.5161906921638774,True
HPGDS,6969,0.2038907153765938,0.05937762299627452,0.061579892760343626,3.576280609386384,-0.0013935807437529984,-0.007207386194456896,0.061577950693054884,0.00471199501412863,True
HSD17B2,6969,0.3027184975030369,0.11027090140423305,0.11884886181482282,7.2175368611901325,0.005098788660248959,-0.001852360052429594,0.11882286416902516,0.023160907662755064,True
HSP90AA1,6969,0.6140857098249789,0.49820575046580157,0.7997860933176676,37.70762524775249,0.014144827729212123,0.006420721576777233,0.7995860171661839,0.3117329289847297,True
HSP90AB1,6969,0.6155380877730547,0.5381496186232003,0.8657857517071478,37.84263398166553,0.0055533270656951345,-0.014326074769531539,0.865754912265661,0.3225628660096089,True
HSP90B1,6969,0.5747646019579569,0.5788898496287431,0.8617920506363042,32.82720011152113,0.0010315658248536538,-0.02366794615931577,0.861790986508248,0.3226196492491924,True
HSPA1A,6969,0.5242918345867691,0.5403563935746476,0.7441349217662812,27.38462101844974,-0.00203689706921663,0.01988807897228993,0.744130772816611,0.22032481176282528,True
HSPB1,6969,0.5628939466798101,0.4850587520037599,0.7088585056154139,31.571851341101763,-0.0009809372074499007,-0.017163826758062023,0.7088575433776105,0.24717881845993536,True
HSPG2,6969,0.41305724615227896,0.24852524196533726,0.29776648594348937,16.53686573293449,0.0014633906761702582,-0.03090246869346015,0.2977643444312176,0.061568173585446355,True
HTT,6969,0.25715354264101536,0.05114775659109041,0.05470318527233771,6.499491142145986,-0.0034273312378860234,0.0037457323504173786,0.05469143867292417,0.004195798448104752,True
IAPP,6969,0.1758402732402477,0.03785068746034869,0.039030449081384304,3.022669861101601,-0.00204006201897791,-0.006460706052214146,0.039026287228344204,0.0014542706932781134,True
ICA1,6969,0.25689681513382345,0.06807111531989855,0.07229257888522024,5.839414820190814,5.996538159631386e-06,0.0180531857067644,0.07229257884926053,0.007061769322853188,True
ICAM1,6969,0.2288502072286228,0.07208707131487467,0.07559282142792986,4.637675968210264,0.0008786646025152422,-0.01799103134687392,0.07559204937644683,0.0028117472704546924,True
ICAM2,6969,0.24908303140133958,0.05885624228813505,0.06261460268075805,6.0023704243323035,-0.003126790398786085,0.005300433652807968,0.06260482586256048,0.00495013717775333,True
ICAM3,6969,0.23678899791169897,0.06759991774024283,0.07133628948881829,5.237687263172153,0.004925953618533164,-0.00984225549674591,0.07131202446976523,0.0051108988915054806,True
ICOS,6969,0.20827171970097894,0.05114606560109886,0.053384289113340366,4.192663327387436,0.005406368840825251,0.01562977181142176,0.05335506028929843,0.0022252299475971488,True
ICOSLG,6969,0.2751244998004499,0.10718293723856052,0.11396624681944244,5.9520338435192555,-0.00028980566860357167,0.02568548361843374,0.11396616283211665,0.01614502505670978,True
IDO1,6969,0.15751465191237488,0.02394559809148759,0.02435295492549657,1.6727203546970548,-7.33156417360058e-05,-0.014104052093176687,0.024352949550314137,0.000607604749648882,True
IER3,6969,0.3104931429189093,0.13627160480690825,0.1477573387928532,7.773376320784465,-0.006576070966927901,0.03590403344190318,0.14771409408348998,0.02275665993404677,True
IFI27,6969,0.6486603846190598,0.5684276590936088,0.981167438302329,42.06619207857791,0.010037735035069141,0.022276765013011787,0.9810666821777015,0.41569783095279605,True
IFI44L,6969,0.22879340889926655,0.05940950776683113,0.06166746318109098,3.6615020268130793,0.00282081830025164,0.023146385813557165,0.06165950616520779,0.006491885892920252,True
IFI6,6969,0.5962890546096424,0.5227436601722308,0.8029187672925562,34.894576952669375,-0.005946580007883992,0.04190887197951895,0.802883405478764,0.34747308396757753,True
IFIH1,6969,0.2768832515409751,0.08706651000396697,0.0940445680890496,7.419948038333491,0.0016483052536547997,0.016902235380034054,0.09404185117883848,0.006994316499053384,True
IFIT1,6969,0.18411254567519691,0.03499597929428011,0.0362012296145667,3.32930768683507,-0.00048559846634210687,-0.0038682552543505525,0.03620099380869662,0.0014665699780737223,True
IFIT3,6969,0.1780567193686058,0.04646757641650441,0.04643607041501382,-0.06784812153357578,-0.004241585913253901,0.030990485330459068,0.046418079363954076,0.003034981131416139,True
IFITM1,6969,0.26422960250065747,0.09138324189578573,0.09773323568927891,6.497271627925604,0.002861966916077584,0.018719994192409762,0.09772504483464846,0.00955583524358756,True
IFITM3,6969,0.5933303839156681,0.529299604083057,0.8134092400295654,34.92825283570441,0.0106748830944552,-0.03515001691205376,0.8132952869004879,0.3023185003360932,True
IFNA1,6969,0.23512141186753147,0.06480563912944107,0.06817508130368785,4.94233686240505,0.004394621341193248,-0.01462463876557245,0.06815576860695323,0.004741842445747882,True
IFNAR1,6969,0.3050949449687319,0.11703612336325321,0.1265895483913431,7.5467723437610434,-0.006153864726426355,0.016815320708989254,0.12655167834027245,0.02256246299717565,True
IFNAR2,6969,0.3344296916332457,0.12977011706278474,0.14525898724094619,10.662934164940518,0.0007764781833396339,0.006767124533481534,0.14525838432257906,0.02381796250713393,True
IFNG,6969,0.17080729593131666,0.03661761092657333,0.037546946283282735,2.4751290016977623,0.0010282111520284148,0.013931732606059904,0.03754588906511004,0.0011484596696364302,True
IFNGR1,6969,0.40313023506683654,0.19067086215611972,0.2274526652373037,16.171190187113936,0.0008590008952830098,0.01048844036696836,0.22745192735476663,0.040708978908411915,True
IFNGR2,6969,0.3081216124233088,0.13499601284089785,0.14772860551199588,8.61890804896558,0.00013527463576872015,0.026429497034281324,0.14772858721277327,0.02043415012332833,True
IFNL3,6969,0.2372202199175602,0.07385450553729749,0.07699358345177816,4.077064313348533,0.002718799960144556,-0.027115307219646157,0.07698619157855645,0.006962490189585264,True
IGF1,6969,0.3037270976224093,0.10465619263820941,0.11522224525530332,9.170149907843072,0.0037013126387796607,0.01231171650159075,0.11520854554005534,0.01037585107796927,True
IGF1R,6969,0.15330298958810093,0.028158464554823463,0.028805768555698528,2.2471332421610146,0.0018460890049699355,-0.002607059876172174,0.02880236051108446,0.0008790046775876959,True
IGF2,6969,0.21566136660278595,0.05578491186956668,0.05742866063300425,2.862244644606793,0.004246267685333922,-0.0275681207802701,0.05741062984374901,0.0032896613551600803,True
IGF2R,6969,0.45075297428109107,0.22639619850137152,0.2832648794550199,20.07614959646936,0.006671105982292877,0.02168521449802539,0.2832203758000007,0.06870886839461393,True
IGFBP3,6969,0.5024905178981428,0.5420503695415733,0.7143043715053908,24.11493039035917,-0.012722784904277997,0.07791777266156581,0.7141425022496745,0.1831199938277158,True
IGFBP5,6969,0.5142698701532822,0.5504596088756251,0.7460082391041924,26.212663611246768,-0.009147728100143216,-0.0014540765414190594,0.7459245581747906,0.1618361134429208,True
IGFBP6,6969,0.2799691081088381,0.09351206690282991,0.10129925194802636,7.687307552075328,-0.0017216372291503634,-0.013266590562197242,0.10129628791327766,0.008805129535113988,True
IGFBP7,6969,0.3171133378223686,0.15658482045114905,0.1737427213942919,9.875464598142603,-0.0006054053477293998,-0.00938258174695112,0.17374235487865528,0.021779511975460627,True
IGHA1,6969,0.2357868848409248,0.0723774750164261,0.076238383745686,5.064258369037611,-0.0024329021322896547,0.002738974428250434,0.07623246473290193,0.00705279621881283,True
IGHD,6969,0.24829173156342588,0.08911513811805002,0.09484302092005736,6.039329775076796,0.0021996524707199186,0.009140718375900749,0.09483818244906565,0.007250323293716836,True
IGHG1,6969,0.2764373963924789,0.10853212460787981,0.11673352318407341,7.025744064334527,0.0005194454260511504,-0.02327159602205181,0.11673325336052204,0.011412906346421687,True
IGHG2,6969,0.2693170697813614,0.08130477617628261,0.08743886948758299,7.015293481317785,-0.002793637539858386,-0.01643196006718056,0.08743106507687962,0.005509681842145588,True
IGHM,6969,0.2768458007423233,0.08215547889066734,0.08841641661875567,7.081193705333,-0.00559606005085269,0.00707440471427919,0.08838510073066598,0.010383791126575361,True
IGKC,6969,0.2653079323123039,0.10384853734331713,0.11063869750831416,6.137237980849131,0.0064050645974671454,-0.0020132279457851297,0.11059767265581934,0.01423065404682919,True
IKZF3,6969,0.18522193991388944,0.04699282260293182,0.048583059283133556,3.2732328998347215,0.00017611554336438375,-0.008542877710550652,0.048583028266449134,0.0017261204288520255,True
IL10,6969,0.2898506005805963,0.09129411403489349,0.09899857182941833,7.78239286906095,0.0015552460437423788,0.02606126358715208,0.0989961530391626,0.007638877252597735,True
IL10RA,6969,0.12055451046209872,0.024356248182577065,0.024577875720348655,0.9017359363897248,0.0004808873067517622,-0.010359483206940528,0.024577644467746407,0.0005371234093123205,True
IL10RB,6969,0.3124691762906412,0.1230497315270843,0.13605435016347045,9.558399728315193,-0.0011921986255435011,-0.017909994248387923,0.13605292882590686,0.013528420440802809,True
IL11,6969,0.24416162308742692,0.07118740912889565,0.07544544494472907,5.6438606982208706,-0.0016105620449491478,-0.006243774236600446,0.07544285103462829,0.0027259481243073484,True
IL11RA,6969,0.2550788639037087,0.0715832966843153,0.07653661340196709,6.471826355364296,0.0004470317290013653,0.00439084414312527,0.0765364135646012,0.005463138806483695,True
IL12A,6969,0.16377357191109257,0.03706446746614209,0.03773565950368467,1.7786678340073636,7.028911091159553e-05,-0.01838697647682019,0.03773565456312486,0.0009787614954256583,True
IL12B,6969,0.22510269168375252,0.06410475966597451,0.06733104991989565,4.791682675020647,-0.0027412019893452194,0.00456019757805433,0.06732353573154848,0.004929242493040695,True
IL12RB1,6969,0.1720477242794944,0.04304944997018676,0.04376889619624203,1.6437385645495017,0.0015063317825897197,0.024423485080843712,0.043766627160803186,0.0008239000717085713,True
IL12RB2,6969,0.19394645720963816,0.04312681419883049,0.04471874059594305,3.5598641104328865,0.000549007164925649,0.002689108892049534,0.0447184391870742,0.0010077892332924566,True
IL13RA1,6969,0.4231681035943747,0.22241485589849344,0.2707891251950413,17.864184635075464,0.005102783544177492,0.0004862764659691172,0.27076308679514066,0.04385213446025475,True
IL15,6969,0.18290064222587252,0.042560431706537484,0.043077667248266165,1.200704622067239,0.0010010559496176194,-0.02939954850689584,0.04307666513525277,0.001500347214009617,True
IL15RA,6969,0.3024315463486852,0.09560049936362934,0.10491140357543229,8.875016341868225,0.006896256564473948,-0.005321386420834969,0.10486384522082857,0.012388750267408481,True
IL16,6969,0.18002599343439238,0.050552836093671304,0.05198965477916183,2.7636626778803297,0.002237164928455027,0.014282476758053303,0.05198464987224367,0.0026453528096553403,True
IL17A,6969,0.22334588093430247,0.05059909664469736,0.05317132293014129,4.8376194980580545,-0.002022847928794218,-0.00879273855902895,0.05316723101639975,0.002053801397026696,True
IL17B,6969,0.20433061609435513,0.053857366716955464,0.05575744501162232,3.407757106285614,0.0014071909071708413,0.021939522658392822,0.05575546482537438,0.0020601743566878807,True
IL17D,6969,0.2509498221944368,0.06171193504711675,0.06580654258262565,6.222189124079536,0.0009036873758463559,-0.006180225716282924,0.0658057259317549,0.004087307361921737,True
IL17RA,6969,0.32696305858214936,0.1225462977703604,0.1368035643908965,10.421706981111988,0.0039483334215389704,0.016148536398574925,0.13678797505408613,0.018546020868620096,True
IL17RB,6969,0.2763889927651907,0.06950160114489885,0.07429184588626404,6.44787417006536,-0.004738358637749131,-0.009171574238475536,0.07426939384368336,0.011043780049896583,True
IL17RE,6969,0.2024459791910764,0.0484290446898502,0.05026214893009139,3.6470868820010383,-0.001582306680762797,0.011731836169985911,0.05025964523565829,0.002766371963778894,True
IL18,6969,0.22395306385034983,0.04575870480747804,0.04802180892476428,4.712659035464162,0.00189105296967994,0.009096580642852962,0.048018232843431534,0.0034714532468551,True
IL18R1,6969,0.21117264587208426,0.04424172463412248,0.04556708133286566,2.908583696773348,0.00098498031541904,0.025898732357257665,0.04556611114664404,0.0029592266168387417,True
IL1A,6969,0.22379817443015815,0.07268496589256168,0.07558187447102536,3.83280859166073,0.0027338596030669913,-0.027145656680214916,0.07557440048269633,0.003576075075762,True
IL1B,6969,0.23291300219477035,0.06716138671583871,0.07097556233351918,5.373928000397344,0.00305101873286572,0.00850765158291727,0.07096625361821085,0.003381671376212596,True
IL1R1,6969,0.2975095004951504,0.08614448242874485,0.09402033476542251,8.376754195066027,0.0016939728481387421,0.016774559319489724,0.09401746522141324,0.011256764045681747,True
IL1R2,6969,0.2047907210602352,0.05145329702376243,0.05299314443530378,2.905748333959035,0.005601209878476762,-0.017662054663723153,0.05296177088320181,0.0011582231068735882,True
IL1RAP,6969,0.339602186346319,0.15229439254004312,0.17194068555708122,11.426203724490724,0.006066280670120857,0.009655324591988982,0.17190388579590934,0.024043502120027874,True
IL1RL1,6969,0.13377142240979145,0.028245519603136544,0.028502450957616377,0.9014360023350099,-0.0009094674916918437,-0.01548896031100065,0.02850162382649874,0.0008418939473220126,True
IL1RN,6969,0.2584501929573437,0.08676776520320673,0.09284079773591332,6.54134031676612,0.003135378797113476,-0.008246408202409454,0.09283096713570896,0.005762345458577726,True
IL2,6969,0.14775110794883586,0.027760058521548548,0.02799952484640162,0.8552513878957835,-0.0025630928923451144,-0.02186204123777542,0.027992955401225886,0.0007354114470362968,True
IL20,6969,0.2182236307934149,0.05924491775219988,0.062104045847944024,4.6037710695120415,0.0015174748448443594,0.01123596892850777,0.06210174311803834,0.0032322679641225184,True
IL20RA,6969,0.1533210537618263,0.03382627996912102,0.03434231296949309,1.502615740618496,0.0008717490803016824,0.015815910582028008,0.03434155302303552,0.0013468793147532708,True
IL22RA1,6969,0.13857939093223992,0.021987133920900622,0.022272361926879584,1.280636543691982,-0.002272775814991323,0.0014605277172086793,0.02226719641697382,0.0010393340923649898,True
IL23A,6969,0.1711749233917868,0.04749459358962483,0.047498246701631545,0.007691046007796132,0.0015136085323425974,-0.035349675712521386,0.047495955690843,0.0018412190352313238,True
IL24,6969,0.24126581681204515,0.07800192123164264,0.08265014278798591,5.623972808210254,0.0018086198336220416,0.0005343298281828006,0.08264687168228248,0.006752788317395724,True
IL27RA,6969,0.2045737264690049,0.05690357433415284,0.059303048349990124,4.04612255625757,0.0018728209103790788,0.01099443080980576,0.059299540891828095,0.0023254679719896163,True
IL2RA,6969,0.17803662470287343,0.04118821339694718,0.042196524408894126,2.389559391612861,0.0005770857149353156,-0.010028919042164934,0.04219619138097119,0.0026320670914889146,True
IL2RB,6969,0.1489331176226409,0.03412665517625987,0.034597680948654765,1.3614374127963513,-0.0002226274322105251,0.01691349982212513,0.03459763138568125,0.0006776661562036642,True
IL2RG,6969,0.5433083228949518,0.5195665627343592,0.7371354015241035,29.515451074510636,0.007305354320399131,0.0018649032775915101,0.7370820333223582,0.22268898662622863,True
IL32,6969,0.662668798348677,0.6909656834655566,1.230513524114109,43.847371855339205,0.004728658647863265,-0.01719913663189446,1.2304911639014984,0.5677611884361292,True
IL33,6969,0.20252802461740843,0.05255789425882251,0.054656118215761725,3.8389553181516045,-0.002854419476863797,0.0034261018125061574,0.054647970505211516,0.0033556695810188267,True
IL34,6969,0.3699778530830176,0.15478059154401183,0.17907225299963594,13.565284989000236,0.0009482242674820049,-0.004666083920848606,0.17907135387037865,0.0290137581784627,True
IL36G,6969,0.20704455401607852,0.04574188307494567,0.04770988505511977,4.124935488527049,0.002591892420467268,0.011509933980407127,0.04770316714880034,0.00223208382945585,True
IL3RA,6969,0.17865189842657972,0.04344316869685246,0.04425612755029688,1.8369407773431878,-0.002354189821955018,0.016086626682985904,0.044250585340579254,0.002900351320949531,True
IL4R,6969,0.24008913694410114,0.08743290902222815,0.09146887459736941,4.412392295091516,0.004509751368910053,0.0063914337053398934,0.09144853673995768,0.0116618881597358,True
IL6,6969,0.22380676271193758,0.06137260394878027,0.0636694531534891,3.6074586649453066,0.0025816111121001145,0.03142868749362219,0.0636627884375555,0.002334359766872614,True
IL6R,6969,0.4911326180744804,0.3208125102928563,0.42259527127758334,24.08516325254162,0.01755874100118375,0.008959829983683531,0.42228696189203485,0.11344666747942755,True
IL6ST,6969,0.5158878592329083,0.42044517966107453,0.5724783662539288,26.557018667395084,0.010063066845525883,-0.009952476823322655,0.5723771009395917,0.15214060933784218,True
IL7,6969,0.19418862349784216,0.039373788184367715,0.04003585254973009,1.6536786984615803,-0.0006156785448101437,0.02507006677426478,0.04003547348965974,0.0027642215751849265,True
IL7R,6969,0.1860427570463592,0.03709256281899301,0.03772927130886401,1.6875716593058532,0.0015460511276353841,-0.024285269660340916,0.03772688103477566,0.001458558137766858,True
INHA,6969,0.37087028572377595,0.18978355037931602,0.21953850736236755,13.553411353908118,0.0076111846451506855,-0.012129970093204672,0.21948057723066616,0.03379384601798268,True
INHBA,6969,0.2614336902440825,0.08344274569618512,0.08893275309173305,6.173212010973117,0.00011838404447041278,0.023956541717426647,0.08893273907695115,0.005399599232783897,True
INHBB,6969,0.23152349810605916,0.05911458474128068,0.06202926224566444,4.69887501295807,0.003320680426326505,0.01662095678292139,0.06201823532716886,0.005368817540215809,True
INS,6969,0.19495293832484362,0.0417314733194797,0.04334908349164589,3.7315902479874374,-0.000262436091745921,0.0047516452627247695,0.0433490146189427,0.001831539192349515,True
INSIG1,6969,0.24201644238893347,0.0899889515762884,0.0929726364006416,3.2092075043411494,0.00018536497358099632,-0.035285791444201554,0.09297260204046702,0.011769883255026845,True
INSR,6969,0.3664363785731364,0.16534012329620004,0.18969171973773957,12.837458838586691,0.0038814642607592703,-0.028561811507697564,0.18967665397292932,0.02840101849622047,True
IRF3,6969,0.40938895044284723,0.19978177398605082,0.23838748555941672,16.194521068407187,0.0028371779096573015,0.029959838112934085,0.23837943598092817,0.05051652768808838,True
IRF4,6969,0.2288298665117263,0.06206906546133554,0.06529977438130963,4.947503954774457,-0.0012902913596130954,-0.0020244011665071795,0.06529810952951724,0.005219283855313493,True
ISG15,6969,0.36194825056941937,0.16302951667805693,0.18530230932014957,12.019705919375012,0.00026489426268961973,0.030620831783851835,0.1853022391511796,0.035605659481549,True
ITGA1,6969,0.3310614739587327,0.12438534575449907,0.13934853908219258,10.737962110150079,-0.0014431556925436297,0.007069303301062923,0.13934645638383714,0.01933300586461744,True
ITGA2,6969,0.22427906060840033,0.053000190316773964,0.055731896365605424,4.901512826535215,-0.002460907559378415,-0.010785557189101024,0.05572584029959142,0.0031129474943201708,True
ITGA3,6969,0.29397808149200605,0.10990654128283457,0.12013705060958813,8.515698758079093,-0.0009045811205105967,-0.005812950888406745,0.12013623234258711,0.012823797048383346,True
ITGA5,6969,0.38884617733030624,0.30619506329965346,0.35927127671128817,14.773297185760537,0.00036232765512224217,0.03056934159300518,0.35927114542996463,0.046140311738171264,True
ITGA6,6969,0.3190400422289328,0.1296827285650203,0.14339817628722404,9.564590064752231,-0.0019958555219436514,0.011693554775435775,0.14339419284795996,0.021670196181594818,True
ITGA8,6969,0.14691409951500992,0.026482155471411646,0.02696932058942605,1.8063677814909807,0.0016732100460960047,0.00400313364457051,0.026966520957568144,0.0011377053719129437,True
ITGA9,6969,0.17721966131138295,0.041842961129504634,0.04298876013240039,2.665345544665243,-0.001437899996969549,-0.0046272796562267845,0.04298669257599864,0.002575509530892992,True
ITGAE,6969,0.12702972379906155,0.022696929753036738,0.022855555526335395,0.6940359560102527,-0.0024024742252003223,0.01227790810951442,0.022849783643932524,0.000391759234978633,True
ITGAL,6969,0.18206848295157071,0.03846080411790907,0.038815690746264384,0.9142865205598927,-0.000363254234085707,0.004339923143153242,0.038815558792625264,0.004360454941868794,True
ITGAM,6969,0.2911320662430236,0.09027531709367773,0.09853091055424333,8.3786838202624,0.006803573982533261,0.011283482939086684,0.09848462193530962,0.010450027140779448,True
ITGAV,6969,0.4727526924248178,0.32872056552563894,0.42166493949040296,22.04223430980309,0.007705142241773689,0.028799475221387524,0.42160557027344076,0.11350871713005348,True
ITGAX,6969,0.2571196606196864,0.1016423195185546,0.10851055540776314,6.329555556506872,-0.006579713303366459,0.011995239463010834,0.10846726278060939,0.007015080018982435,True
ITGB1,6969,0.5233466998803423,0.348956413176153,0.4786440200117079,27.09479308492827,0.012239550087856996,0.049366417046864064,0.47849421342534276,0.13974420031139353,True
ITGB2,6969,0.2968954984094808,0.12896308125127418,0.1412622328558037,8.706609938046316,-0.003353736051306832,-0.0010048357208166793,0.141250985310302,0.01540827296291139,True
ITGB4,6969,0.19473135789620022,0.04538358799657775,0.046907528575101554,3.2488187393712287,-0.00014858919641245967,-0.004791345464140241,0.04690750649635246,0.003300327032871699,True
ITGB5,6969,0.4032243941059181,0.18805006542820973,0.22420169078588148,16.12459978823153,-0.001406359119178541,0.015902426092747654,0.22419971293990912,0.03715697173891712,True
ITGB6,6969,0.13249473243898302,0.02038290175773496,0.02066063152530226,1.3442462648209585,0.0007381082727194414,0.009916405186558501,0.020660086721479707,0.0004066759524929403,True
ITGB8,6969,0.24265706092256129,0.07319840623051674,0.07750262435189238,5.553641773255058,-0.0012324619052023196,0.014628836567570976,0.07750110538954579,0.004981870561525697,True
ITK,6969,0.16674543074494663,0.041529326169093946,0.04265327438572637,2.635080736049078,-0.00017709977692828354,0.006173367210548793,0.0426532430213967,0.001528365414651625,True
ITM2A,6969,0.21105846794341115,0.048754293573216846,0.05100815956811904,4.4186381433587325,0.0007279273210750076,-6.233125939496982e-05,0.05100762968993549,0.0018835691095106133,True
ITM2B,6969,0.6327841031320438,0.5255080493985238,0.87153600488811,39.70323125480171,0.010569580654365241,-0.04084710071171001,0.8714242888529056,0.37209241192087905,True
JAG1,6969,0.3481117338179315,0.13576152049057097,0.15425278710633086,11.987638578623116,-0.0044303775509352454,-0.008560399986051952,0.1542331588610843,0.02277359437239527,True
JAK1,6969,0.45007706366362504,0.23667099615647874,0.2960354891729422,20.053167673347115,0.008735012898641502,0.02439524409382432,0.2959591887226115,0.07039301870745825,True
JAK2,6969,0.1508392473090451,0.028502564937076525,0.02902185375732598,1.7893027254276328,0.004633489670118346,0.009894513928521602,0.029000384530802076,0.001389601947290193,True
JCHAIN,6969,0.1516950688453376,0.026869922731114517,0.026104746421213614,-2.931176949794434,-0.003970499056507549,0.028871903377724766,0.02608898155845503,0.001755533509874252,True
JUN,6969,0.5863385183578237,0.6006414553498437,0.9137105485998133,34.26348680440675,0.006583833868067013,-0.019207607933358458,0.9136672017314045,0.3375413821622564,True
JUNB,6969,0.34740753941886743,0.16948418089673614,0.19254115664723753,11.975089457234855,0.00036306266147311374,-0.012947413871648245,0.1925410248327425,0.023863276351568177,True
KDR,6969,0.23568898492348472,0.059264682880925526,0.06255331427702802,5.25732558556088,-0.003597255184132462,0.0014614869817991965,0.06254037403216811,0.005196435379169934,True
KIT,6969,0.24527970311071676,0.05501110899754894,0.058301067031937596,5.643049436104497,-0.004037090506490701,0.007523018995738,0.05828476893217947,0.0047855868169086714,True
KITLG,6969,0.263686400288669,0.08454277398794474,0.09083079444434906,6.922784827404449,0.006402224474417495,0.010224661030771187,0.09078980596612911,0.007498700444331035,True
KLF2,6969,0.18651233989354105,0.04762783016941013,0.04927959626626545,3.35182554648088,-0.0012135493830605446,-0.0026134674050863247,0.04927812356416176,0.002428110454487194,True
KLK3,6969,0.21445901777411225,0.05860476621843172,0.06123203434374164,4.2906758749204466,0.0030105823440075537,-0.010260511035213752,0.061222970737693096,0.003329174289461294,True
KLRB1,6969,0.169578884962795,0.03773847904684257,0.038213838291121446,1.2439452971394371,-0.001872688821602593,0.016996881987245784,0.03821033132769942,0.002460899489233935,True
KLRF1,6969,0.18068059699877054,0.04070515315496555,0.042018817296152394,3.1263710540161638,0.0003404001858898447,0.007954536327921962,0.042018701423865316,0.0013390188549246794,True
KLRK1,6969,0.14345941170562426,0.0351154533917186,0.0356108250789177,1.3910705132534784,-0.0008133332345146654,0.004352860530950091,0.035610163567967326,0.001731728765555628,True
KRAS,6969,0.31585386970303425,0.10535281115875435,0.11618007823006393,9.319383526209235,-2.466436180977418e-06,0.019106192707369535,0.11618007822397819,0.01628506080777651,True
KRT1,6969,0.2012933914071568,0.04715885169608124,0.04868522050322879,3.135178995535859,0.002841239920441125,0.02249790156910415,0.04867714785894419,0.0027706906810195117,True
KRT10,6969,0.19181551198597788,0.043856604940959935,0.04547787994689628,3.5649749017093058,-0.00038850481942251126,-0.007340382120691904,0.04547772901090219,0.0015172302693280786,True
KRT13,6969,0.12558656984474809,0.02544371030488264,0.025831208044254535,1.500114662496721,-0.0016810520243261547,0.00024284045879492151,0.02582838210834615,0.0006022720987475533,True
KRT14,6969,0.16322102750599748,0.04430639375641536,0.045283280200151654,2.1572784467434047,-0.0004828376541830132,-0.004862379126757499,0.045283047067950485,0.0024249421172823178,True
KRT15,6969,0.3301649546308937,0.10070665366950766,0.1120231656501881,10.101939107861158,0.0011469006179172419,0.023002362091103342,0.11202185026916174,0.017151276187880187,True
KRT16,6969,0.36357193426956924,0.13067740299180797,0.15055581098735774,13.203348223615885,-0.00017073261060439663,-0.004738615108938552,0.15055578183773113,0.020292377483250672,True
KRT17,6969,0.3361662441409508,0.16253735583466347,0.1817475948371359,10.569734922592367,-0.00744417897554018,0.023532275530507112,0.1816921790365138,0.026811926704978926,True
KRT18,6969,0.5956507491148207,0.5864486614641278,0.9078118836394544,35.39975935179087,0.0011743799216531068,-0.018500455715094167,0.9078105044712529,0.301440350553678,True
KRT19,6969,0.37884112931529457,0.19496074613464134,0.22591867721945524,13.703130465278724,0.006270314660471231,-0.026415815902185637,0.22587936037352005,0.025370791545391416,True
KRT20,6969,0.3429078084956322,0.13829992785200632,0.15668640868880115,11.734572890309014,0.002726955579058959,0.002505074542757214,0.15667897240206718,0.0202705468934518,True
KRT23,6969,0.18176871558698943,0.051060679799390336,0.05250356325280454,2.748162913185004,-0.004989866619003026,0.010971771885382597,0.05247866448392826,0.0024461445968796476,True
KRT4,6969,0.17426991770327713,0.04195872695975072,0.04324853311109691,2.982311904158552,0.0016949660744646868,0.0020041499402954554,0.043245660201103577,0.0017117176444722698,True
KRT5,6969,0.171397873969986,0.04387506915037179,0.04495938275522436,2.4117626586556584,-0.0008358444212960588,-0.0031486858880663982,0.04495868411932842,0.002659174109590647,True
KRT6A,6969,0.26923167181052243,0.09241399137584017,0.09950775107980797,7.128851397996527,-0.0017577739605381562,0.007503098587592785,0.09950466131051013,0.006226506613107379,True
KRT7,6969,0.20633342363945298,0.06151550447692618,0.06370585359770527,3.4382227018114775,-0.0003150863855465667,-0.0005802950070905521,0.06370575431827583,0.005613412857742125,True
KRT8,6969,0.6370911534090946,0.7040181946748121,1.1844471960007863,40.561453726946496,0.007964864073256809,-0.009490032641043117,1.184383756941078,0.4706318516456548,True
KRT80,6969,0.18940475090634104,0.049976032534059515,0.05142977056030825,2.8266469214441314,0.0024011936885996858,-0.005322782094778127,0.0514240048291782,0.003759283193833446,True
KRT86,6969,0.289833648524691,0.10378561256688486,0.11316542267685702,8.288583109662506,-0.001735131860993859,-0.012244203266904051,0.1131624119942834,0.008679275070730732,True
LAG3,6969,0.1993966128690962,0.060499695660945124,0.0622849401844431,2.866253894137749,0.004694521521235628,-0.01940116035192189,0.062262901652132704,0.00374920113908925,True
LAIR1,6969,0.17232157907321172,0.05003379154638983,0.051127336277001244,2.138865057797512,-0.0018550150897174813,0.00414848124373462,0.05112389519601787,0.003452858052578108,True
LAMA4,6969,0.17183688564825114,0.048071417285340375,0.04931057059040715,2.512956735706162,0.0023636241589254175,-0.006401532118871951,0.04930498387124282,0.0025217842181974146,True
LAMP2,6969,0.5864647737845428,0.5513485754454356,0.8395683907508672,34.329521987799296,0.014880011474783442,0.02340136503543898,0.839346976009373,0.31594444044986586,True
LAMP3,6969,0.18847916306970294,0.041920536439473084,0.0429957016969548,2.5006342844681506,0.0013241872430908269,-0.019441327179022628,0.042993948225099464,0.001177521283164642,True
LCN2,6969,0.23287628424516252,0.07779358007120228,0.08202860238843475,5.162860507092537,0.0037367626979748236,0.005009076556316201,0.08201463899297332,0.006673992179686681,True
LDB2,6969,0.19818634234896462,0.04568768752178198,0.0473230634249663,3.455769311674639,-0.00043312733553800065,-0.009680885535061214,0.04732287582567745,0.0030098100581661146,True
LDHA,6969,0.5779759990442284,0.5079741680716656,0.7594125852942188,33.10959313706113,0.002523250015625432,0.022639950236482263,0.7594062185035847,0.21223199625006528,True
LDLR,6969,0.23826319913819577,0.08115040596130702,0.08606326431940228,5.7084266985998,0.006221238219561818,0.004361405128751831,0.08602456051441724,0.005230284464308998,True
LEFTY1,6969,0.25680974405863727,0.06921661346146255,0.07392126484091605,6.364408657749898,-0.007952459717792425,0.00552571395834116,0.07385802322535144,0.00588563603304745,True
LEP,6969,0.19693499277722593,0.04653462872345478,0.047381189266675644,1.7867017614441316,-0.000705323750942984,0.030373733950687168,0.04738069178508365,0.0022970913075037536,True
LGALS1,6969,0.5419875074685695,0.5249028277606352,0.7339088773499066,28.478474104847674,0.005194596282326349,0.0844245929252808,0.7338818935193805,0.2325549312280331,True
LGALS3,6969,0.5186053679663523,0.3995703120668813,0.5431581731164782,26.435736062983818,-0.0008808922534147009,0.048727524764156954,0.5431573971453152,0.15063587025572217,True
LGALS3BP,6969,0.57727762523878,0.46211505474687936,0.6915589645920781,33.17777971116869,0.0005518519572837741,0.02095166759888609,0.6915586600515038,0.25461663276567187,True
LGALS9,6969,0.43259495771863926,0.2063731756265931,0.2522658104542563,18.192173860192973,0.001797641054050261,0.016303420624905397,0.25226257894090287,0.06278211736639933,True
LGR5,6969,0.1896834680751289,0.03922265184405022,0.03981313089778592,1.483126396795209,0.0026428590017234703,-0.026269266148928907,0.03980614619408319,0.0017159576711933949,True
LIF,6969,0.12791296585246628,0.03035260553383701,0.030853002613700078,1.621874817593505,-0.0014705434879898802,0.00037269587951278924,0.030850840115549952,0.0004282786470805939,True
LIFR,6969,0.23417526344707448,0.055212175383428125,0.05788007136389531,4.60935157404,0.0005242878137898592,-0.02133851358032236,0.05787979648618171,0.0038030300500483663,True
LINC01781,6969,0.19898380113831238,0.03935669658833576,0.04100881440222463,4.028689534119412,-0.005584542079744354,-0.0068129075411533435,0.04097762729198455,0.0016407806008220565,True
LINC01857,6969,0.23702159291402553,0.060692413753635245,0.06418006561821608,5.434166872510882,0.003908901602726856,0.012611467163266249,0.0641647861064756,0.002757789282351775,True
LINC02446,6969,0.20378970811656624,0.037954182945072495,0.03947181016418335,3.844838158671393,-0.004743544208167838,-0.013258684617113752,0.039449308952528066,0.0023897513664557666,True
LMNA,6969,0.48543879982521926,0.3091548255586305,0.40112588531766064,22.92822855004637,-0.006869915789956769,0.04371709931297833,0.4010786895747056,0.09800336961577925,True
LPAR5,6969,0.2247336747518179,0.05926856020887645,0.06151954675016849,3.6589777724360006,-0.0001813318745565476,0.02567654090538869,0.06151951386891904,0.004820952694587614,True
LTB,6969,0.31794071887957426,0.11804619702895748,0.13052972911150798,9.563746257288376,0.0034334078326357337,0.0030037366115182214,0.13051794082216592,0.020086482330041646,True
LTBR,6969,0.3816631608595924,0.18230042907413374,0.21275254286275766,14.31339591944053,-0.0007571693745554391,0.018820571299072494,0.21275196955729556,0.035545384871732616,True
LTF,6969,0.14722232832646437,0.027126192068118823,0.027656503112193025,1.9174913108967906,0.002146377574723529,0.010329345675787829,0.027651896175500096,0.0007324990274288068,True
LUM,6969,0.21052005770960877,0.052231019075851065,0.053989540415980135,3.2571518975341607,0.0023187229436274184,0.020328749613754887,0.05398416393989085,0.004443763010766012,True
LY6D,6969,0.23737428363127247,0.06557944304937736,0.06926418780534284,5.319841136838166,0.0037598269136962254,0.002416484828459462,0.06925005150692397,0.006024582030405568,True
LY75,6969,0.24226721967190348,0.06527105305094684,0.06926568854871243,5.767120173729701,-0.0011727342878939141,-0.003888413674414718,0.06926431324300181,0.003104170376541356,True
LYN,6969,0.22549994236475618,0.05534022863936606,0.05825127667964043,4.997397836074935,-0.0013666239957724603,0.005189263367161319,0.05824940901849525,0.0026304655555231485,True
LYVE1,6969,0.13132886788848172,0.03069477084523522,0.031138237997582568,1.4241883319851878,-0.002335484526235723,0.001146517804114065,0.03113278350961006,0.0010555968459556233,True
LYZ,6969,0.30411166585309346,0.20556075591539988,0.22555029445639738,8.862563708539884,-0.005910071446659884,0.024013453115547957,0.22551536551189175,0.0201258292476861,True
MAF,6969,0.5198281377940769,0.37487222579396157,0.5088770973707175,26.33344520103904,0.004006670113059057,0.01787525052433249,0.5088610439653186,0.18358684159819794,True
MALAT1,6969,0.5429659255763047,1.2119233069232611,1.7115861534210073,29.192970829955158,0.017216670931600092,0.03411407106289925,1.7112897396630542,0.6083663990604106,True
MAML2,6969,0.2044718339760621,0.04755426830514896,0.04917554860428102,3.2969236646013145,-0.00016087652202110273,-0.0007319620007801061,0.0491755227230267,0.0043804123533748044,True
MAP1LC3B,6969,0.48535256589673026,0.26624525621135414,0.34564024303369406,22.97041169902204,0.0007258764549518935,0.036780672844390835,0.3456397161370684,0.09753511614035187,True
MAP2K1,6969,0.32692661799151657,0.13922931211891124,0.15555403899688836,10.494569593466906,-0.002353934113838047,0.006005259632314829,0.15554849799107373,0.02082388692804317,True
MAPK13,6969,0.3560527597302845,0.15541748239740105,0.17688937576595082,12.138599774901149,0.0067445745485587415,-0.024077937642532264,0.17684388648010815,0.024418639312328568,True
MAPK14,6969,0.4110678234276863,0.22085205358059826,0.26526421851378823,16.742614281722833,0.007814913077237428,0.010927813739698524,0.26520314564738945,0.05427061694065084,True
MARCKSL1,6969,0.5792767876178369,0.4042650690112512,0.6062151201209189,33.31326527609303,0.017594616706734973,-0.006639125538889138,0.6059055495838607,0.23419514593237922,True
MARCO,6969,0.15246548133915636,0.028275844533033855,0.028553981496252764,0.9740741873612624,-0.000524329504540463,0.010600427789983782,0.0285537065748237,0.001760119946711576,True
MB,6969,0.34090171152685916,0.11080747896735423,0.12487663889588267,11.266446673231467,-0.0004850942617441835,0.019332648844675056,0.12487640357943987,0.012847280050706717,True
MECOM,6969,0.3464126827203662,0.12274264437605673,0.139288865748039,11.879069646466146,0.0029983669882919545,0.0002930157226285166,0.13927987554344104,0.02024720397745237,True
MEG3,6969,0.2291173925078303,0.060690120837831416,0.06389632141566909,5.017817155670279,0.0016571713932481827,0.013239836223393546,0.06389357519864207,0.0038405691164809493,True
MERTK,6969,0.2642049103029057,0.08742483670989876,0.09217147168669398,5.149787553495743,0.00019184844337178194,0.02578516600290435,0.092171434880871,0.012620725299519886,True
MET,6969,0.25575363561588704,0.09056205537567828,0.09689197106641821,6.532962041200352,-0.00201608394341449,0.0012278911057730833,0.09688790647194924,0.006502095568286599,True
MFAP5,6969,0.1855840710024229,0.04075517645014538,0.04202352543476567,3.0181879590021055,0.0021972906772966174,-0.009816475617229588,0.0420186973484456,0.0019636868376439226,True
MGP,6969,0.27236138192157194,0.11764068218959707,0.12612357713179256,6.725859775869925,0.004440216298663714,0.0321268100619037,0.12610386161101308,0.011639740996246256,True
MIF,6969,0.6696035465563412,0.596570259066596,1.079604054194057,44.7417544655345,0.006688929741438021,0.034536457358096274,1.079559312412973,0.5074461002245225,True
MIR4435.2HG,6969,0.24100739517775724,0.07366923889249496,0.07814243300839877,5.724411108908045,0.003540798987509582,0.003577074703456686,0.07812989575092764,0.005801588112545097,True
MKI67,6969,0.1656506733316958,0.026381168491554925,0.026862438190193093,1.7916083984285014,0.000710513686510288,-0.003508934863275196,0.026861933360494205,0.001814232766313021,True
MMP1,6969,0.26377615603866833,0.08964539581951785,0.09547029131082067,6.101265023208979,0.0060643338223991166,-0.02173698248044018,0.09543351516611165,0.008167873875838982,True
MMP12,6969,0.1866401467845884,0.056812147894928146,0.05826931461995245,2.500744576332037,-0.001138929452456845,0.02157808660257868,0.05826801745965563,0.0027726286071681748,True
MMP14,6969,0.4163006768191494,0.189359021495118,0.22676752851368487,16.49641254361044,-0.004755862642008496,0.02498107535143426,0.22674491028422086,0.053022586796519736,True
MMP19,6969,0.20022213865370408,0.05308591933345108,0.05520697519478924,3.8420070178710963,-3.354985431031254e-05,-0.008577324408454632,0.05520697406919708,0.0018207302773806887,True
MMP2,6969,0.20221489329668627,0.05584491091451478,0.05821661521985493,4.073930262663705,0.0038412278658400516,0.0025600343674698207,0.05820186018833844,0.002851911914996989,True
MMP7,6969,0.2719393247700398,0.10617022656988304,0.1140829707112971,6.935955552418394,0.0005053352451782894,0.01975891730463602,0.11408271534758553,0.010864662513437819,True
MMP9,6969,0.2124861943378761,0.06428073920148818,0.06724189994285343,4.403743415759875,0.0009372172849663089,-0.0014586173888180426,0.06724102156661414,0.004027459722298316,True
MPO,6969,0.20605080601655024,0.05900686875681311,0.06128586787894931,3.718637266649538,0.0009142248638050168,-0.004636635206568137,0.06128503207184779,0.004641257416237632,True
MRC1,6969,0.2184963364262686,0.05230464995863946,0.05430395857087238,3.68169957559098,-0.005078132050094517,0.019392135724653033,0.05427817114575453,0.003053542551477198,True
MRC2,6969,0.20755127101016985,0.064452054496908,0.06700463429036402,3.80955708584938,0.0015032000455902166,-0.01616792961038849,0.06700237467998707,0.003433178636143216,True
MS4A1,6969,0.18998811298762794,0.04408635880907391,0.04546490627729786,3.0321132959473363,0.0048133898422192565,0.020905980147145533,0.04544173755552575,0.0020782876407632158,True
MS4A4A,6969,0.15202105294119303,0.04134734109815591,0.042295148294397074,2.24093598075108,-0.0018676582364102726,0.0029083933969372947,0.04229166014710844,0.001187781235687544,True
MS4A6A,6969,0.23045169005741878,0.07146707074010715,0.07534617093115373,5.14837070432026,0.000901978252855704,0.008765036584471319,0.07534535736638484,0.005053503305535115,True
MSMB,6969,0.18204669538051566,0.04109958984518367,0.04229609795421856,2.8288853272705916,-0.0010772136730004425,-0.015343855815760664,0.04229493756492152,0.001530065318276381,True
MSR1,6969,0.2220575837667636,0.11106128138305293,0.11611575455762654,4.352960710482357,0.004407398155728035,0.030096641092778664,0.11609632939912153,0.006578662279244392,True
MST1R,6969,0.246414357714914,0.06590125009514326,0.06988242593283381,5.696962840867858,0.00551529046725912,0.000528000621639608,0.06985200750389428,0.006630698252160397,True
MT1X,6969,0.4170658483770623,0.3032660869305005,0.36600588416024354,17.141745514199037,0.006627067515148393,-0.000518096530186444,0.36596196613640203,0.04934534131701334,True
MT2A,6969,0.5489982341024804,0.7279769307135787,1.0375293552061196,29.83553409253119,-0.007869717723149141,0.04833793482657809,1.0374674227490803,0.3054930628480897,True
MTOR,6969,0.337602317247867,0.11508968151150387,0.12930405003148715,10.992980124382722,0.0038714151776560513,0.021592692907432955,0.12928906217600963,0.01857822679459627,True
MX1,6969,0.34534508556164595,0.1413586013145707,0.1565084372671912,9.679884495144941,-0.005440830568583731,0.04771780117882223,0.1564788346299149,0.02668961144569174,True
MXRA8,6969,0.23660361003990715,0.06945245605114586,0.07327518305421635,5.216946370836151,0.0012812132745754566,-0.009949325174675908,0.07327354154676277,0.0058500621492616235,True
MYC,6969,0.20363840881677758,0.04160416003135054,0.04303377930695671,3.322086274154079,0.0009146076027709659,-0.012162944643942257,0.04303294279988905,0.0031174765749240893,True
MYH11,6969,0.15717846280432624,0.028714775889464313,0.029115070881179136,1.3748721181152557,-0.00491200953140408,0.004922613608191817,0.029090943043542036,0.001805118918685147,True
MYH6,6969,0.14633731287018897,0.028136261792498927,0.02872493365496131,2.049341069098365,0.000561598155950607,-0.0032420855575860026,0.028724618262473297,0.00045344821923214276,True
MYL12A,6969,0.6014648545451738,0.47860902141257816,0.7488507042384988,36.08752469569051,0.014846425882355822,-0.013413254005631597,0.7486302878770216,0.26859786966286714,True
MYL4,6969,0.25078206883967696,0.07208928000335939,0.07640015903252335,5.642500072976075,0.0005047692597759114,0.017091174816696968,0.0763999042405191,0.007076564376372328,True
MYL7,6969,0.1509003352364081,0.028810941211081822,0.029226515280594452,1.421907694170288,0.0007999421004192579,0.0005772845654015109,0.0292258753732295,0.0017326391768569228,True
MYL9,6969,0.5663595536647587,0.4180085781986902,0.6152493555369015,32.05867272564436,0.01010607323887393,0.023442677664466942,0.6151472228205921,0.19751041618862367,True
MZB1,6969,0.20377681356701233,0.053938214816104536,0.05496746023350107,1.8724631136754488,0.0036814228750092857,-0.03188568968975333,0.0549539073591166,0.0021764605290759092,True
MZT2A,6969,0.5551527950812222,0.3876958274904977,0.5593616193484412,30.689590762037668,0.007865383038648763,-0.0010101437406428132,0.5592997550980898,0.19488287376042732,True
NACA,6969,0.5587461990768093,0.3763767299043579,0.5445346631206401,30.881033771586985,0.005694994430046612,0.027845760965087712,0.544502230159077,0.2019560414197788,True
NANOG,6969,0.2594739806029798,0.07965641002851137,0.08504003385475448,6.3306934183941515,0.0034653857801511,-0.009942182341732447,0.08502802495614964,0.007889909974493643,True
NCAM1,6969,0.2601878804594578,0.07649466390434029,0.08199892577693951,6.71260241575895,0.0028865525705055895,0.008762098237559945,0.08199059359119953,0.006239159969005416,True
NCR1,6969,0.16706896616043626,0.031468982106379426,0.032242487853995624,2.3990262510724336,-0.0010660876073493798,-0.011365726306576916,0.03224135131120932,0.0006433889599155886,True
NDRG1,6969,0.6313225616472375,0.7568783479392442,1.2563556907878437,39.75604572104767,0.0060552353182911,0.0407834895910995,1.2563190249130856,0.5136306879366456,True
NDUFA4L2,6969,0.5182738675344153,0.7337050598058033,0.9905951058103254,25.932900788398427,-0.011355323965297332,-0.025965891779738647,0.990466162427965,0.1768609618088254,True
NEAT1,6969,0.5451096195436664,1.1005887026887071,1.5613006463044363,29.508214494512895,0.02284266896388729,0.011481587777323438,1.5607788587790374,0.5473235120616778,True
NELL2,6969,0.08580748000151105,0.02683887112556282,0.026844822811941338,0.022170704646518047,0.0018041632162915666,0.01531763619710279,0.026841567807030318,0.00030864934422781946,True
NFKB1,6969,0.32329452978756734,0.11820876907188099,0.13088477720298128,9.684860533048722,0.0037484216260711607,0.02339060182717515,0.13087072653829487,0.020183878210704016,True
NFKBIA,6969,0.5319107665653866,0.36809660749368994,0.5124244991115042,28.16568916358707,0.0023474211784923994,0.01964148907369081,0.5124189887253117,0.15971861739597862,True
NGFR,6969,0.21889897381956713,0.05828048711628266,0.06112731787982783,4.657215239088098,-0.0003144104728091138,-0.0024683498027072283,0.06112721902588321,0.003960456427859318,True
NKG7,6969,0.21375401683914644,0.0578183815034552,0.06055389238411141,4.517481491204622,0.0010131249846541774,0.006687420528194436,0.060552865961876194,0.002783555677862026,True
NLRC4,6969,0.18506937596734782,0.05033569572376239,0.05212144538824519,3.4261322785295145,-0.0012173906635786508,-0.002043723309949021,0.052119963348215434,0.0018225007817633848,True
NLRC5,6969,0.2665640941431236,0.09127151258379158,0.09710439445075542,6.006815551403156,-0.002296213470618546,0.007613483828270691,0.09709912185445187,0.013057074696921425,True
NLRP1,6969,0.19839349321784597,0.045960617511925365,0.04746768765395041,3.174939030129098,-0.00011880242092432533,0.009130007111221394,0.04746767353993401,0.003579541066711675,True
NLRP2,6969,0.19200511280034535,0.042801341525422615,0.044001867146323835,2.728351542240215,0.002049153346997591,-0.008421134368782043,0.04399766811688324,0.0033700838198010155,True
NLRP3,6969,0.20046658490125285,0.054881393617076855,0.057180719879530224,4.02115654944123,0.0017506963537180333,0.0021434612850159992,0.05717765494180711,0.002186772753224198,True
NOD2,6969,0.24730880220987508,0.08298598500678052,0.0878702105845559,5.5584543900408345,-0.0036010370481679662,0.011897664689289855,0.08785724311673193,0.00800869608354709,True
NOSIP,6969,0.36241218871407493,0.13862742087195637,0.15831947750585987,12.438176871304185,0.0029112985818692955,0.026541822558061232,0.15831100184642985,0.02811356026520674,True
NOTCH1,6969,0.32621206704733824,0.14134637853270407,0.15718921952832987,10.07883431393365,0.0044276485793438985,-0.014906135787964209,0.1571696154563924,0.023196873424375344,True
NOTCH2,6969,0.32173039659231223,0.10708685293861782,0.11879549783629485,9.856135216346363,0.0075332985634714135,0.03179212955765726,0.11873874724904591,0.013913804946468418,True
NOTCH3,6969,0.1676093012890909,0.046579039472481466,0.04766688272878374,2.2821783049919997,5.201935716810485e-06,-0.009571599478856496,0.04766688270172375,0.00242307014009613,True
NPPC,6969,0.24815241191685752,0.0883961545796144,0.09390894815410211,5.870360261560337,-0.0007368415884897038,0.014334921954901405,0.09390840521857614,0.006828633871478137,True
NPR1,6969,0.22061110912413825,0.0508090002442378,0.053298627031025635,4.671089905071302,-0.0005058977923445935,0.006154800065889182,0.05329837109844911,0.0034449579722163,True
NPR2,6969,0.29773360340819816,0.09048301809319491,0.09909466440457851,8.690322897935676,-0.0069255861358160885,0.007448624323586862,0.09904670066125523,0.008205365685098954,True
NPR3,6969,0.2252292285476803,0.06182997529680679,0.0649387566294921,4.787251087085709,0.0017537681343377893,-0.009441014105305215,0.06493568092682407,0.004268515809239051,True
NR1H2,6969,0.4230188152477417,0.22976369207439096,0.27880218607158336,17.588991925838638,0.0020953125686141915,0.0013741359649465817,0.27879779573682995,0.06380516883755807,True
NR1H3,6969,0.30183657160455174,0.09951334504554651,0.10896354811674784,8.67281144431531,0.0008420351545785725,0.009746052896875761,0.10896283909354919,0.014302417689627105,True
NR2F2,6969,0.3907241944425529,0.1619024419028477,0.19104168510125202,15.252819395390361,-0.0025230549914129737,-0.005562436696228021,0.19103531929476414,0.030802195832338335,True
NR3C1,6969,0.4240833402961661,0.21381921194299341,0.2586078259458097,17.319125528784873,0.005194797006462821,0.033432837434953344,0.25858084002986964,0.06071556821857188,True
NRG1,6969,0.2002812414299722,0.03701619460966711,0.038485578174048574,3.818010886405987,-0.001083877982676226,-0.009165298945172522,0.03848440338256724,0.0018047456370236432,True
NRXN1,6969,0.19951198724182728,0.045727346360750154,0.04749230390439315,3.7163022185574213,-0.0025948694069085495,0.006229737683198411,0.04748557055715465,0.0025835911815621946,True
NRXN3,6969,0.2425581743672907,0.06767877521370977,0.07088015376929177,4.516607802519978,-0.002032574761724657,0.000739060978361478,0.0708760224091305,0.009147011080849544,True
NTRK2,6969,0.18268467586817697,0.03468745674361033,0.03588604600312479,3.339986967107189,0.0011181636911362927,0.0016204573410902746,0.03588479571308431,0.0012065980595307455,True
NUPR1,6969,0.6149437911078234,0.7293513503776413,1.1704436671528908,37.685907417330775,-0.002221976918304543,0.02359084365308105,1.170438729971469,0.48236010234053667,True
NUSAP1,6969,0.3243515692180118,0.11498717670120867,0.12465089350865323,7.752625380718758,-0.0011486651642898316,0.028124431304093454,0.12464957407699216,0.027373424489705117,True
OAS1,6969,0.31254782862279634,0.10496626572936328,0.11533785641898026,8.992356032646187,0.0014416599978434507,0.028941591113911612,0.11533577803543268,0.013927999122852069,True
OAS2,6969,0.24674794336089745,0.0764248933242533,0.0813410957885379,6.043934393341887,0.0013650810199807477,-0.0032297350732992634,0.08133923234234523,0.004391394665654178,True
OAS3,6969,0.2615087018588249,0.06396325941673033,0.06829772958332485,6.34643375854298,0.0012307942249303158,0.014328629125114373,0.06829621472890104,0.00659791864692362,True
OASL,6969,0.22930845552111806,0.07341454784481473,0.07747865250318574,5.245450878490554,0.0020503977575300754,-0.0007107522039814408,0.07747444837222169,0.004399581117479917,True
OLFM4,6969,0.201268988542737,0.048517091290165515,0.0504441481681227,3.8201792436549753,-0.0014778181861336082,-0.011366461957329776,0.0504419642215299,0.0024754540021237905,True
OLR1,6969,0.14684228319891096,0.031057854765104444,0.031330916511753536,0.8715408837358884,0.0004400795942776719,0.0191018684657069,0.03133072284170369,0.001113580911766201,True
OSM,6969,0.21810315235527022,0.050577616195624606,0.05291796207660963,4.422592611553878,-0.00033045362444344067,0.01118697892473031,0.05291785287700984,0.0032299405425380338,True
OSMR,6969,0.3246445699687638,0.16643476692617998,0.18542136088024966,10.239701544598056,-0.0014449298971950417,-0.0014729098648593004,0.18541927305784509,0.02670164879393679,True
P2RX5,6969,0.12690560842483917,0.028304312217107035,0.028323638048187987,0.0682321637074712,-0.0028103104382133292,0.010126172348697629,0.028315740203428984,0.001444414284013814,True
PARP1,6969,0.3895188539102491,0.17549826468639662,0.20324977763243787,13.65389584643374,0.0067554653623145495,0.03603050683571988,0.20320414132017722,0.04982445394963792,True
PCNA,6969,0.36886448831751023,0.1397887543181856,0.15654114058123933,10.701586944398056,0.0010696361556356273,0.05625570091983008,0.15653999645973718,0.03411429577748568,True
PDCD1,6969,0.2043845557444909,0.05293237706052999,0.0551551944784323,4.030114368958493,0.004678100284441829,-0.0041169590160490144,0.055133309856160995,0.0028058725537373876,True
PDCD1LG2,6969,0.18037693196401508,0.048050992644331374,0.04946000501123092,2.8487913953498367,0.002715014100870181,-0.011186830938121119,0.04945263370966289,0.001924096772505203,True
PDGFA,6969,0.3962880755603741,0.19394605387273267,0.22979435666694092,15.600166737848154,0.0035805379596873872,0.003192299530327038,0.2297815364148527,0.04234605220810423,True
PDGFB,6969,0.1674338173011222,0.042808435917506556,0.043976620652895954,2.6563767703066232,-0.002299508004247381,0.0019210224028627036,0.043971332915832995,0.0017909749087623463,True
PDGFC,6969,0.21568822114269465,0.06553908500570184,0.06863146853698698,4.505780798816206,-5.3806861464032006e-05,-0.0036442989582635013,0.06863146564180751,0.004337870862139839,True
PDGFD,6969,0.11283659313522885,0.021593182038109008,0.021860690569493153,1.2236966189780762,-0.0023063042556979527,-0.0063126260204373515,0.0218553715301739,0.000283521873544543,True
PDGFRA,6969,0.22298797048409744,0.05446997839481763,0.057172155086062576,4.726385925416476,0.002405278179417691,-0.009107001974212783,0.057166369722940855,0.0024629423928871773,True
PDGFRB,6969,0.200534574951285,0.062443528108514126,0.06485288509620908,3.715111492913037,0.005803365538864023,-0.0012276133479359912,0.0648192060446314,0.004163966741447511,True
PDS5A,6969,0.45439437851561076,0.23492396390761244,0.29336198753346876,19.92010761762012,0.003597883903444848,0.001171763074203571,0.29334904276488355,0.0854667094159544,True
PECAM1,6969,0.23583923968253645,0.07162342298712338,0.07581116768367233,5.523915307600347,0.002769569508877832,0.0007611182121231763,0.07580349716840735,0.004983993751522886,True
PF4,6969,0.25341285784614753,0.0737191817136343,0.07877608475564597,6.419337871001829,0.001888462367846713,0.004055899330026614,0.07877251846552996,0.004950398156089117,True
PFN1,6969,0.6002982659525758,0.4471431498779897,0.6963466916963299,35.787280214008035,0.012025330784722729,-0.029119644600603758,0.6962020831158563,0.26244074763257363,True
PGF,6969,0.25174081218496097,0.08173568157602815,0.08670583570825371,5.732202557794464,0.0017914057509220728,0.01893506123161689,0.08670262657368663,0.007995251213667705,True
PGK1,6969,0.6655382521206042,0.6900501328733337,1.23224440898883,44.00054665781901,0.0012853461808369606,0.06088568028696026,1.2322427568740206,0.5579010363234601,True
PGR,6969,0.15978387684923975,0.030578074346646226,0.031202441834994106,2.0010212394583893,0.0023029366718472326,0.0011025019754983207,0.03119713831767911,0.0017212642818940334,True
PHLDA2,6969,0.3770976004962743,0.19664089201566462,0.22732138838964178,13.49652867744634,-0.0028224212570124745,0.03738880106421023,0.2273134223278913,0.034489597604623015,True
PIGR,6969,0.4411427148734101,0.24095791576651301,0.2979228027471009,19.12068712274566,0.009828158850853917,-0.01553602936207363,0.29782621004069804,0.04822198567115016,True
PLAC8,6969,0.2532637056121385,0.08571209519490126,0.09137693230641807,6.199417039434718,0.0027830737113336834,-0.009982079324214417,0.09136918680713642,0.004925576594273767,True
PLAC9,6969,0.22841756382975878,0.06483889303762491,0.06830129082502567,5.069300661199416,0.0007469142827383499,-0.0019238787944566135,0.0683007329440781,0.0048193142058217606,True
PLCG1,6969,0.45284880796984767,0.2003925726998398,0.25113898787833516,20.206506208856577,0.0030650142139265675,0.03015345581729018,0.2511295935662022,0.05396653171928225,True
PLD3,6969,0.5038282673621597,0.3284768241441781,0.43927914874952423,25.223670397459564,0.0030973684980830293,0.010482458518638278,0.4392695550578997,0.12929756209166227,True
PNOC,6969,0.19691627185627092,0.051172035220821935,0.05323199500912467,3.869777542528008,-0.0007205480101084946,-0.0025846512338996773,0.05323147581968935,0.002164382012890161,True
POU5F1,6969,0.48521428914981657,0.4727463436422209,0.6183680272127253,23.549355264516116,0.012684590743542196,0.020718698142998992,0.6182071283703923,0.14906127390855287,True
PPARA,6969,0.4514200081697796,0.2347519769331025,0.29454897161791055,20.301206402572948,0.0037793287597644755,-0.0017836736780018003,0.2945346882920357,0.06727016168771693,True
PPARD,6969,0.342210799976248,0.16022352926950117,0.17992635097629917,10.950492576483907,0.003911861449304724,0.0296659471747209,0.17991104831630644,0.029567654884545772,True
PPARG,6969,0.16844384680108845,0.04083325070674223,0.04177325972323822,2.2502649367654337,-0.0019310753980151959,-0.015500447363108247,0.04176953067104558,0.00180383204384,True
PPIA,6969,0.6488716361966873,0.5475961040808794,0.9343743054913602,41.394353326859246,0.012146125292205831,-0.058217456811270066,0.9342267771317377,0.44772255652850546,True
PRF1,6969,0.18802337974873673,0.044635811455284065,0.04581160433152664,2.566583059902605,3.676969397100525e-05,0.017564007300391208,0.045811602979515136,0.0026967538922491696,True
PROX1,6969,0.5639203648214043,0.4307706903515965,0.6310516168736319,31.737645727661867,0.004922335361507261,0.005553517255689941,0.6310273874882203,0.21930276104371246,True
PRSS2,6969,0.3604129360132087,0.13847473987886086,0.15791093846152013,12.308329474842239,0.004259210942140147,-0.028780359221834296,0.15789279758367358,0.020640183984052107,True
PRTN3,6969,0.19739838609333477,0.04384372564947066,0.045289705596519986,3.192734260477159,0.0006443914573937377,-0.013987590924460237,0.045289290356168896,0.0027311253174327945,True
PSAP,6969,0.5801840980274547,0.5330975706714685,0.7928876920893428,32.7650591640917,0.0029507897508796103,0.06616637445656853,0.7928789849291937,0.32768842699798006,True
PSCA,6969,0.1932831089539255,0.04731538334452658,0.049062730505145646,3.561455187325535,-0.0032703210732690194,0.005568917495365462,0.049052035505223156,0.0022106155062426016,True
PSD3,6969,0.2927981021599972,0.09195717031127822,0.10013572601514992,8.167470321865288,0.003582021695398535,-0.002241545713088753,0.10012289513572485,0.005336684543601952,True
PTEN,6969,0.16468507338697352,0.0348986777595991,0.03586147322318413,2.6847627190134116,0.0006186733628246462,-0.0006271801980618323,0.03586109046645418,0.0011644568152294928,True
PTGDR2,6969,0.18954697514050656,0.04953602119397543,0.050528512446881425,1.9642202092320704,0.002647784376464285,-0.026099130018159996,0.05052150168477651,0.0016642402253183879,True
PTGDS,6969,0.33557871504857534,0.17853343547889342,0.1951979134566915,8.53722136814511,-0.0017192690756317873,0.04290556262470039,0.19519495757053384,0.042417743837016936,True
PTGES,6969,0.3060343539781056,0.09956799039112849,0.10965454131104634,9.198479879922461,0.0028239428154586427,0.009224215944436997,0.10964656665801724,0.012897989957499797,True
PTGES2,6969,0.2925360984742412,0.089492272665788,0.09774532577736494,8.443424834835533,0.0025928706927114075,0.012006844556679948,0.09773860279893706,0.009382880008834152,True
PTGES3,6969,0.5374934224263824,0.3412723540092018,0.479447518510795,28.81966412732243,0.008388183954186402,0.0046733299976949505,0.47937715688075105,0.15324058200523752,True
PTGIS,6969,0.2463349460799653,0.07490779748107831,0.07961295079256449,5.910035069225971,0.000985374397570544,0.012129332588803547,0.07961197982986098,0.005055764128956607,True
PTGS1,6969,0.23912303636972873,0.08204283492078315,0.08632026897766008,4.955306682355154,-7.573664530498052e-05,0.024541817152529767,0.08632026324162147,0.006004501721113305,True
PTGS2,6969,0.18171961320665503,0.03853563021901433,0.039454235054113926,2.328279420041157,-0.0007613055383411571,-0.01923412740019947,0.0394536554679913,0.0008699072403412353,True
PTK2,6969,0.3487514219219864,0.1542696342866823,0.1754541153693062,12.074086172349697,0.0075242083013476796,0.00391979991052899,0.1753975016587449,0.02557644561726792,True
PTK6,6969,0.26101936309866575,0.08783595325540694,0.0942580082626261,6.813272554333782,-0.0012457590116662879,-0.0012228892149112628,0.09425645634710944,0.006605348760463475,True
PTPRC,6969,0.20959989468175258,0.05138886296972955,0.05374870926840423,4.3905171506358425,0.003542352477931826,0.00296746521187506,0.05373616100732475,0.0020219461530025904,True
PTPRCAP,6969,0.2627090806260976,0.08348757622183586,0.0893259547041087,6.5360381555533476,0.0018072187011049304,0.017460736609120838,0.08932268866467709,0.007693217301994255,True
PTTG1,6969,0.2938410318753663,0.0918078777385668,0.09821752433772778,6.525970433871819,0.0016721737236832252,0.013021238836447655,0.09821472817276376,0.018545953704940478,True
PXDN,6969,0.22236807283491944,0.0566677991726736,0.05950823169027588,4.773175805972452,-0.0006501602038606405,-0.005999096874992245,0.05950780898198501,0.0039490142990638065,True
QRFPR,6969,0.24081995081326008,0.08628704749773024,0.09025171419582145,4.392899052852317,3.0056044110815296e-05,0.030430626634105853,0.09025171329245396,0.008267725884410042,True
RAC1,6969,0.5843272570476438,0.437867170563579,0.6647045372182577,34.126044573725544,0.00861708109340156,-0.003411460693373427,0.6646302831316874,0.22243704115019697,True
RAC2,6969,0.3472931786572293,0.1313182370219368,0.14925925089485004,12.020034781999755,0.006533538787158666,0.01045096473476221,0.1492165637657657,0.020536060626333102,True
RACK1,6969,0.5644550818333643,0.39384917015719806,0.5774241027687589,31.79204534956469,0.015651432560239088,0.009829598746916916,0.5771791354275707,0.20418761277815212,True
RAG1,6969,0.15688260973850224,0.03427074019596707,0.03487745027892768,1.739548270038449,0.0020553001903841016,0.016323037715226495,0.034873226020055555,0.0013340999484808083,True
RAMP1,6969,0.5827051242561325,0.4508822985764112,0.6811411795031547,33.80486863159579,0.007206877791089569,-0.018932208954199586,0.6810892404156625,0.250142246691425,True
RAMP2,6969,0.23187595897346086,0.04212768589827898,0.043946764389031834,4.139277409935693,-0.003965692670286463,-0.026109179899883348,0.04393103767067565,0.0032338343598026817,True
RAMP3,6969,0.18732857679552029,0.04602771529725606,0.047480053507280774,3.0588386127281986,-0.002436807123878146,-0.002365231562487611,0.04747411547832181,0.0030950994940384564,True
RARA,6969,0.4378764604439011,0.24950639101548497,0.30827837220973076,19.064581395369984,0.01622751006643542,-0.0002913227616727121,0.3080150401267726,0.0674079335305912,True
RARB,6969,0.1897945237923101,0.04167675679488002,0.04316536182784679,3.448610112209116,-0.0011016173596395142,-0.00022784482087944788,0.043164148267041236,0.002265648407962489,True
RARG,6969,0.17767548847002249,0.05934485925541153,0.06098502871374684,2.6894624679673074,0.0009812856228557888,0.016340201157846134,0.060984065792271454,0.002596251175915876,True
RARRES1,6969,0.25525626751739366,0.07314036371420071,0.07790703238462011,6.11840616247169,-0.00046485125770492214,0.015011152970324092,0.07790681629792925,0.006339390691674658,True
RARRES2,6969,0.6199318932142949,0.5693930146206024,0.9225413978812529,38.27994972059854,-0.0008590974513436513,-0.03826311726963944,0.9225406598328266,0.3547030231066485,True
RB1,6969,0.21686029507497676,0.05391820470309203,0.05576735827618987,3.3158349799175313,-0.0008430739669328372,0.026593501417936264,0.05576664750247511,0.0031179105066282066,True
RBM47,6969,0.5948842416087436,0.4741733359367766,0.7335995158852878,35.363461170696496,0.009989429357203577,0.014113777565823573,0.7334997271864112,0.2753565412218616,True
RBPJ,6969,0.3654342952297931,0.1559066847049359,0.1796107085191884,13.197444634388322,0.006171015965098681,0.02384629553607011,0.17957262708114924,0.02443894738771621,True
REG1A,6969,0.507892814662384,0.6233187908978778,0.8293075517610363,24.838645256001946,0.007048104451759455,0.06206632308391455,0.8292578759846807,0.15380768017341978,True
RELA,6969,0.3672755231700773,0.1673466916961979,0.19327737152068206,13.416304050735395,0.007877726438723228,-0.005777150280276507,0.19321531294683697,0.025158395650360623,True
RELT,6969,0.23775082159925068,0.07968178158169416,0.08333226606317166,4.38063748165709,-0.002689956141212678,-0.022309593724701347,0.08332503019912978,0.008975810077729874,True
RGCC,6969,0.2068056053716099,0.06723132188900928,0.07022307336984812,4.260353951018359,-0.001388554878651557,-0.005046835010968847,0.07022114528519798,0.0029786179784805577,True
RGS1,6969,0.23745197208370358,0.11060797762799976,0.11666741332945756,5.193768789873254,0.0022241975505411207,0.016129754878065262,0.11666246627471684,0.009854358638075449,True
RGS13,6969,0.17627539751025384,0.02996586172977775,0.030714282860948076,2.436720188319663,0.001058868877830251,0.015325333034943895,0.030713161657648046,0.0008419725836248706,True
RGS2,6969,0.438901418810613,0.35424566830109383,0.4384621478306366,19.20724056710884,-0.0015732678147090322,-0.013424862453211268,0.4384596726590071,0.09061024511852991,True
RGS5,6969,0.19502534579085679,0.05567090023982116,0.057787713054949126,3.6630845957083213,0.0010161457444592072,-0.004321920375029246,0.057786680502774995,0.002938228930055395,True
RNF43,6969,0.23052665766894298,0.06488697131502452,0.06812820301284264,4.757547615349733,0.0003387015251436643,-0.003419641922455891,0.0681280882941192,0.006285683038859797,True
ROR1,6969,0.30945397200194225,0.08501428696605694,0.0937171082056372,9.286267370184142,0.002930374084526163,-0.009564619900786752,0.09370852111336067,0.00699297266917341,True
RORA,6969,0.3641866520115214,0.1709677493794195,0.1964896150194413,12.98891324994278,0.009202010616337249,-0.01374871861165549,0.19640493802006168,0.029122412926547943,True
RPL21,6969,0.5978589609502599,0.45591286156707134,0.7053850843475425,35.36681286806973,0.01576191141468019,-0.024316585500315548,0.7051366464961027,0.28818805318713636,True
RPL22,6969,0.5412238161871765,0.3780110153033039,0.5337445586085776,29.177542102022848,0.01823959155773942,0.011647518830445246,0.5334118759083796,0.17947523652842293,True
RPL32,6969,0.546641229784397,0.3436895157462541,0.48903924084614914,29.7214850997247,0.008925718288884167,0.019656719935504396,0.4889595723991854,0.1674040834558251,True
RPL34,6969,0.6101714950688334,0.5446607656124414,0.858455539379513,36.55341009202186,0.0202228581188852,-0.05683948489341418,0.8580465753890157,0.33269137858113695,True
RPL37,6969,0.6175687425663405,0.5240622722132645,0.8445041734821066,37.944383382686944,0.01368028908317957,-0.019684719818758217,0.8443170231727096,0.3515318414833036,True
RPS4Y1,6969,0.1470441709273659,0.03232166252137203,0.03214316737202074,-0.5553128827828768,0.0007735302722305252,-0.02574609070386877,0.03214256902293989,0.0015548223412679412,True
RSPO3,6969,0.10608505429426134,0.023357361449167065,0.023527236659520393,0.7220363904682725,-0.003026754780160524,-0.004893194489896806,0.023518075415021697,0.0006912978798833389,True
RUNX3,6969,0.24284325783532118,0.06628229926574884,0.07033905169022991,5.767425529628733,0.0017191709661641137,-0.007140870163962085,0.07033609614142007,0.004672666077412248,True
RXRA,6969,0.4138834133569216,0.1935445562672194,0.2336652251773411,17.17014967874315,0.013126878985408937,0.010605242165513278,0.23349291022544716,0.04264735047834373,True
RXRB,6969,0.3452683345374201,0.15808094559981706,0.17829248916490456,11.336172185241988,0.00082113838962134,-0.01591910240314564,0.17829181489665283,0.03007190480991965,True
RYK,6969,0.3409150286199872,0.13514676864784042,0.15200937751518268,11.093137241258699,0.005658432886203301,-0.0013172287148623817,0.15197735965245304,0.025889984094873867,True
RYR2,6969,0.25047422555865456,0.08207307632019496,0.08640917580077752,5.018100728769537,0.00010014477299898114,0.029719980773825372,0.0864091657718016,0.00775074140886912,True
S100A10,6969,0.648028676948699,0.6634384022851183,1.1434696472844008,41.980234992620694,0.008067557406739366,0.016700152251554055,1.1434045618019053,0.4649793829467894,True
S100A2,6969,0.2306094338950558,0.07901343042564295,0.0826803008350352,4.434998871990626,-0.0008098814849754987,0.023027880493220604,0.08267964492701459,0.006250087106492847,True
S100A4,6969,0.27281442734104355,0.1388570531818192,0.14943286002863124,7.077296683464196,0.0020534219234980815,0.016199583713430846,0.14942864348703755,0.015417072868594903,True
S100A6,6969,0.5886694470226503,0.7214379803303353,1.0986355857080743,34.33327759310052,0.0038818915567416547,0.04795484316787469,1.0986205166260183,0.4313698126019586,True
S100A8,6969,0.14782482710346492,0.027505660727560333,0.027932676169543192,1.528730864851624,-0.0032264038900089564,0.006179611136295433,0.027922266487482385,0.0012216765233541164,True
S100A9,6969,0.3235550848995522,0.1353213368572291,0.14718560163714092,8.060750948425655,0.004418213993272441,0.03344305018680687,0.1471660810222507,0.031071136312421012,True
S100B,6969,0.21107387064169505,0.04731470422613739,0.04924062875216431,3.9112508813004765,-0.0006786175975585398,-0.016944219713575185,0.049240168230321874,0.0020167337155333944,True
S100P,6969,0.21222676338520205,0.0626563814629693,0.0654184045855597,4.222088783865086,0.0026701112134946883,-0.00604861190315127,0.06541127509166456,0.004226653234122131,True
SAA1,6969,0.2994265386024333,0.14606801302946626,0.1519645439698523,3.8802017801967015,-0.0013593674082379033,-0.05663514429774717,0.15196269609009658,0.0342592574039017,True
SAT1,6969,0.4495188325935935,0.29720218131362997,0.3709526378898628,19.881367334589395,0.0020696800803501852,-0.01795274232494023,0.37094835431423595,0.09134423912902416,True
SCG5,6969,0.2119085099202469,0.056647741380375156,0.05856092306583612,3.2669937311440633,0.0018545945793334681,0.026854818117336626,0.05855748354478226,0.003722789895771101,True
SCGB3A1,6969,0.19471253860211268,0.04033011723799634,0.041586589787508545,3.0213406675861143,-0.00179065599522267,-0.016891588155307974,0.04158338333861626,0.0024468025656509246,True
SEC23A,6969,0.4093918553350057,0.1879375769520227,0.2259093901045068,16.80842621677574,0.012922932263819213,0.016052136280007148,0.2257423879262164,0.03960358622715638,True
SEC61G,6969,0.4820612243469571,0.28641118381576985,0.3707792809128314,22.754264178233875,0.005440650240799193,0.02892230773254564,0.37074968023779914,0.10831001150974977,True
SELENOP,6969,0.6292379541985099,0.5136580870244403,0.8424474749109238,39.02787980001341,0.016514217871507076,-0.052147235904700925,0.8421747555190279,0.35079895005685635,True
SELL,6969,0.1737255828088037,0.036425556698279855,0.03713931942064775,1.9218519173269333,-0.0032071515122365194,-0.01626795110736277,0.03712903359982576,0.0024182568804837416,True
SELPLG,6969,0.23335491883655435,0.06526145853989482,0.06893574169768997,5.330011786785882,-0.0004954696586816617,0.006590545457431132,0.06893549620750647,0.004450123776079417,True
SERPINA1,6969,0.6116575539357153,0.9363538295898318,1.4924656597872605,37.26128146068689,-0.004974534563759783,-0.05256192320614331,1.49244091379313,0.554204502366518,True
SERPINA3,6969,0.5292410417658308,0.8062087699211311,1.1165691287033876,27.79589286537606,-0.0024279231409514066,0.04210839201257217,1.1165632338926212,0.2905866467231225,True
SERPINB5,6969,0.17755506120745498,0.03873106101583426,0.03997289783933557,3.106697013793358,0.0025310712259902658,-0.0014090301128993556,0.03996649151778436,0.0014822180072830982,True
SERPINH1,6969,0.4811288887420948,0.2815493763626489,0.36154710651387667,22.12650266312043,-0.001384980396058505,0.04963617873976662,0.3615451883431741,0.10391699385389808,True
SFN,6969,0.4288366456273636,0.2599433173662541,0.3161932564800211,17.789733955733865,0.003833965747834347,0.04684938001316129,0.31617855718666715,0.05447152120361876,True
SH3BGRL3,6969,0.5687685311670482,0.45216787601118796,0.6674493616600968,32.25435486423349,0.002262367275318331,0.02414890590496281,0.6674442433544068,0.22787903821286581,True
SIGIRR,6969,0.23952014059758026,0.07729690217045875,0.08152092952008097,5.181525007736476,-0.0033481715826756265,-0.020215103423848593,0.08150971926713349,0.006684353430833457,True
SLA,6969,0.20474789022180342,0.0655471917864429,0.06828551438608196,4.010107596402889,-0.0033071825123360105,-0.003123657010422964,0.06827457692991251,0.004239096013353986,True
SLC2A1,6969,0.4360055570320658,0.34035681315163036,0.4183114660536382,18.63555250766472,-0.009858520371976516,0.029356039499040504,0.41821427562970703,0.07375973429449119,True
SLC40A1,6969,0.34415912857106445,0.1413714598168022,0.15938398046936444,11.301336934563821,0.008611052392339549,-0.020231047588548746,0.15930983024606332,0.021706473969510937,True
SLCO2B1,6969,0.34560906552679715,0.1503818649441945,0.17038838089108715,11.74171374964873,0.004779696434603683,-0.014322697963153448,0.1703655353930769,0.020612701324329026,True
SLPI,6969,0.341881268860992,0.1467291472774577,0.16073384795509127,8.712975428514868,0.0006284646819253309,0.03837567493081636,0.16073345298723488,0.0380297895354986,True
SMAD2,6969,0.38056671470225784,0.15970700781766245,0.18598511098024328,14.129143469647031,0.002601739699639725,0.00935796630015675,0.18597834193078036,0.03571680329181097,True
SMAD3,6969,0.2926849265243643,0.09008934775428039,0.09852266235285936,8.559771322840447,0.0013742551030071278,0.0026612243463946376,0.09852077377577106,0.00892008733273599,True
SMAD4,6969,0.33407306298164713,0.12914500855831973,0.14489050622493585,10.867170028498608,0.00173737430079867,-0.011615967615093934,0.14488748775547383,0.020435469394714096,True
SMARCB1,6969,0.3567445592682044,0.15000871890085168,0.17107244835173346,12.312753838405177,0.0017458060808444506,-0.024535449299641132,0.17106940051286262,0.023112831496714666,True
SMO,6969,0.3296229226770248,0.1064109396931492,0.11891508902061562,10.515191495419607,0.001124029026806038,-0.012165624959308006,0.1189138255793616,0.016687286854466805,True
SNAI1,6969,0.40933253419254717,0.20072077424328838,0.24055593070094777,16.5596235110833,0.005496624287889787,-0.00937554214133109,0.24052571782238372,0.04723018579673511,True
SNAI2,6969,0.3472610664275306,0.1334470383749953,0.15040308817026032,11.273737794579276,-0.0016008933274026477,0.020542750337993288,0.15040052531081602,0.025920399006018332,True
SOD1,6969,0.6078235548839964,0.4357269947936384,0.6885882249488163,36.72168953716475,0.005435827295772314,-0.020980239796099018,0.6885586767304286,0.28479594059916563,True
SOD2,6969,0.6485454326459977,0.738277161565202,1.273657951758181,42.03489558981903,0.009186417785962148,0.024797866384201162,1.2735735614864412,0.5530862760480412,True
SORBS1,6969,0.26615829435918903,0.07008806700232352,0.07530332376000239,6.925666089189231,0.0036585108846242122,0.011049355304330771,0.0752899390581115,0.006692813941175475,True
SOSTDC1,6969,0.1690744073466747,0.044982357706425335,0.045560158793731056,1.2682157011823847,0.0007414982601634603,-0.011649212683500899,0.04555960897406103,0.003599571922910088,True
SOX2,6969,0.1512510045306338,0.030725733372680242,0.031322052733420425,1.9038323120627254,-0.0019920812004316246,-0.003825842387507064,0.03131808434591169,0.0014254559568523623,True
SOX4,6969,0.5800737472096826,0.5929766886740123,0.8927265465141287,33.57689530019733,0.008136252987708092,-0.0008793042702468059,0.8926603479014602,0.3278719062035269,True
SOX9,6969,0.5699770486450085,0.4647086459392996,0.6858201838885256,32.240453568389846,0.010327451295636446,0.038079443732539825,0.6857135276382568,0.25354690858456247,True
SPARCL1,6969,0.34259910735559035,0.13179295496675553,0.1492936701758594,11.722342406405472,0.004512794058161087,-0.0015499330220498388,0.1492733048656502,0.01803517756702,True
SPINK1,6969,0.3786656946295468,0.1970829714141194,0.22982178798924605,14.245305835258137,0.0014174499536008776,0.015635957304628297,0.2298197788248817,0.03434340069110732,True
SPOCK2,6969,0.2006835831400186,0.06002601571901647,0.06232401892888533,3.6871871380614762,0.003928438684300244,-0.009922083602219389,0.06230858629838857,0.003137151524422484,True
SPP1,6969,0.5001378555773605,1.0184215837758004,1.3232885656059976,23.03858657545218,0.01901285514964625,0.17375626605635378,1.3229270769450683,0.27627770280155156,True
SPRY2,6969,0.25732077866536873,0.08568287402627488,0.09046027182900657,5.281210973765605,-0.00023687468708835863,0.034161087546231914,0.09046021571939165,0.006854888111251201,True
SPRY4,6969,0.1910066367158023,0.04404913757847202,0.04536462095186302,2.899800209477943,0.00233857283198452,0.018248860503433703,0.045359152028972935,0.002525721694015962,True
SQLE,6969,0.2839043337448006,0.09055556350766789,0.09721721453813328,6.852336864529674,0.00047279731634443535,0.014310803476529679,0.09721699100082982,0.014369326459774574,True
SQSTM1,6969,0.6076710435357121,0.5688031549740278,0.89520162441797,36.460888870276065,0.019260304918105643,-0.03527520559134793,0.8948306650724316,0.3752882847418521,True
SRC,6969,0.34582487309786347,0.11283161733181492,0.12768478497308253,11.632684069913912,0.0014735582030850959,0.019965313595231456,0.12768261359930735,0.01751950160579634,True
SREBF1,6969,0.1943162183069057,0.05282266844286628,0.054390577119096985,2.882684389977175,0.0038259878384706058,-0.008655226425117948,0.05437593893615605,0.0040783998580012065,True
SRGN,6969,0.21638834607643814,0.11981890641288495,0.12520216131130849,4.299650135462397,-0.001276202838772218,0.017640433520971895,0.12520053261762523,0.007683018787857414,True
SRSF2,6969,0.5446121414125878,0.3798481311763627,0.5370285671260006,29.268542787363373,0.010978202033648448,0.007084589386068863,0.5369080462061073,0.19862710687898563,True
SST,6969,0.18472245451874747,0.049217987948381656,0.05059758970350948,2.726615562543555,0.004262815030340588,0.0031521501342198963,0.05057941811152609,0.0036726439627413317,True
ST6GAL1,6969,0.31169838546826417,0.12998347640842006,0.14083592042088341,7.705735852068973,0.0003804864765735965,0.014307859116513857,0.14083577565092556,0.028332896754158766,True
ST6GALNAC3,6969,0.2208633916279576,0.048768199991702225,0.05124799160298112,4.8388074024244165,-0.001092978534918807,0.0032464437106401603,0.05124679700090513,0.0023465928453111676,True
STAT1,6969,0.45004015264075675,0.23136171625279828,0.28720184743099325,19.44281754371786,-0.00041229570676579435,0.0014131298949676054,0.2872016774432399,0.0837550146401584,True
STAT3,6969,0.4918106115607019,0.29145021908680374,0.38348845440524904,24.00026239673554,0.0065991192230758855,-0.0038992712548953303,0.3834449060307342,0.10881982041121027,True
STAT4,6969,0.18396851880768952,0.03701627235386844,0.038088035435181,2.8139101139425193,0.0011081733189075265,-0.00142658688609091,0.03808680738707683,0.002546764747966686,True
STAT5A,6969,0.2656531244224139,0.08516605864119309,0.08880740387311206,4.100272131726457,-0.00021560921835273286,0.021729875639404938,0.08880735738577815,0.01574359908133528,True
STAT5B,6969,0.28887447670745164,0.08614169806278016,0.09396120018872156,8.322054326930584,0.003699240832131055,-0.0018173357140936234,0.09394751580598638,0.0075108025722766,True
STAT6,6969,0.3577325844478072,0.14119478136016472,0.16130651219142225,12.468021630392057,0.0024767172295524806,-0.0009740292893668931,0.1613003780631858,0.027747512594904638,True
STMN1,6969,0.5797915479048447,0.39276772989698844,0.586595156195307,33.042793526543136,0.003100927347446432,0.034920033976737146,0.5865855404448861,0.24264215358924868,True
SYK,6969,0.2058722443148395,0.05492364382379221,0.05721507251310961,4.004938888773357,0.002580668542559237,0.004596982060462954,0.05720841266298293,0.0037084006678806776,True
TACSTD2,6969,0.17966745597225509,0.04827165741367113,0.04979475737634113,3.058755666100854,0.0007662311611139274,0.004947713709895136,0.049794170266148664,0.002332937037772157,True
TAGLN,6969,0.20201798152411807,0.06908143092733172,0.0716476744793733,3.581754147205962,0.0010570987347021115,0.010434196790588613,0.07164655702164062,0.0049750265004224435,True
TAP1,6969,0.3842567103829992,0.16909897676641567,0.1961436821543872,13.788211320864418,-0.004069676758791764,0.035129928898352536,0.1961271198854704,0.03610893418189324,True
TAP2,6969,0.33154619716487826,0.12330396047400005,0.13764160528122577,10.416650385565763,0.0005697775137682764,-0.01704770776599941,0.13764128063480985,0.021014417402780178,True
TBX21,6969,0.13553488223267973,0.025482617938591298,0.025943015289116952,1.7746485726305994,-0.000689233144487844,0.0016643196863692518,0.025942540246788593,0.0006330828510148228,True
TCAP,6969,0.3515087237682788,0.13054736375730455,0.14882227214559066,12.279686450700078,0.00422062740544538,0.010700327617728735,0.1488044584498977,0.01594412554859585,True
TCF7,6969,0.2388266978776834,0.05473457066458292,0.05586292720547127,2.0198664791375998,-0.0001557730314703887,0.04410197417397298,0.05586290294023488,0.0021609143871938533,True
TCL1A,6969,0.18616418791886918,0.04263075035912413,0.04415107210239039,3.4434537393350118,0.0012398356258279026,0.004596260131316302,0.04414953491001128,0.001513558180638102,True
TEK,6969,0.16070066699218055,0.02636783837585869,0.027064553748837643,2.574272531683164,-0.0009509761820292435,-0.0022282753938755316,0.027063649393139075,0.0007644465897978675,True
TFEB,6969,0.313221445753377,0.104108947423644,0.11495537925701856,9.43534082830868,0.0058775672437573695,0.022923108807571573,0.1149208334603142,0.014233372471562932,True
TGFB1,6969,0.2991250245734609,0.10579074308278434,0.11574960186133743,8.603795277398296,-0.004436124605297067,0.008699373508208725,0.11572992265982412,0.013772866592249326,True
TGFB2,6969,0.1591268548942726,0.0417913416589977,0.041818179828546166,0.06417823458243488,-0.0016174382444758175,-0.031313394192723276,0.04181556372207127,0.002015922379889742,True
TGFB3,6969,0.21830995845062626,0.06273882002327018,0.06560188489888368,4.3643027635966725,-5.3884136247436464e-05,0.004344253471391942,0.0656018819953844,0.005117985519233653,True
TGFBI,6969,0.19634825795648148,0.06376151697274095,0.06563350525431272,2.852183917830242,-0.006244017412354946,-0.006622804824863159,0.06559451750086602,0.005877318627928197,True
TGFBR1,6969,0.2596008264664585,0.07782021403447582,0.08162862967592581,4.6655391087291225,0.0006212893483765003,-0.03971807994905307,0.08162824367547131,0.00677067530780195,True
TGFBR2,6969,0.3242110839852273,0.1272911324012028,0.14205182342771389,10.391060579396482,0.001580319884928762,0.014719810775494661,0.1420493260167728,0.015079500561778746,True
THBS1,6969,0.2525833252639601,0.09894271977667912,0.105176543681063,5.927009660335769,0.003659231889998832,-0.0016906151879717277,0.10516315370303905,0.010683642867603958,True
THBS2,6969,0.16309437415747088,0.043779649635782875,0.04457666043171614,1.7879553744367005,3.483414025607077e-05,0.015264446035023228,0.044576659218298,0.002204822464825152,True
THSD4,6969,0.27405619000706843,0.08875004321489204,0.09574889616956186,7.3095912690999025,-0.00047495607102271355,-0.006127790289318002,0.09574867058629045,0.009502824774573473,True
TIE1,6969,0.23242800149857487,0.06727711596340165,0.07111565821659388,5.397604900880404,0.005468641181538823,0.007172594620146083,0.07108575218022127,0.004533048513104352,True
TIGIT,6969,0.2020431650536539,0.05279706195000323,0.054970227205477465,3.953349596593436,0.0002860052802159362,-0.008120393740676888,0.054970145406457935,0.0022008037908325413,True
TIMP1,6969,0.582675546064762,0.5182073841168893,0.7827973266676553,33.800567980618624,0.012399383281631678,0.02303873012765808,0.7826435819618881,0.3020944558869505,True
TLR1,6969,0.2145427403843441,0.051785802795880576,0.054214308417580084,4.479455133862809,-0.0029018583787293255,0.004067508048022588,0.054205887635531594,0.0030343266563412842,True
TLR2,6969,0.24682627030885781,0.07769559132600551,0.08130245403547844,4.436351586508058,7.476532864662988e-05,0.028692042043606054,0.08130244844562531,0.008713142323682716,True
TLR3,6969,0.19521593570543894,0.04837193473401357,0.0494918101843676,2.2627490208627643,0.002936616704597041,0.01816070841165351,0.04948318646669882,0.004451861580233277,True
TLR4,6969,0.21764050659502587,0.05278913008038606,0.05521734275698829,4.397554383029256,0.0014867909805369969,0.015065275189719484,0.055215132209568495,0.002849567337166483,True
TLR5,6969,0.2633802750025354,0.08976149407346647,0.09635706143913314,6.844923731752617,0.0037618790146336013,0.009282077711925749,0.096342909705411,0.005373585683007341,True
TLR7,6969,0.1703683644830189,0.044779834251902205,0.045397657252168884,1.3609138393086528,0.002484049426207568,-0.007688750482562163,0.04539148675061807,0.0037015804427415295,True
TLR8,6969,0.1612428246529568,0.02822873345252651,0.028929682227222066,2.422939765428811,-0.0008450200310018898,-0.001565397220059282,0.028928968168369235,0.0011966648394745366,True
TM4SF1,6969,0.4315299383743201,0.29634531046421575,0.357895473115754,17.197804184472343,-0.0032913332276098663,0.053462479149684584,0.3578846402413423,0.09094102769932638,True
TNF,6969,0.19019763759644404,0.04261760598330472,0.04384707202222441,2.80398663403687,-0.00029120204574939663,0.017501148812190576,0.04384698722359277,0.0021315619036040827,True
TNFAIP6,6969,0.20333115489431078,0.05182327514154854,0.05306210729751049,2.3346832967187425,-0.0023894533611195793,0.02689195845331176,0.05305639781014483,0.0032472848424444306,True
TNFRSF10A,6969,0.13616235892908488,0.020435144574554483,0.02074274087772783,1.4829105998408365,-0.0024637079256852536,-0.010324414197127256,0.02073667102098514,0.000585931690864012,True
TNFRSF10B,6969,0.23975532835882174,0.07021220057206881,0.07390596025221377,4.9979185271925575,0.001738695686765647,0.011046047709868362,0.07390293718952297,0.007547259961543172,True
TNFRSF10D,6969,0.20668282637666477,0.04841558587771095,0.050406740955197635,3.9501761862693274,0.000741407099866956,0.013360737054164417,0.050406191270710575,0.0019857994591404443,True
TNFRSF11A,6969,0.26583766018340793,0.08269146122919854,0.08818059175221774,6.224873766376316,0.0031251668639257625,0.029067537979719834,0.08817082508429054,0.007709570725789893,True
TNFRSF11B,6969,0.27337714612024916,0.09845914283921638,0.10555986338452755,6.726723886942776,-0.004016690791157846,0.009438463830046836,0.10554372957961675,0.012940680317059229,True
TNFRSF12A,6969,0.39795637768528397,0.28576235905689906,0.3373857452469307,15.300998017046863,-0.0030283949042960823,0.037920999245963746,0.33737657407123167,0.05901985397555403,True
TNFRSF13B,6969,0.15569589920103544,0.03132924999336218,0.032105194139022755,2.4168804035277214,0.00469872215408594,0.004374654881291606,0.03208311614914043,0.0010733849219594185,True
TNFRSF14,6969,0.4870558171809975,0.3385537206592608,0.4434546589131984,23.655392077969097,0.00330767170405145,-0.00577072825198353,0.44344371822110473,0.1151004223858427,True
TNFRSF17,6969,0.17700892087190095,0.03164178884656419,0.03261350700658435,2.979496071440535,0.005288948303213898,-0.002367978658987385,0.032585534032429815,0.0007639568048325358,True
TNFRSF18,6969,0.2165747337392846,0.06028934978503898,0.06278463735281144,3.974360087086992,0.00046406700204342096,0.019865074656285803,0.06278442199462952,0.003948184329867026,True
TNFRSF19,6969,0.15654905781092504,0.02060262490698959,0.021002931292158637,1.9059548384015246,0.0013191219839398531,0.010666512711004892,0.021001191209349616,0.0007867217491917033,True
TNFRSF1A,6969,0.466964613111227,0.30423747732845174,0.3884499880929283,21.679112716134398,0.0008412121845499346,0.023016104536404448,0.3884492804549971,0.08448000116932336,True
TNFRSF1B,6969,0.24034439614463451,0.057590617916512175,0.06108815945061402,5.725400086622989,-0.0007057305169355273,-0.004574597696122223,0.06108766139505127,0.00305935779545136,True
TNFRSF21,6969,0.3816071411422842,0.18816586500847254,0.22014241872868046,14.52539401759646,0.007498040921480417,-0.0032030000149709777,0.2200861981110249,0.030678596276850798,True
TNFRSF4,6969,0.19140007515176038,0.0455269289274826,0.04723166845482954,3.6093146465433157,0.0011051989752894958,-0.00018075165190609819,0.04723044699005456,0.002171833860356055,True
TNFRSF9,6969,0.17343767345282438,0.03470504352032478,0.03559958582730342,2.5127885232096303,0.00038331649659747015,-0.01288339770451821,0.03559943889576684,0.001115323806127981,True
TNFSF10,6969,0.2905456511415897,0.11517008145617766,0.12518508176807874,8.000154787177538,0.0038935738778863548,-0.0025941693260228727,0.12516992185053538,0.015799328273674515,True
TNFSF12,6969,0.20729806976659282,0.061746775310192126,0.06412128040016765,3.70314671690386,0.003156310224536502,-0.009781205739953187,0.064111318105935,0.004546113530384576,True
TNFSF13B,6969,0.2046702418215273,0.05471755651313067,0.05683936971220773,3.7329991690976616,-0.005413635720616862,0.01147139727932193,0.05681006226049095,0.002238594844314055,True
TNFSF14,6969,0.180579116257742,0.057010290711106276,0.0578391284167489,1.4330051788999931,-0.0021523123475807025,0.03004364483352456,0.057834495968306504,0.0023464393841050465,True
TNFSF15,6969,0.17161674313382302,0.04386500214918798,0.04499389469711581,2.508990509772846,-0.0006472361038192681,0.011873710675565703,0.04499347578254283,0.0018250423530234059,True
TNFSF4,6969,0.23373107493047832,0.06308001117575164,0.0661699840161138,4.669750017787056,-0.0014329340593820666,0.018232623494914037,0.06616793071609472,0.005178233699376176,True
TNFSF8,6969,0.2000011099542759,0.052747474453561254,0.0548554922562009,3.842856414074669,0.001221890145000554,-0.003805484129058475,0.05485399924067307,0.001516611837198516,True
TNFSF9,6969,0.18523335726362253,0.03867231715107426,0.03994620325557025,3.1890042123549067,0.0014774861974992614,-0.0006894049268966405,0.039944020290107324,0.0021830517360592245,True
TNNC1,6969,0.22561999654233422,0.05762183813801372,0.059836403113295536,3.7010329165152345,0.00138096611432048,-0.005986758088566067,0.059834496045884436,0.006905250216549452,True
TNNT2,6969,0.21561356291367798,0.046937261803630045,0.049108416000124985,4.421144832872259,0.000818174814011312,0.011189596756757127,0.04910774659009804,0.0020757488756276985,True
TNXB,6969,0.34821609967451406,0.2220448557061413,0.2519285900297913,11.861986096979372,-0.0008049165737271429,0.024956407816860114,0.25192794213909503,0.030265713509658433,True
TOP2A,6969,0.3390222210027874,0.1358606068877926,0.14851235548159236,8.518987226869424,0.003021341903956519,0.040266672681713994,0.14850322697469395,0.034510109988050104,True
TOX,6969,0.2884028499884345,0.0804109538185919,0.08769869357694338,8.309975281396309,0.004401716220445588,0.00031987815271608116,0.08767931847125816,0.00777785575526217,True
TP53,6969,0.1643567267756358,0.0350965967879394,0.03574644496543535,1.8179379183700939,-0.0027803146744205475,0.005725678860978701,0.03573871481574645,0.002200769322811723,True
TPI1,6969,0.6053919695295741,0.4976018613329349,0.781556741844397,36.331959704084504,0.00729928835146669,0.057459461736463546,0.7815034622339554,0.2845898277688202,True
TPM1,6969,0.5975797083795564,0.5419437346048136,0.8420179846071044,35.637510776246536,0.005556730249080652,-0.0160310005098004,0.8419871073560555,0.2867335220554581,True
TPM2,6969,0.39432407976467804,0.22627661807046054,0.2671576402887437,15.302209651986376,0.007772686817088725,0.004530091406765474,0.2670972256283825,0.05301694544945751,True
TPSAB1,6969,0.2548538456589541,0.0888736168549752,0.09476965048218322,6.221436501252564,-0.0006980168086450297,-0.0027113697033341825,0.09476916325471822,0.008920132198158117,True
TPT1,6969,0.5502505557138525,0.46820012378824194,0.6709881314042766,30.22229427391362,0.012196587740494029,0.0040460244160049836,0.6708393746517618,0.22173224524244173,True
TSC22D1,6969,0.4139230843594169,0.21748278498652598,0.2621070187338881,17.025196029820233,0.007583763681844995,0.0016841500049248747,0.26204950526230547,0.05248486926086943,True
TSHZ2,6969,0.29766600088224593,0.11720731217166123,0.1282218024195782,8.590185163576503,0.0020834446073108707,0.010270736395524015,0.12821746167814682,0.015233753610223005,True
TTN,6969,0.37166271327443234,0.1599719287041246,0.185007264751053,13.532082689085811,0.004531493384007796,0.023140489999758134,0.1849867303187611,0.021317925698077767,True
TTR,6969,0.5011451570389566,0.4302101229186696,0.5689425236342819,24.384255869893444,0.0006973212062328955,-0.050786674003965256,0.5689420373774217,0.17372455547726237,True
TUBB,6969,0.6136138170637322,0.5710880582994974,0.914712443261995,37.56638356608379,0.0019963443384038476,0.01743814682841626,0.9147084578712787,0.3724562933654425,True
TUBB4B,6969,0.5553768496225837,0.408801318259468,0.5898185439122225,30.69032459577834,0.00420554989353111,0.028842098176642912,0.5898008572623099,0.19734287655285293,True
TWIST1,6969,0.21013277261992863,0.056833214375845674,0.05884844068592247,3.4244345076740013,-0.004787979707654263,0.008370152748049413,0.05882551593624011,0.005148252498979325,True
TWIST2,6969,0.2589437098648499,0.06373673580434674,0.06772101693616767,5.883374633278782,0.0015983901589719718,0.020390124327623018,0.06771846208506976,0.0066797586554205824,True
TXK,6969,0.2149152102019257,0.04889872641006038,0.05115255486791571,4.406091667708645,0.0006176171604368057,-0.001859448316004162,0.051152173416958394,0.0034526171710930072,True
TYK2,6969,0.2755529841129685,0.08625553402357128,0.09220767435902534,6.455146360462849,0.00437022672910262,0.0010734828287105613,0.09218857547736202,0.013493112533638368,True
TYMS,6969,0.39635434039230627,0.18215496692852204,0.21365381183796364,14.74293607891749,0.005737557945232306,-0.004173974194378836,0.2136208922667901,0.051918741662049406,True
TYROBP,6969,0.2409732753889536,0.09337716930340319,0.09848570306930596,5.187081583108377,-0.00586153111613144,0.014791191283339219,0.09845134552227759,0.008156422804885502,True
UBA52,6969,0.5541127779878988,0.3427520470579515,0.49420923843372744,30.646369917280715,0.01215373076608626,0.011276073823592758,0.4940615252622004,0.1674057435739758,True
UBE2C,6969,0.3432229530680821,0.17186622867157783,0.18918500033839164,9.154410569461668,-0.0034945456570096944,0.032736446444038184,0.189172788489046,0.044027078500474,True
UPK3A,6969,0.15022016408078512,0.026399034021606906,0.02698046155598277,2.154994766006657,0.00016582763435372253,0.005395600593610497,0.02698043405717909,0.0005939225385649817,True
VCAM1,6969,0.22966209539857033,0.08114552334982775,0.0852809012651462,4.84912548292753,-6.20340440122413e-05,0.00264084546454331,0.08528089741692323,0.0073824062158561465,True
VCAN,6969,0.12481688663074733,0.019314342483358272,0.01936131895602739,0.24263053966422365,0.001536189251728885,0.016117427289426597,0.01935895907861051,0.0005773252094571758,True
VEGFA,6969,0.5436641109751302,0.8761269752576178,1.2429708818824878,29.51347549423542,0.0004939814968830305,0.02265438565687425,1.2429706378647671,0.35878681873081797,True
VEGFB,6969,0.5143627256526723,0.3157745948690912,0.428915210843492,26.378317465566624,0.005744651648471064,0.0014314609171478148,0.42888220982093517,0.10133952291193121,True
VEGFC,6969,0.16513462269725768,0.032787558615726124,0.033704258471301714,2.7198339235267044,0.00042758236414289046,-0.0002886288024111994,0.033704075644623806,0.0010082072073083835,True
VEGFD,6969,0.250239221941646,0.07505028216231562,0.07974017575456066,5.8814688428584505,0.005824803271138321,0.016429268915116924,0.07970624742141454,0.007322803698445924,True
VHL,6969,0.43581341344527846,0.2049312962072429,0.25184098966642593,18.626711053397983,0.005526728336875041,0.02307997504329398,0.2518104449403218,0.05953168928164233,True
VIM,6969,0.3759598735817942,0.24255046547938758,0.27907055000690145,13.086326925793756,0.0004088972584386008,0.05173790751914842,0.2790703828099313,0.046510551219691304,True
VPREB3,6969,0.23423870394509383,0.055179182100672165,0.058208549133074404,5.204333517189374,0.001634523525891815,0.008993906272322149,0.05820587746591669,0.004506644166751603,True
VSIR,6969,0.2579890219440142,0.09897008999647322,0.10455910872963925,5.3453197919061,-0.0018556088546988851,0.028678950719206068,0.10455566544541772,0.010904308128078598,True
VTN,6969,0.6373244279409355,0.8183081551325557,1.350587548508737,39.41095073502656,0.010610880744749751,-0.11246715846872002,1.3504749577185813,0.4979361489672329,True
VWA1,6969,0.40634394853358224,0.22263773716730773,0.2663120097761071,16.399663179109737,-0.0006236907210714729,0.010358440175637536,0.2663116207859974,0.038559784333003194,True
VWF,6969,0.20979253446186394,0.051859396700703345,0.0542105513753643,4.33707943381928,3.888406375847241e-05,-0.001467911079942898,0.05421054986339632,0.002975783478076842,True
WIF1,6969,0.18548099131247078,0.04008641832001189,0.041168057944049284,2.627375878423588,0.0030106274922380902,0.02069400510944352,0.041158994066151706,0.0018638787285680705,True
WNT10B,6969,0.20462619013505823,0.04814260507438748,0.050249751240736495,4.193346463058301,0.0035754978819272495,0.0008996154967049201,0.05023696705563229,0.002235032401850078,True
WNT11,6969,0.1999682369299618,0.044054881770155305,0.045801433044677875,3.8133114149918934,0.0012533424465176297,0.006963390043527337,0.045799862177388434,0.0012572895249805915,True
WNT3,6969,0.29465156602547926,0.09584084354886153,0.10340927936701322,7.318913606669963,0.0021053828969373307,-0.03363839715231712,0.10340484672987235,0.011322952114311755,True
WNT5A,6969,0.15781685876380133,0.034633937354369315,0.035468209514407316,2.352168805417465,0.0019771848010236826,0.0010889003937723202,0.03546430025467027,0.0013645610578571089,True
WNT5B,6969,0.2433414691789723,0.07076381759242863,0.07456589475653304,5.0989492938006915,0.0007994625220803041,0.01636940955395147,0.07456525561621066,0.007348497358114816,True
WNT7A,6969,0.1844911668011076,0.03647362500336507,0.037601879439726336,3.00052671082518,-0.0003536359600381746,0.009492796546585665,0.037601754381334396,0.0018641327672000412,True
WNT7B,6969,0.24601867479179226,0.07505768058650546,0.07980460854419942,5.948187760441048,-0.0026591679099762793,0.00582074912240621,0.07979753737022602,0.00425813757258666,True
WNT9A,6969,0.280861453508119,0.09984029359248639,0.10710001877148212,6.778453694285258,-0.0025251982440940277,0.018946002191928234,0.10709364214530963,0.014160051033023433,True
XBP1,6969,0.4654557214204027,0.27631081793597323,0.35010683244449864,21.0781417755462,-0.0011644730875491754,-0.01536057265319036,0.35010547644692336,0.1014198669865744,True
XCL1,6969,0.3138835358375494,0.13958583379299472,0.1538247682893889,9.256594145883334,0.0006176209514769544,0.02143931138644727,0.15382438683375022,0.02105013411782884,True
XKR4,6969,0.16441066301787338,0.02575463632259168,0.02629955915477678,2.0719846632338834,-0.0015245937842654949,-0.008865380611238994,0.026297234768568916,0.0013953997777240933,True
YBX3,6969,0.5630952326673447,0.4887745740275732,0.7123987898520064,31.39031382561569,0.004241015218451677,0.04884143644741506,0.7123808036419289,0.2421700439066876,True
YES1,6969,0.2790140877870601,0.08888527979670413,0.09633117478867621,7.729475954493747,0.002160299243826421,0.0017689578385826125,0.09632650789585064,0.006242823388592175,True
ZBTB16,6969,0.5107190284043964,0.4670700599272057,0.6308425211039128,25.960910321980414,0.01878988444976202,-0.0055400970142560815,0.6304894613462729,0.1819402730963166,True
ZFP36,6969,0.49922523620341225,0.422953504731924,0.5626741356238193,24.831536060741687,0.0068788480717613424,0.0031139391413887822,0.562626817073023,0.15805558000782127,True
