gene,n_cells,PCC,MSE,MSE0,EV_percent,observed_mean,predicted_mean,observed_variance,predicted_variance,PCC_defined
AATK,69784,0.2421278820250807,0.07052257626312458,0.07468564080307621,5.574116383266226,0.0005047166767864001,0.007290456805095375,0.07468538606415026,0.006271835917632361,True
ABL1,69784,0.3405894039884744,0.13771401367027247,0.15577031499119692,11.591618930696047,0.0011284153873898847,-0.0024810017982174735,0.15576904166991334,0.017760571894381925,True
ABL2,69784,0.2792044245411516,0.10060276040627358,0.10910797688679622,7.795228839544088,0.0005088347809673872,-0.00010379863670763091,0.10910771797395888,0.008429324690853663,True
ACACB,69784,0.3903814827817571,0.2265077833491105,0.26704516891444413,15.179973384323219,0.0011694058583722425,-0.0019406536466714409,0.2670438014043793,0.04580875544326811,True
ACE,69784,0.27111184501882357,0.10739904131777898,0.11531856060679295,6.867514862605262,0.0011667495258822977,-0.002532555970652549,0.11531719930233875,0.013315414103636082,True
ACKR1,69784,0.20965307144710557,0.05312149656251723,0.055253799784350945,3.8591069395332855,0.00023464324422779398,0.017163312802738567,0.055253744726898965,0.0027472925591626868,True
ACKR3,69784,0.22294357736551298,0.061555677506363114,0.0643023957939335,4.271564462967515,-4.563119724114444e-05,0.018532290068138158,0.06430239371172862,0.004454586378076651,True
ACKR4,69784,0.23917580769659083,0.07809582493648172,0.08281164502965856,5.694633999225451,0.002022430479225866,0.005886118549003276,0.08280755480461509,0.004304439257138965,True
ACP5,69784,0.33910764778492825,0.12478461817040747,0.14095789014850596,11.473832334649137,-0.00037923454021206285,-0.004486117392342683,0.14095774632966834,0.015109954183975,True
ACTA2,69784,0.22331727295812293,0.07355862898645124,0.07691449811298776,4.3631164590149485,0.00044571039454045677,-0.020493776720849118,0.07691429945523513,0.003078185902720378,True
ACTG2,69784,0.16426626686362555,0.03421442278613678,0.034383655117685416,0.49218831147939124,0.0008757662671448085,-0.026233890567785342,0.03438288815113118,0.0006514143581503757,True
ACVR1,69784,0.33123625408416224,0.1380293053145375,0.15426559628267342,10.524894311745857,0.0018612340726423848,-0.024312272690973042,0.15426213209040182,0.017638960732748562,True
ACVR1B,69784,0.40279054375098555,0.2163337100321266,0.2571576777840402,15.8750724861489,0.002841177688482143,-0.025120582421745637,0.25714960549338817,0.0463590857230314,True
ACVR2A,69784,0.2749872684412181,0.08767852009595721,0.09438372272368695,7.104193852746787,0.00021737011921019043,0.016544044611012092,0.0943836754739202,0.009475415704707843,True
ACVRL1,69784,0.3205758918296221,0.11290679146077215,0.12564624650098688,10.139144936665234,0.0014861366607673285,-0.0018659706333073252,0.12564403789880862,0.015984897708158415,True
ADGRA2,69784,0.2176666028899219,0.0625379221272993,0.0654258869628787,4.414101160322015,0.0010499956179591723,-0.01335528914719894,0.06542478447208036,0.0033631487363580226,True
ADGRA3,69784,0.2803361288906912,0.08624705084809775,0.09342824200987868,7.686317335417292,0.0015863493017858285,-0.00451900252175971,0.09342572550577205,0.009393756030564599,True
ADGRE2,69784,0.184542134596432,0.042060717744122234,0.043498001218214066,3.3042517675271887,0.0005709053753139256,0.005324922729573228,0.043497675285266664,0.001862461813610852,True
ADGRE5,69784,0.32042952454294066,0.13577317734870278,0.15119929439673374,10.202505977014809,0.00024304903764373786,0.008819742441131671,0.15119923532390472,0.016789543522048107,True
ADGRF1,69784,0.2220912995569329,0.056050837357700486,0.05886522267644979,4.781066291413616,0.00011409631110646645,-0.007223349084323633,0.05886520965848117,0.0035789841676045165,True
ADGRF3,69784,0.21352584380238662,0.05345209673455243,0.05570030322813092,4.036255394105382,-0.0009991246505471649,-0.015289263129774551,0.05569930497806452,0.0035736065302742993,True
ADGRF5,69784,0.19399881060137278,0.045099607273254363,0.046760769539621806,3.552469907407929,-0.0016473367337061016,-0.01075536800240627,0.04675805582130834,0.002137618403587125,True
ADGRG1,69784,0.3333782137795348,0.15182093828579357,0.17046054010791667,10.934848505303673,-0.00047021410218191765,0.017003249225137167,0.17046031900661462,0.01876434837707602,True
ADGRG3,69784,0.23957479108090193,0.07011809192441917,0.07416581049721421,5.45766107814204,0.00043947333932285065,-0.01291014481325255,0.07416561736039759,0.00501533678429882,True
ADGRG5,69784,0.16740899892852437,0.03194248523868415,0.03271763056041499,2.369197611359697,0.00028285894451754077,0.012087158749260543,0.03271755055123221,0.0010157508014823338,True
ADGRG6,69784,0.2611172104690091,0.09102007219156281,0.09766426983794332,6.803099697981041,0.0015587590591689255,0.0002396227527658771,0.09766184010813737,0.0073122704214936395,True
ADGRL1,69784,0.20262107033839635,0.04609353950967652,0.048028413169552205,4.028602096523793,-5.205940516268621e-06,-0.00424863306935039,0.04802841314245039,0.0016042523409337099,True
ADGRL2,69784,0.20940382536544566,0.04872360752707294,0.050649536716505295,3.8024616102850683,0.0008625851651122165,-0.014623318331050105,0.05064879266333915,0.0029819088545082694,True
ADGRL4,69784,0.1647751235537783,0.02893293934477437,0.02946586706249296,1.8086273062602354,-8.642959796984672e-05,-0.015901765290802398,0.029465859592418066,0.0010500896533177293,True
ADGRV1,69784,0.14733752025676128,0.025040297017954637,0.025550573386945344,1.9971229657469225,0.000747929287899918,0.004956429232048679,0.0255500139887247,0.0003361242256214948,True
ADIPOQ,69784,0.14875291026712148,0.02817691829414709,0.028722744489805035,1.9003274420788085,-0.0004900648944279743,-0.006062358077678492,0.028722504326203685,0.00030745410819559937,True
ADIRF,69784,0.4622008222371637,0.3161650460832974,0.3991578867421609,20.79198317644001,0.0019050738692563784,-0.03624633975248088,0.39915425743571176,0.10288687214426834,True
ADM2,69784,0.21407164716326002,0.04999622841355633,0.05239553306921195,4.579216042112321,0.00010898292449452551,0.0014575467964227627,0.05239552119193361,0.002398234974782123,True
AGR2,69784,0.1843827720487936,0.03911471016897135,0.04028304922482559,2.9003242761826864,0.0006456390214556744,-0.012976515965738452,0.04028263237507954,0.001089406304393312,True
AHI1,69784,0.25801830270961446,0.07619390460676345,0.08147377901450166,6.480458463573213,0.0006084828900719309,0.007875222398088178,0.08147340876307532,0.006925781381009228,True
AHR,69784,0.2732459596904121,0.08869849507843276,0.09538782737340044,7.012773515410887,0.0007634434524881284,-0.00110794131187484,0.09538724452749886,0.011050270064182117,True
AIF1,69784,0.227315242178712,0.06952575616064831,0.07322817458933878,5.056002623926526,0.0002756803748661753,-0.004186658079839071,0.07322809858967054,0.004811068051873309,True
AKT1,69784,0.45726606621426225,0.2625139802729603,0.3302871836975644,20.519477221575233,0.0016567082068836227,0.016572549594507237,0.3302844390154778,0.08729493048224304,True
ALCAM,69784,0.16924828531445651,0.03767646472855266,0.03874828793198185,2.7661175774027824,0.0003823573632432919,-0.005796354833719309,0.03874814173482929,0.0011296043799973183,True
ALOX5AP,69784,0.22131156599372806,0.064894320451866,0.06819114542486507,4.834681911351102,-0.0005924721513975724,-0.007089009075553151,0.0681907944016143,0.0032132026533265674,True
ANGPT1,69784,0.2201261709899031,0.04781150148516015,0.04994030102577203,4.262688644013779,0.0007641042311397507,0.01783839601477627,0.04993971717049529,0.002452355432500668,True
ANGPT2,69784,0.1550599947534448,0.031687475430807556,0.032252825268811104,1.7528691929827644,-0.00047347930108501213,-0.014682332525327337,0.03225260108616263,0.0009458326006743323,True
ANGPTL1,69784,0.2559568402596781,0.06986453614106558,0.07461474392687889,6.36631252191715,0.0007701973969661956,0.010563918039973863,0.07461415072284967,0.004016909422659407,True
ANKRD1,69784,0.20533588806707254,0.047588113404831996,0.04942296922544248,3.712556832109404,0.0005068845370453213,-0.00940051344109314,0.04942271229350972,0.0033568979344242595,True
ANXA1,69784,0.2336724782061736,0.06022610416473928,0.0632250620494995,4.743305561981592,-0.0013564261195173944,0.019749951148740917,0.06322322215768288,0.003825249866655709,True
ANXA2,69784,0.6072023400068899,0.6371042573039833,1.0088222461804137,36.84672798243922,0.0023274154494241413,8.518192148924892e-05,1.0088168293177326,0.390582895553557,True
ANXA4,69784,0.5446557800848691,0.41819151098352425,0.5931948242287771,29.501827409363813,0.002951698342282045,-0.01533679587895822,0.5931861117056756,0.19782506594057606,True
APOA1,69784,0.5534331662404572,1.0626395000725417,1.5298187299418844,30.538208267791976,0.005090614705299868,-0.026855617615875918,1.529792815583799,0.4421238937766864,True
APOC1,69784,0.6592572992311801,0.8208510123540462,1.44871371766584,43.339322162518265,0.00730300389165551,-0.034775289028252415,1.4486603838000063,0.6393193002152083,True
APOD,69784,0.20654888543262953,0.04911031785201347,0.05068478787484176,3.106395604764489,0.0004910737717876287,0.02317601767742083,0.05068454672139203,0.001438543381179544,True
APOE,69784,0.6527717115532562,0.8748619423327393,1.5206178522531109,42.46667951211741,0.00983360510116989,-0.03035095304564183,1.5205211524638285,0.6891667549132409,True
APP,69784,0.49451296325820177,0.3780549621847785,0.49650676229880814,23.857036622341678,0.004988287745728435,-0.048089071848212685,0.49648187928417215,0.1305861477987265,True
AQP3,69784,0.37793655881645094,0.21954563411474584,0.2559315336612289,14.217044311017302,0.0013858244180932145,-0.002515944855075313,0.25592961315190854,0.03192488816495658,True
AR,69784,0.4855960031625298,0.34332587502421236,0.44801906736730845,23.36802157959571,0.0026172590993449843,-0.02023139650457587,0.4480122173221104,0.11962644928636854,True
AREG,69784,0.22197065782599987,0.05497250315155168,0.057689577745117536,4.7098188264964485,0.0005876943447694283,-0.0069654639363239765,0.057689232360473575,0.00379434305983142,True
ARF1,69784,0.5676910159766175,0.44896443107687795,0.6555278153697793,31.511002195441574,0.003556126778407011,-0.0592505958840769,0.655515169332123,0.23734760059934995,True
ARG1,69784,0.12412993738745992,0.02701569072750976,0.02701561453722312,-0.0002820231482569824,4.855418586545098e-05,-0.020060697540488528,0.027015612179714557,0.0005693374836946984,True
ARHGDIB,69784,0.2647699777314551,0.10730797064691598,0.11505493968876965,6.733278086807637,-0.0014406952615791022,-0.01920548928068242,0.11505286408593599,0.008475721007383686,True
ARID5B,69784,0.25054730786539636,0.07206670644915472,0.07676951587407045,6.125881310271675,0.00046083108436264575,0.008974187499805568,0.07676930350878179,0.005784510862921631,True
ATF3,69784,0.19262473212511677,0.046921784083683554,0.04849711405598959,3.248296322307609,0.0005115199978029347,-0.014406912489679688,0.048496852403282414,0.0019154953755498797,True
ATG10,69784,0.2945079799738048,0.09390554131400565,0.10261732909246905,8.48958733920384,0.0014494601733214699,-0.012186623928949616,0.10261522815767705,0.008496095794263258,True
ATG12,69784,0.2811183951932795,0.08691023819648255,0.09390979291872399,7.453487548736614,0.0009979076335890145,0.020798444334605704,0.09390879709907772,0.008407755468372137,True
ATG5,69784,0.37731621226115375,0.16791591668123054,0.19520589268669022,13.980098464169167,0.0008228380776703474,-0.02157323340731651,0.19520521562419546,0.027785443336986005,True
ATM,69784,0.28781904724918506,0.09919474786489249,0.10794635908210995,8.10737044920663,0.0007186261594302334,0.014136836208695864,0.1079458426585519,0.00832404747453597,True
ATP5F1B,69784,0.4830900165339094,0.34373217206065104,0.44717735457626046,23.132920631375153,0.003360249890691641,-0.016719562017621377,0.4471660632969248,0.11962184360123422,True
ATP5F1E,69784,0.6096437464415249,0.5528382297853576,0.8765395592764428,36.92946040658918,0.005543478936380603,-0.03670432098798354,0.8765088291177294,0.34626383801222793,True
ATR,69784,0.32742033892204386,0.1395034046100533,0.15607782861223465,10.619332771062206,0.0009677648351278024,0.009248577325511329,0.15607689204346034,0.01927666497765454,True
AXL,69784,0.2159010278715548,0.057760645134536014,0.060444276530167235,4.439843686923517,0.00030274214930887906,-0.00910773514219324,0.060444184877355964,0.0035782322402169906,True
AZGP1,69784,0.2971256789413357,0.10580564298722095,0.11449638981723156,7.590411229457539,0.00015081788831643796,-0.02687394518256687,0.11449636707119557,0.016066040798977946,True
AZU1,69784,0.20584412146000552,0.04667119498687423,0.04870724315294923,4.180175337950153,0.00019246553672257877,-0.005016775000516656,0.0487072061099668,0.0021385585335975195,True
B2M,69784,0.6551971132727205,0.7974482877524945,1.3855387345441015,42.444893970078176,0.007557683736004749,-0.07304674122229715,1.3854816159606478,0.6185750164862143,True
B3GNT7,69784,0.2166467233694721,0.05786212020505237,0.060688856219237995,4.657751340664696,-0.0005563187989348954,0.0025905021030174394,0.06068854672863205,0.0032324670118422487,True
BAG3,69784,0.32633211854885324,0.12061929851111372,0.13405673346214292,10.02369265906653,0.0017254196684352715,-0.008506570199232668,0.1340537563891095,0.02149780317976487,True
BASP1,69784,0.23292109273795297,0.07198004612087572,0.0760601786747891,5.364347842724426,0.0021095908078563935,0.00917218809187569,0.07605572830141256,0.00422886086142272,True
BAX,69784,0.42194051323579973,0.21772248062261065,0.26427756370418615,17.615980119177276,-0.0007795057400751862,-0.012942680272948589,0.26427695607498897,0.05548868199873018,True
BBLN,69784,0.3720185324525115,0.1457455305075228,0.16760767098876125,13.043639561523634,0.00048260432013018915,-0.015309505311099973,0.16760743808183085,0.034316209922534556,True
BCL2,69784,0.236417590352214,0.07653348847143136,0.08097781638331748,5.488327680816186,0.0005575049088595862,-0.001518492960415999,0.0809775055715953,0.005790461982692662,True
BCL2L1,69784,0.45545305993771545,0.26262433137468516,0.32822438479891974,19.98634363026477,0.0025552329612112397,-0.04057937548440311,0.3282178555834337,0.08181977916606646,True
BECN1,69784,0.3439584017746183,0.1420651361406592,0.1610478864680073,11.787022322158247,0.0005714717936819195,-0.006558083749327018,0.1610475598879981,0.020303280249696954,True
BEST1,69784,0.20789704782216428,0.048728624359454215,0.050917027883910386,4.2979797042468455,0.00010305331601614692,0.002458940645004855,0.05091701726392384,0.001963674133632514,True
BGN,69784,0.32879061266786036,0.12657267700476782,0.1414809620019228,10.537308190590588,0.0017564462195254651,-0.016638371249985205,0.1414778768985983,0.01710518481599865,True
BID,69784,0.3500082515900264,0.13079210543988556,0.14824588747335016,11.77353539510646,-0.001257142924335207,0.020237117063539825,0.14824430706501823,0.02263965269714745,True
BIRC3,69784,0.40232704050609724,0.24622410091934016,0.29345663055907517,16.095233407999878,0.0019554792668798108,-0.00468227905219415,0.2934528066599102,0.054303575605878555,True
BIRC5,69784,0.2841564137665924,0.1208327462830126,0.13132902659897883,7.9923536995498035,0.0021090803807339753,0.012488342974847754,0.13132457837892386,0.010184710772705448,True
BMP1,69784,0.2501145665425621,0.0658744199535927,0.07006859661551759,5.985815136186179,0.0008380479540940232,0.014096876994147129,0.07006789429114336,0.0048924593531767206,True
BMP2,69784,0.22482772379084326,0.05175690888882335,0.05438426355967341,4.831093590091884,0.0012713688854172965,-0.009083968023126558,0.05438264718083055,0.003183441577045696,True
BMP3,69784,0.17243782222584894,0.028289725508347106,0.02898411603528792,2.3957623068283307,0.00010448677712376889,0.01267456646465377,0.028984105117802018,0.0010517801830359481,True
BMP4,69784,0.2022757386507036,0.0500268846169876,0.051850014433555115,3.5161606732122097,-0.00013037024348355836,0.012211326953254768,0.05184999743715644,0.003380720376802503,True
BMP5,69784,0.17989426099921882,0.038174273231108474,0.03913957111202812,2.4662965216371346,0.0006268835994566059,-0.016425344319276364,0.03913917812898134,0.0010421634998360398,True
BMP7,69784,0.14685584639645546,0.023348227058425274,0.023827295957957195,2.0105886139041185,-0.0004849583980870038,-0.004501653801812948,0.023827060773309264,0.0007298828745020326,True
BMPR1A,69784,0.28121745618223937,0.08852970443360901,0.09594879747129534,7.732346035817573,0.0006388786848782673,0.013388974727589454,0.09594838930532398,0.007144924234935638,True
BMPR2,69784,0.3041582600828291,0.11179876608509454,0.12309657587927374,9.178004922947213,-0.0002604080952390487,0.005917455480410725,0.12309650806689548,0.012979409816942745,True
BRAF,69784,0.2755623355907536,0.0882781792383374,0.09519085923664267,7.261915748780535,-0.0008565987142471904,-0.0032791924548728167,0.09519012547528426,0.010534434016976053,True
BRCA1,69784,0.25877970725655935,0.06647509274991231,0.07094158843871147,6.296018720609686,-0.0010072294830640468,-0.01784365892106101,0.07094057392748128,0.004571274223837263,True
BST1,69784,0.16549217191535398,0.03253869936178158,0.03341708367447483,2.628548682613463,0.0008221813064923967,0.005153752150795359,0.03341640769237397,0.0006720969001307249,True
BST2,69784,0.5328168528368944,0.3554999160360361,0.4959754423121529,28.323081002003626,0.005289237888457936,-0.010697464727108292,0.49594746627471537,0.14813793020738303,True
BTF3,69784,0.5126434528535734,0.3562850612944452,0.4818070529234686,26.05233586087865,0.0026320070565873455,-0.020046993917619296,0.48180012546232875,0.1444835955932935,True
BTG1,69784,0.4798490631539694,0.3293395920949239,0.4235375697070437,22.240760761146994,0.002476645986547741,-0.04601625996180798,0.423531435931705,0.11801795429856704,True
BTK,69784,0.1576813871178202,0.028803534891521966,0.029525403123750217,2.4449055926609287,-0.0010121285936300953,-0.000719991982668678,0.02952437871946016,0.000943709338696713,True
C11orf96,69784,0.2647672755645216,0.0963471315870321,0.10204370136012736,5.5824805423229655,-0.0012401826797149521,-0.038826145875471285,0.10204216330705013,0.008341110631127148,True
C1QA,69784,0.2985106509790039,0.14778235064735615,0.16132019831694702,8.391911125098527,-0.0001210710641274714,-0.028174634640254863,0.16132018365874473,0.012726537431331902,True
C1QB,69784,0.32264632698013146,0.20824230950462586,0.231225989135917,9.939920558748739,-0.0003496295930827332,-0.03330098942562679,0.2312258668950696,0.024441164110753786,True
C1QC,69784,0.2961238334078239,0.15888770032171223,0.17361716040788394,8.483873397979414,-0.0013980789894369864,-0.022358137415708666,0.1736152057830224,0.01715071196273286,True
C5AR2,69784,0.2103604499946234,0.052278492455588584,0.05455882446625948,4.179584206549592,0.00024669125606116386,-0.008272380475981134,0.054558763609684535,0.0032461970347133105,True
CACNA1C,69784,0.173166936411053,0.040030495191830266,0.04119534250644378,2.827618958214284,8.035921970529457e-05,-0.007921481554147191,0.04119533604883989,0.0010632987918171633,True
CALB1,69784,0.2378911245827209,0.06494268088147605,0.06873814367642588,5.521625391596807,0.0005837142000716445,0.004961556949801457,0.06873780295415835,0.005051319203302384,True
CALD1,69784,0.43793142611399233,0.23700594445754816,0.29280618664006414,19.0570571007467,0.0020557917969688476,-0.007359721820728255,0.2928019603601492,0.06421301497533877,True
CALM1,69784,0.51794230684454,0.34307372527682556,0.4677098710551533,26.648175181154222,0.0030016165547423934,-0.020649911394357675,0.46770086135319916,0.1376212138021845,True
CALM2,69784,0.5937734774030887,0.6058463820702741,0.9332363959410572,35.08114506621332,0.004606018578081684,-0.034389909216648334,0.9332151805339239,0.3422996754337577,True
CALM3,69784,0.5507294059391198,0.48136095921997984,0.6897968229597835,30.216993874434795,0.004889521962321059,-0.016608045073463116,0.6897729155347705,0.22631472259299348,True
CAMP,69784,0.24350260050642844,0.08192647902149788,0.08703803923171885,5.872788789063376,0.0006437178709276578,0.0004679167524585399,0.08703762485902031,0.006222133464211734,True
CARMN,69784,0.20865577050250678,0.05783059794039763,0.060420826173825035,4.286979171677596,0.0006240788212161975,0.0018967863510314866,0.060420436699450346,0.0033108712148780927,True
CASP3,69784,0.2865976105313745,0.09170015222556015,0.09930491599534028,7.657993255980378,0.00035469934291335595,-0.015271739554101153,0.0993047901837172,0.011634080629147288,True
CASP8,69784,0.24157000558528435,0.05937867913903141,0.06289096260547164,5.5847188863581865,-0.0005165439383712409,-0.00838626430050522,0.06289069578783213,0.00257837232023642,True
CASR,69784,0.19864373823248446,0.04754540582565754,0.04946962190004263,3.889692301010761,-0.0015953698060030609,-0.004863565346167588,0.049467076695224835,0.0015804710150219847,True
CAV1,69784,0.3953237917319522,0.19300151286968956,0.22774775779007417,15.256459715582304,0.00251350254008328,-0.02541392867450834,0.22774144009504638,0.03885988149877778,True
CCDC80,69784,0.22580903759028106,0.051096630560678126,0.053809625061399934,5.041838700095247,0.0006607040229283258,-0.0022632714859511034,0.05380918853159394,0.003264438844902554,True
CCL11,69784,0.20484692476103353,0.049636058897771985,0.051734079593027005,4.055393875293378,-0.0006043714043348738,0.0012825100430600565,0.051733714328231255,0.0030181908037196547,True
CCL13,69784,0.19605951836022548,0.04442421857279344,0.046182435689348746,3.8071121419020693,-0.0003806740702373862,-0.004431507153473029,0.04618229077660035,0.0017037040072170582,True
CCL15,69784,0.3927722619408872,0.17344193488442236,0.20467873773244416,15.261381418549934,0.001919657446356059,-0.005987001277495034,0.20467505264773198,0.03779733825671915,True
CCL17,69784,0.22461247083332814,0.05732180623534453,0.0601810185984947,4.751020221551528,0.00029140380154054507,0.011501825803520986,0.0601809336823192,0.0038774259875277942,True
CCL18,69784,0.17339787298830084,0.0411503105380526,0.04235472275323535,2.843631446249417,0.0004499467875785843,0.007636825628622437,0.04235452030112527,0.0009916100254743542,True
CCL19,69784,0.21561553223303312,0.05469069703910353,0.056263720372563795,2.7958039799787726,0.000126475907407789,-0.031913270680521036,0.056263704376409554,0.0022207859491905546,True
CCL2,69784,0.21590155905195307,0.06325777285604704,0.06629706805051709,4.584358379399466,-3.2383699585480466e-05,0.0037672906199722237,0.06629706700181444,0.0037996194748285677,True
CCL20,69784,0.22503020800180623,0.08253446872089062,0.08662584258711722,4.723040774018472,-0.00040294323426163224,-0.009846967979888733,0.08662568022386774,0.0064949340860618624,True
CCL21,69784,0.2256568330050348,0.06547258430333405,0.06870428262347086,4.703780021760673,0.0005200767867625012,-0.014910843526910033,0.06870401214360738,0.004163756289072448,True
CCL22,69784,0.20163248945244794,0.043735444556506735,0.04530481840607558,3.4640329765859623,0.0009577194217878184,-0.014065968443538255,0.045303901179584875,0.001296787911469568,True
CCL26,69784,0.16878217032453344,0.02917273313118102,0.030016569345821965,2.811234704802801,0.0002783157048202649,-0.0029599197295942636,0.03001649188618974,0.0009097807016948354,True
CCL28,69784,0.3243274873486898,0.1526994179483695,0.1702904541440246,10.330018957361709,0.0023719589225414026,0.0037128149375796086,0.17028482795489527,0.02306052311454372,True
CCL3,69784,0.19101251461612412,0.04569189341544515,0.0473527318951595,3.5073762658329843,0.0010639088928518419,0.0008860708800196062,0.04735159999302852,0.002480697861922162,True
CCL4,69784,0.1895576582571121,0.0485105823943847,0.050292232794106786,3.542595547539218,0.0005603491298868871,0.002363168820834882,0.05029191880295916,0.0022329586883918042,True
CCL5,69784,0.25534113825708254,0.2055300087270361,0.21970862633703123,6.453373199942202,0.001497007972204971,-0.010113383312687208,0.2197063853041633,0.013459278823545204,True
CCL8,69784,0.2084421098466151,0.04549604058435048,0.047487778612674586,4.194211829888605,0.00012989810447032525,0.00858640524217578,0.04748776173915862,0.0020504331596421805,True
CCND1,69784,0.24005519677665832,0.06946623624386057,0.07344919201824239,5.422735996050953,-0.0012511913436692912,-0.016098289171649467,0.07344762653846436,0.004984205982572321,True
CCR1,69784,0.22557416959320628,0.06482110894514317,0.06735670052605544,3.7644236744218684,0.0022350104523977047,0.03212664968532831,0.06735170525433119,0.0036328270809161635,True
CCR10,69784,0.22947040635263977,0.07276713636351223,0.07679700057004979,5.2474239574783255,-0.00131545539218926,0.0011951615774669743,0.07679527014716057,0.0036643192333552016,True
CCR2,69784,0.17653999094329334,0.036862212132349644,0.0379315976130402,2.8192471395481755,-0.0006148909621865709,-0.010296091610888429,0.037931219522145336,0.0015048585360642997,True
CCR5,69784,0.17600999803267567,0.04200751977599215,0.04277957029765181,1.8047178040543232,-0.000993089462780671,-0.02001355967923651,0.04277858407097011,0.0025276339416179325,True
CCR7,69784,0.17849194550077582,0.041711969870265535,0.04299261515392365,2.9787564191503746,0.00021183502444085432,-0.00016880829909938738,0.04299257027984625,0.002156871374987886,True
CCRL2,69784,0.16148153039133142,0.033209978424430776,0.0340267774370422,2.400459503174235,-0.0010747490198771354,-0.0068740846479198306,0.0340256223515865,0.0012924158500476877,True
CD14,69784,0.2959764921548988,0.13243062950501566,0.14465549573905584,8.451020938805275,0.0015639215436592487,-0.01757064783950164,0.14465304988846103,0.014810780372790634,True
CD163,69784,0.22784168031521512,0.08952981457322202,0.0939147241904718,4.669033162847369,-3.860729562775689e-05,0.009754786185906786,0.0939147226999469,0.00804329609136145,True
CD164,69784,0.5009790463207456,0.35761710585438133,0.4735532440577027,24.4821759027364,0.005616885986703122,-0.042360663892701586,0.4735216946495166,0.13689836401703934,True
CD19,69784,0.2432215211223225,0.06581628458408241,0.06945476994713226,5.23864000387505,-0.00043879472001982187,-0.02088108498912034,0.0694545774063272,0.005090326984951146,True
CD1C,69784,0.24812634533955738,0.06986118464772886,0.07441318137065765,6.117191388787624,0.002269168492100401,-0.00357322575220886,0.0744080322450131,0.004544161313581716,True
CD2,69784,0.15647228230304977,0.038380397639165724,0.03916444674396517,2.001940969382543,0.000402201657798122,-0.011432089716958424,0.03916428497779178,0.0013599244669095815,True
CD209,69784,0.21962170265299436,0.05470103945342081,0.056775468137003036,3.653741222488016,0.00022899666695396355,-0.023205578392813547,0.05677541569752782,0.003975455828364996,True
CD22,69784,0.15060996147001107,0.022873700919432742,0.022939412365134394,0.2864565345253922,0.0002018293558229045,0.020458135684084878,0.02293937163004582,0.000868530422294118,True
CD24,69784,0.5333902480024605,0.426402582810436,0.5948277432069012,28.31494702792994,0.003984001129682008,-0.024448229605937916,0.5948118709419027,0.17175414814183526,True
CD27,69784,0.2344568895568025,0.07606146865849074,0.0804546012536465,5.4603870091974755,0.00014686276814840016,0.00013653711109888397,0.08045457968497371,0.0037299156473181534,True
CD274,69784,0.22661741988833364,0.0598280292118446,0.06304325718798132,5.100034673890031,0.0009323920169295377,0.00022403891868562627,0.06304238783311002,0.003802592849272202,True
CD276,69784,0.4512019681189732,0.24448909222354925,0.30615891326254796,20.143075496911457,0.0022806066784388044,-0.0035215091188294536,0.30615371209573183,0.07548458163228966,True
CD28,69784,0.20539595586033735,0.052924168220274855,0.0551422565340834,4.022483759687178,0.00012312845071681824,0.0008084352916336609,0.05514224137346778,0.003435498258120814,True
CD300A,69784,0.19510929559680043,0.05335224456448565,0.05540259831896032,3.700825984136169,0.000597730185014453,-0.0056151787250596445,0.05540224103758594,0.0025446767895142184,True
CD33,69784,0.19112629557738217,0.040262276277769335,0.04177609434885687,3.6236467163401787,-0.0005390389539919786,-0.0031866429397751127,0.041775803785862126,0.0013482801963908629,True
CD34,69784,0.24125583640156262,0.07463824398596235,0.07898435594638382,5.502497182317612,0.00035486256031747206,-0.01229813084456116,0.07898423001894457,0.005982989270613068,True
CD36,69784,0.17921147436053714,0.04585557599158099,0.04735187351941435,3.1599542248732293,-0.001116284922279514,-0.0055383680160705625,0.04735062742738625,0.001720184412849395,True
CD37,69784,0.17616314875779873,0.0406615327881485,0.041717106563349426,2.5303139698770627,-0.000688143645925805,0.013678362469646255,0.041716633021671785,0.0017418292970427676,True
CD38,69784,0.24373573000370033,0.07171213030842978,0.07618097468401003,5.86608978700588,0.00035227953902518657,0.007882354455719649,0.07618085058313809,0.0044571332822719535,True
CD3D,69784,0.200342763413933,0.055014319033381075,0.05707309094216444,3.607254968667528,0.0009507761486015584,-0.005056481121502865,0.0570721869668801,0.001144752924386326,True
CD3E,69784,0.14121320417386804,0.03210170890327377,0.032654915282448294,1.6940983444286406,0.00035399668143745494,-0.0014422627015346385,0.0326547899687981,0.0012431334480745384,True
CD3G,69784,0.1810131294257887,0.04617572660569871,0.04701657569973041,1.7884098990997521,-0.0009415434716348594,-0.02273091779936694,0.04701568919561997,0.002945747426711881,True
CD4,69784,0.2029022979396656,0.06245550352998699,0.0648962224217547,3.7609568025480877,0.00012791597414738294,-0.004105013972482478,0.06489620605925897,0.0013756976783057303,True
CD40,69784,0.32614519736978287,0.10866893566711786,0.12146164104766581,10.532300790771998,-0.00019345972351759763,-0.006908225756211418,0.12146160362100267,0.015063221880047781,True
CD40LG,69784,0.21033668836056257,0.05431675742641652,0.05665237536306323,4.122718459161923,-0.0009523332843931323,-0.014052766967846764,0.056651468424376995,0.0024941594692251385,True
CD44,69784,0.3838995698594158,0.17543791137741835,0.20474296894319777,14.313095935377195,0.0008353792394873446,0.01570847653583671,0.20474227108472923,0.039675228354293025,True
CD47,69784,0.3220347699209525,0.12225371187304745,0.1363715221156559,10.352462173616573,0.0015537356918289699,0.0037487477831809196,0.13636910802105914,0.015283460491378993,True
CD48,69784,0.1644395249524582,0.03629939975150361,0.03710996682654002,2.184230125629527,0.000145953329572345,0.012930487486924906,0.03710994552416567,0.0006889755936657888,True
CD52,69784,0.15550084318567053,0.038470460648065655,0.03940358496072235,2.3681203463766787,0.0008241897835925257,0.0021038328372412884,0.03940290567192299,0.0007045219492044779,True
CD53,69784,0.20332398944107888,0.06491340153905548,0.0676936667489064,4.107127510411934,-0.0006557194810524236,0.0023613937729237205,0.06769323678086911,0.0024811727012691415,True
CD55,69784,0.2367106726523107,0.06416025843682752,0.06703206726082662,4.284231325918508,-0.00250479663445372,-0.028860516544618502,0.06702579325464733,0.005664419499565481,True
CD58,69784,0.2823491962341344,0.08543821058355985,0.09238798281038513,7.522376845361823,-0.0005148579040334051,-0.015856934384028267,0.0923877177317242,0.009850737204316165,True
CD59,69784,0.5422005797370759,0.3864197967746846,0.5444880494751332,29.03061928591835,0.0043129835999109025,-0.02066767328148352,0.5444694476476036,0.1912889083675735,True
CD5L,69784,0.20690320536348636,0.05217869089291253,0.05450045906962812,4.2600892108988875,0.0007479760612620682,-0.0026976017640521583,0.05449989960143966,0.002328742725688048,True
CD63,69784,0.5825498617146021,0.6147467688147292,0.927088805314723,33.69062755471,0.005055912408179562,-0.03888578361664356,0.9270632430644402,0.3364050309904533,True
CD68,69784,0.4222991854407328,0.21813548563903176,0.26521154367800837,17.750380464634418,0.0007041600726824158,-0.012174048401557828,0.26521104783660177,0.05059047603255806,True
CD69,69784,0.19900400862426357,0.04957251601364055,0.05161480007422973,3.9567799500377254,0.00015101443143813664,-0.000986141947181461,0.05161477726887009,0.0021101068257228534,True
CD70,69784,0.1596305238731683,0.029366126281197457,0.028677313311771285,-2.4019438708835716,0.00012094051903108385,0.03778998213387222,0.02867729868516196,0.0006886990601079278,True
CD74,69784,0.5635409001942935,0.7527173044899729,1.0994334024311638,31.535889047440424,0.0019280843374633375,-0.043178688411347955,1.0994296849219618,0.3734357925125724,True
CD79A,69784,0.1785852585623529,0.03809142212175001,0.038941389896223734,2.1826847391396065,-0.0006864450337685783,-0.018776538906524785,0.038940918689439254,0.0018761565808323919,True
CD80,69784,0.2184829418800645,0.05596014064335758,0.05821920207135478,3.8802686186396707,0.0016630990060233584,-0.018388589950954017,0.05821643617305048,0.004057284386887606,True
CD81,69784,0.5544118997308433,0.46400084626479426,0.6683720776286205,30.577463991155042,0.004626565579434716,0.0007730880643571122,0.6683506725195691,0.23612478097927855,True
CD83,69784,0.23612942660362296,0.06996929836353816,0.07394922159249216,5.381967711419533,-0.0002975672855845124,-0.0121849663700157,0.07394913304620244,0.0039415960253752534,True
CD84,69784,0.1975426474107538,0.05217306278535092,0.05414809739975926,3.6474681646286533,0.0003862799385825825,-0.009082076828764517,0.054147948187567456,0.002801664955258728,True
CD86,69784,0.18701403167174663,0.04388376265657032,0.04493067121395159,2.3300532333382806,0.0002834868510482741,0.021785743061496773,0.04493059084915629,0.0022591192047545783,True
CD8A,69784,0.21356319043630023,0.06686677658064183,0.07006426288825081,4.563647965167084,0.002204999387769043,0.003732599365538507,0.07005940086595008,0.003267070026407172,True
CD8B,69784,0.21266328836471438,0.058249501911112514,0.060934430818209435,4.406259106788224,0.0015253448639132076,-0.005838813522495786,0.06093210414125459,0.0023185793277232924,True
CD9,69784,0.4377781109826581,0.24823831402382587,0.306621168521375,19.040712283202698,-0.00016370511264767135,-0.01603904763533132,0.30662114172201255,0.06439912376092169,True
CD93,69784,0.18166682908644402,0.05289467909916139,0.05468800223604899,3.2791893350704426,-0.0002523848536476334,-0.0034713887427344696,0.054687938537934154,0.0019005435259609712,True
CDH1,69784,0.3117175362327095,0.1691049305014895,0.1844713122153614,8.32995739518152,-0.00031729515462133244,-0.039468983976273665,0.1844712115391424,0.02752510952924225,True
CDH11,69784,0.2160238698227946,0.04460126535828317,0.046630468467918997,4.351667860750497,9.731302322047054e-05,-0.0032730992481682184,0.046630458998095606,0.0033976789391640372,True
CDH19,69784,0.21338425398605565,0.04817691390352054,0.049893215969948466,3.43995076898167,0.000751778087714841,-0.022292409279149047,0.04989265079965603,0.0027732001125601604,True
CDH5,69784,0.2191662396408216,0.05890333462387829,0.06173992882281601,4.594424148233644,-0.0004048562775962085,0.0104893353234075,0.061739764914209204,0.0033287424999538166,True
CDKN1A,69784,0.5433844125839907,0.44184374912386765,0.6244421132395728,29.2418400751984,0.0032365754982118114,-0.03411385313201026,0.6244316378186189,0.20174318298794308,True
CDKN3,69784,0.3080163929736811,0.11966728017200846,0.13213737453344582,9.437219715820067,0.0006226568132515936,0.006713044363765103,0.13213698683193817,0.011348086844875666,True
CEACAM1,69784,0.20317725950269735,0.04209411060769565,0.0437335541534681,3.748708691773328,-0.0007288517453592981,-0.010783142141741468,0.04373302292860134,0.002557603382282342,True
CEACAM6,69784,0.1790768617137147,0.031834323327026494,0.03267437423179938,2.5709777907707454,3.7405559651969595e-05,0.01433327125213403,0.032674372832623415,0.0011705486382839333,True
CELSR1,69784,0.34388089367455177,0.14035194383863095,0.15800555275238284,11.172777542456124,0.002538781944300608,-0.02812310484366409,0.1579991073386222,0.021469378605491054,True
CELSR2,69784,0.27671595599960885,0.08285652945041984,0.08943327597618528,7.353802546064325,-0.0004394203650798325,0.013378621061277752,0.08943308288592963,0.008414037849261674,True
CENPF,69784,0.2734270366278423,0.0964332475218809,0.1037993903357263,7.096518380330097,-0.0009392966230929574,0.0189342851060562,0.10379850805758244,0.007760944414400326,True
CFD,69784,0.254621420998062,0.06390149843999246,0.06814827895622093,6.231676839493828,0.0007055894369529596,0.0028002825149581172,0.06814778109976798,0.006306121423056343,True
CFLAR,69784,0.3277882959127908,0.12684030689230083,0.14189390591980022,10.609052538174435,0.0030509496021643837,-0.009740612950769301,0.14188459762632677,0.013781679634799591,True
CHEK1,69784,0.28685148551624556,0.09289067416677114,0.10099823176091191,8.027425285358836,0.0011983422055767037,0.00013391752478564216,0.10099679573687148,0.011112155060557832,True
CHEK2,69784,0.29478535432228414,0.09198981328843553,0.10066261572824668,8.615713367934564,0.0008322092245700066,0.0017237701863197798,0.10066192315605449,0.01043586968562628,True
CHI3L1,69784,0.21242898231561375,0.06292506687841347,0.06435136443055722,2.216421617109454,0.0007843940738628288,-0.01660606332749891,0.06435074915649498,0.007775281199126022,True
CIDEA,69784,0.1798847680186984,0.03569627856404467,0.036854469514172046,3.14260648815472,-0.0005680716478139945,-0.003934262878800463,0.036854146808774475,0.001549609753747516,True
CIITA,69784,0.2630141269301261,0.1063724529523386,0.11378840704621937,6.517319546329969,0.0011855804681808703,0.00275879815580315,0.1137870014451753,0.012108008969024552,True
CLCF1,69784,0.2610091456319791,0.07485557641003296,0.08015779266582553,6.614723384284405,0.000527354210758652,-0.012001870558038759,0.08015751456336116,0.005260392469643959,True
CLDN4,69784,0.37242051261310716,0.16958691934168166,0.19542864368955842,13.22309967464481,-0.0006537315780883069,-0.03128266268871072,0.19542821632457855,0.03337535898367641,True
CLEC10A,69784,0.16917248558054865,0.03064235730592954,0.03118036100331086,1.7254569224653626,-0.0002270662020257713,0.01829403134408916,0.03118030944425068,0.00110524832916873,True
CLEC12A,69784,0.2033628169225876,0.04775522814774184,0.049281462250066674,3.0969740601046514,-0.0004565266696504534,0.019851514118155895,0.04928125383346675,0.003039097661513556,True
CLEC14A,69784,0.1436912759320174,0.022784566326150973,0.023021643533841157,1.029801401197472,0.0005506525233825262,-0.013085421177380407,0.023021340315640057,0.0008442044692299381,True
CLEC1A,69784,0.19649338345643141,0.04385509016796269,0.04553870488987552,3.6971071662759147,0.00029875404272661097,-0.008104562465605205,0.04553861563589819,0.0019318954094292415,True
CLEC2B,69784,0.16381828657830477,0.032242531077113334,0.033025988514034196,2.3722452292016416,-0.00035805068152081076,-0.00855190361099183,0.03302586031374302,0.001278517068191894,True
CLEC2D,69784,0.24579220123247783,0.07360174415826187,0.07827215162568625,5.9668826912530175,0.0010544098270936363,-0.006475983008514159,0.07827103984560173,0.004955138296686695,True
CLEC4A,69784,0.22936111708342224,0.060690034979048124,0.06384026294400998,4.934547289889313,-0.00035724914034312435,0.01396075293469283,0.06384013531706174,0.003572321308967463,True
CLEC4D,69784,0.1797227387048738,0.039161710119762105,0.04046358171839466,3.2173909064523887,-0.0007932763034226929,-0.0031830976805736714,0.04046295243110047,0.0013143621643774215,True
CLEC4E,69784,0.15893526783209797,0.031893702400849655,0.03262591936186495,2.2442799324488893,-0.00010371199783070582,-0.005328149278189103,0.03262590860568668,0.001350416174894006,True
CLEC5A,69784,0.15792347623291822,0.031140141334533813,0.0318705679937314,2.2918532840119132,0.00024389611876570862,-0.007014101688038171,0.03187050850841521,0.0006129585825416246,True
CLEC7A,69784,0.19914588610907413,0.05020560301249765,0.05207440383012427,3.5887128419616166,0.0005031276683668047,0.01415272401695426,0.05207415069267303,0.0023680264362577184,True
CLOCK,69784,0.27671129790696797,0.08306299837463092,0.08952518888270483,7.21829307340599,0.00122289310926816,0.0005711882036357818,0.08952369341514808,0.010533657986840923,True
CLU,69784,0.6379996103275974,0.8139727831639202,1.3542696578812592,39.89581185497635,0.009719307132866884,-0.09020840441073018,1.3541751929501187,0.5996573146613768,True
CMKLR1,69784,0.2046208316432064,0.05188384041927157,0.05409791299901816,4.092713483765575,0.00042589535806671845,0.003952421553207371,0.05409773161216154,0.0028961324636243616,True
CNTFR,69784,0.2636544408251145,0.0695752694396126,0.0739293399345719,5.889502731679586,0.00043786144319455804,0.02824069249281852,0.07392914821192806,0.0056522835294185335,True
COL11A1,69784,0.1975929790462704,0.042116919018658446,0.043328458940952524,2.796175889719854,0.0015166166151899284,0.021385134708007774,0.043326158814994443,0.0010093443076220658,True
COL12A1,69784,0.18391859007557806,0.03747522643911019,0.038726985867189014,3.232266596661104,0.0004515183960781258,-0.0011737256966799048,0.0387267819983276,0.0019063669946207274,True
COL14A1,69784,0.2065333002963806,0.0509374035989956,0.05267108808894442,3.2915296661826687,-0.0010087548927109845,0.002125453734812056,0.05267007050250951,0.00487955502534627,True
COL15A1,69784,0.27554459569446127,0.08366236700720732,0.08945185017257572,6.472178221243041,0.0013304995066472098,-0.021744874565793076,0.0894500799436373,0.010840931390205961,True
COL16A1,69784,0.32634457352222623,0.11244369060886768,0.12554346745354797,10.434455181451252,0.002824583109739408,-0.008153223352659219,0.12553548918380508,0.01642747323487585,True
COL17A1,69784,0.19320268820844352,0.0435859224134809,0.04423158357805016,1.4597288008690423,0.0008537972805683976,-0.024053268750131803,0.044230854608255134,0.003632780722991433,True
COL18A1,69784,0.39016327580220894,0.2369409494906297,0.279060472128266,15.093331676969546,-0.0012384191485128038,-0.008860928299116676,0.2790589384462816,0.04997573624727192,True
COL1A1,69784,0.25577526721114713,0.08651242715021121,0.0921185088563512,6.085727804042151,-4.166612453066017e-05,0.00026321223851348416,0.09211850712028488,0.009629872187328777,True
COL1A2,69784,0.1411279453793747,0.029247299996032542,0.02981425294419472,1.9016171534580462,-0.00029905899316260375,-0.005197164700749314,0.029814163507912654,0.0005129664625624446,True
COL21A1,69784,0.1725626892837396,0.029729098401285098,0.029789806890009974,0.20378946714567636,-5.8022188177543895e-05,0.028340100614653172,0.029789803523436475,0.0011728490765872382,True
COL27A1,69784,0.3959670867798599,0.23983601018789996,0.2840896323820021,15.577345017151611,0.0013412914159756303,-0.0012863262736634749,0.28408783331933996,0.05193114893389146,True
COL3A1,69784,0.29961211297011486,0.3544933674463572,0.38934321828327567,8.95093305864716,0.0030839621617571827,-0.00736032403837584,0.38933370746065227,0.03504006899219341,True
COL4A1,69784,0.2300830806297719,0.09549358362918688,0.10046857776792309,4.951791146310624,-0.0004905059019315684,-0.018437568281998103,0.1004683371718823,0.006020845556306141,True
COL4A2,69784,0.22692243827479786,0.08014510720750792,0.08442835430041223,5.073232954018858,-0.00035888587138418565,-0.008244810084952528,0.08442822550134112,0.0045463908882876014,True
COL4A5,69784,0.21745518531731275,0.05207123382616571,0.05384124961873227,3.287471604207981,-0.0005761419171916909,-0.027866442461511588,0.05384091767922449,0.0031440272797207992,True
COL5A1,69784,0.19226080653939484,0.04328819865172203,0.04452892612206362,2.786340427210121,-0.000884093089680681,-0.011556806600824582,0.04452814450147214,0.003324800459970507,True
COL5A2,69784,0.21004128337911582,0.04812084315567233,0.05033744140879585,4.403478188575926,0.0013730094886510783,0.0001969539271701498,0.05033555625373966,0.002023663217174594,True
COL5A3,69784,0.20208615384638304,0.044456858541805394,0.045904546845060186,3.153692613808201,0.0003304256750440483,-0.019612422170678875,0.045904437663933095,0.0014346427466686922,True
COL6A1,69784,0.37344107119576625,0.18805279015172063,0.2178071768799457,13.66088443661594,0.0022456948208204857,0.020337087654603247,0.21780213373471616,0.036685669745941236,True
COL6A2,69784,0.2733175826328449,0.09151186027787939,0.09868451631726242,7.268268931190325,-0.000946146757295478,0.0128289298170462,0.09868362112357566,0.007936085023953782,True
COL6A3,69784,0.19546648834183372,0.047267812749320015,0.049133703150091364,3.79757738811487,0.00010894828790011488,0.0012371908263096748,0.04913369128036007,0.002162849925323201,True
COL8A1,69784,0.1451875793435374,0.023857111907178166,0.02424062023164578,1.582089570327705,0.0012161351007836565,0.009456947183664719,0.024239141247062397,0.0009250627813538704,True
COL9A2,69784,0.35468659499269084,0.1520202027332905,0.17360960771036268,12.43560495401288,0.0009720442981248764,-0.010000462792634411,0.17360866284025026,0.02536217990579005,True
COL9A3,69784,0.32889763181602616,0.11686307306037816,0.13077438232023403,10.637640960743,-0.0004480279624209305,-0.014598938254391809,0.1307741815911752,0.01558785887763813,True
COTL1,69784,0.3113593618425447,0.14613297043384568,0.16177498721897757,9.668995840474981,-0.0010089976220868616,0.0016910570260218675,0.16177396914277684,0.017196164633660308,True
COX4I2,69784,0.18112299623200168,0.04145956117518871,0.042006581410183375,1.3022250719551653,0.0005243922094555571,-0.024224645480129002,0.04200630642299346,0.0026949751318975784,True
CPA3,69784,0.1755254706957861,0.03356483178933716,0.03413201550160385,1.661735188887492,-0.0007876080083854563,0.011608971453839377,0.03413139517522931,0.002563400094153227,True
CPB1,69784,0.1550901634157386,0.02643532702038281,0.026734334923524415,1.118441524716951,0.00040080604721793857,-0.017226555087805098,0.02673417427803706,0.0009698887894465932,True
CRIP1,69784,0.26159924886702185,0.0855130232146999,0.09133402276040667,6.37330905808976,8.887080829084487e-05,-0.005037780803214333,0.09133401486238607,0.009828033867308362,True
CRP,69784,0.21366594928360616,0.054386037797990935,0.05689667873746102,4.412631800627532,-0.0003454812117895511,0.004589498479133975,0.05689655938019448,0.0034668196105375137,True
CRYAB,69784,0.4735189111018973,0.3623644044923686,0.4644821088526221,21.98528262208156,0.002316546409546639,-0.0037665284879166757,0.46447674246534826,0.1349742814396602,True
CSF1,69784,0.41544900383669303,0.2137375515062732,0.2582271847575836,17.228872821068798,0.0008949785809662861,0.007956322276427001,0.2582263837709333,0.046936763309935056,True
CSF1R,69784,0.23071942363914122,0.08262757703663186,0.08722067673500297,5.266067485724779,-0.0008114771218142979,8.221691305948024e-05,0.08722001823988239,0.0037326147696571743,True
CSF2,69784,0.20826957303988008,0.051808108030410596,0.053684302804037555,3.4948666102185943,-0.00011634448280332286,-0.0213295628372646,0.05368428926800004,0.0021803231327436035,True
CSF2RA,69784,0.17197625961134297,0.0359903849607323,0.037069734742576764,2.9116738744957016,-0.0007405714466604128,0.0007573149362543755,0.037069186296509966,0.0008525687288233382,True
CSF2RB,69784,0.20576158032475803,0.04839400486346382,0.05032358612434096,3.8343476876021354,0.0010060509409493678,0.014733218778032397,0.050322573985845845,0.0018043479916493798,True
CSF3,69784,0.15700218526747392,0.02857694299456794,0.029253552154351277,2.31291282581112,0.0010338379293304374,0.007042789914367982,0.029252483333487834,0.0008952846486671802,True
CSF3R,69784,0.17843938567931786,0.040827870256179975,0.042093408926987784,3.006500787339228,0.0010330044483153336,-0.0073010163059475,0.04209234182879837,0.0011625166396483607,True
CSHL1,69784,0.20879254558826052,0.05791807297269364,0.06051922888035113,4.298065186521239,0.0006289060138850109,-0.004512205534654873,0.060518833357576116,0.002307317362052536,True
CSK,69784,0.4609358902889159,0.25497277165035803,0.3230041617536519,21.062078498907965,0.0038172810723970723,-0.01455739149300096,0.3229895901188643,0.07747697950686212,True
CSPG4,69784,0.23692772658527564,0.07496642238094582,0.07941456530813737,5.601167632073856,-0.00035600735755001177,0.002152883929369588,0.0794144385668987,0.0042081872246559,True
CST7,69784,0.18493914903613634,0.046586853268282366,0.04803458710717388,3.013940425180206,0.0010296952739147832,-0.011951007987904274,0.048033526834817424,0.0012439575271335104,True
CSTB,69784,0.5807386445913137,0.4830574532597036,0.7282560645097974,33.66928518681702,0.0035908788465940132,0.0018228733479760133,0.7282431700989096,0.2662509515544384,True
CTLA4,69784,0.13821619670678922,0.025591615486462466,0.026051251382220784,1.7643524643580322,0.0010538316486294658,-0.0038382019994835513,0.02605014082107674,0.0006867821651011841,True
CTNNB1,69784,0.4727223651345675,0.31484340988144993,0.40425694069971113,22.117995219451046,0.0060006411859103055,-0.024831684210034108,0.40422093300506745,0.08955811707832614,True
CTSD,69784,0.6284207798321255,0.7661183528663852,1.2629211919597687,39.3375962218559,0.009485653921458701,-0.032742191080870814,1.2628312143294496,0.5194848185691653,True
CTSG,69784,0.1408947015435306,0.023002230022249104,0.02333483945611977,1.4253769968982422,0.0002901689124883082,-0.009648789595546178,0.023334755258122057,0.0007383302750226185,True
CTSW,69784,0.18448749900813774,0.0452150087100548,0.04636007993213372,2.469950922766284,0.0006460871014269574,-0.02013440269588465,0.04635966250359146,0.001485341600634618,True
CUZD1,69784,0.1878136842793495,0.04407080585458914,0.04489202301365914,1.8293164440821297,-0.0009975616352413345,-0.02844324536969976,0.044891027884443234,0.0013418394058519537,True
CX3CL1,69784,0.31600013627253043,0.133180662720233,0.14723176164100216,9.543524280467564,-0.00038051414027490653,0.013660255450521326,0.14723161684999048,0.020322227640469745,True
CX3CR1,69784,0.22587550789736552,0.05585352217685583,0.05865655837104705,4.778725980579868,0.0019472176076701909,-0.00655493882738998,0.058652766714635436,0.004316431601791572,True
CXCL1,69784,0.30493167265663873,0.22696453673397401,0.24786770349811194,8.433194994400361,0.001716657847791285,-0.04144482424043466,0.2478647565839457,0.028449656281114906,True
CXCL10,69784,0.36479339779953907,0.3178860833023557,0.3662804559485252,13.212381894864345,0.0008557886286679996,0.008483854831761908,0.36627972357434213,0.04150628299768983,True
CXCL12,69784,0.3293755839203944,0.11417741417729556,0.12800993532257005,10.805818400281309,0.0010934821901744513,0.006153100865177091,0.12800873961927217,0.015220083919345501,True
CXCL13,69784,0.16171564358489213,0.04433338758726016,0.04550300125543363,2.5704099419899262,0.0002967140373198296,-0.004219857579590733,0.04550291321621281,0.0011724873690411905,True
CXCL14,69784,0.21259563416904806,0.050150113637648465,0.05241874312847446,4.327897533265446,-0.0005084297955113036,-0.008036514438237026,0.05241848462761675,0.0030598040148495107,True
CXCL16,69784,0.3962367224468507,0.19249947501467932,0.22781617306350485,15.502278689836846,-0.0005557198364855184,-0.02138341250732775,0.22781586423896766,0.03737763667845265,True
CXCL17,69784,0.19921770825130547,0.04575883709629068,0.04746404254888681,3.59262583004768,-0.00012803215874720094,-0.013218322473571856,0.04746402615665353,0.002123738178719795,True
CXCL5,69784,0.281994591431313,0.09902005306716832,0.10661289732591539,7.121881544533737,0.0006057175610243939,-0.02773292802555183,0.10661253043215052,0.010231657541319293,True
CXCL8,69784,0.22191832913929482,0.05851636638743685,0.061341572009904276,4.605694849181996,-0.0002917433806702411,-0.010082600807454952,0.061341486895701965,0.0020219017780539,True
CXCL9,69784,0.38324448078450496,0.55365253743094,0.6487703339921098,14.661243213122422,-0.0009665328876477213,0.001264088111921588,0.6487693998063008,0.08747686243250143,True
CXCR1,69784,0.20452315005030752,0.04732285519799451,0.04921790829153941,3.8503324487494717,-0.0007638639565350115,0.005002143120907611,0.0492173248033947,0.0032285428241922098,True
CXCR2,69784,0.21942193664438048,0.0572249451606359,0.059984520699287135,4.600479434495219,-0.0011736642064085305,-0.008701758020040501,0.05998314321161746,0.0038798144315375107,True
CXCR3,69784,0.23743826499372658,0.07425246306138912,0.07847576320784634,5.381661768961255,0.0007164822197373507,-0.010352580413201173,0.07847524986107583,0.005684587782112845,True
CXCR4,69784,0.24442517280839596,0.09164050658005882,0.09743093234804978,5.943108239286876,-0.0009132934044301339,-0.005212994171171965,0.09743009824320806,0.005288688197418989,True
CXCR5,69784,0.2073449629660271,0.05592971569182666,0.058270189117103174,4.016588002782973,-2.7037576818075335e-05,0.00979445502743856,0.05827018838607108,0.0034001273033661735,True
CXCR6,69784,0.17626639667055624,0.0461546685111998,0.047148976299294106,2.108864001166433,-2.0262686390300334e-05,0.009037315107931109,0.0471489758887183,0.003362398249907825,True
CYP1B1,69784,0.20802900213160275,0.04631126437598537,0.04803836307260752,3.5952488514475855,-5.811149542496782e-06,0.012761144440350591,0.048038363038837704,0.0035207810484143612,True
CYP2U1,69784,0.25415165984801646,0.06585510238783471,0.07027919363836876,6.295022781989834,0.0005971568053758883,-0.008619948055269095,0.07027883704211764,0.0038220825255002163,True
CYSTM1,69784,0.5857174994630692,0.4543574022746342,0.6878393326567142,33.94425402808504,0.005290863908435259,-0.03436529134373177,0.6878113394158202,0.26664719005962945,True
CYTOR,69784,0.3895893278092086,0.18757680060197904,0.22039061384015704,14.888934091347894,0.001800236686044339,-0.018925717603920922,0.22038737298803435,0.03896418933195666,True
DCN,69784,0.18600393767594078,0.048576725684772,0.04947552688520042,1.8166581682170668,0.0010203812375987572,-0.022023451964308556,0.049474485707331296,0.0033863821747459177,True
DDC,69784,0.35156772255238733,0.17517050157395866,0.19963107242592346,12.252887566408932,0.0018891236995401616,-0.012752879516160298,0.19962750363757098,0.024175601487720043,True
DDIT3,69784,0.30764934462580024,0.09797505806177391,0.10811204309933961,9.376369872365887,0.00012891440362226768,-0.00964337427116342,0.10811202648041617,0.010158694682008007,True
DDR1,69784,0.438003210838341,0.2654108696760672,0.3271571454442184,18.873583116856974,0.002343102413266265,-0.014491683165913661,0.3271516553152977,0.07712087311459352,True
DDR2,69784,0.20712369997061328,0.05373470332588938,0.05601221576837074,4.066099530680301,-0.0006371475481778933,-0.011754898836541117,0.05601180981137236,0.0022594322314368124,True
DDX58,69784,0.2608346578004583,0.07231207153969828,0.07740292648363459,6.577083290271557,-0.0005880600759879337,0.011902918827839672,0.07740258066898253,0.005926970352117349,True
DHRS2,69784,0.26223853687997895,0.08157746475115843,0.0864446018745771,5.630354027751128,0.0012482501398573416,0.02782356169732828,0.08644304374616439,0.009294652564540755,True
DLL1,69784,0.2586941975192896,0.07589420279543303,0.08061641997223364,5.857636916185383,-0.00015990127180812418,-0.019931134045209253,0.08061639440381681,0.00814382606607466,True
DLL4,69784,0.20588274528253767,0.053573755943671315,0.055904024625986606,4.168337964762703,-7.219333041497331e-05,-0.002739965566433966,0.05590401941411028,0.0029549005316094816,True
DMBT1,69784,0.19046212362245013,0.03987714801576655,0.04123695406803725,3.2975424179660484,-0.00010842408877706139,-0.005321822750850189,0.0412369423122545,0.00241217275071813,True
DNMT1,69784,0.3574589021511597,0.15024795997523602,0.17123934307703143,12.258504806545844,0.001272095965844399,0.006280146936535445,0.17123772484888727,0.03144837201631836,True
DNMT3A,69784,0.368572332245173,0.16576740346940658,0.1903607412722053,12.919332861617526,0.001857678301629842,-0.03212586603185928,0.1903572903035342,0.029413937179594587,True
DPP4,69784,0.44088913876074837,0.2501553746650134,0.3091749755144086,19.08938482204058,0.0009367267481506957,-0.020236901682789535,0.30917409805740503,0.07304773918452429,True
DPT,69784,0.2005005743708219,0.047252139022679523,0.04897572924924314,3.519274246621351,0.0010683650974490481,-0.00794943773511092,0.048974587845261486,0.0032738624627496253,True
DST,69784,0.2826957026106449,0.09567823421245154,0.10362788213428008,7.6713407223043095,0.00042313677611652213,-0.009328789622611106,0.10362770308954784,0.01132077590920646,True
DUSP1,69784,0.49523029889421205,0.4881691057382192,0.6431294850083429,24.094740310050234,0.001469092347709244,-0.03525412440851756,0.6431273267760167,0.18910501130185137,True
DUSP2,69784,0.21876291331189562,0.06565628421731008,0.06812668560620763,3.626187545915849,-0.00033362111934900256,-0.028416898957647235,0.06812657430315526,0.0033962451903214444,True
DUSP4,69784,0.2035404674564525,0.05144339929239437,0.05350726773225924,3.8571740388466225,-0.0003230917065392718,-0.0020438838840154674,0.05350716334400997,0.003520046786540029,True
DUSP5,69784,0.18455618779430683,0.041182411100597796,0.042603807124226255,3.3363122208395213,-0.00013715493415163005,0.0011617251292016166,0.04260378831274979,0.0010755928687429335,True
DUSP6,69784,0.49880930108614063,0.28223744957270325,0.3751871006966696,24.77421290640641,-0.002121667842618044,-0.0014003615547281182,0.37518259922223657,0.10603213585590453,True
EFNA1,69784,0.3998067741652625,0.291021849900262,0.34627221182838286,15.95575967138354,0.0033454705599004026,-0.00309612223907917,0.346261019655109,0.05928407711594249,True
EFNA4,69784,0.3180183804274359,0.12680192476925578,0.14086290899821033,9.982034539080253,0.0017013172639864212,0.014665959176707684,0.14086001451777674,0.015328067262016859,True
EFNA5,69784,0.26834192719737515,0.07482823680046578,0.08045599164750213,6.994823793475757,0.0018908665379355372,0.014721617325537707,0.08045241627123756,0.006115417738163776,True
EFNB1,69784,0.3293898824528957,0.1308055543947516,0.14645728813554437,10.686893045778145,0.0013662986487242438,0.003748770296299997,0.14645542136354264,0.019985560427544482,True
EFNB2,69784,0.1932901668324388,0.03855360428994356,0.03976957411701261,3.0575379648053125,-0.0003437726261636799,-0.016772549244944934,0.03976945593739419,0.0014649582474538176,True
EGF,69784,0.2802779900439563,0.07792309888304942,0.08451029790175282,7.794551885690105,0.00029587380589762917,-0.001538348364396375,0.08451021036044455,0.007819424204559186,True
EGFR,69784,0.431217737394038,0.26932180493652996,0.3295594140406644,18.278224361905725,0.002567772329781193,0.025717955934463313,0.32955282058592267,0.07300641244395788,True
EIF5A,69784,0.5397840911509786,0.4072323015004703,0.5738464427710346,29.034621259653527,0.0044924651117677,-0.00714363257989401,0.5738262605282495,0.1852856352696748,True
ELANE,69784,0.21011774355555946,0.05185650386676416,0.054173866128326954,4.277638697731911,-0.0005658510824699379,0.004187285093850112,0.054173545940877685,0.0017378394815649382,True
EMP3,69784,0.383824927702238,0.15615361742809772,0.18235054458527986,14.36624563790685,-0.00022655798507286131,-0.023339354922856388,0.18235049325676336,0.0307788908727464,True
ENG,69784,0.21215111690122937,0.06096001416134975,0.06378116221508362,4.4231681514682375,-0.0002391005030356046,-0.00029131551663398017,0.06378110504603338,0.003674708346219359,True
ENO1,69784,0.6270436836555057,0.6523299255783755,1.071342399945084,39.11097650836807,0.006580708703237786,-0.03739811180024964,1.0712990942180471,0.4445371377240302,True
ENTPD1,69784,0.18343089255031372,0.042137443623453265,0.043528859602743164,3.1965367160737834,-0.0008684609798093352,0.007225800624689416,0.04352810537826977,0.001251070903698642,True
EOMES,69784,0.13194668380921767,0.01891060556570028,0.019231650306845417,1.6693561708059024,-0.0007755625868096792,-0.0036571813045244888,0.01923104880951888,0.00043099437530404823,True
EPCAM,69784,0.329343340194589,0.1278354333837447,0.1418218827595859,9.861982582441675,0.003691087011941854,-0.0322572647635928,0.1418082586362552,0.012821669938908386,True
EPHA2,69784,0.29671934164157365,0.11788658533347764,0.12833128261393553,8.13885520951203,-0.0013148000050230636,-0.016928826002472957,0.128329553914881,0.017167839111143838,True
EPHA3,69784,0.20444643127042672,0.05059637569587036,0.05249047228697525,3.608457894509909,0.00014975516160365627,0.01590463176362487,0.05249044986036744,0.0029194796531748692,True
EPHA4,69784,0.14454114095032253,0.02244149302235561,0.022849097112228905,1.7838958269171368,0.001283480955225249,0.008872821422372897,0.022847449788866877,0.0006532988056205975,True
EPHA7,69784,0.16589226341263846,0.029204072043280703,0.02998878584874681,2.6166908171072256,-0.0004293871545959377,-0.0010768813052392235,0.029988601475419152,0.0005006924715711931,True
EPHB2,69784,0.2531515280923083,0.07418069193368079,0.07903155070752149,6.137876241088414,0.0016022962781215334,0.0062748222842006025,0.07902898335415691,0.003274099183991752,True
EPHB3,69784,0.2306596877389617,0.06004348161632761,0.0633247797508013,5.181696876619868,-0.0005348987939720456,0.0036735476677844207,0.06332449363408256,0.004413435704584781,True
EPHB4,69784,0.2254767490375596,0.057763995268340536,0.060648418272362975,4.7559739993035315,0.0005807136606660359,0.012793232568920941,0.060648081044005986,0.0023473490310115825,True
EPHB6,69784,0.20459431814347745,0.050357075318185694,0.052504734402211255,4.0904103381867785,0.00014002113692205352,0.006531123443495768,0.052504714796292776,0.0024930277703857848,True
EPOR,69784,0.2561983887339527,0.06805290623645581,0.07255202715154256,6.201233916854232,0.0012876810699233247,0.01702443748897993,0.07255036902900326,0.0042111668328255235,True
ERBB2,69784,0.32625666067511405,0.12548346581803055,0.13936852568783423,9.962837592832274,0.0023966165590242525,-0.016339728951981162,0.13936278191690243,0.02142416548393334,True
ERBB3,69784,0.3201535122106899,0.1432440340722504,0.15936978172065963,10.118447471223968,0.0021626267921267934,-0.0062816355761701,0.15936510476601676,0.01952582382814628,True
ESAM,69784,0.2257125337434449,0.0653659693671614,0.068144326627267,4.0771659177183395,0.0003998064714998851,-0.010325591631739123,0.06814416678205212,0.006884352885847299,True
ESR1,69784,0.200039142429471,0.05436459259992247,0.0564319434303936,3.663440783359029,0.001414812939006856,0.012621596877861506,0.05642994173473986,0.0015464842680645678,True
ETS1,69784,0.27740585036595966,0.10207350175131594,0.11054617922350263,7.664378390732618,0.0010275058147233655,0.006117653113960789,0.11054512345530038,0.007951929688800537,True
ETV4,69784,0.25948659558849213,0.0767858791879347,0.08202034756839209,6.381914409826983,0.0005485986692635111,0.012027947208371685,0.08202004660788989,0.0038186554707302714,True
ETV5,69784,0.3180651146151586,0.08574893600543312,0.09535073711014073,10.069980994081318,0.00018407843403144946,0.0018131608884754053,0.09535070322527285,0.01095752671899128,True
EZH2,69784,0.3085794302393555,0.1063744282424133,0.11705650340594832,9.125571713422797,0.0013172365592650204,-0.019574196614210487,0.11705476829379693,0.012318574689768592,True
EZR,69784,0.5451873775094727,0.38841255004714714,0.551824450692728,29.6130228445737,0.004286971498183819,-0.01193826378074846,0.5518060725680943,0.17965452840218774,True
FABP4,69784,0.19674191226022825,0.042439746253254036,0.04408542584559047,3.7329334145493664,-0.0002018288753744824,-0.007163284082394832,0.044085385110695395,0.002008852849734985,True
FABP5,69784,0.30567636743530674,0.11122737964208147,0.12264746576402011,9.311310307798326,0.001136724070648965,-0.0008506038620875607,0.12264617362240351,0.012800535248659156,True
FAM30A,69784,0.20985065986293272,0.05156190457664101,0.05351344043284263,3.6468144085236465,-0.0002300259132447708,0.0015640454153504088,0.05351338752092334,0.004704821506327626,True
FAP,69784,0.20891157133113195,0.050102713307386804,0.05234681709543125,4.2869918603710255,0.0005242370543496455,-0.0026397995752673394,0.0523465422709417,0.002845704256195606,True
FAS,69784,0.19096303589734814,0.040051210233165616,0.041268597447809634,2.949911772949365,-0.001356566723068414,0.012663391777116194,0.041266757174535346,0.0023448883188710488,True
FASLG,69784,0.21788555284474617,0.05352095603738812,0.055773320444812,4.038426239392734,0.00037391260001523553,-0.015083218895046869,0.05577318063418081,0.004092415535503952,True
FASN,69784,0.40895360906185024,0.22610847042950316,0.2680014405824105,15.631621256164562,0.0031583575794698992,-0.026654797094118925,0.26799146535980983,0.06602859826261155,True
FAU,69784,0.5840898496641163,0.4971263189973758,0.7522767009651741,33.917092160429696,0.00451001363729448,-0.00985107571361722,0.7522563607421626,0.29453509743859463,True
FCER1G,69784,0.2037458467665099,0.05424494571134638,0.0564070188227782,3.8329859591139104,-0.0014482693970681712,0.01173513650481887,0.05640492133853337,0.0026181953593256385,True
FCGBP,69784,0.19091740526606102,0.043068578205096596,0.04444750851163051,3.1023793069820726,0.0005590164487613261,0.015543381207524149,0.04444719601223997,0.0019682022241858214,True
FCGR3A,69784,0.25922206896288197,0.10739535584864876,0.1150431430503022,6.647755788721343,-0.00034795801778677665,0.008004599568479515,0.11504302197552085,0.008377686880483577,True
FCRLA,69784,0.2351746941547494,0.06718778827302246,0.07096029727557003,5.316365837501014,0.00011385551548210508,0.0007644734247098097,0.07096028431249173,0.005619450047488163,True
FES,69784,0.3804543008958391,0.19792482821730187,0.2306113691547026,14.173863611847082,0.0017538282614118885,-0.007099000671970276,0.23060829324113286,0.04307847547024755,True
FFAR2,69784,0.22170894566805793,0.06350167627935079,0.06668451058277941,4.772973926947532,-0.0011732758911247307,-0.009799215805640048,0.06668313400646118,0.002763453205017553,True
FFAR3,69784,0.25902589821266464,0.08770362021700473,0.09340151427727604,6.100430067285945,0.0010431278904827995,0.0068826661780634355,0.0934004261614801,0.010466974712368448,True
FFAR4,69784,0.20981321425898217,0.05329403574268645,0.05572146307506157,4.356359647457875,0.0014506246486537147,0.0017404618445507542,0.05571935876318795,0.0029992416746278073,True
FGF1,69784,0.15754933569670168,0.02721758411542486,0.027568620417931667,1.2733183495771794,-4.572843252813052e-05,-0.018124016233717004,0.027568618326842566,0.0005579376963912174,True
FGF12,69784,0.21943591130631251,0.051217936321133,0.05367154191123501,4.571520591228618,-0.00030618690716165283,-0.010476774689896778,0.05367144816081204,0.0031444478906183476,True
FGF13,69784,0.2960142402028076,0.10214191026357505,0.1115251583164938,8.413570708673934,-0.0012318629890622232,-0.0061616323773664855,0.11152364083007069,0.013921589076862258,True
FGF18,69784,0.32526589867353195,0.1464286205156146,0.16323328808088464,10.294877817411285,0.0037362523119421325,0.015434597919665291,0.16321932849954418,0.022460094925729854,True
FGF2,69784,0.20792004190587446,0.04516932259083238,0.04719429334478496,4.2907110382157,-0.0002832435539958948,0.003441958211314424,0.04719421311787386,0.00193206294436262,True
FGF7,69784,0.18534479714998764,0.04173990956891992,0.04322074665205714,3.4262181888214616,0.0006074920428205108,0.0026375019292824487,0.04322037760547527,0.0014552944014710597,True
FGF9,69784,0.20885931336801006,0.04392101015728194,0.04578467329907772,4.070495664830521,0.00116322507124527,-0.008644119158503986,0.04578332020651113,0.0025916939950761885,True
FGFR1,69784,0.2426698365279227,0.05549787135240803,0.05871716963284105,5.482720472671476,-0.00039125821669225665,0.01335997246658496,0.05871701654984882,0.004334921206979982,True
FGFR2,69784,0.22240509279391069,0.056439715073638826,0.05931845628187156,4.853027857895398,0.000685471430024559,-0.005289493987045176,0.05931798641078905,0.003440359462246366,True
FGFR3,69784,0.3853789025754864,0.22304159060357084,0.261078687145625,14.569207834585807,0.0032154980388807482,-0.01369017814178753,0.2610683477179908,0.04768461902450256,True
FGG,69784,0.5255113693104695,0.8441849375933567,1.1662341899636055,27.614458154438005,0.0018602854806161536,-0.002865120073885369,1.1662307293015386,0.32110519701380424,True
FGR,69784,0.21376649017641602,0.05332599839691295,0.05538117145572635,3.7109598890597284,0.00044023018139437446,0.02126097068767166,0.05538097765311451,0.003226599165253271,True
FHIT,69784,0.18667472576017316,0.041866841513442325,0.04322329183037667,3.1382392675169846,0.0012612547550342314,-0.010776925032873936,0.043221701066819544,0.0017087459777768192,True
FKBP11,69784,0.30328842818273316,0.11933476859241146,0.13114259772761488,9.003809090108517,0.001823458933753731,-0.01000673957463731,0.13113927272513365,0.014569490340513571,True
FKBP5,69784,0.5711372381045479,0.671141660115472,0.9905701350931485,32.24693170742917,0.007215622487619637,-0.05355876869845457,0.9905180698852671,0.32984833844212164,True
FLT1,69784,0.2187004068971808,0.06181988529395451,0.06398494574395576,3.3837028770252076,-0.0013724472071575309,-0.031088882536083592,0.06398306213261926,0.002659525220855018,True
FLT3LG,69784,0.19284643948732108,0.0467182070151289,0.04830314125266219,3.2812239461671444,0.0017082678209842926,-0.00413042994305608,0.048300223073712976,0.0031142073301865083,True
FN1,69784,0.5856530529437947,0.8839337308119507,1.3430726082112998,34.18570780107182,0.007528921407966128,-0.030393647038577262,1.343015923553729,0.4756328108401218,True
FOS,69784,0.23255053007896417,0.08442923689626192,0.08820087882681943,4.2761954083961555,-0.0010923604870298977,-0.030226005874941262,0.08819968557538563,0.00661550172794045,True
FOXF1,69784,0.25234761984871773,0.07763526884559156,0.0824354215825504,5.822924957267295,-0.00011922448453287678,-0.01635330301861028,0.08243540736807353,0.007410086156683553,True
FOXP3,69784,0.18100935929366482,0.039846589904982396,0.0411071645848802,3.0665571138941083,-0.000327605783818075,-0.009465515081559375,0.04110705725933026,0.0014742632815459122,True
FPR1,69784,0.24156197003276567,0.07131484460680917,0.07564906813176273,5.729381249487908,0.0004800346935263785,0.008540572030005876,0.07564883769845464,0.004949511521943315,True
FYB1,69784,0.24807421609870056,0.07820518472874581,0.08253860110941778,5.250169402468252,8.475291177034242e-05,-0.027165063991792485,0.08253859392636152,0.005350862511593288,True
FYN,69784,0.21044003676497947,0.04929781490045885,0.05095263881982467,3.2477688255116655,-3.46048740313699e-05,-0.024303280117484696,0.050952637622327844,0.001931229758613022,True
FZD1,69784,0.24346716224109066,0.06335731906574195,0.0672459620569489,5.782715976185681,0.0004821656689058063,-0.003756939489740883,0.06724572957321616,0.005193013329974233,True
FZD3,69784,0.17545090288901813,0.03797555342029012,0.039020970945977784,2.6791171525049395,-0.00016775609626230073,0.008615100138204025,0.039020942803870154,0.0018945836732540179,True
FZD4,69784,0.3099438697180432,0.11571373525341636,0.12786690042191046,9.504543496709028,0.0011849943789732807,-0.005991049153742765,0.1278654962102312,0.014348274529191211,True
FZD5,69784,0.31847197494186824,0.1492490339953221,0.16596839530947882,10.073822358154615,0.0005437022389590596,-0.0073213580061512774,0.16596809969735618,0.018761890972828148,True
FZD6,69784,0.2908974894537497,0.09696217931792389,0.10571757234685573,8.28187105943532,0.0014249784597546412,-0.011751839964211015,0.10571554178324882,0.009784806985826604,True
FZD7,69784,0.2973475186433399,0.09981459677870753,0.10875863817524228,8.223752656890804,0.0005503961666743717,-0.02486670300696324,0.10875833523930314,0.010645194123370023,True
FZD8,69784,0.32566606562971273,0.12828607864662595,0.14344078131355179,10.56512836039194,0.00040826867447183124,0.0009387949303760493,0.14344061463024282,0.017154271110820414,True
G0S2,69784,0.35245375716365007,0.15039217245459716,0.16852626753934463,10.760396791268079,-0.0018616152779301358,-0.010356009866956676,0.16852280192790306,0.03879073780873808,True
G6PD,69784,0.4927880092776805,0.41272400170591006,0.5444142095689529,24.189340680014638,0.002310609969358614,0.025010632608881492,0.5444088706505271,0.13073550528249617,True
GADD45B,69784,0.3631080010173716,0.18782389441887262,0.2161521559732391,13.105703908812128,-8.253284182199218e-05,-0.00289637157653201,0.2161521491615689,0.032971736270988816,True
GAS6,69784,0.2676293118120167,0.07392641734345508,0.07949075360118121,6.999979249968325,0.0011474694934963264,-0.009962886106369672,0.07948943691494534,0.006099943831492375,True
GATA3,69784,0.21115442873452492,0.055172353209336805,0.05772292491704226,4.418645990949122,0.001268678013917354,-0.0034732763492611707,0.05772131537314022,0.0024277819272509877,True
GC,69784,0.6292213025636121,0.958213871441045,1.5758605387745894,39.19424670750591,0.007249922993398389,-0.07204516466168248,1.5758079773911757,0.6291927105130629,True
GCG,69784,0.20921403284966422,0.0459529194441327,0.04805247450542071,4.36929644705637,0.0008773331326575273,0.002517392870019123,0.04805170479199303,0.0022271369692549495,True
GDF15,69784,0.2760354593909875,0.08652685848410412,0.09320043229953467,7.160453713328829,-0.0006658560600143281,0.01862114111467789,0.09319998893524377,0.008422435959313058,True
GLUD1,69784,0.3954953827970545,0.18813925691393915,0.2202242838037171,14.569250191488825,0.0011829055224784563,-0.044281427566838415,0.22022288453824743,0.041127401189767085,True
GLUL,69784,0.5599742411782447,0.7748221871570976,1.121221841963443,30.894836493707878,0.007545847838412905,0.059187405760935216,1.1211649021438475,0.41406668791103,True
GNLY,69784,0.15107655050099664,0.028725611397878915,0.029010127976472167,0.9807491329372975,0.0006630099403616295,0.017984731192156055,0.029009688394291137,0.0011946399601833854,True
GPBAR1,69784,0.23073945460677842,0.06644566875469528,0.07002751728200807,5.11491577359271,-0.0005314311013266292,0.009258867120836303,0.07002723486299375,0.004650285951287941,True
GPER1,69784,0.27547918469012855,0.09723883441487478,0.10514685651643925,7.520930595132047,3.4484746231202425e-05,-0.008237765601709466,0.10514685532724105,0.007672235014522795,True
GPNMB,69784,0.2435515868998778,0.08648581035557322,0.09150148984262205,5.481527673129182,0.0018483884968901328,-0.018243266289249667,0.09149807330258818,0.004939512229394878,True
GPR183,69784,0.13296971949657882,0.02799121179331821,0.02714994934640592,-3.098578329479107,-0.0005206955257501266,-0.03686743134999289,0.027149678222575968,0.0005108828987566197,True
GPX1,69784,0.6067864482131939,0.422528758169081,0.666716958858937,36.62546714092524,0.0002024663004959708,-0.0280015819315952,0.6667169178663364,0.2680137080567803,True
GPX3,69784,0.5691682682677385,0.4842405488815802,0.7147262552924116,32.24810963695942,0.005447999300601954,-0.009452621371347938,0.7146965745960406,0.260429495162238,True
GSK3B,69784,0.36390912970678135,0.14932304045034678,0.17206460134027385,13.216873611878787,0.000825095349060318,0.004997098806129891,0.17206392055793635,0.02121373555458248,True
GSN,69784,0.4305144471298856,0.21438531279976722,0.2629264330357889,18.461863904499232,-0.0010515570868616815,-0.01193369178070298,0.2629253272634825,0.05257251617414906,True
GSTP1,69784,0.4933028711512236,0.3232856506928345,0.42604582293370125,24.11951173075053,0.004272250926234601,-0.024955661890818596,0.4260275708057279,0.10938733513009087,True
GZMA,69784,0.16664403499215355,0.03482762640430973,0.03579129634125346,2.6924700568417004,-0.00013283282180151152,0.005124815264234161,0.03579127869669498,0.0008941770157374217,True
GZMB,69784,0.19570282979507067,0.04457470210299388,0.046188685412258276,3.4943261425579575,0.0005719880145852424,-0.006550854556773904,0.04618835824196829,0.0027339369738892776,True
GZMH,69784,0.19486755408207074,0.04868260478113269,0.05056264151799022,3.718232830435908,1.1104163541325622e-05,-0.0059915193125644715,0.05056264139468789,0.0017494845359652504,True
GZMK,69784,0.1883749092182033,0.04400568183780948,0.04561681958679902,3.5318940767536167,0.0011405720922442104,-0.0013037260289102278,0.045615518682102604,0.0017576133461675893,True
H2AZ1,69784,0.5477900952788797,0.6556966224797773,0.9341648605924262,29.809324869707755,0.003806532444478287,-0.02124915607104888,0.9341503709031898,0.3187243866780651,True
H4C3,69784,0.51213184046771,0.6891809252523998,0.9319760209671227,26.051646206816727,0.005613636131507602,-0.0323294388668623,0.9319445080564971,0.25952830217393397,True
HAVCR2,69784,0.1528890677938944,0.027836285824468957,0.02836481777927963,1.8633363306735706,7.316087858708069e-05,-0.010839416864925443,0.02836481242676512,0.0008806643169053846,True
HBA1,69784,0.2778486674704165,0.10372392859540698,0.11102525539287197,6.57627561551527,0.00140293200813028,-0.03121048776041787,0.11102328717465133,0.011449321793472226,True
HBB,69784,0.24282823943976253,0.0718909669325123,0.07563382536122043,4.948656782640004,-0.0002242816620879281,-0.017487540957924968,0.07563377505895708,0.007612585635462159,True
HCAR2,69784,0.23664357895982532,0.07995762664861729,0.08422070509957733,5.061793826018968,0.0007022526829445716,0.0076157861357670316,0.0842202119407465,0.007889746110513888,True
HCK,69784,0.18211896513033354,0.04256048486224085,0.04373462339320049,2.6846887885678905,-0.0002184178095956222,-0.016802363518113445,0.043734575686860316,0.0013605770506819126,True
HCST,69784,0.22318418309183724,0.07040942665381304,0.0734638837053224,4.1577669154565395,-0.0011910615363116112,0.023228843304856632,0.07346246507773849,0.004049450781241742,True
HDAC1,69784,0.40489964682779467,0.20295787088930253,0.2425322546610657,16.317163186013182,0.0006945396277160528,0.013318352901189837,0.24253177227577097,0.04191141571485691,True
HDAC11,69784,0.26992906100881503,0.08364669873924754,0.08991399633415219,6.970324810848306,0.0013326776293911928,0.00430863538599246,0.0899122203044877,0.00952105607680615,True
HDAC3,69784,0.34481508919225223,0.1483724150855893,0.16754933943741024,11.44553861937766,0.0005455539860433496,-0.001991691286552317,0.16754904180825947,0.028328291203126413,True
HDAC4,69784,0.3326712959417836,0.12931232700119813,0.14505040877807257,10.850077507160783,0.002729173885919107,-0.015080707174275596,0.1450429603879752,0.015542526906723557,True
HDAC5,69784,0.3079203632008725,0.10044164759908478,0.11078864847823201,9.339405274160594,0.0009231423581396783,-0.0114916664552584,0.1107877962864182,0.010921591743406829,True
HEXB,69784,0.3330521165366696,0.11014257904678562,0.12348417827628105,10.804298506684162,0.0015162017982644006,-0.0065464533997882084,0.12348187940838531,0.01799481557955243,True
HEY1,69784,0.25227573399724157,0.07174103173800521,0.07656424634741298,6.299565188067369,0.0002659797004584078,0.003398595543250601,0.07656417560221085,0.005793585566990017,True
HGF,69784,0.16985470255754653,0.03562118603267575,0.03641744602965051,2.186479514039674,0.0010486590543299125,0.016244826133609686,0.036416346343837856,0.0013963913314583528,True
HIF1A,69784,0.4711360767586589,0.31373455124662375,0.40303376682493347,22.156757802652994,0.00021839233622028374,-0.00668015700705592,0.4030337191297233,0.09597125797734712,True
HILPDA,69784,0.33192345094319026,0.13222776734466832,0.1479760204373938,10.642435879932533,-0.0010554532305979475,0.014274212321122184,0.14797490645587127,0.021196899895254775,True
HLA.A,69784,0.6625070910375536,0.6725896784978116,1.179400066856839,42.971880585839095,0.007452064868681766,-0.0873945361427222,1.1793445335860304,0.5819392456328307,True
HLA.DPA1,69784,0.5160575084976066,0.5659470181226235,0.7705797046939602,26.555680784845958,0.0023724608716709644,-0.0068496317410728196,0.7705740761233756,0.2260512447426821,True
HLA.DPB1,69784,0.41464662597235413,0.28798587398658404,0.3474511065729156,17.11470519488828,0.002989942327724279,-0.010032981799721225,0.34744216681779433,0.0649847204640055,True
HLA.DQA1,69784,0.3510146200026641,0.25814911230722726,0.2944107690101313,12.316688287192424,0.0002995517545168408,0.003338880037884507,0.29441067927887904,0.03703157451065701,True
HLA.DQB1,69784,0.5249389271257491,0.49342898558001436,0.6777368925083066,27.194610322328483,0.005142595958693659,-0.029198184636785363,0.6777104462151142,0.21907946481733162,True
HLA.DRA,69784,0.5181734634668121,0.6006525538719064,0.8159918543417556,26.3898835906345,0.0031067538087961016,-0.05683287723849599,0.8159822024225181,0.23153876632137288,True
HLA.DRB1,69784,0.5607904853469868,0.6765269618857842,0.9840655041078984,31.2518364822586,0.008259110231301414,-0.02987246569248456,0.9839972912060939,0.33557133114300625,True
HMGB2,69784,0.3935158896855929,0.2744087646770021,0.32383620335201796,15.263098493434036,-0.002766927774894351,0.0037069702519064757,0.3238285474627051,0.06255031076446874,True
HMGCS1,69784,0.38902013771986316,0.1959040375859011,0.22975157213147504,14.732231963228848,0.0012967325153392375,-0.015764481393771127,0.22974989061626244,0.044782375678392626,True
HMGN2,69784,0.6104584940039703,0.7811916966751928,1.234413150088616,36.715539961712764,0.005385633901395369,-0.0758966420962435,1.2343841450360995,0.47967102868512757,True
HPGDS,69784,0.2219285223280075,0.057669863082181895,0.06043639826911321,4.577597716217962,0.00032356714078808245,-0.012595304240685935,0.06043629357341878,0.0037379144882727353,True
HSD17B2,69784,0.4132451508650751,0.22216716069222883,0.2675724917160666,16.969356876946616,-0.00110967825851787,-0.007149131522834706,0.2675712603302255,0.052746489046457075,True
HSP90AA1,69784,0.6180167683585197,0.6186275343976931,0.9968505488568782,37.941797282742726,0.0035261746366668134,-0.042138165554849456,0.9968381149493122,0.4071012344299,True
HSP90AB1,69784,0.618228234481037,0.6071878622815698,0.979113584627378,37.98596283263215,0.0030343259274385162,-0.04494762080461781,0.9791043774935358,0.37540182253654075,True
HSP90B1,69784,0.5849057459098995,0.6112421452433476,0.9231322317877191,33.7860683231016,0.004677231170627402,-0.05080945409705891,0.9231103552962994,0.34968378776107056,True
HSPA1A,69784,0.4896922790839713,0.41540486692944206,0.53935795414027,22.981599929940334,0.0014688398549808324,-0.05713251532669825,0.5393557966497416,0.1630640926401532,True
HSPB1,69784,0.5701282189672685,0.508722657648149,0.7477205872878155,31.963534735157772,0.0060131730697344414,-0.05345847369755958,0.7476844290374499,0.2663349910354337,True
HSPG2,69784,0.4023262622654567,0.2599245475768073,0.3065283796847844,15.203757693138154,0.00424119063976447,-0.04928550864486031,0.3065103919867432,0.05546037806885729,True
HTT,69784,0.24963766733406434,0.0629024695680061,0.06692669548850641,6.012886025713615,0.00016978783865020347,-0.009634729384485332,0.06692666666059649,0.005138926721524146,True
IAPP,69784,0.18063711346206712,0.03542996035104043,0.03656321074839506,3.099428015643768,0.0003471977108813823,-0.006719151079171256,0.036563090202143426,0.0014212832471574076,True
ICA1,69784,0.24965751865105737,0.07125225008048389,0.07585557411564929,6.068537597707968,0.0006967564997997057,0.01063321969370257,0.0758550886460275,0.005460819591624033,True
ICAM1,69784,0.2293101806198764,0.06148031644658987,0.06470116594696354,4.97803934942046,-0.0009391380722309818,-0.010519855495940632,0.0647002839666436,0.0023834578259491856,True
ICAM2,69784,0.23396541032784637,0.06310198419095212,0.0667158843294376,5.416851136440526,0.0022287278727703133,-0.0031482257486062553,0.06671091710150633,0.0041162152612579175,True
ICAM3,69784,0.24070224176782487,0.0680800335186958,0.07178621918611904,5.162809393560974,0.0012186507198066595,-0.017677656984881076,0.07178473407654276,0.005528326195776549,True
ICOS,69784,0.19802340209820674,0.04685578780859591,0.04872665000140858,3.839505060903192,0.0002459044305915804,0.00396969919112705,0.048726589532420664,0.002383082493593068,True
ICOSLG,69784,0.2755035451864476,0.08945867000723033,0.09663120444059342,7.422586187231673,-0.0003173322008247292,-0.002112235954185839,0.096631103740868,0.009652212604709328,True
IDO1,69784,0.14665923892605034,0.023360478418930748,0.0238189121039202,1.924662566406632,-0.00029307376359746665,-0.00759312329736379,0.023818826211688748,0.0005502988958556127,True
IER3,69784,0.31518963888803736,0.12281567774301896,0.1359970507659471,9.692396231160528,-0.00012219600549438986,0.011326410734827843,0.13599703583408604,0.016980903118889355,True
IFI27,69784,0.6007619058837675,0.6551245372111433,1.0247155231276173,36.06766732569986,0.005092948907265611,0.013877896985348097,1.024689584999044,0.38648421717109993,True
IFI44L,69784,0.30972099833498434,0.09129550703278991,0.10025523602721205,8.93691875802899,0.00019183897582110936,0.016105836710748375,0.10025519922501876,0.013964872398700486,True
IFI6,69784,0.6407803199010584,0.7367994935443603,1.2495999974290857,41.037172290313386,0.004299382515491647,0.01885707252902064,1.249581512739067,0.5262514437809718,True
IFIH1,69784,0.31275288570374304,0.10621529359836829,0.11770886825808986,9.764408433968319,0.0013555936817693476,0.0013065118223780415,0.11770703062385944,0.010535470585280645,True
IFIT1,69784,0.25227128482150174,0.04745580854596858,0.050649148156165155,6.304823923890357,-0.00019828102834438166,-0.0056227365133645546,0.05064910884079737,0.003134216909422762,True
IFIT3,69784,0.26658193908043565,0.07181513026049974,0.07699401240395919,6.726344012684726,-0.0012302418738760752,0.01524191156922161,0.0769924989088914,0.004787317043250539,True
IFITM1,69784,0.3884260809663597,0.1333551362961859,0.15677428808303678,14.938133078586668,-0.0016694549632570578,0.010939148669873394,0.1567715010031655,0.02102203172869454,True
IFITM3,69784,0.6121428446673006,0.5988100651205948,0.953832324193832,37.22061520333754,0.009734497466138473,-0.03412108930744078,0.9537375637529115,0.3855101585273158,True
IFNA1,69784,0.2237884340811416,0.0575771597476362,0.06037007438394317,4.626322999942856,0.0012780087416521607,-0.013692788198212806,0.0603684410775983,0.0033407645104409156,True
IFNAR1,69784,0.3362416938938427,0.1251175173696296,0.1405180370288491,10.959816963609958,-0.0004978337048951276,-0.007040132087289744,0.1405177891904543,0.021640072205861404,True
IFNAR2,69784,0.33246405493503645,0.12891074645685469,0.14466547627538665,10.89045584624564,0.0010474696183141786,0.0022842676146129417,0.14466437908278645,0.020101399948323377,True
IFNG,69784,0.16239537022697745,0.03258279455568158,0.03334765030334202,2.293582128584881,-0.00037031314449683116,0.010215164892873854,0.033347513171516394,0.0007850636189731232,True
IFNGR1,69784,0.3820267352448919,0.1642380316856081,0.19172799119364858,14.338000068166966,0.001303695010305968,0.0025466632058829663,0.19172629157296892,0.035890524052813504,True
IFNGR2,69784,0.320906421768232,0.12386864728375171,0.13787372827471395,10.157904022916576,-6.44411375376933e-07,0.006287308780369257,0.13787372827429453,0.017307063392033,True
IFNL3,69784,0.2361397041440032,0.06869111467704808,0.07170348095454296,4.201143706544153,0.0014470942798033774,-0.02649660702224338,0.07170138687268753,0.0060251631850284215,True
IGF1,69784,0.2884363672922031,0.1062243474632355,0.1157260930495667,8.210547281036696,-0.0006923809456234882,0.003032891401150051,0.11572561365819332,0.011823989205073559,True
IGF1R,69784,0.1469500823226716,0.025488380252868845,0.025994000160138975,1.9451408177086904,0.00029712913093026536,-0.006979906997074027,0.02599391187441916,0.00048438381880490014,True
IGF2,69784,0.19226780220833234,0.046617886913202594,0.047727520118227756,2.3249337117797975,-0.000849859442877466,-0.021876099136103815,0.04772679785715437,0.003204517275746801,True
IGF2R,69784,0.4220166023444912,0.21183601846098665,0.25717251379382067,17.62882613854333,0.0033359902499944644,-0.008127436845992526,0.2571613849628742,0.054071887782789936,True
IGFBP3,69784,0.30994904178129484,0.1466025508906173,0.1617528867207472,9.366346491414202,0.0011798029533376746,-0.01360593273902768,0.16175149478573914,0.018977202348975868,True
IGFBP5,69784,0.3038255532811537,0.10877847653807791,0.11823189004294132,7.995654557691633,-0.0012028206357179152,-0.039010802277156816,0.11823044326545858,0.012136285415246037,True
IGFBP6,69784,0.253926804523761,0.07466548631689236,0.0795096243140963,6.092517778813267,-0.0004848846660699099,-0.014159317869024897,0.07950938920095547,0.00662391576395655,True
IGFBP7,69784,0.3148484546020893,0.17604205993560626,0.19470398324371266,9.58476708961168,0.0010696821727023463,-0.020911693469114423,0.19470283902375804,0.02293743647716919,True
IGHA1,69784,0.22461370164756464,0.06634558513721454,0.06914921192268626,4.054459490596029,0.001009211878594518,-0.017733944692223697,0.0691481934140696,0.005984478385895554,True
IGHD,69784,0.251499391062746,0.07594719088100876,0.08108177880481443,6.33260394566083,0.0027991855419018286,0.0017561029145849848,0.08107394336511663,0.005199074044287537,True
IGHG1,69784,0.2724421011452334,0.1033320037931455,0.11066272829215978,6.624384390434058,-0.0007120040632382071,-0.02985125934967463,0.11066222134237347,0.009313960246328789,True
IGHG2,69784,0.2496432214342367,0.07694015601411645,0.08135470796835952,5.426301764809926,0.000987580895704044,-0.02425086506941267,0.08135373265233656,0.004459984301785453,True
IGHM,69784,0.2546646952603204,0.08977619563843106,0.09570505324074968,6.194926392658029,0.0012971600550728136,-0.001533218986115842,0.09570337061654377,0.009074919423614321,True
IGKC,69784,0.27535154699896347,0.09959637605707737,0.10702249135720557,6.938836132437132,-0.00011615631229612623,-0.0004264176106396441,0.10702247786491313,0.013528164718236948,True
IKZF3,69784,0.17878435670051288,0.04882606627169312,0.0503358664847455,2.9994521173285715,-0.0008519056825295892,-0.010459512113124281,0.05033514074145362,0.001396377903882671,True
IL10,69784,0.24424737846341588,0.07069681028338602,0.07487222017186575,5.576714406084482,0.0008562475708307414,0.01771941674523253,0.07487148701196392,0.00410689552195379,True
IL10RA,69784,0.1374068035825579,0.027004185873379234,0.02717864800696716,0.6419088011412666,-0.000703905340583909,-0.019111074317405972,0.027178152524239732,0.0004866835171447314,True
IL10RB,69784,0.3099818962220517,0.11690083904429593,0.12789588717400655,8.596873889112233,0.002553811845599505,-0.031329211608206085,0.12788936521906408,0.009706143731600472,True
IL11,69784,0.22528918465384276,0.06407720674352625,0.06736358409870956,4.8785666605382865,0.0005700268602133426,0.002873727949773112,0.0673632591680864,0.0022253004191528014,True
IL11RA,69784,0.23707873463921045,0.07792361762257442,0.08247909463061291,5.523189880345358,0.0004620487868673113,0.004965383542142573,0.08247888114153129,0.005753483093454002,True
IL12A,69784,0.16203404472064967,0.03358297705862952,0.034112429771150775,1.5520815024704704,-0.00010980649391206514,-0.019201421292022958,0.034112417713685,0.0009751754221696863,True
IL12B,69784,0.2194879934804613,0.058054930817145384,0.060827808970952905,4.558569839547655,-0.00010957917753510091,-0.008823593440466163,0.060827796963356405,0.003989817257036399,True
IL12RB1,69784,0.1760882499940161,0.0420219810522215,0.04303721114133548,2.358958822354762,0.00020314337553100468,0.015976583547948373,0.04303716987410346,0.0007916226584073915,True
IL12RB2,69784,0.17406834745785352,0.04165528294599399,0.042927066215556066,2.9626605814985663,0.0007479795177147829,0.0012814420820952677,0.04292650674219694,0.0009403493044001616,True
IL13RA1,69784,0.4025461367906303,0.22238870553180506,0.26462524439985075,15.960887996092287,0.0020859548443024904,-0.023329504793863236,0.26462089319224125,0.04230605810101581,True
IL15,69784,0.18773620674804745,0.04065588701823865,0.04124626706863298,1.4313538954008775,0.0013598725926244183,-0.027580387316042884,0.04124441781516516,0.0010807430917521806,True
IL15RA,69784,0.32391441348401045,0.12164235581574336,0.13584286902877538,10.453631695620292,-0.0010904778782878325,-0.0040516188074874145,0.13584167988676996,0.015889696394957124,True
IL16,69784,0.190816511175861,0.049560077119914704,0.05126806661240388,3.3314880106595224,0.0005105835196964513,0.00956811472090728,0.05126780591687449,0.002701613971673055,True
IL17A,69784,0.19503531040084507,0.04608754971688799,0.047339383359346135,2.6443809649053907,0.0005836526747008441,-0.022830426048854807,0.04733904270890113,0.001716560103312976,True
IL17B,69784,0.19232842805888767,0.04611929505231974,0.04773981895812269,3.394491100237451,-0.0007450098431699391,0.00801581597343032,0.047739263918457266,0.001136086952326221,True
IL17D,69784,0.23581760796200665,0.06304444579958045,0.06670009177181134,5.480721053184279,0.0011855048941779092,-0.0013011817039548092,0.06669868634995742,0.004607695088337418,True
IL17RA,69784,0.3173323290034027,0.1225071473515462,0.13604675196804414,9.952170427176565,0.00041047335704518445,0.012394339580492004,0.13604658347966592,0.014676618620216806,True
IL17RB,69784,0.2875130024470403,0.08589825137240824,0.09294175814623261,7.578409225638138,0.0011038194342919833,-0.0073291938336481535,0.0929405397288865,0.012435350898873957,True
IL17RE,69784,0.20248722749310544,0.04519136915602642,0.04710952191059247,4.071688008650232,-0.0005181564655952274,-0.004133777109716354,0.04710925342446999,0.001998648799635704,True
IL18,69784,0.2000655770560692,0.04351484000273647,0.045239105878451286,3.811449944098333,0.0005313217856445185,-7.924210887860484e-06,0.04523882357560961,0.0026885746511143365,True
IL18R1,69784,0.1977938306349595,0.04672418228682133,0.04810888355595592,2.8782652324991664,7.286790946707135e-05,0.02124030815756427,0.04810887824622372,0.002541222943587038,True
IL1A,69784,0.23349387138460612,0.07205633277926776,0.07521611091691077,4.2009326181907225,-0.00018326077872045295,-0.02969784859339561,0.07521607733239928,0.003099996068363171,True
IL1B,69784,0.22484528578487356,0.05727526505635529,0.060206711896874786,4.868970166549924,0.00011585453986629603,0.0015413505602947224,0.06020669847460153,0.001995196820728046,True
IL1R1,69784,0.2982865987743946,0.10424924372459372,0.11406242763649256,8.6033447781531,-0.0001158233794763686,0.002720848814604387,0.11406241422143733,0.014122222941117969,True
IL1R2,69784,0.18642692770138544,0.04438489278468597,0.04574443033073932,2.9720285862643414,0.00016281670596820832,-0.012628249236692219,0.04574440382146083,0.0010051681187548216,True
IL1RAP,69784,0.29792134316147656,0.14078320557941826,0.1542279896220544,8.717473446670388,-0.00044485120328894233,-0.0025252011561013085,0.1542277917294602,0.01755306243784831,True
IL1RL1,69784,0.14486326661812574,0.02520141189887683,0.025584669349734544,1.4979964978976468,-0.00036360530523730844,-0.010962091076474017,0.02558453714091621,0.0008766995739963203,True
IL1RN,69784,0.24611106430198978,0.10096809283643896,0.10622178471506538,4.945964608596243,0.0013735494392222664,-0.03173844866390755,0.10621989807700385,0.008003630751375574,True
IL2,69784,0.15245904031498608,0.0270717783371356,0.027360615369271493,1.0556671633207726,0.0003703284256393437,-0.018066849939920537,0.0273604782261288,0.0007798515816965658,True
IL20,69784,0.20127182552472808,0.05418362067623728,0.05630480168614275,3.7673181440713854,0.00034111629538199613,0.012873621755769124,0.05630468532581593,0.002443378414627396,True
IL20RA,69784,0.1644087274854964,0.02986170476507258,0.030544798402700874,2.236366495605646,0.0003040139090406892,0.009438803102982061,0.030544705978244123,0.0013269229139111609,True
IL22RA1,69784,0.14094937460154094,0.022133293502711086,0.022354863369046487,0.9911483809030952,0.0002964659268682421,-0.012692151240711314,0.022354775477001047,0.0008075698304371516,True
IL23A,69784,0.18732922784610373,0.04167602136225014,0.04136716388385484,-0.7466247366207268,0.0003229907696641094,-0.04157305396290947,0.04136705956081824,0.0016331972318619915,True
IL24,69784,0.2320930195185689,0.06803269590020651,0.07167912811437577,5.087160391168222,0.0009424803304700257,-0.0026667495381801224,0.07167823984520089,0.005832255551814603,True
IL27RA,69784,0.22881698480968374,0.06377384156380192,0.0670390413763355,4.870594426020802,0.0021349641587446416,0.011927777130198821,0.06703448330437482,0.002196397511348407,True
IL2RA,69784,0.1757653425409571,0.04012498913326744,0.04091360699989754,1.9275197775451058,0.0003332569143549846,-0.018894291159844322,0.0409134959397255,0.0021009273892820973,True
IL2RB,69784,0.1682406937088,0.03878624031462339,0.03957959546889821,2.004454934104216,0.0008591442267176318,0.0177264607367433,0.03957885734009611,0.0007236858208730928,True
IL2RG,69784,0.5167892341869,0.4965229005535546,0.6744897505734054,26.385404651227915,0.007512681053381891,-0.03875220068399972,0.6744333101968045,0.18733490196112607,True
IL32,69784,0.6032706947456394,0.7684255570975621,1.2049214245718547,36.22608566607509,0.008766872370755465,-0.023943693879159525,1.2048445665206824,0.48129463623288876,True
IL33,69784,0.21441601911633162,0.04994786802373775,0.05208282291154077,4.099153556690083,0.0006886555733284955,-0.012551650606117891,0.052082348665042744,0.0033795775578528134,True
IL34,69784,0.35366436211439894,0.15291812224214904,0.17431016074500222,12.272399045140869,0.0003609579702651133,-0.01755229777292396,0.1743100304543475,0.02468806447381477,True
IL36G,69784,0.18916640923647243,0.042146746261470726,0.043607223527187385,3.3491636192020113,-0.0007831073123425721,0.004251668031460778,0.04360661027012419,0.002320740306253168,True
IL3RA,69784,0.18380001857421782,0.036868427439403315,0.03796299078677039,2.8832379237847316,-0.0002661384679492387,0.008630466439171765,0.03796291995708603,0.0021385344160512287,True
IL4R,69784,0.24670794608610871,0.08470392783333633,0.08941707181888245,5.270966594715554,-0.0008329438970430747,-0.0016736033724829773,0.08941637802334855,0.010155574819048399,True
IL6,69784,0.22658187952970751,0.05424667864106399,0.05678851439802263,4.47596804371967,0.0009202235305190059,0.018795202266999083,0.05678766758667818,0.0021699584284481923,True
IL6R,69784,0.4645794762650888,0.37520146952030103,0.4770195554087493,21.34463560958254,0.0032008048003896255,-0.016766231524826158,0.47700931025738097,0.12125838402380369,True
IL6ST,69784,0.46174678970627986,0.3534806263170981,0.4477659809726272,21.056837424478868,0.003110696725947901,-0.024446772784240237,0.4477563045385122,0.10872734373447698,True
IL7,69784,0.17666940460534383,0.037917619231712246,0.038803414382583494,2.282776309676582,0.0012672614928338796,0.01573113857609501,0.03880180843089112,0.00208385395735987,True
IL7R,69784,0.16788886322305036,0.034814922733884715,0.03531351467182409,1.4119012014887078,0.000436843723395228,-0.020633436126953068,0.035313323839385874,0.0015077698187775095,True
INHA,69784,0.368524119249719,0.16091698497968526,0.18583178064095562,13.407176950754241,-0.0002782843339939286,-0.016551829147210043,0.18583170319878828,0.0277212769381994,True
INHBA,69784,0.22051922309912753,0.05422207017290312,0.056938625267184295,4.7710233282481695,0.0014796409849686032,0.008745031663187077,0.05693643592973824,0.002637441990695107,True
INHBB,69784,0.23517988474031465,0.05830191285755739,0.06134632324954569,4.962661543062974,-8.551928775358758e-05,0.014002506340119639,0.06134631593599776,0.004970801493721654,True
INS,69784,0.17845773131150724,0.03776018036053143,0.03889851054183189,2.9264107171309117,0.000224082373790712,-0.009785729635434908,0.038898460328921386,0.0011987424409194384,True
INSIG1,69784,0.26292367770949626,0.08915114552227256,0.09204118262127806,3.1399391193148274,4.3251139249438663e-05,-0.04785073931560849,0.09204118075061761,0.013018964001653425,True
INSR,69784,0.33602535228466557,0.15375757876574903,0.17119898197994038,10.187796102803336,0.0034324840037040067,-0.034074018989382907,0.17118720003350055,0.025995518399628062,True
IRF3,69784,0.4025628747777445,0.21566773856182675,0.25714083481858135,16.128553166600234,0.0006910370950863939,0.004262980705733659,0.2571403572863105,0.04742517503217878,True
IRF4,69784,0.2076218508156445,0.05416299443221541,0.05654890221742941,4.219193815717648,0.0006465681198743947,0.005285587801309636,0.05654848416709619,0.003014611440375531,True
ISG15,69784,0.49409106009493314,0.2687372648626955,0.3537217746516253,24.0258066873688,0.00014933829978287775,0.03573595963778393,0.35372175234970327,0.08052540945039659,True
ITGA1,69784,0.34087715500502946,0.12882267330071853,0.14565606146086388,11.556943110581274,0.0007567685300311979,-0.0017024258280010232,0.14565548876225842,0.019422197573754817,True
ITGA2,69784,0.20110516003755607,0.04348254054044591,0.04506923093827954,3.520562398782734,-0.00012299793583529813,-0.015402545116912632,0.04506921580978719,0.0019632311846152577,True
ITGA3,69784,0.2580109698535502,0.07844088478849628,0.08355659777154273,6.122452468725015,4.9461682041918866e-05,-0.012952739162533167,0.0835565953250852,0.00832498992223023,True
ITGA5,69784,0.37577684730001826,0.1890215877249069,0.22004983097147313,14.100553092716838,0.0005524953446960307,-0.000279044606705742,0.22004952572036593,0.028773745812792798,True
ITGA6,69784,0.30477654762077333,0.1053150205618774,0.11602024314864043,9.227029952909094,-0.000575076888597136,-0.005044373794064492,0.1160199124352111,0.012327334860594478,True
ITGA8,69784,0.13646789312247845,0.022277975897869864,0.022627132204576208,1.5430868726516445,0.00035411352382454594,-0.0021748649300459143,0.022627006808188604,0.0008208162198688419,True
ITGA9,69784,0.17967763270677573,0.035637873294095956,0.03663766541495337,2.728864160786171,-0.0007014943227628003,-0.005684784760440141,0.036637173320669125,0.0022078688329114095,True
ITGAE,69784,0.12974787730972154,0.0241755749369623,0.02452951500532956,1.4429150690111858,-0.0008954091529700032,0.006816798618529259,0.024528713247778784,0.0003905240039400416,True
ITGAL,69784,0.17515199632085182,0.04250640648351121,0.0433940391694784,2.045517547929765,9.600494521800618e-05,-0.0029271979530577984,0.0433940299525288,0.003286810119033394,True
ITGAM,69784,0.3094985013819007,0.10232149538220721,0.11303998807628826,9.482036292190132,0.0005801253180485805,0.004340437680907621,0.11303965153090174,0.01295955581073823,True
ITGAV,69784,0.4792130371455408,0.335515683746493,0.4349284478983216,22.85726873747047,0.0044564730375125415,0.0023479492945279105,0.434908587746386,0.11416052626626923,True
ITGAX,69784,0.23820548008665324,0.06983145066960515,0.0740105820929337,5.6466674158580314,-0.001088047510086226,0.0035375005071629343,0.07400939824555122,0.004237736341144837,True
ITGB1,69784,0.4944360530551708,0.32490582134721746,0.4294522984809928,24.344141946280086,0.0027303110757313314,0.007755123706021813,0.42944484388242554,0.11869959809900324,True
ITGB2,69784,0.2506013411732594,0.10178165980535363,0.10808201473138357,5.829235272573541,-0.00023737814818502195,-0.02227471902714317,0.10808195838300186,0.00657355238487652,True
ITGB4,69784,0.1845054656516894,0.03707628773573454,0.03814385584667639,2.7987944250656427,-0.001075773365113589,-0.002740049308780775,0.03814269855834335,0.0026190144993089243,True
ITGB5,69784,0.3948574712183709,0.18094280286377454,0.21435029343016446,15.585465282917422,0.00047186246584017425,0.001982764641831308,0.2143500707759791,0.034602860215942374,True
ITGB6,69784,0.12497237484433792,0.018008179563696873,0.018228512923186092,1.2087292058199806,0.00021636600448236094,0.006507733285669026,0.018228466108937663,0.00047766070877387827,True
ITGB8,69784,0.23324386302647918,0.06375319951122362,0.06695711455049148,4.785025550722954,0.0006020879517088895,0.02133085743690049,0.06695675204058925,0.004021981704610159,True
ITK,69784,0.1825742852002721,0.039898292542003916,0.04123247022937897,3.235745226887765,0.0005479207997803197,0.005390348145724898,0.041232170012176085,0.0010850522091588495,True
ITM2A,69784,0.20202411381581395,0.04880953372002079,0.050852797656894544,4.017997103442994,-0.0003796329487563136,-0.0017273043312678361,0.05085265353572077,0.0016024178337937954,True
ITM2B,69784,0.5893606292019775,0.5428595069942184,0.8261692318029097,34.29197238324137,0.005529961145344121,-0.05031794497991908,0.8261386513326447,0.3128165885744104,True
JAG1,69784,0.3228724129252031,0.17101771818062234,0.1905550071931277,10.252834234213704,0.002427690939929293,-0.012365757122119733,0.19054911350982867,0.022985690047049107,True
JAK1,69784,0.4266721091191463,0.22084190805775908,0.269336212987804,18.005118729519243,0.0033010711536199198,-0.0063186749568790185,0.2693253159170456,0.058925967640126475,True
JAK2,69784,0.1469781198544738,0.024144588323162117,0.024243838875402303,0.40938463891907473,-0.00027681902171831457,0.015430631837312466,0.024243762246631016,0.0013119151671165989,True
JCHAIN,69784,0.14633360227640785,0.02721303676632687,0.027342990878642066,0.47527394823769775,-5.726781609135798e-05,0.01749928314291102,0.027342987599039244,0.0013202406324098134,True
JUN,69784,0.5383146156475542,0.5729624338693331,0.8023473358164211,28.58922709747388,0.005852277584226186,-0.04199916488856086,0.8023130866634967,0.2615667019839147,True
JUNB,69784,0.33091987109635285,0.14191713972299,0.15885048044183045,10.659924144857257,-0.0006607877184314137,-0.021431721933028575,0.15885004380142098,0.018895238028256496,True
KDR,69784,0.2542954734480629,0.06666075027036204,0.07065928063297246,5.65888914632473,0.001533840123231321,-0.015799972016247586,0.07065692796745107,0.007073155308274443,True
KIT,69784,0.21074342155143622,0.05012651032597596,0.052300218327647835,4.15621209849284,-3.895029309459281e-05,-0.005299973004659018,0.05230021681052366,0.0035063224485478092,True
KITLG,69784,0.24341434310708956,0.07799019800506868,0.08267581598660582,5.667459009169318,0.0012164827569453088,-0.0043338441033748875,0.08267433615630815,0.0069785182685121235,True
KLF2,69784,0.18338303821192814,0.04474513965125918,0.04623824200643612,3.2291503534436106,0.0002925606713742684,-0.007537391664398864,0.046238156414690396,0.0016183740705830712,True
KLK3,69784,0.20723665813614248,0.0511088453957214,0.053318932255069916,4.145032103748414,-0.0003688261489433309,-0.009133328103052417,0.0533187962223415,0.0024619623621057376,True
KLRB1,69784,0.18028902112199258,0.03829454451339956,0.039495911648772496,3.041750614738059,0.0005783193747815251,0.007075038489089258,0.03949557719547242,0.0017805021649227766,True
KLRF1,69784,0.1785148264428344,0.03678045726996224,0.037957221181112104,3.100237252708671,0.0015824078459445966,0.00672808088705791,0.03795471716652082,0.001012138879429275,True
KLRK1,69784,0.15779904274844614,0.03612181347526829,0.0368625981215811,2.009583382781488,-0.001165540083780736,0.008733573815624718,0.036861239637893776,0.0015417759952074165,True
KRAS,69784,0.31335661453391256,0.11482791510630957,0.12693516464293736,9.538136709937639,0.0008593170649412506,0.0070840008234475255,0.1269344262171183,0.01676905204587832,True
KRT1,69784,0.19617992734988676,0.04192240922431625,0.04312729276700924,2.7937843193688305,-0.00022423267001496478,0.01930568066060374,0.0431272424867192,0.0024322744607487273,True
KRT10,69784,0.18721266716549056,0.040702237345193036,0.04216188960735978,3.4620181300222153,0.0008580876580724253,-0.0033292433348905315,0.04216115329293039,0.0013933512838665986,True
KRT13,69784,0.14173192782669508,0.02642576789644589,0.026933147616367132,1.8838485837166408,-0.0008056053391471036,-0.0066337478070998285,0.02693249861640544,0.0005150055085449242,True
KRT14,69784,0.17974209090695448,0.037953598211001804,0.03915415235638533,3.066224329046763,-0.0008978021649188314,-0.0066737806268940035,0.039153346307658266,0.0016980468477799913,True
KRT15,69784,0.31484857049850523,0.11362145775719658,0.12604536879482445,9.85669775606861,0.0021598019460896266,0.008430365461007441,0.12604070405038106,0.013867797029912962,True
KRT16,69784,0.36649506499004225,0.1236147705840543,0.14106969159152896,12.37326091136277,0.001011952879762521,-0.03722978536358876,0.1410686675429009,0.020533019121014618,True
KRT17,69784,0.323369755100489,0.13113728996416693,0.14624828632958542,10.332426276342355,-5.795535353138047e-05,0.0009836838579867224,0.14624828297076103,0.018799445315388838,True
KRT18,69784,0.5683269055449064,0.5485004129406876,0.808152569680072,32.12910117234106,0.0033464390025607057,-0.03265211837343856,0.8081413710260765,0.27076299330063414,True
KRT19,69784,0.2877177680816836,0.1207326749029224,0.13033527607837656,7.367614865586858,0.0005523727366075758,-0.03335064703602996,0.13033497096273458,0.01210106106996229,True
KRT20,69784,0.29207117492562074,0.09824726450209655,0.10703000067305525,8.205863884638608,-9.577002542446365e-05,-0.010397771321676217,0.1070299915011554,0.012340832582980066,True
KRT23,69784,0.19518910565926068,0.04773862867013955,0.04952434750142677,3.605739240150063,-0.0001503794635434114,0.009904192425307141,0.049524324887444224,0.0019008699137961788,True
KRT4,69784,0.17972316947055764,0.039567465544702835,0.040879373104364666,3.209216433707407,-0.0010365130841880645,-0.0024689741100329928,0.040878298744989765,0.0015269266548604986,True
KRT5,69784,0.18194409094777927,0.03949679156791991,0.04079641774508422,3.1856379775425547,0.00042735442787598444,-0.0029470348719152564,0.04079623511327762,0.0018531273374290899,True
KRT6A,69784,0.2494638153694869,0.08278719114447357,0.08819222595986713,6.128697576873932,0.001545845343338764,0.010167649215917724,0.0881898363220412,0.0050021889461297365,True
KRT7,69784,0.2072982560672981,0.054701510616118915,0.05701349532089608,4.055153418965684,-0.0003237704619693535,-0.004875689995983641,0.057013390493583144,0.003640103481841485,True
KRT8,69784,0.6017312822608746,0.6746354843193949,1.0540756858051177,35.99743420662447,0.006960656685761277,-0.03787569074181939,1.0540272350636244,0.40105221535420965,True
KRT80,69784,0.1699564866124101,0.036764323773871496,0.03734703223905228,1.5602537343555545,0.0012049615362542294,-0.015484131435412532,0.03734558030674769,0.002269678372144899,True
KRT86,69784,0.28774152632304417,0.10014457935534093,0.10902171275846419,8.14253709514765,0.0009348038487904227,-0.0092272647792574,0.10902083890023045,0.007772353607715122,True
LAG3,69784,0.1874582443745259,0.05516420210390065,0.05649356432196372,2.3531215175004228,-0.0003429281705855695,-0.024576242753914925,0.05649344672223316,0.002792613912159905,True
LAIR1,69784,0.18590701803440537,0.051328948567258934,0.052958517624914735,3.0770669775869064,0.00041289301957475144,-0.00025324246916178135,0.05295834714426938,0.0032422830486531426,True
LAMA4,69784,0.20411203190813873,0.04325547223288202,0.045013427170310004,3.905401227897398,-0.0007521645623473526,-0.009141960398058185,0.04501286141878198,0.002519988058458727,True
LAMP2,69784,0.5499661407055656,0.5185933268637571,0.7405511066292753,29.971973274848096,0.0038541020780343107,-0.029311018914237763,0.7405362525264507,0.2539743359179494,True
LAMP3,69784,0.1950151878888647,0.04332407769066963,0.04475720948170914,3.202013279280025,-0.0005920995866010103,-0.01315451048499117,0.044756858899788594,0.0009422054852063952,True
LCN2,69784,0.24051021548940135,0.06601764116685631,0.06993447495020251,5.600719510849572,0.0008352559177728335,-0.0008444220736385135,0.06993377729775595,0.005601699965815202,True
LDB2,69784,0.20344285378702665,0.042682972535300526,0.04439560577943766,3.857663870261596,-3.2135030585910754e-05,-0.00972405206713892,0.04439560474677736,0.0023451628295134935,True
LDHA,69784,0.49874259671792204,0.38039153998664227,0.5059091745529231,24.81031000815551,0.004271416858778815,-0.013647053932813954,0.5058909295509402,0.12293241745543657,True
LDLR,69784,0.2449674942244692,0.08106576647385266,0.08620562078185377,5.962319233229218,-0.00037842439868732234,0.003826337802879086,0.08620547757682864,0.00461849835747153,True
LEFTY1,69784,0.2420355217413989,0.07284123135169183,0.07734204887694403,5.819366813534077,0.001652316800471868,0.00017470488212710143,0.07733931872613518,0.00530272960736747,True
LEP,69784,0.2038708455351685,0.04930853961781526,0.051105470613613875,3.5161225877057722,0.0013462178140902592,0.019456636104479716,0.05110365831121143,0.002213947663918043,True
LGALS1,69784,0.43878073145892005,0.3449354167672089,0.42621095169247014,19.069321096165794,0.0016895109653271327,-0.006498805143497052,0.42620809724516423,0.09812074320305576,True
LGALS3,69784,0.45323836186397287,0.2786344003964538,0.3498449062332777,20.35487856705864,0.003339404211423682,-0.002844905143427625,0.34983375461278865,0.08591686133502707,True
LGALS3BP,69784,0.5670471847338611,0.5122496899064038,0.7536576049220666,32.031510521362804,0.006059606299064793,-0.020219551714110613,0.7536208860935724,0.2584359332061418,True
LGALS9,69784,0.4463012218695517,0.23404185868951982,0.2911648682435687,19.618785019854666,0.0005211384906539755,0.02102532569282923,0.29116459665824235,0.06869236523503297,True
LGR5,69784,0.16359067352257492,0.03342204635588208,0.03366915619624934,0.7339353529590142,-1.8525721957332892e-05,-0.024761613552429437,0.03366915585304661,0.001330548685416742,True
LIF,69784,0.14078918073484542,0.02803723950454697,0.028542693992471047,1.770871691569853,0.00017760396277044914,-0.0006108172288853993,0.02854266244930352,0.000257862160279811,True
LIFR,69784,0.22023646354706314,0.05243657740197096,0.053636657034331695,2.237424363700724,0.000589788635349439,-0.03685142687911518,0.053636309183699424,0.0026084260037433546,True
LINC01781,69784,0.18118012475790748,0.039089167128889685,0.040312867816347714,3.0355088926761864,0.0002665527630010138,-0.009097467555222893,0.04031279676597275,0.00108325936168503,True
LINC01857,69784,0.20336926397088698,0.05453350305137442,0.05680040568481811,3.990997258052331,0.00014799717915371774,0.008502527703873806,0.05680038378165413,0.0027048975054561456,True
LINC02446,69784,0.17676931239008825,0.03731774820439768,0.03826039245957335,2.463760025911088,-3.0047273357076052e-05,-0.014561138931864915,0.03826039155673512,0.0016840601113900934,True
LMNA,69784,0.4453162436998543,0.2639150977228938,0.32854586287469173,19.6717635054952,0.0007549755200085995,-0.0008930593789835927,0.32854529288665846,0.07731113968804691,True
LPAR5,69784,0.1961215361061831,0.05525281988592645,0.056909481829106226,2.911047315726001,0.0005279670879552291,0.019317213758220035,0.056909203079860984,0.003622169868439726,True
LTB,69784,0.3073894830297677,0.12480017412285799,0.13682740459814707,8.790074262251956,0.0012614629751879127,-0.01675686417632503,0.13682581330930912,0.018974455590505847,True
LTBR,69784,0.37980667550709946,0.17870398861420372,0.20872271587780777,14.382108405094662,0.0009245748785292898,0.006629446797819397,0.20872186103910575,0.032818281196193955,True
LTF,69784,0.13282515997741168,0.025798423675027382,0.02623852813120684,1.6773214334992348,0.0010974635052445913,0.005433666667742085,0.026237323705060794,0.00037005459236853696,True
LUM,69784,0.242572831337166,0.05624722099323395,0.05947858695849368,5.432822349183752,0.0005482215851555583,0.012526866342875798,0.05947828641158569,0.004949161021616677,True
LY6D,69784,0.21958341617939214,0.05595662978501041,0.0584565080108227,4.276475470189678,-4.6645525501679896e-05,-0.013677998576416554,0.058456505835017346,0.004175567978366076,True
LY75,69784,0.21183217407654223,0.04962771870469802,0.051903534532974326,4.384702985555789,0.0005173499067209872,-0.0010568218453284718,0.05190326688204929,0.0016906260933401969,True
LYN,69784,0.22608232807630957,0.05274229735376833,0.0555349133680815,5.0285772407780875,0.0012670752238881542,-0.0020808906602933423,0.055533307888458415,0.002233059512473636,True
LYVE1,69784,0.16335503288720596,0.027581362480642718,0.02833327975995506,2.653830709620386,2.9958081096974476e-05,-0.001957118823664921,0.028333278862467528,0.0007811688742242191,True
LYZ,69784,0.29891519078774903,0.2039897662738777,0.22291639297742186,8.490459786625548,-0.001030782311317722,-0.025282613121845585,0.22291533046524223,0.014649210396518753,True
MAF,69784,0.514941376382522,0.3564163797499779,0.4806656565652634,25.849418430088157,0.00010847235983040106,-0.035638021221658794,0.48066564479901075,0.1607394283980868,True
MALAT1,69784,0.5156057422371757,1.134462179860717,1.5365545848130673,26.16844262654473,0.006985739009235122,-0.04846043398818304,1.536505784263559,0.4859461448716869,True
MAML2,69784,0.18385776050512914,0.039652231156163655,0.04087456401952617,2.990448687791736,-0.00010625587053068266,0.0008857384353588005,0.04087455272921765,0.002475783669001702,True
MAP1LC3B,69784,0.480644960423604,0.2580981354191156,0.335314542948538,23.02805206431894,0.0011178996795315433,0.008378144519529668,0.33531329324884396,0.0854543804201054,True
MAP2K1,69784,0.31833922962963535,0.11312672049837451,0.12455722630213206,9.176911001559363,0.0006768082606024415,-0.0334103486830882,0.12455676823270956,0.01389580813187829,True
MAPK13,69784,0.33173253102624417,0.14388603176515183,0.16058648465130973,10.399662787575492,0.0019289218269397015,-0.02708137805125651,0.16058276391189705,0.020873684041852702,True
MAPK14,69784,0.4174191455995639,0.21927366525768557,0.2654280289138257,17.38865478714183,0.001560982242850116,-0.0072668314022382,0.2654255922482619,0.04806754355759182,True
MARCKSL1,69784,0.53530256657537,0.4081813649313277,0.5702142447069488,28.416140298090063,0.0042568543938906874,-0.003986442263431539,0.5701961238976236,0.19391448607977502,True
MARCO,69784,0.13358240898316806,0.02467940631978277,0.024804092524594788,0.5026840013936607,-0.00028771870950742776,0.01513371226659328,0.0248040097425388,0.000899574089959042,True
MB,69784,0.2206442960339626,0.04396700145164408,0.046146776547577165,4.723569573024755,0.000653458845989667,0.007242132006369615,0.046146349539113674,0.00273312709557099,True
MECOM,69784,0.35116891208961204,0.15312924532620897,0.17455087542772232,12.272427765842743,-0.0008188773377504997,-0.009660744162203359,0.1745502048676317,0.02305729520035091,True
MEG3,69784,0.19979894498568476,0.04811756161440924,0.04998240611589882,3.731001859265015,-0.0009936236740217751,0.008500333461744945,0.04998141882789338,0.002610235305481413,True
MERTK,69784,0.2888542395526172,0.10028226837504747,0.10869787694142943,7.742201414767846,0.0004932364861236503,0.009663191937882907,0.10869763365919614,0.014186339144798644,True
MET,69784,0.2536710942511829,0.07648637963786103,0.08168039405047882,6.35894876977191,0.00033191200971405233,-0.005796122090257025,0.08168028388489844,0.004561626802295425,True
MFAP5,69784,0.17155006804627518,0.03521131857742327,0.035944665098257195,2.0402096356420985,-0.00029012751779962636,-0.015326827349703953,0.03594458092428104,0.0018017614666603864,True
MGP,69784,0.27289097195110473,0.10428869539469274,0.11267949625241112,7.446608421928258,0.002192910601132222,0.004022673030441699,0.11267468739550901,0.008615611369008028,True
MIF,69784,0.6281404753296765,0.6062392075848949,1.0004116334105773,39.40102380475925,0.004761836687654896,-0.012458737422513562,1.0003889583219499,0.41553737383564904,True
MIR4435.2HG,69784,0.2448579695298117,0.07350653222385369,0.0780701348309089,5.845516492240554,0.00048791592513409336,-0.00946644090341995,0.0780698967689591,0.005283679955370359,True
MKI67,69784,0.22307922191598895,0.05980200879488888,0.0627928756687449,4.76306721423928,-0.0008241045906384727,-0.012301693535592437,0.06279219652036973,0.0033177417856387254,True
MMP1,69784,0.24840934596515848,0.08663330785680959,0.09154280867361311,5.3630655296014185,-0.00023839530233640976,-0.02415141513221003,0.09154275184129392,0.007762265949671701,True
MMP12,69784,0.18800676725870746,0.041248395609237966,0.042435877988830646,2.798298128544041,-0.0008028746344158508,0.01584213241306937,0.04243523338115054,0.0020010215452796855,True
MMP14,69784,0.40306758559986045,0.18130448716930905,0.21543773209263775,15.843670740393556,-0.0010790620009846934,0.011379337658667703,0.21543656771783323,0.04570690914222984,True
MMP19,69784,0.22531258037451815,0.05568689508119033,0.05855745007667383,4.902117479031032,-0.0009160299312353654,-0.010754884646737408,0.05855661096583839,0.0027083607145474906,True
MMP2,69784,0.19255743210111265,0.04580662307146519,0.04756226854798518,3.6912568094785825,-0.0006591219753522358,-0.001883980029650271,0.0475618341062066,0.001989393680427182,True
MMP7,69784,0.2646462914087235,0.06377192683566202,0.06853556276835042,6.9506045332836,5.998852135636836e-05,0.005351042022282686,0.0685355591697299,0.005211129051470866,True
MMP9,69784,0.1984540633873935,0.05285878397689467,0.055025322595218716,3.9373483264454445,0.0003599094693098103,-9.57780943355069e-05,0.05502519306039172,0.00223320076916895,True
MPO,69784,0.21402642518362042,0.05669114645503205,0.05920962184545483,4.253490078008504,0.0005277072584591136,-0.010815452095710495,0.059209343370503716,0.003619626201108976,True
MRC1,69784,0.20978428416449973,0.05551638374050754,0.05793886973175482,4.181106746581175,-0.000353505842837803,0.010584475656701323,0.0579387447653728,0.002840690481177834,True
MRC2,69784,0.22272463891279437,0.06196270917518582,0.06502901886541393,4.715294408138371,0.0009556662781986364,-0.011581823900896104,0.06502810556737955,0.003432736943743542,True
MS4A1,69784,0.17615097781758135,0.03672063206659857,0.037863961023972804,3.019570394788751,-0.00034879991620485217,0.00521944329393418,0.03786383936259142,0.00123169938938226,True
MS4A4A,69784,0.16831783952280774,0.04530695915702646,0.04660885709405399,2.7932414957104967,0.0012827686171978285,-0.002473921227045413,0.04660721159872863,0.0011475944553799293,True
MS4A6A,69784,0.23790539388469809,0.11038050369962978,0.11695571956528229,5.6219703406487636,0.000429813350461894,-0.0011090178394018168,0.11695553482576543,0.005605110482029911,True
MSMB,69784,0.1725757138713807,0.0383164194752758,0.03937976855090305,2.7002420652948778,0.0006497346253829253,-0.008619554197745832,0.03937934639581942,0.0008614828079521603,True
MSR1,69784,0.23301709384311128,0.08416268316050449,0.08898148168345246,5.41550717270659,0.00141063176935096,0.004582199642969642,0.08897949180146492,0.005128984300241166,True
MST1R,69784,0.22558461656528211,0.061971982050164555,0.06503005315838552,4.702550528096294,0.0006017998898890632,-0.00784548697195081,0.06502969099527611,0.005033864896938641,True
MT1X,69784,0.3257750519204674,0.2005568826902048,0.22217389370344126,9.729770970342233,-8.688644206771251e-05,-0.044347944297691864,0.222173886154186,0.02412591099822398,True
MT2A,69784,0.4663035908840863,0.5933538144218455,0.7570432256553503,21.622201439264387,0.0019637691814746658,-0.021620391284550258,0.7570393692659507,0.1805473070835143,True
MTOR,69784,0.34416058903884716,0.1415544516475703,0.1603868436664388,11.741855870693962,0.001690589400995055,0.008939329478276331,0.16038398557391811,0.022065890421687995,True
MX1,69784,0.49245216591336605,0.26624981891739097,0.34892723678297305,23.69474467738557,-0.000455171857202161,0.035973799420297735,0.34892702960155886,0.07081906305729523,True
MXRA8,69784,0.23057016908707373,0.05972922330369476,0.06293080325004355,5.087460799805643,-0.00024954958828568634,-0.009809667081274504,0.06293074097504578,0.004237588163437728,True
MYC,69784,0.18681861511897432,0.0322221415546275,0.03294712213391172,2.200436737198408,-3.7643721511464295e-05,-0.018744090857993147,0.032947120716861976,0.0018121529566925828,True
MYH11,69784,0.15833976171779546,0.02937692711277242,0.030008519043650685,2.104708766065877,-0.0004361791626536271,-0.003622607771811914,0.030008328791389472,0.0014405919668619874,True
MYH6,69784,0.15051158260134168,0.024473983123470554,0.02499779274326246,2.095423484671799,6.552460526223919e-05,-0.005248160080960853,0.02499778844978861,0.00040086598173445955,True
MYL12A,69784,0.5800890006576124,0.525167025831366,0.7881569750024907,33.36771195487975,0.006027060620777995,-0.04131835881585092,0.7881206495427691,0.26846340092496185,True
MYL4,69784,0.23185982384867376,0.06486190455247867,0.06824859238676906,4.962282320927313,-0.0004503379880085418,0.015881951458379114,0.06824838958246483,0.004165244133432587,True
MYL7,69784,0.1535543684302558,0.026692286556885346,0.02717685987734422,1.7830364605987303,0.0007858140381066115,-0.001941495613862038,0.027176242373642655,0.0014089827101733212,True
MYL9,69784,0.5157281701976013,0.3750032633317957,0.5103529576126092,26.52080139085874,0.0009188796634865159,-0.010202855524872798,0.5103521132727707,0.14808712973771207,True
MZB1,69784,0.19030146558194372,0.04765502466959759,0.04822329249318269,1.1784094245855137,0.0010317526549522816,-0.032614401479819255,0.0482222279796415,0.0023669337370566786,True
MZT2A,69784,0.5413121181546957,0.4069235848878388,0.572706565682087,28.947281335390763,0.002671315636565676,-0.03716990395062768,0.5726994297548583,0.1856118777744301,True
NACA,69784,0.5467173259732082,0.4231926387416949,0.6019070649847876,29.691365434896422,0.0037019219829014485,-0.009166380758388206,0.6018933607584265,0.2082959512781798,True
NANOG,69784,0.27210107273966766,0.08371153183689134,0.08992116370924359,6.90564002533468,0.0005012013577159687,-0.011605855078479355,0.08992091250644273,0.009793822287162308,True
NCAM1,69784,0.2434545231885144,0.06892560314668782,0.07312137165105409,5.738087797900038,0.0015190339442348927,-0.00949915133985557,0.07311906418693084,0.004925279577970054,True
NCR1,69784,0.13275108373315728,0.02824737470504074,0.02865515120453568,1.4230478024153448,0.0008249783219675002,-0.008693173444346444,0.028654470615304243,0.0003909729775544704,True
NDRG1,69784,0.5822286536337983,0.7584351785663325,1.140123478968359,33.47780371538329,0.00929125296083285,-0.05970110158683378,1.1400371515867822,0.39896363368976756,True
NDUFA4L2,69784,0.43511333739876223,0.1533112620347209,0.18799514036701698,18.449348352613715,0.0004979841984235323,-0.026461471215711085,0.18799489237875827,0.030691002769220252,True
NEAT1,69784,0.5099157946610111,1.0867946993129378,1.4614901128930318,25.63790273191662,0.009616748055885822,-0.0364634358730036,1.4613976310498529,0.4536085863458962,True
NELL2,69784,0.0955361973021558,0.0261632596438893,0.02636593253917463,0.768692307712604,0.000938609379260304,0.006211102841890453,0.026365051551608273,0.00035480362151259887,True
NFKB1,69784,0.33971180207001506,0.1461589465664763,0.16507106899757887,11.45695762797777,-0.0017140344849532587,0.00018489972462874002,0.16506813108336266,0.02241430872092376,True
NFKBIA,69784,0.49124444707851156,0.3903778197815892,0.5126710667889915,23.85413473269725,0.0033100863476008924,-0.024607254053136594,0.5126601101173712,0.1423602554221882,True
NGFR,69784,0.20789998019633055,0.054325292368340286,0.05661045133532912,4.03663795833884,0.000862129829622396,-0.010993555184629036,0.056609708067486206,0.002930919160187378,True
NKG7,69784,0.19755340002392127,0.05943924554539592,0.06176378499072689,3.7635961683371244,-0.00039475413568246996,0.008062720821561701,0.061763629159900475,0.0027996839903476137,True
NLRC4,69784,0.1982943799459888,0.05100682163868689,0.05309173434367976,3.927000560005378,-0.00029494265959420144,-0.0019450593482120881,0.05309164735250552,0.0020672001608283,True
NLRC5,69784,0.29673642587412463,0.11829052511030162,0.12949346085090088,8.651352482963103,-7.225317677868817e-05,-0.0069519290096124045,0.1294934556303817,0.014186838603844445,True
NLRP1,69784,0.20299203665580376,0.049784132202016836,0.051921020853263354,4.115652227419964,0.0011468760291919254,0.0030816370118400853,0.05191970552863736,0.0021141894513192192,True
NLRP2,69784,0.18353354350737974,0.03915401330626794,0.04031988479514994,2.8915546133262637,0.0007801680798638814,-0.010703791995745756,0.040319276132917685,0.0019947578559716614,True
NLRP3,69784,0.2065465744171398,0.05038003753871694,0.052568584505134124,4.163222173508285,0.0002871897234098293,-0.007055044665959988,0.05256850202719528,0.002193026436409341,True
NOD2,69784,0.23912753246310178,0.07377894400752505,0.07804843006947823,5.470303577089918,-3.480141149445383e-05,-6.427479244104106e-05,0.07804842885833996,0.006514917996662072,True
NOSIP,69784,0.37542301937318306,0.16470028881871437,0.1911952399271877,13.857536996508546,0.00037183812408904805,0.016366679929425847,0.19119510166359868,0.03175079424447027,True
NOTCH1,69784,0.32243422920012316,0.1560055923117794,0.17323804785970964,9.947269529315694,-0.00013531725860087542,-0.022697709845564767,0.17323802954895107,0.022681594515304423,True
NOTCH2,69784,0.2912271174091734,0.09508845433616875,0.10294212466669767,7.629209476642584,0.00021819028374314595,0.023795955393588395,0.10294207705969576,0.012402013947461052,True
NOTCH3,69784,0.1757038032344031,0.045849978988049364,0.04681146450770484,2.0539530855677945,0.0014823946075166541,-0.01764266641406319,0.046809267013932766,0.0023980804936954746,True
NPPC,69784,0.243316532111452,0.07581227212759309,0.08039566860540769,5.701049020825366,0.0008932762813140367,0.01403467059764716,0.08039487066289505,0.00505063281077663,True
NPR1,69784,0.17669787405837464,0.03976331917245351,0.040910407825196296,2.803904223209208,0.00063974176995071,0.006998417416962649,0.04090999855566398,0.002046287223688766,True
NPR2,69784,0.2897972529698793,0.09079809758295379,0.09886036227546365,8.155204479268674,0.000520990518945955,-0.0070295379265614775,0.0988600908443448,0.006017350934413171,True
NPR3,69784,0.22456541345634762,0.05653743703239328,0.05925648889134306,4.588614529516965,-0.0005126122039767645,-0.013260362751154796,0.05925622612007259,0.004226031939359054,True
NR1H2,69784,0.4359094184663817,0.24173924342052938,0.2980874746282115,18.903253576139768,0.0005383929770487267,-0.013822130563635916,0.298087184761211,0.061180901760755815,True
NR1H3,69784,0.32639731618477696,0.13766352649751637,0.15372836761013098,10.450147466183024,0.003976517554770147,9.486821305959525e-05,0.153712554918269,0.021206082739680845,True
NR2F2,69784,0.3721190759045483,0.20216396675812692,0.2339835663811985,13.599074548351863,0.003082735330518965,-0.02058593005532198,0.2339740631240747,0.03435614707816972,True
NR3C1,69784,0.4140654663270298,0.2027909142007653,0.24397155431202774,16.879279319012085,0.0029031001958130394,-0.004518852796201417,0.24396312632128705,0.05244898156828029,True
NRG1,69784,0.17484622714978043,0.03519126039382922,0.03610707649830585,2.5363895205406495,-0.00010382180677319658,-0.012372643236951105,0.036107065719338895,0.0015482919476606902,True
NRXN1,69784,0.18387753095148496,0.03971035545126146,0.04108080286957338,3.335980123521265,0.00021450864826950966,0.0009226206863688389,0.04108075685561248,0.0017239645361541254,True
NRXN3,69784,0.2504705785549344,0.07508639563251691,0.07942728805035022,5.465240629998047,-0.001039526135858546,-0.019800030964605638,0.07942620743576057,0.007682555939202432,True
NTRK2,69784,0.15143219635986255,0.026992622711863302,0.02760423434563088,2.2156442598973314,0.00011671162061465862,-0.0042413101850976645,0.027604220724028385,0.0005571286911250339,True
NUPR1,69784,0.6040489764718695,0.6704514427326427,1.0472292120535038,35.978538889498736,0.003151863387189135,-0.06342859257208629,1.0472192778107028,0.42016894327490584,True
NUSAP1,69784,0.3727003852925679,0.2701613087681439,0.31367589947102936,13.872468613708211,0.00011582273546195038,0.0012742764965958733,0.31367588605613567,0.04673435587001192,True
OAS1,69784,0.3725690625382853,0.1279065112941495,0.14808269458168763,13.624943376761834,0.001427974957201058,0.020927989602172313,0.14808065546921206,0.02072261620879261,True
OAS2,69784,0.3696747147656617,0.1257339468592673,0.14531912981860717,13.477360471251675,0.0012557436654966221,-0.002391212863655327,0.14531755292645684,0.015558175734213961,True
OAS3,69784,0.34960370572846006,0.11075843238299748,0.12595674742331467,12.066296844931045,-1.984445358325784e-05,0.013692966601063452,0.1259567470295118,0.014682953676319775,True
OASL,69784,0.27930345735726814,0.11364422731256385,0.1229282017974847,7.552355235957586,0.000570236969917285,-0.016467727154942713,0.12292787662727993,0.008828990674031739,True
OLFM4,69784,0.19852102330504282,0.045078122813807874,0.04663485132843401,3.3381226063370684,0.0015955002316279407,-0.01510171246123191,0.04663230570744476,0.0020310108196778575,True
OLR1,69784,0.14798128528251897,0.027154216855076452,0.027516417372109973,1.3163069600791832,0.0007593131239910226,0.01608187811245967,0.02751584081569003,0.0007304493285488486,True
OSM,69784,0.1934748672192374,0.04932893965737574,0.051107927042963235,3.480844339650113,0.00012698979108968788,-0.002272413765839862,0.05110791091655821,0.003032596210183483,True
OSMR,69784,0.29566971739342257,0.09613492234086213,0.10439858956854976,7.915497002247884,-0.0005579249952366412,-0.029808011349204744,0.10439827828824931,0.009662127689028768,True
P2RX5,69784,0.15430857006049517,0.032061774389796446,0.032691502142072934,1.9262735298603784,0.00033723720628351815,0.010782834204397672,0.032691388413139934,0.0011696757252375933,True
PARP1,69784,0.431907115013025,0.21285680934484152,0.2611472458200086,18.49165068677402,0.002998110065353063,0.00598411063827708,0.26113825715604144,0.058219529416902664,True
PCNA,69784,0.37679374563491996,0.1978026521755283,0.22835885800893302,13.380784130655176,0.0017137261758624967,0.034369465102884474,0.22835592115152836,0.04341215981320781,True
PDCD1,69784,0.19222178908657012,0.051424969817067026,0.05320775109700164,3.350604457392825,0.0004603736445087366,-0.011158618502184654,0.05320753915311074,0.00263136369130055,True
PDCD1LG2,69784,0.18006841953734531,0.0412803891384084,0.04259930324941425,3.096093152706625,-0.00029154276708274427,-0.007664431573548278,0.04259921825222917,0.001178110494735872,True
PDGFA,69784,0.37854162593365526,0.17814951488640762,0.20788242437766172,14.302752904804528,0.0031815027239623862,-0.003332624480578148,0.20787230241807728,0.03141199256138266,True
PDGFB,69784,0.17443877332579757,0.04082178661560725,0.0421007141180873,3.0377810193262356,0.00011362588355727908,-0.0013566317629894874,0.04210070120724662,0.001278626703026222,True
PDGFC,69784,0.23646611862304198,0.06535841942585209,0.0691287441866663,5.454062279264493,4.145902286090532e-05,-0.009103021943172675,0.06912874246781599,0.004298085106575131,True
PDGFD,69784,0.12358569725444955,0.021467158448408748,0.02155843985246097,0.4234137751939482,0.0003504173654093903,-0.0149927035750663,0.021558317060131536,0.000391594708803745,True
PDGFRA,69784,0.2102392934134065,0.05338927672777969,0.05570648848270072,4.159680170184532,0.00024261413914859672,-0.01179694221163509,0.05570642962108101,0.002501048072579084,True
PDGFRB,69784,0.22911080868162062,0.06861686534805701,0.0724172420707279,5.247889334088651,0.001927229665816821,-9.13068689888235e-05,0.07241352785654148,0.0038771727141281576,True
PDS5A,69784,0.45856999810670523,0.27688172500529046,0.3479184971561698,20.41764744660678,0.0033554053543686227,-0.030064151873229136,0.3479072384110792,0.09143625595760917,True
PECAM1,69784,0.22391716583723714,0.07608128368357893,0.08005323448675473,4.961636876562425,-3.369994376977485e-05,-0.0014724466101222722,0.08005323335107219,0.004852522960748499,True
PF4,69784,0.22282058756595424,0.06227524316682518,0.06548202203464094,4.897189744872765,-0.00032732317583520357,-0.0053239478138646995,0.0654819148941809,0.0037738322196817524,True
PFN1,69784,0.6085598000401825,0.5374336322399415,0.8463240746004725,36.49789148516781,0.002933398177513088,-0.06442167301039071,0.8463154697756061,0.31701231380890643,True
PGF,69784,0.23446745679019856,0.06736793635529605,0.0712048121936557,5.3885063665704225,0.0005598077948768792,0.008145627397498295,0.07120449880889002,0.004499435798479266,True
PGK1,69784,0.6130653740599796,0.6216308620669818,0.9953621449934021,37.54726707322163,0.007381159571347181,-0.008967244649919392,0.9953076634767911,0.3887765203396442,True
PGR,69784,0.16940589181270868,0.031092102273895823,0.03198017409372737,2.776944919776836,0.0001955039913560134,-0.0005289129640465677,0.031980135871916164,0.0012745111168741342,True
PHLDA2,69784,0.40331404889163835,0.20877028973322886,0.24895258536163173,16.14054160957338,6.873680552621234e-05,0.014730257293691804,0.24895258063688339,0.04457589518654937,True
PIGR,69784,0.4159845906781982,0.34820312627016625,0.4197555225339547,17.0462072379287,0.001931359986947051,-0.027756282406693398,0.41975179238255944,0.06511971950307534,True
PLAC8,69784,0.24622592902360452,0.07490998602578085,0.07943485521114725,5.696327101420118,0.00017310572683701858,-0.01049081282093277,0.07943482524555351,0.0031448950579921514,True
PLAC9,69784,0.20682460308019793,0.05914059855733184,0.06168078937013428,4.118285188536175,0.0012584997834937774,-0.0038844177834232657,0.061679205548427804,0.003591662710383329,True
PLCG1,69784,0.3969977736084625,0.19485540033153864,0.23052643878145238,15.473729884723198,0.0024081624751379083,0.023559717474919344,0.23052063953494092,0.04219350935294647,True
PLD3,69784,0.4945041299031106,0.30679250859312146,0.40575374652183294,24.389482235720173,0.004066242922789717,-0.007914694809826529,0.40573721219033143,0.10648448592031952,True
PNOC,69784,0.18198615419958308,0.045210034451378035,0.046734353485910325,3.2616671053165347,-7.304650421015074e-05,0.0012160678594512497,0.04673434815011809,0.0019371373213719028,True
POU5F1,69784,0.4359563428416371,0.3570646536906417,0.4400349892798524,18.85539505051572,0.006805549452904918,0.012010433019492697,0.43998867377650214,0.09929074517615114,True
PPARA,69784,0.42193196471957634,0.2536586888879552,0.3079735827641356,17.636218466756603,0.002012136593763399,-0.016525108186976036,0.3079695340704648,0.0611459403723486,True
PPARD,69784,0.3211224914791542,0.1270860585139387,0.1409094646240801,9.81013315678948,-0.0007609013264316984,0.012426917061061167,0.14090888565325338,0.02063389116429905,True
PPARG,69784,0.17178074589967568,0.04098711649642208,0.04184554187693021,2.051414181785016,-0.00034721524052251017,-0.01954930263397839,0.04184542131850651,0.0010466009168390268,True
PPIA,69784,0.6369730793633676,0.5675315957895082,0.9397868778224576,39.61060649149382,0.004974256751363388,-0.08603696079854664,0.9397621345922212,0.4165775005742694,True
PRF1,69784,0.17135741805349108,0.04841464440865581,0.04964751135874145,2.4832401793057124,0.0013118466539802757,0.016361312383062928,0.04964579041709872,0.0014859619282689516,True
PROX1,69784,0.5299109154306165,0.45927261796683844,0.6367785308600593,27.87561205203857,0.004937357423291299,-0.01619942880010976,0.6367541533617379,0.20470792723497352,True
PRSS2,69784,0.3821710091549071,0.18535936064614716,0.21420173529216882,13.46505181514097,0.0018618942527620396,-0.04757547404249368,0.21419826864195812,0.030825361968032552,True
PRTN3,69784,0.1850176640747598,0.0395664804419336,0.04088302492651061,3.220271706762323,-0.00028802881926549254,-0.006447282075913401,0.04088294196591016,0.0019469680899599539,True
PSAP,69784,0.580614872380532,0.5148255945501925,0.7747929372815427,33.55313790591303,0.0038048732702500856,-0.010856940376265464,0.7747784602209449,0.2948619132318219,True
PSCA,69784,0.19164392172826822,0.04375444088680171,0.04541454068460804,3.655436723086747,0.0018325640305246384,0.005162612418697514,0.04541118239368236,0.0016629364174466773,True
PSD3,69784,0.2529136686326542,0.09182532546145629,0.09791282700385735,6.217266653082387,0.0010633163788744196,0.006848219225180887,0.09791169636213402,0.004512568841420074,True
PTEN,69784,0.1531526762648123,0.03246984589506892,0.03324866653150527,2.342411644383924,-0.0003915720145325588,0.0005163932186984329,0.03324851320286216,0.0007459588910228822,True
PTGDR2,69784,0.1756823446846026,0.04018336438321719,0.04065487660843541,1.1597925379519758,0.00028869940733931474,-0.02768294421377163,0.040654793261087965,0.001187053145933156,True
PTGDS,69784,0.35967537489644497,0.28813659109790385,0.3274375284192238,12.002575731332266,0.00011288425653991821,0.04268209739559855,0.32743751567637913,0.05813768485716383,True
PTGES,69784,0.2446528300220092,0.07022475370131122,0.07423806801635073,5.40600587040545,-0.0002584693317921777,0.014300371424024783,0.07423800120995563,0.006631655734603794,True
PTGES2,69784,0.272607014283982,0.09262397094836418,0.09996091045278198,7.339808602367137,-0.0005453887284417007,0.004639192642947264,0.09996061300391948,0.008883396648333606,True
PTGES3,69784,0.5313523778675997,0.4330321319971669,0.6019293858470713,28.059313570847188,0.0020976185014553194,-0.028433743779538757,0.6019249858436873,0.17908426098839172,True
PTGIS,69784,0.23765529514305533,0.06952630901138493,0.07363977445709087,5.585928903276061,0.00023997490763302094,0.005804701790840944,0.07363971686913333,0.004670183911040851,True
PTGS1,69784,0.22523103955674198,0.05579045310430113,0.05875303412043508,5.042430676960619,0.002303252311597023,0.005617044250400409,0.05874772914922331,0.003369722437311919,True
PTGS2,69784,0.17941434568360257,0.034466466508596465,0.035134442550578134,1.9012000575221122,-0.00019965833837725242,-0.021643044427370885,0.03513440268712599,0.0010137682098958066,True
PTK2,69784,0.358600001029948,0.15886799934920823,0.18194622395573753,12.684090993910168,0.00029726002365777787,-0.017421639334256098,0.18194613559221498,0.02409167112455988,True
PTK6,69784,0.24580195477723785,0.07147411586512904,0.07597739083810152,5.927125060886085,-1.9799476564374658e-05,-0.008277956705316369,0.07597739044608223,0.0051997043117980295,True
PTPRC,69784,0.20621559583305954,0.051559259963051336,0.05384009615799407,4.236315232888154,0.0003293648045704368,0.0012308841727531048,0.053839987676820564,0.002026892808676371,True
PTPRCAP,69784,0.2340690261884197,0.08804634044164644,0.09299734978450684,5.323817672581921,0.00101265735146131,0.009511448442989326,0.09299632430959401,0.006386900052141517,True
PTTG1,69784,0.33637574099506595,0.17269179087754127,0.1941518043563224,11.05321351502665,-0.0007063949771697786,0.00041228991582012566,0.1941513053624563,0.029151051548971678,True
PXDN,69784,0.20420382212731591,0.048826454975891054,0.050854453089057255,3.9878476514430994,0.001333081511203868,-0.004208918311890076,0.0508526759827423,0.0029184674066755093,True
QRFPR,69784,0.2447279738082865,0.08018143307518528,0.08469193488355518,5.3257748976587855,0.0008722505876312942,0.02378833148469712,0.0846911740624674,0.005981027649828125,True
RAC1,69784,0.543384934038741,0.45762628368690694,0.6452673558348608,29.079585454184308,0.004629831234763812,-0.04915591246869864,0.6452459204976013,0.19290281982010796,True
RAC2,69784,0.3336426944264045,0.12337099392007769,0.13874255341143568,11.07919604576847,0.0018535862120226492,0.0017319125124176141,0.1387391176295899,0.0176860547924426,True
RACK1,69784,0.5434584670281566,0.4168164231695875,0.5895570528359088,29.300070084039874,0.0035468499347777673,-0.02197709603296356,0.5895444726914518,0.19757454746911746,True
RAG1,69784,0.15692014199041845,0.02950825263479596,0.030084336193073304,1.914895361427249,0.00019237198503364476,0.012764572427350445,0.030084299186093,0.0006067164888709052,True
RAMP1,69784,0.5271563118533331,0.4585415244373079,0.6316914376016189,27.410520842536634,0.005494187861359832,-0.037320365290376155,0.6316612515013578,0.1963301913460964,True
RAMP2,69784,0.19142310066923612,0.04542976961825393,0.04565837421232827,0.5006849192904839,-0.0007762670623520557,-0.037095474850531156,0.045657771621775645,0.0027170216491534237,True
RAMP3,69784,0.20171279588589494,0.04333311461389045,0.04503120811484358,3.770925924577595,0.0010817216015915716,-0.001485168110746822,0.04503003799321877,0.0029319412258837366,True
RARA,69784,0.44474550157437776,0.2732896958647898,0.33905229926950187,19.396005733156663,0.0016705272096816407,-0.02319221469272809,0.33904950860833794,0.08130993597541404,True
RARB,69784,0.18912859936312534,0.036897680709381556,0.03816803870752147,3.3283292544177168,0.000553346464307288,-0.008563491128814054,0.03816773251521113,0.0016341346225974497,True
RARG,69784,0.19780305146325217,0.055043640534012284,0.056852800729638144,3.1821830629405023,0.00037844869581815725,0.01987415225419675,0.05685265750622436,0.002820337054594692,True
RARRES1,69784,0.253084377253277,0.06839338094322463,0.07301897113511031,6.33477864721862,-0.0005364021234907006,-0.0025949208957232704,0.07301868340787385,0.0056663856877263675,True
RARRES2,69784,0.5807178791164699,0.6092101588368987,0.9139787232729676,33.345258119870614,0.007559229907215967,-0.04975284751395011,0.913921581316176,0.32445184124976234,True
RB1,69784,0.22187932996458562,0.06091243738247538,0.06373119623683247,4.422887095798833,0.00043189089858882486,0.015827871585404878,0.06373100970708483,0.002205593672953285,True
RBM47,69784,0.5552892539968414,0.4473135056460586,0.6456910923350175,30.723296177366265,0.006268201097564168,-0.013889241010897401,0.6456518019900132,0.21586960231996094,True
RBPJ,69784,0.3328260722938878,0.14409016794325155,0.1619834705280927,11.046375612589376,0.000954512420242688,-0.004979143941109917,0.16198255943412856,0.019021449986342958,True
REG1A,69784,0.4317329599236184,0.7205508587011509,0.8843382803998305,18.52090148405964,0.006113454420429146,0.023920783870969325,0.8843009060748768,0.1431940275392681,True
RELA,69784,0.3577295479737011,0.15735712014229475,0.1793120805825082,12.243994029231697,0.0018024219858336172,-0.02973344901513219,0.1793088318574987,0.022924074387802577,True
RELT,69784,0.2561356285964229,0.07760756875901932,0.08227647294803415,5.674652815955916,-0.0006172056021075942,-0.02592495449272668,0.08227609200527886,0.006870829725872598,True
RGCC,69784,0.2201169423468425,0.06289214718233738,0.06601357672075911,4.728466011810772,0.0008919294101443297,-0.007925746242342675,0.0660127811826854,0.0031786056845416228,True
RGS1,69784,0.23420327190676515,0.10782501870447898,0.11380303892888037,5.252953067569011,0.000656322357982011,-0.011715297584520052,0.11380260816984392,0.00802275534662725,True
RGS13,69784,0.15015969976265758,0.026611451713396354,0.026984346848470342,1.3818942410130153,5.056968322454018e-05,0.015365437783854354,0.026984344291177867,0.000658863959550485,True
RGS2,69784,0.44769877665673397,0.44362232255003603,0.5525864120189673,19.718923067762862,0.0039006229720656973,-0.03819939737570873,0.5525711971593952,0.10697064594607929,True
RGS5,69784,0.21089467235362128,0.06904344658737471,0.07203650156849571,4.154914405823917,-0.0004015348943072722,-0.014902687896221149,0.0720363403382268,0.003302826488778131,True
RNF43,69784,0.24164247648993467,0.07706220023391816,0.08178156752952523,5.770698016889019,-0.0004315543691321796,-0.0010764193533140144,0.08178138129035312,0.005862546976750455,True
ROR1,69784,0.2514552754336284,0.0750820933105032,0.07945926835352113,5.5087029288308,0.001909772421860181,-0.02347268382161339,0.07945562112281633,0.004678209231532773,True
RORA,69784,0.34251208585689047,0.15839453543796556,0.17877123959220073,11.398200404448144,0.0018773063719204283,-0.021011198896968744,0.1787677153129826,0.02355512498844228,True
RPL21,69784,0.5756867492467036,0.4610471187568504,0.6832870482578062,32.525119577139115,0.0054121537138962575,-0.05440562452448746,0.6832577568499881,0.2514195131565029,True
RPL22,69784,0.5249460872461166,0.41097977943000563,0.5647361787655003,27.226235030948864,0.005127967775267745,-0.02968000148992721,0.564709882711996,0.17678096163712118,True
RPL32,69784,0.512833939237353,0.3632674057627694,0.4918289571981552,26.139483971780276,0.003081874621050437,-0.008223553383073762,0.4918194592469764,0.148606453234766,True
RPL34,69784,0.5829523461732702,0.5544189308140679,0.83059155222477,33.25011200402456,0.006165879989000385,-0.07033613603464692,0.8305535341487384,0.29973433457360765,True
RPL37,69784,0.5934455558410842,0.5616986328891425,0.8609993975300317,34.76201789449564,0.007593724064364095,-0.04392569568506783,0.8609417328848634,0.3443264727153023,True
RPS4Y1,69784,0.1674740279385837,0.029148328072429293,0.029783603450699418,2.1329701737457407,9.998997821156878e-05,-0.012577508942267633,0.029783593452704583,0.001237441635410731,True
RSPO3,69784,0.15689292478628106,0.034386121768677246,0.035081465087025795,1.9820817534947022,0.0006545644369227042,-0.012293027043709333,0.035081036632425185,0.0009226455943566429,True
RUNX3,69784,0.2078678151276433,0.06351956474505159,0.06625451667389567,4.127947898715334,0.0009784687069805953,-0.01032259261292608,0.06625355927288484,0.0029731032483197527,True
RXRA,69784,0.4220273497853038,0.21563759619384446,0.2616835434112553,17.59604238660367,0.0018244326489617842,-0.019276639355160812,0.26168021485676024,0.051440891884091774,True
RXRB,69784,0.35249367225367295,0.16986514405540235,0.1925923389588799,11.80067443302093,0.0018463492185085803,-0.02928340760497183,0.1925889299534474,0.028925784364071516,True
RYK,69784,0.3390510101162691,0.1452597600322029,0.16321798519424702,11.002601913429999,0.0009937412890766953,-0.02214397670525035,0.16321699767250286,0.02353529653979683,True
RYR2,69784,0.23566243901617118,0.06710912142179597,0.07070256113020569,5.082474596347442,0.0012498141556703197,0.018983351996109347,0.07070099909478253,0.004509220945924829,True
S100A10,69784,0.5668600722905054,0.7210525633773165,1.0560405166638502,31.721126983347002,0.007679458977049212,-0.05638227755049886,1.0559815425736767,0.35930808232998407,True
S100A2,69784,0.2509809924965362,0.07231741629987444,0.07710163014706041,6.205074831830093,-0.00012787610194636747,0.008382030862678646,0.07710161379476217,0.004906561231296066,True
S100A4,69784,0.25970452447473225,0.1191504153532125,0.12765340137347037,6.660994480970417,-0.0015074035329384417,-0.011942302729932533,0.1276511291080619,0.0086310681387113,True
S100A6,69784,0.564980281463511,0.6595542444813798,0.9648033976687023,31.638482402208545,0.000610082403122593,-0.016516958958936755,0.9648030254681774,0.36505658243832867,True
S100A8,69784,0.1678307162830714,0.02699827173819526,0.02773601204543613,2.6598643886955875,0.0006826303283887132,0.0035802452159468647,0.02773554606127076,0.0011501458303607916,True
S100A9,69784,0.39542726756503827,0.17059410994039256,0.2010152659650366,15.133754085092876,0.0009940417897061691,0.020243586994910228,0.2010142778459566,0.04104471712816282,True
S100B,69784,0.18722567520371178,0.04372682610660444,0.044842432570400124,2.487836631173501,7.741634788318988e-05,-0.02128092914275049,0.044842426577109164,0.0015973733855509675,True
S100P,69784,0.24388175147644572,0.060655938191749685,0.06431663843770685,5.6916846633747635,-0.0007419290443215911,-0.013381209050106441,0.06431608797900186,0.004121313521639642,True
SAA1,69784,0.33677026263091164,0.19945178907295502,0.21988758424896013,9.293746732360919,-0.0005767335742626608,-0.05607619458846009,0.21988725162734848,0.038273947370373734,True
SAT1,69784,0.3938187753529698,0.23703321342983824,0.27817464132912106,14.7897837497727,0.0008129351431249575,-0.03635063015783621,0.27817398046557185,0.05411607547974884,True
SCG5,69784,0.22225714362834284,0.05602622897941493,0.058296115518696706,3.893718336265095,0.00025509882734980205,0.022900579154499928,0.058296050443283606,0.004034296182576467,True
SCGB3A1,69784,0.18706310226351566,0.038691668926012966,0.03923247980529163,1.3784774298302827,3.521342377562623e-05,-0.027813529002992794,0.03923247856530677,0.0019862675572285085,True
SEC23A,69784,0.41917517541438665,0.23225512487898883,0.2812704632892856,17.426407962319423,0.0006573550965990151,-0.019195988134756044,0.28127003117355925,0.05099199321356788,True
SEC61G,69784,0.46974282293766234,0.2844541972130102,0.36408822933510243,21.872179792112444,0.004478872087991772,-0.0015270329500193757,0.36406816903992445,0.09585160638068785,True
SELENOP,69784,0.5870489535835458,0.6804876898747754,1.0321025182045802,34.06782002057946,0.006608400444267291,-0.050019394477698445,1.0320588472481511,0.3922938791923366,True
SELL,69784,0.17508344633187167,0.03987710358304213,0.040643944361865324,1.886728246638103,-0.00016749582176417996,-0.02055453119737597,0.04064391630701438,0.0018717563768348756,True
SELPLG,69784,0.20725400700057625,0.06218382195556117,0.06494326846367454,4.249010826513667,-0.00022029810001390128,0.0003763661772120758,0.06494321993242205,0.0033963670223815753,True
SERPINA1,69784,0.6098942954307902,1.0298020324586634,1.62846549445025,36.762428435346614,0.006904852939319072,-0.07704063499334418,1.6284178174561326,0.6180085128139864,True
SERPINA3,69784,0.47476350981331666,0.6516841642026631,0.8404707346277559,22.46200404689954,0.004236591992246152,0.014159413106473886,0.8404527859160442,0.21081608087453782,True
SERPINB5,69784,0.19312987938790574,0.04150909536503807,0.04309736380193274,3.685302990210826,-0.0007493589959579994,0.0019516174557475624,0.04309680226302905,0.001903130153673152,True
SERPINH1,69784,0.5031913726453153,0.32515243280378037,0.4341755307348571,25.110373619294336,0.004920630980034043,0.019106940148124103,0.43415131812561614,0.1285427922311054,True
SFN,69784,0.4142026282409376,0.21413877394493896,0.2584712345529329,17.15179667272221,0.0017468511894264994,0.00223135300568042,0.2584681830638575,0.04277400042167628,True
SH3BGRL3,69784,0.5611467994944686,0.44861987886938154,0.6529685229887501,31.295328476789265,0.0051658944574112225,-0.025341621480473146,0.6529418365232035,0.2229028783441616,True
SIGIRR,69784,0.2484021279696706,0.06892710233524066,0.07287441908515555,5.4166013252227145,0.0008223255873956388,-0.021019963363282042,0.07287374286578507,0.005714084668542943,True
SLA,69784,0.2154374708210613,0.072923829518978,0.07639303086293461,4.541253704387116,0.0020143342262366067,-0.0061010939062579525,0.07638897332055933,0.004012781697458579,True
SLC2A1,69784,0.34049085990636563,0.13560892782525263,0.15150921773754894,10.49460234151528,0.0008049212102751031,-0.03987399773834321,0.15150856983939262,0.018437838374976222,True
SLC40A1,69784,0.32884884157618044,0.13950260028028943,0.15564920999735896,10.373717744756616,-0.0003473328892622029,-0.022760703156083216,0.15564908935722388,0.020528321557700742,True
SLCO2B1,69784,0.3243954244634993,0.17127596040036086,0.1903153385263454,10.00412172419246,0.0027837131975728354,-0.027037780860009315,0.1903075894671762,0.023040182561676305,True
SLPI,69784,0.3974683041297149,0.255703171382577,0.3031449586657818,15.649868462932115,-0.0017484111409661258,0.0064834175288096835,0.3031419017242706,0.05685362577337903,True
SMAD2,69784,0.3783964850107268,0.17647926310148976,0.20523621239249074,14.011635157253155,0.0020378181548768005,-0.014567874809333638,0.20523205968965727,0.03622465746284416,True
SMAD3,69784,0.2918844210794457,0.09042743418597254,0.09832430516992434,8.031453637332497,0.001105881573370355,-0.02079449100925951,0.09832308219586926,0.008603202179526934,True
SMAD4,69784,0.34952025929348507,0.15739300278121277,0.17827554908810228,11.713634547028962,0.0019303585795460798,-0.02740090426394852,0.17827182280385778,0.02366878311430402,True
SMARCB1,69784,0.3601506148315055,0.1567320529433442,0.17847158817680248,12.180950175622385,0.0035776304710790074,-0.033965683508293674,0.1784587887370135,0.022132533200495273,True
SMO,69784,0.3030484697112184,0.10661919697767634,0.11710879784416518,8.957141614968311,0.0005338746504705461,-0.00783747662148454,0.11710851282202364,0.013851981433861937,True
SNAI1,69784,0.40979374311701,0.2036918487083442,0.24440394246848177,16.657707461240236,0.0002611737681661029,-0.016457265954972135,0.2444038742567452,0.04400024953530256,True
SNAI2,69784,0.35311208779552516,0.18023164315270016,0.20585080364220432,12.44549937926578,0.00040320063546465636,0.0034892917451522995,0.20585064107145798,0.027696813657029504,True
SOD1,69784,0.5934648669541694,0.5168145067956492,0.7911027407613757,34.67163237252156,0.003139194250247743,-0.05600436361431364,0.7910928862208491,0.3101947004410516,True
SOD2,69784,0.6089529548089937,0.746541922501096,1.1845661676381984,36.977608942727116,0.008934131480920404,0.005704990860235869,1.1844863489328925,0.4879528359424531,True
SORBS1,69784,0.2928162062291029,0.09899506961429877,0.10827478209041964,8.570520574561357,0.0014752787369715845,0.0009107942783206387,0.10827260564306831,0.008833714345995444,True
SOSTDC1,69784,0.18929827547353165,0.03944246595932417,0.04038027642109506,2.322446859925331,0.0004087593945074892,-0.020052519220387692,0.04038010933685248,0.002262052034600529,True
SOX2,69784,0.1502683483685303,0.027311918977268326,0.02783164094397156,1.8673780958495922,0.0005356231564490413,-0.0093440114901032,0.027831354051806027,0.0008091810434536431,True
SOX4,69784,0.5287319930001088,0.4070720982798817,0.5638902311878137,27.810046039918156,0.0036535723854266735,-0.011529400706620892,0.5638768825966307,0.1776989593003383,True
SOX9,69784,0.5151728092835972,0.4104764458261248,0.5562411246203758,26.20530420035604,0.002294221820672123,0.006568824887622099,0.5562358611666217,0.18251870401567075,True
SPARCL1,69784,0.2875712364931296,0.1057760859177462,0.11439390844657735,7.533462791732237,-0.00023479902973541847,-0.029135703021122557,0.11439385331599286,0.008951545221328383,True
SPINK1,69784,0.32609204495163374,0.3806883454396295,0.4245159083584842,10.324127330899547,4.9684052789592556e-05,-0.03402567581980755,0.42451590588997684,0.04004403598807177,True
SPOCK2,69784,0.20194044368876504,0.06186820109357417,0.06422495465535194,3.6695293510516924,0.0011713554388484207,-0.014885020232217577,0.06422358258178724,0.0023774191901763547,True
SPP1,69784,0.46895914383719806,0.3936077924675738,0.4988791431373399,21.101573821614984,0.0005376702126499493,0.06633466112113093,0.49887885404808713,0.11691693895575118,True
SPRY2,69784,0.2649402609082611,0.08117241291361604,0.08688934073021211,6.579550228545184,0.0017490804248360145,0.020633419522015004,0.08688628144787937,0.005295535896840247,True
SPRY4,69784,0.20226027951879674,0.04309327712215962,0.04469480615590351,3.5832553522157973,-0.0009926137062043522,0.008616264180271886,0.044693820873932824,0.0029594432445795896,True
SQLE,69784,0.3099556031184786,0.1249439625537251,0.13744115926482867,9.09276142456229,-0.0006170277285709794,-0.0093697052710819,0.13744077854161438,0.019607448125600464,True
SQSTM1,69784,0.5901267013398622,0.6158487901285885,0.9376421628392868,34.31942221286973,0.005876806122910137,-0.05063282235606264,0.9376076259890715,0.3733626606569569,True
SRC,69784,0.3384023035857085,0.12113829697729558,0.13672858022119067,11.402358759722453,-0.0011600621175317744,0.00046567048247663146,0.13672723447707305,0.01775481509447746,True
SREBF1,69784,0.24043330810607724,0.0687126484509069,0.07286015330738932,5.692418514389519,-0.0013071443709613915,-0.006128571735635002,0.07285844468098111,0.005103455141240998,True
SRGN,69784,0.2726616038909499,0.1334566445131052,0.14392056652434432,7.270623138819509,0.0015096063389870246,0.005788640289627841,0.14391828761304776,0.007853671363756792,True
SRSF2,69784,0.5540299562800761,0.45910038241021384,0.6615717688141125,30.60459891854739,0.003323711430312064,-0.0014679225275217615,0.661560721756449,0.22539456469651334,True
SST,69784,0.175825100904522,0.03935035862719502,0.04050284852995363,2.845453948519927,-0.00010628955610413338,-0.00123810034957811,0.04050283723248413,0.0020523817842708915,True
ST6GAL1,69784,0.42858031849882994,0.2583859279476403,0.31587269886533914,18.199347751230064,0.002948152132193102,-0.016112152704575933,0.31586400726434744,0.06460189659912176,True
ST6GALNAC3,69784,0.19844689765181597,0.05135528849683237,0.05345013638155228,3.919256388357728,-0.0006784198550091251,0.0014260258235419122,0.05344967612805351,0.002337530659544667,True
STAT1,69784,0.4998391198538116,0.39578558030158023,0.5272220862311587,24.93000755509902,0.003249335347578804,0.002539964601215798,0.5272115280509503,0.14440527255029087,True
STAT3,69784,0.48029135889505303,0.3257091590743214,0.4224959025501922,22.90832713208919,0.0009099632479394779,-0.008192992181606655,0.42249507451707413,0.11324886503684471,True
STAT4,69784,0.21267085038687156,0.05196110710386401,0.05420636543264293,4.1420565847914865,0.001188773947665311,-0.007160446018200621,0.05420495224914386,0.0037533362553664414,True
STAT5A,69784,0.262610251293537,0.08470131172770974,0.08955479474219931,5.419568018062304,0.0008783929808436629,-0.0012636777990390334,0.08955402316797031,0.013202417802806867,True
STAT5B,69784,0.2784910101572191,0.09102361459048432,0.09834113766899531,7.440958333369007,0.0018372610689685472,-0.014718192876446596,0.09833776214076172,0.008750193498682326,True
STAT6,69784,0.3191701177959208,0.1356615994888595,0.15016742902663746,9.659770851643767,-0.00047703593081903475,0.00022785314013214992,0.1501672014633572,0.02304755240364189,True
STMN1,69784,0.5465872289267713,0.5997687359591962,0.8540248886982171,29.7715155733437,0.0015865484407169685,0.01904261433595761,0.8540223715622619,0.28021588676277753,True
SYK,69784,0.18875524644429617,0.0514955992518856,0.05292799524628043,2.7063106919688162,0.0008266886722270425,0.0030755875435850297,0.05292731183211949,0.0041748941171449476,True
TACSTD2,69784,0.17700869048189352,0.03277007848035408,0.033731046049403045,2.8489112600941002,-0.0005869091783950126,0.005909929024756521,0.03373070158701957,0.001588753130788802,True
TAGLN,69784,0.26367440792695485,0.08900610160489415,0.0956129702692282,6.910012988541547,-6.73375357974632e-05,-0.0024664012441124625,0.09561296573488377,0.005720346889957555,True
TAP1,69784,0.3962236035154043,0.21897164222591667,0.25952005304211445,15.62438445156208,0.0010445467392321123,0.014975687460223425,0.2595189619642265,0.04120452130941944,True
TAP2,69784,0.35946949723295074,0.1712664126661303,0.19565871876544935,12.466761641509017,0.00045037753371816294,-0.02883757968892022,0.19565851592552466,0.027136087277028056,True
TBX21,69784,0.13336452360709314,0.024100934068690644,0.024520840720754212,1.7124480226657246,2.3813936917023088e-05,-0.0037766888101991884,0.024520840153650726,0.0003821836077651691,True
TCAP,69784,0.29882422903528894,0.11647433949280532,0.12782497527327522,8.879826306403372,0.0016527797761592626,0.0068688985830743345,0.1278222435922861,0.012785448421155417,True
TCF7,69784,0.21644029090987216,0.0538564849041295,0.054641532241764476,1.4367227737346333,-9.159941602488471e-05,0.04196402659484051,0.0546415238513125,0.002317035645660976,True
TCL1A,69784,0.18715884640238373,0.04093640591469885,0.04229814501677474,3.2193825557500277,0.001328488960896325,0.012353871097649098,0.04229638013385589,0.0014975226468944176,True
TEK,69784,0.14308262769564853,0.025575244759535036,0.025990157135136707,1.5964211891614233,0.0004680721481823633,-0.010334366437983099,0.02598993804360018,0.000494273689287986,True
TFEB,69784,0.296192045983125,0.09778651757875667,0.10678459646980347,8.42638281972744,0.0009542697307974131,0.012177478700975956,0.10678368583908367,0.012642898320454886,True
TGFB1,69784,0.22655530479050554,0.04644164620561856,0.048501775887774545,4.247534537545183,-0.00043963987352934014,0.0010062636443007335,0.04850158260455612,0.004979954035162673,True
TGFB2,69784,0.17649695225834466,0.036326572783354626,0.0367773762366894,1.225762953924503,0.00011566238580108249,-0.024850862291405047,0.036777362858901916,0.0017897755159425718,True
TGFB3,69784,0.22844377688610362,0.06013578489376516,0.0633702454413084,5.104068202700751,-0.0005812645968505443,-0.0037502503757984615,0.06336990757277686,0.004282064603675392,True
TGFBI,69784,0.23989253267433258,0.06678904733540657,0.0706121193009865,5.414186691216516,-0.0010159428809130668,-0.010616151383049886,0.07061108716104857,0.005770992568299955,True
TGFBR1,69784,0.2328247933386048,0.0639958081773009,0.06490911016132078,1.4070474572059677,0.0013027274337340205,-0.04862916063162654,0.06490741306255353,0.004896905243667506,True
TGFBR2,69784,0.3168863826748113,0.13247208663210697,0.14724250354949484,10.031354100429867,0.00025383135594045787,-0.0016111465214673614,0.14724243911914098,0.013961691077017951,True
THBS1,69784,0.29783560493121125,0.1044793263673428,0.11427664466404794,8.57333388244591,-0.000131188035668972,-0.013796722623724323,0.11427662745374821,0.012780600538485124,True
THBS2,69784,0.17604580536484257,0.03735228065215823,0.038509721875979876,3.005581882801367,-0.000835629650005678,0.0015676883304747665,0.03850902359906835,0.0016088671000054487,True
THSD4,69784,0.2884971556417844,0.11403941313443543,0.1240317866161264,8.05630052932882,0.0018061439347734532,-0.015500665712613384,0.12402852446021154,0.011547956728630373,True
TIE1,69784,0.21646439964933326,0.06068473029476867,0.0635716326725979,4.541180171818371,-0.00010344655664363723,-0.0028404507831251073,0.0635716219714088,0.0040658532393701395,True
TIGIT,69784,0.18954584622223453,0.05454713478815004,0.05629227086465925,3.1001344406676234,8.962546101229242e-05,-0.013754466041595545,0.05629226283193519,0.0012756562891876263,True
TIMP1,69784,0.5720213998635423,0.5742864635461936,0.8511896422339442,32.53131440380539,0.004747859703913497,-0.017438831962589534,0.8511671000621779,0.31522307741391536,True
TLR1,69784,0.19923694592204638,0.05191952700461948,0.05404454888909633,3.9319819078100893,0.0018150483980983287,-0.0015837057418169977,0.054041254488406895,0.0018374388301497734,True
TLR2,69784,0.25706958868468066,0.07815125476400271,0.0833636824406372,6.252636068885542,0.00041901000699485976,0.009954121761009264,0.08336350687125128,0.007844969027246181,True
TLR3,69784,0.19105513621099443,0.04484937140200666,0.04629072154318327,3.1136912390359206,0.00018730107438625113,0.006488734986422733,0.046290686461489976,0.0030860110632476402,True
TLR4,69784,0.19777999064593266,0.04506148392140321,0.046822556543994115,3.7611628936498054,-0.0008723229716702652,0.007168961995255442,0.0468217955966272,0.0020571442440684403,True
TLR5,69784,0.24667712319761548,0.06888163452321047,0.07327425520371117,5.994766740772306,-0.0008490949776909786,0.006997002966294911,0.07327353424142967,0.0041592052461937945,True
TLR7,69784,0.1812954298739876,0.03821107070017979,0.03917830046135247,2.468789482399325,0.00024206899359538702,-0.014391342446637841,0.03917824186395391,0.002134433048421296,True
TLR8,69784,0.13827670314194532,0.025394075921180464,0.0258533969025586,1.7766368694578705,9.15367626145723e-05,-0.0037390810734470987,0.02585338852357959,0.0007152264276969404,True
TM4SF1,69784,0.42087027894143203,0.2934033541843578,0.3549835385183245,17.347335200668134,0.0024358021766101084,-0.021801940085402056,0.35497760538608325,0.077014321569307,True
TNF,69784,0.16726680197929078,0.03569396464609431,0.036438595467834546,2.043522293271549,0.0001940937149275966,0.014895999543829513,0.03643855779546424,0.0015676791307136242,True
TNFAIP6,69784,0.20166177103291816,0.04798040855726775,0.04940101014135348,2.875652906733883,0.0006649862175415952,0.02219890658697236,0.04940056793468449,0.0031368786524953777,True
TNFRSF10A,69784,0.14136106114387278,0.020667990237392832,0.020910055406433863,1.15764958215534,5.2594275498950847e-05,-0.012837434720028473,0.020910052640275907,0.0005543365830107302,True
TNFRSF10B,69784,0.24946259937068577,0.0676894460106534,0.07183976454559014,5.777188387502186,8.159818045114222e-05,0.002114918216250245,0.07183975788732949,0.007165097280498029,True
TNFRSF10D,69784,0.18961142119234436,0.045340532787355704,0.0469479260291015,3.423779020077322,0.0006325696175955351,0.009579778042356784,0.04694752588478054,0.0017637928637231604,True
TNFRSF11A,69784,0.23272173187754097,0.06078682298391633,0.06409378070122639,5.159561007526559,0.0005235364369148646,0.010754675380393942,0.06409350661082727,0.00444320487095364,True
TNFRSF11B,69784,0.31808557772458584,0.1153410002530524,0.12809238157043762,9.954831943204434,-0.0004001094745182737,-0.013471352632415771,0.12809222148284394,0.014403505112277367,True
TNFRSF12A,69784,0.37959835875980347,0.24209206226013946,0.2820640521342384,14.17124570523992,0.0020850993762059483,0.02198302898724471,0.28205970449482953,0.047667639578523865,True
TNFRSF13B,69784,0.1406612447020187,0.026060130343876223,0.026483171433480404,1.597395880877639,-1.3916852631919306e-06,-0.007209958000429752,0.02648317143154313,0.0008933720516566423,True
TNFRSF14,69784,0.4246489868752971,0.27997037980713296,0.3396372571726263,17.567824526143383,0.004492700487720328,-0.022426831811892513,0.3396170728149661,0.07671726150940669,True
TNFRSF17,69784,0.1503186998745621,0.026207536159477487,0.026788061144260317,2.167103403477244,0.000636302260836798,-0.0023605981353160763,0.02678765626369356,0.00042351789863528044,True
TNFRSF18,69784,0.21654340867086977,0.06630256786239772,0.06955181700701417,4.67169555654997,-5.573973104069023e-05,-0.0003905759696699965,0.06955181390009721,0.0036690027189208154,True
TNFRSF19,69784,0.12871522895643386,0.01891762010240907,0.018789787029494423,-0.6803327398761327,-0.0007570317414304481,0.018419030791042953,0.01878921393243689,0.0006826418370148367,True
TNFRSF1A,69784,0.42798661099484386,0.28498262321697826,0.34837351948766154,18.19624418179363,0.0024997154179207575,-0.003930279840174992,0.34836727091049335,0.07411392032782615,True
TNFRSF1B,69784,0.21603075642739364,0.062738904714047,0.06573543861804541,4.558475560511155,0.0006598659426872437,-0.007509250607136723,0.06573500319498538,0.0028257508297023126,True
TNFRSF21,69784,0.35735559667506456,0.135420421863846,0.15471867659760144,12.473125519259142,-0.0005631953440277754,-0.02198028918496902,0.15471835940860468,0.020088745874226453,True
TNFRSF4,69784,0.1726400716163796,0.04211912346904654,0.043356867581007395,2.8547821395267237,-0.0007052620291832895,-0.004523769064888505,0.04335637018647888,0.0017895323043275056,True
TNFRSF9,69784,0.16227115171591122,0.035229351833181884,0.03562094897323248,1.0993450521064596,-9.317585879644916e-05,-0.023116586691641787,0.03562094029149202,0.0007069578614679612,True
TNFSF10,69784,0.2855892616330794,0.09556850306099805,0.10361858185201371,7.76895287228756,-0.0012003277460157797,-0.004747603449807772,0.10361714106531746,0.012471635816037828,True
TNFSF12,69784,0.24280608170594015,0.06223774916691079,0.06602952693280603,5.742548738466491,-0.0005077196670127929,-0.010530547832493728,0.06602926915354572,0.0040026368162631495,True
TNFSF13B,69784,0.20456880972869113,0.05236408463781507,0.05438098331873902,3.7088308409255144,5.956713477911704e-05,0.014990921189264721,0.05438097977049595,0.001739879534788843,True
TNFSF14,69784,0.17908729211660065,0.04916219512278284,0.05028880633867011,2.2402822773324615,-0.0005890582473018663,0.02128375551638676,0.05028845934905307,0.0018507717123655031,True
TNFSF15,69784,0.16887239237284357,0.03766511851038137,0.0385831493383411,2.3793569050296726,0.00016969778126264321,0.01343139976875458,0.03858312054100407,0.0009384621271044344,True
TNFSF4,69784,0.21921037849059344,0.06117349219092352,0.06409786133197566,4.562350568775219,0.000241126225831844,0.004666103420378308,0.06409780319011828,0.004511767902780443,True
TNFSF8,69784,0.18294963753941507,0.04677959911483932,0.04837262249397603,3.293233438677201,0.0005466901070179844,-0.002406836483749485,0.04837232362390292,0.0012990263078172424,True
TNFSF9,69784,0.16438860157977425,0.03702407879301489,0.037924511781533964,2.3742770736405627,0.0010901259034820808,0.009670456043571038,0.03792332340704876,0.0015382959563591556,True
TNNC1,69784,0.23564807428546836,0.08602195684259449,0.09056294461517367,5.0141785825042025,-0.00047620867081024935,-0.007599243907044702,0.0905627178404732,0.008432822278845826,True
TNNT2,69784,0.18485846560073202,0.04094942670255317,0.04229967083310351,3.192091342454706,-0.00022611631737975207,0.008316437068746471,0.042299619704513354,0.001108556285971743,True
TNXB,69784,0.27950844718580325,0.10817031505104155,0.11721856296930122,7.71912544315132,0.0008061966332125989,0.009692263847328962,0.11721791301628985,0.010255830681214764,True
TOP2A,69784,0.3458705497196168,0.3891743518635333,0.44150456663719156,11.852700680367112,0.0020190327005806994,0.014650354956627015,0.44150049014415066,0.06148712036931623,True
TOX,69784,0.2551825925726067,0.08632641178539521,0.09219573500025136,6.366154806228453,0.0005452917133068582,-0.010656837524872781,0.09219543765719906,0.006479723369319191,True
TP53,69784,0.18074496397126183,0.04278759148797015,0.04422983286150708,3.260788658308711,-0.0004591528817611551,0.0007403590127605371,0.044229622040137466,0.0015381405139930882,True
TPI1,69784,0.559183823546584,0.43866877745884963,0.6375270172927342,31.192127461254636,0.004690169004541287,0.022097259158328147,0.6375050196074434,0.21216728979707142,True
TPM1,69784,0.5265107494995709,0.5175866180050528,0.711028454039774,27.205920513541127,0.0042084609209051115,-0.05499366339631135,0.7110107428964466,0.20894700619534917,True
TPM2,69784,0.38189074099860704,0.24627371055923486,0.28777559932595975,14.421614919378978,-0.00012127167995706086,-0.007122878894420938,0.2877755846191399,0.05076921639920995,True
TPSAB1,69784,0.21905129512463503,0.06559348179859538,0.06874294148328786,4.581502648469216,2.12985407687048e-05,2.4350473261574436e-05,0.06874294102966153,0.004850012045467211,True
TPT1,69784,0.5414573307422965,0.5492328673277128,0.7740534952132891,29.044585325931173,0.00600808598836759,-0.03884248691221962,0.7740173981160531,0.23779796151374508,True
TSC22D1,69784,0.3774549371348168,0.17848690471932852,0.20780640930981673,14.10904730410697,0.0014336544498895186,-0.003498811851144879,0.20780435394473326,0.03546841544221961,True
TSHZ2,69784,0.294543569563794,0.08921184798406204,0.09742350284323005,8.428823250568062,0.0025684832177085095,0.012273891607414114,0.09741690573719305,0.010872349505278297,True
TTN,69784,0.3369694256582462,0.15407585601494825,0.1736657759534341,11.28024208047681,0.002115021181845561,0.013136904489572067,0.17366130263883311,0.020705237967581863,True
TTR,69784,0.5298109976652062,0.5778903204606621,0.802224182604103,27.963986502529735,0.0009199980262867234,-0.01529167633854723,0.8022233362077452,0.24878579911881174,True
TUBB,69784,0.5992501423061112,0.6694732581585188,1.0440858167044416,35.879479689548134,0.003443343602022651,-0.009889108445754809,1.0440739600892837,0.3900389169767043,True
TUBB4B,69784,0.5372976323972763,0.5727473775883108,0.8044991821053353,28.80696583314618,0.0018338621248622752,-0.009435160072626821,0.8044958190550465,0.25124865976249094,True
TWIST1,69784,0.21099593828476457,0.056777363902945494,0.05927773799027837,4.218065958830852,-0.0009197436497734321,-0.00393483607163968,0.059276892061898026,0.003942304373675112,True
TWIST2,69784,0.2467502435313183,0.0653501681161114,0.06909176596959682,5.41540341454273,0.00014264088251729303,0.010773591717248064,0.06909174562317381,0.006992887055638086,True
TXK,69784,0.2192664239663229,0.06071967735077252,0.06373825008236624,4.735888932772614,0.0012187359650228243,-0.004972815539328176,0.06373676476501529,0.0034034784358871434,True
TYK2,69784,0.2980563398663776,0.1014846258820267,0.11061564905807325,8.254730007734047,0.0016138016704393475,-0.008080675239084009,0.11061304470223812,0.015304049607612464,True
TYMS,69784,0.420448769371846,0.2934544649940657,0.3560306584469277,17.576068793016596,-0.0005848662993728356,-0.005994200380380904,0.35603031637833543,0.07242589240272182,True
TYROBP,69784,0.2555316284259419,0.09580205465641445,0.10247532846008679,6.512078471913885,-0.001716782952716806,0.0010361963002607257,0.10247238111637934,0.007298038466628332,True
UBA52,69784,0.5511034984072772,0.3936101639319076,0.5645133820730157,30.274431673083523,0.0044416963159833005,-0.012244893671152744,0.5644936534068546,0.18566690800912633,True
UBE2C,69784,0.37156578529920997,0.359717564673697,0.41721769818823634,13.781805940695502,0.0004569095050463173,-0.002813502692134465,0.41721748942193465,0.062268841621724816,True
UPK3A,69784,0.13968118880981698,0.024520773827219206,0.02500860436072515,1.9506507699088682,-0.0008024121106702718,-0.0011040441215083782,0.025007960495530418,0.00045299752385862804,True
VCAM1,69784,0.25492637838810156,0.0891375943138633,0.09525532856037769,6.422458815662635,-0.0009408305600587892,-0.0003224871649893598,0.09525444339823631,0.007608957651506953,True
VCAN,69784,0.11801120679092908,0.016125562677688547,0.01612853876223872,0.018452288790982152,-0.00017791776867160812,0.013763380941464605,0.016128507107506542,0.0004085758373594065,True
VEGFA,69784,0.5154640644571974,0.526056192155072,0.7137583579489115,26.2977187872418,0.0036978409216141027,-0.03897477639682907,0.7137446839214154,0.19989137041194213,True
VEGFB,69784,0.4388933139453118,0.24105287416767548,0.29756365795832707,18.99115778398105,0.0003678522065365573,-0.028036598206857423,0.2975635226430859,0.05675193024212387,True
VEGFC,69784,0.14658584601126373,0.029416143876774648,0.030056924395866227,2.131889845588142,0.0003283011463215479,-0.0018719181171628545,0.030056816614223457,0.0006753459540330311,True
VEGFD,69784,0.24092031475196493,0.06746502806031661,0.07143012263706729,5.551011856576404,0.0018208095171586727,0.0022074204313209077,0.07142680728976972,0.006075842257974824,True
VHL,69784,0.43986173579573584,0.2233682431404601,0.27650945587881837,19.218587866900172,0.0013728947656821264,-0.0030023339469237285,0.2765075710387837,0.06236474392412619,True
VIM,69784,0.29805114192776055,0.1585778569475027,0.17364145870048214,8.675118180712238,-0.0022370183929437126,0.009081823794704192,0.17363645444919004,0.01949667031216196,True
VPREB3,69784,0.21305599570671982,0.04874983355145275,0.0508706348097355,4.1690088323349865,-0.0008373962274109717,0.010599290415645767,0.05086993357729359,0.0031007671910987726,True
VSIR,69784,0.2657067296996136,0.10089739249514108,0.10847559829541098,6.98609265065514,-0.0015470953514088626,0.007498538708568937,0.10847320479138665,0.007525542379614801,True
VTN,69784,0.6113791297797518,1.121474978696908,1.7708151640686909,36.66899846734057,0.012714819953233775,-0.09793954290160069,1.7706534974222596,0.6956004939165182,True
VWA1,69784,0.31730217802765104,0.1354505147479686,0.15024626997927149,9.847668919397579,0.0009973828382828524,0.012630136285585125,0.15024527520674594,0.01877352409887665,True
VWF,69784,0.2069966741516823,0.047712701323313816,0.04975204438853335,4.099013598905598,-0.00038886021181666,0.005280108732404855,0.04975189317626902,0.0029099547642306616,True
WIF1,69784,0.164760439422161,0.03468859209537144,0.03518036227330696,1.3978542179727715,-0.0002558254699282426,0.019485373831210268,0.03518029682663577,0.0015587731045543052,True
WNT10B,69784,0.18914252215342228,0.0414164880919776,0.042886440789558625,3.427546493760103,0.0008438635435137716,-0.007120021949651384,0.04288572868387891,0.0014376952965675302,True
WNT11,69784,0.17222407554410044,0.03529319721912382,0.036358593498608364,2.9302461315653394,0.00016964185861442513,0.002549091547152755,0.03635856472024695,0.0009070931953243748,True
WNT3,69784,0.2846387811273725,0.09754949474468003,0.10491175860134269,7.017577395341124,0.0016734985194593807,-0.03168655185508932,0.10490895800404922,0.00949011939580001,True
WNT5A,69784,0.14972503514268462,0.027254214584300784,0.027787623941180662,1.9195932621262402,5.493777219317559e-06,0.0051740812639044205,0.027787623910999752,0.0010813399525012013,True
WNT5B,69784,0.22145154093930403,0.06696518973632384,0.06991575754843907,4.220175702267137,-0.0003978900989780428,0.014309695444539468,0.06991559923190993,0.005586283582337751,True
WNT7A,69784,0.17103875158419954,0.03242725697251438,0.03334679304229433,2.7574947570330854,-0.0008896229557832228,0.005984270216551314,0.033346001613291605,0.0011777400773718943,True
WNT7B,69784,0.24677110616733583,0.07152576800533264,0.07610764785962487,6.020262067148874,0.000706499744927126,0.0027810805893990946,0.07610714871773437,0.0037310965899229618,True
WNT9A,69784,0.2515962664992543,0.07428917813922677,0.07836224318870781,5.197739222028785,-0.00020917799957135012,0.01020380833352124,0.07836219943327331,0.009670611970018294,True
XBP1,69784,0.4854482183315701,0.36041324635396654,0.46996572866388164,23.310738555633435,0.001124445952341186,-0.025417415791349814,0.4699644642851801,0.1260731432644143,True
XCL1,69784,0.2995322323500022,0.14255955004086182,0.15578625764563864,8.490291637188651,-0.00041337708566667946,0.005103290915029248,0.15578608676502578,0.02104213592080589,True
XKR4,69784,0.1546928429958728,0.023562774409588674,0.023905941136007944,1.4354872057405932,-6.553056842790454e-05,-0.013058700214377566,0.0239059368417522,0.0010029325322980713,True
YBX3,69784,0.5208186472267791,0.39547025924595414,0.5424223300391472,27.09181806408806,0.003688903223696695,-0.003704548512078081,0.5424087220321555,0.15622406765942043,True
YES1,69784,0.2952044122675277,0.1030463802299908,0.11283428051100966,8.674580310780467,0.00038368706884500865,-0.0036596955837269827,0.11283413329524242,0.008795721252920802,True
ZBTB16,69784,0.48216627984535726,0.47261397525576654,0.6146146966486123,23.104023084243043,0.005073099797176246,-0.021652753527716256,0.6145889603070599,0.1535790818490447,True
ZFP36,69784,0.46109159304799624,0.37027004382713147,0.4680815201437144,20.89624821901792,0.0020743282607119267,-0.03359292228315141,0.4680772173059789,0.11313297627743725,True
