gene,n_cells,PCC,PCC_defined,PCC_status,benchmark_PCC_with_floor,MSE,MSE0,observed_mean,predicted_mean,observed_variance,predicted_variance
AATK,30000,0.24702132638302057,True,defined,0.24702132638302057,0.06539157988884214,0.06940763310931908,0.001017067617053787,0.009004311391121397,0.06940659868277951,0.0027640625564513688
ABL1,30000,0.34994790566550366,True,defined,0.34994790566550366,0.11971515920642825,0.13639828587311242,0.0010618759947518509,0.0021547570717870257,0.1363971582924882,0.017894075379138213
ABL2,30000,0.3058057633565016,True,defined,0.3058057633565016,0.08990258219527414,0.09846674011047973,0.004519892939863106,-0.009681361484578035,0.09844631067829292,0.005547093581177324
ACACB,30000,0.41638136584132607,True,defined,0.41638136584132607,0.18633339722797204,0.22540942720051219,4.884683464964231e-06,0.001742990492893538,0.22540942717664894,0.0386941360295583
ACE,30000,0.29754140032491366,True,defined,0.29754140032491366,0.09322221831236321,0.10183344161170006,0.0007145554449409247,0.01992364980331525,0.1018329310222149,0.007917059300601591
ACKR1,30000,0.21671925313006052,True,defined,0.21671925313006052,0.04954264868828897,0.051949582111524874,0.0009483506337429087,-0.0010151489141125543,0.0519486827425982,0.003010949124464178
ACKR3,30000,0.23146925076983652,True,defined,0.23146925076983652,0.060835835292131615,0.06398952597477006,0.0013947623902310928,0.013956125911534764,0.06398758061264193,0.004823469461774364
ACKR4,30000,0.24493175199049397,True,defined,0.24493175199049397,0.07122205316583037,0.07567458751174913,0.0006578551359474659,0.009254604954560637,0.07567415473836785,0.0040529253538597295
ACP5,30000,0.35939426402013336,True,defined,0.35939426402013336,0.12085569306139844,0.13860028499313506,-0.0004147177870074908,0.012145270938825949,0.13860011300229247,0.0179203078005198
ACTA2,30000,0.34737705034650385,True,defined,0.34737705034650385,0.09183970226251296,0.10422202242011375,0.010781312369431058,-0.0020209077513505085,0.10410578572370746,0.010114258297282562
ACTG2,30000,0.17784505921842766,True,defined,0.17784505921842766,0.032440754129294924,0.033497392940635404,0.0008104222433020672,-0.0001612275536346715,0.033496736156423276,0.0009582995901619444
ACVR1,30000,0.36203638745482264,True,defined,0.36203638745482264,0.12086705441419264,0.13907162860574834,0.004657378301645318,0.008436538970590724,0.13904993743310426,0.016820729966955092
ACVR1B,30000,0.42243887691658105,True,defined,0.42243887691658105,0.17929775407911902,0.21813675187714696,0.0022946907381216687,0.001660284061335066,0.21813148627155632,0.03522526005258911
ACVR2A,30000,0.29576312048546044,True,defined,0.29576312048546044,0.07627307534779364,0.08341178884405878,-0.0006399933451165756,0.0007031059251292996,0.08341137925257917,0.005316536086330789
ACVRL1,30000,0.3384241747468093,True,defined,0.3384241747468093,0.10301271635618317,0.116125333176242,0.0018775119555493197,-0.0005561590991118768,0.11612180812509844,0.010350964319087688
ADGRA2,30000,0.22163364559198215,True,defined,0.22163364559198215,0.06261797194230434,0.06582943396840722,-0.0007967387494941553,0.0036616537070445097,0.06582879917577109,0.003042733392587796
ADGRA3,30000,0.3002194508165292,True,defined,0.3002194508165292,0.07240525218743127,0.07934780032389974,-0.0004292148924122254,-0.01487964513550396,0.07934761609847525,0.007278657268942582
ADGRE2,30000,0.19638199542893567,True,defined,0.19638199542893567,0.041304896421834436,0.042954059967944165,0.0015756656020258864,-0.00036834706896333953,0.04295157724585647,0.0014629895184528564
ADGRE5,30000,0.3429208767456776,True,defined,0.3429208767456776,0.12531762008249636,0.14186269782234415,0.003614314455787341,0.0025159730936031945,0.1418496345533641,0.01369066257721525
ADGRF1,30000,0.22704975606208583,True,defined,0.22704975606208583,0.05130334809881886,0.05404700265158671,-0.00023351834279795487,-0.004402490952480002,0.054046948120770155,0.00228120788423993
ADGRF3,30000,0.21791806613814216,True,defined,0.21791806613814216,0.05068267161475088,0.05320954767872199,0.0012666041770329078,0.00022098902097253206,0.05320794339258267,0.002589830430101769
ADGRF5,30000,0.20855501445654626,True,defined,0.20855501445654626,0.04528846541468901,0.04734159502549615,0.001221240660486122,0.0002627800053480314,0.04734010359674724,0.001834018411456103
ADGRG1,30000,0.3610501357078168,True,defined,0.3610501357078168,0.1315843605817798,0.15085144226021333,0.002000092249115308,0.021420803074313637,0.1508474418912082,0.01831949712189939
ADGRG3,30000,0.25698928909608715,True,defined,0.25698928909608715,0.06366598481255371,0.0681660349822397,0.001141529403999448,0.0021173991133711144,0.0681647318928594,0.0043077747771934904
ADGRG5,30000,0.17726811403511367,True,defined,0.17726811403511367,0.02872782136375802,0.029536682557957883,-0.0006941679863880078,0.008387253186186232,0.029536200688765567,0.0013375345999270894
ADGRG6,30000,0.2881607800805686,True,defined,0.2881607800805686,0.07640580171673751,0.08300871063809902,0.0016479803904270133,-0.009208871385314463,0.08300599479873423,0.0048737775503853
ADGRL1,30000,0.2063839942478383,True,defined,0.2063839942478383,0.04521786946874747,0.04710402456524077,0.00033845116011798384,-0.008559378794271228,0.04710391001605359,0.0014728474867236076
ADGRL2,30000,0.212458438402586,True,defined,0.212458438402586,0.045010844400047344,0.047056074168313124,0.0010747084566702445,0.00040733108650601934,0.047054919170045596,0.00138176220619674
ADGRL4,30000,0.16667583038328176,True,defined,0.16667583038328176,0.028085814738682706,0.02888180832965466,0.0007650624595582485,0.0032965587051653226,0.028881223009087204,0.0007617198998700192
ADGRV1,30000,0.13663887420903478,True,defined,0.13663887420903478,0.02259832745210664,0.02297794476718247,-9.367017466574907e-05,0.004576932643877808,0.022977935993079696,0.00023903576843587937
ADIPOQ,30000,0.15095021160919775,True,defined,0.15095021160919775,0.025943820888414595,0.026408249120329765,-0.0011027324952806036,-0.008176008175385262,0.026407033101372795,0.0011516132113360176
ADIRF,30000,0.4812068609878081,True,defined,0.4812068609878081,0.26798492268010454,0.34823894223721646,-0.0004995634533464908,-0.003999375108839013,0.3482386926735712,0.07005415984177067
ADM2,30000,0.22113239873335033,True,defined,0.22113239873335033,0.0455280200459688,0.04786114755311099,-8.64027429992954e-05,0.0011709787591195587,0.047861140087677896,0.002115346698638979
AGR2,30000,0.1881919793731943,True,defined,0.1881919793731943,0.03525821193144211,0.036531682047271544,0.0010871815579632919,0.0056035141406270365,0.036530500083529524,0.001369856293420605
AHI1,30000,0.2768547631544576,True,defined,0.2768547631544576,0.06963049079333332,0.0751242619952253,0.0017724493770549694,-0.011540742827352369,0.07512112041843039,0.007288161103894835
AHR,30000,0.29196741462212145,True,defined,0.29196741462212145,0.07849471009192441,0.08574905776170488,0.0018201994529614845,-0.0005289348107995465,0.08574574463565898,0.00611928208254657
AIF1,30000,0.24785277853900528,True,defined,0.24785277853900528,0.06771447834454625,0.07203760793961267,0.0028691400744641823,0.007421425440514577,0.0720293759748458,0.0032574462086583426
AKT1,30000,0.49087404808133583,True,defined,0.49087404808133583,0.21852970529208607,0.287092012226885,0.007063107395047943,0.0288820624345671,0.2870421247408154,0.06235506820104319
ALCAM,30000,0.1896454775609943,True,defined,0.1896454775609943,0.0351437940983031,0.03643190308229482,0.0007094854728629192,-0.003281296635917776,0.036431399712659365,0.0015049318937372619
ALOX5AP,30000,0.23622646080917126,True,defined,0.23622646080917126,0.06499308173940811,0.06878043074448315,0.0012716409580161175,0.008504484160831391,0.06877881367375564,0.00382335529666438
ANGPT1,30000,0.23976880872169412,True,defined,0.23976880872169412,0.043202596666399085,0.04580748008660304,0.0020289297136167686,0.0016726774175772638,0.045803363530821165,0.002082223104542492
ANGPT2,30000,0.13132634910039467,True,defined,0.13132634910039467,0.03270224335737439,0.03324665560871933,0.0013203187761828303,-0.002290599346006638,0.03324491236704832,0.00038979701088165316
ANGPTL1,30000,0.26458993418957016,True,defined,0.26458993418957016,0.06479146491273294,0.06962499047530327,0.0017300570228447516,-0.004150289014969409,0.06962199737800386,0.004464771216314665
ANKRD1,30000,0.21691175771356483,True,defined,0.21691175771356483,0.04670676582188311,0.048969233265867655,0.00342807117352883,-0.003237933942300636,0.048957481593897414,0.002034727234606428
ANXA1,30000,0.2681825250697251,True,defined,0.2681825250697251,0.067331839497042,0.07256671243072545,0.0049322989749411746,0.007284561187704094,0.07254238485754852,0.005383733650277769
ANXA2,30000,0.6347401781364009,True,defined,0.6347401781364009,0.5292607202348704,0.8857167842364929,0.020148445129891238,0.045212392422331805,0.8853108243953304,0.3530967894822112
ANXA4,30000,0.5860838999074829,True,defined,0.5860838999074829,0.3387306094868753,0.5152970816304643,0.0032471194451053936,0.014431230290754077,0.5152865378457795,0.1623340090506722
APOA1,30000,0.5845682111122628,True,defined,0.5845682111122628,0.8669746240787333,1.3196473350592457,-0.06786989274229854,-0.031892648328576856,1.315041012718388,0.44418871905228635
APOC1,30000,0.6853651116364381,True,defined,0.6853651116364381,0.6914328344725933,1.2998567305435456,-0.021552098962757737,0.02465532259691196,1.299392237573854,0.6359564702540283
APOD,30000,0.21107381248382576,True,defined,0.21107381248382576,0.046106234827275876,0.04824693087483089,0.0017566741513709227,0.0018077250778199716,0.04824384497075701,0.001843224322110141
APOE,30000,0.6777432450021607,True,defined,0.6777432450021607,0.7703191844246968,1.4123531801069609,0.007235416412369038,0.0891126841248013,1.4123008288563013,0.639232299890178
APP,30000,0.5360609144594389,True,defined,0.5360609144594389,0.3203355998037713,0.44860867882524835,0.0017234965534570316,0.01844598570835466,0.4486057083848744,0.11560834325618086
AQP3,30000,0.4036384349966963,True,defined,0.4036384349966963,0.18622836723626557,0.22242767220459078,0.0018751595319559176,0.0032206933139124886,0.22242415598131893,0.03385201745290674
AR,30000,0.510890182062521,True,defined,0.510890182062521,0.2781522603387153,0.3763263983446589,0.0058753482562179365,0.005438396108783005,0.3762918786275358,0.10374363694272185
AREG,30000,0.2409754611554419,True,defined,0.2409754611554419,0.051739623627561473,0.054922766721620685,0.0018390459643055994,3.7591598950287635e-05,0.05491938463156098,0.0029158991368648506
ARF1,30000,0.5979577536788868,True,defined,0.5979577536788868,0.36835498610993356,0.5721372516817717,0.005748349970082442,0.02499365491284213,0.572104208154404,0.18605975140437472
ARG1,30000,0.14708640623836589,True,defined,0.14708640623836589,0.023101852339760132,0.023339481038017907,-0.003182710601824025,-0.008385299285629299,0.023329351391241964,0.001465516008176657
ARHGDIB,30000,0.30582573596448637,True,defined,0.30582573596448637,0.1192611537906169,0.13176623355999992,0.015864572774618863,0.021421988149165797,0.13151454889067635,0.013209301304864758
ARID5B,30000,0.2592615019842552,True,defined,0.2592615019842552,0.0692055747776458,0.07416966248966776,0.003018054086714983,0.007068262713769218,0.07416055383919816,0.004480737324558007
ATF3,30000,0.20015810557009608,True,defined,0.20015810557009608,0.044589120804096355,0.046234567040734975,-0.0007903901882469654,-0.015180732420288647,0.046233942324086556,0.0019056753743649957
ATG10,30000,0.30640685978831617,True,defined,0.30640685978831617,0.08171457736575469,0.09005555936867403,0.0007546993784606457,0.005906516001547182,0.09005498979752247,0.0068188011108257255
ATG12,30000,0.30205322671237006,True,defined,0.30205322671237006,0.07663527811418239,0.08425303832436534,0.0012930935081094503,0.0028003832108147134,0.08425136623354566,0.0063048636251704275
ATG5,30000,0.3988379844865515,True,defined,0.3988379844865515,0.13860395403791786,0.16477495776718226,-0.00048813009780521193,0.004741048651803673,0.16477471949619657,0.027386461328192082
ATM,30000,0.3011112485868423,True,defined,0.3011112485868423,0.08791487921424293,0.09662398922554084,0.0024621730094775557,0.0028292577961120213,0.09661792692961077,0.007404228579388347
ATP5F1B,30000,0.5152181775458159,True,defined,0.5152181775458159,0.2832287440502004,0.38539548934560564,0.004131616370379925,-0.002957750473769071,0.38537841909176995,0.09604286099298177
ATP5F1E,30000,0.6392899523348552,True,defined,0.6392899523348552,0.4526579627457072,0.7657333480834951,0.01549561180844903,0.013424788039938237,0.7654932340981785,0.3091301114848764
ATR,30000,0.3557691808525123,True,defined,0.3557691808525123,0.11716235988049128,0.13386476908113404,-0.0005095081524302562,0.011937382566791105,0.1338645094825751,0.014610205441557295
AXL,30000,0.22582371418073485,True,defined,0.22582371418073485,0.05583527554914302,0.058800732929022444,-0.0003629030644893646,-0.004323660295273294,0.0588006012303857,0.0025567238365603474
AZGP1,30000,0.3372111475193557,True,defined,0.3372111475193557,0.09757761778281648,0.10973874530661211,-0.012028756534556548,-0.022861122885435663,0.10959405432284662,0.016835869298531324
AZU1,30000,0.21754253049045094,True,defined,0.21754253049045094,0.04444910429694061,0.046532407351349704,0.00013863264297445615,-0.009831445773437735,0.046532388132339446,0.0018076928242611436
B2M,30000,0.6871796396447382,True,defined,0.6871796396447382,0.6977803993289253,1.3218201736917927,0.02530678185124804,0.04260885813722076,1.3211797404841321,0.6026765225856292
B3GNT7,30000,0.2420931549524014,True,defined,0.2420931549524014,0.0539253594720255,0.057269254911671084,0.0016831560474820436,-0.000567647988688744,0.057266421897389945,0.0029964015298256865
BAG3,30000,0.3498689103231069,True,defined,0.3498689103231069,0.1060720656233278,0.1207771908051478,-0.0008658888217061759,0.0015682779283941878,0.12077644104169938,0.012769640370084994
BASP1,30000,0.22299463155913637,True,defined,0.22299463155913637,0.07181200251276132,0.07554394937069624,0.0005289175383746624,0.0022519403851920896,0.07554366961693358,0.00435199878987119
BAX,30000,0.4400986683921342,True,defined,0.4400986683921342,0.1893984610071672,0.23455837410309624,0.002334874404470126,-0.0014619536315420797,0.23455292246461595,0.03880473634116411
BBLN,30000,0.3956047160814351,True,defined,0.3956047160814351,0.12872883696740972,0.15228536625909916,0.0031529945303996405,0.01988055038966316,0.15227542488459064,0.023134340447164538
BCL2,30000,0.24713026877091904,True,defined,0.24713026877091904,0.07461212647641273,0.07932984386584317,-0.0005264242224395275,0.005817154039508508,0.07932956674338028,0.006232450165398402
BCL2L1,30000,0.4779596033969742,True,defined,0.4779596033969742,0.22509570724543487,0.2916031029770973,0.005246795132507881,-0.005833846183206576,0.29157557411793805,0.06530501811854575
BECN1,30000,0.3692403394471769,True,defined,0.3692403394471769,0.1206923572816761,0.13967708964234218,0.004500332760065794,0.0024036738278218157,0.13965683664739317,0.01677516978412362
BEST1,30000,0.21048828807565076,True,defined,0.21048828807565076,0.04557041730789543,0.04764999966358122,0.0003159952065596978,0.004814307934297055,0.04764989981060882,0.0018119363392383558
BGN,30000,0.3664540624984579,True,defined,0.3664540624984579,0.1365688421313431,0.1578645735230943,-0.01635591420729955,-0.009378195068484639,0.15759705759353287,0.02395735736315303
BID,30000,0.3668494874529071,True,defined,0.3668494874529071,0.1166103175023248,0.13460810572605994,0.002881844913586974,-0.008262473157581796,0.13459980069595226,0.01831741421004293
BIRC3,30000,0.43534353145708354,True,defined,0.43534353145708354,0.21151059200307185,0.2601500180461098,0.0040959507945924995,0.014448986432468518,0.26013324123320086,0.03925552599833487
BIRC5,30000,0.3066165228511905,True,defined,0.3066165228511905,0.09908966912179631,0.10935163148137593,0.0003893762353807688,0.0031390316603229925,0.10935147986752547,0.009614110759236516
BMP1,30000,0.26127440149328013,True,defined,0.26127440149328013,0.062474677816265756,0.06700639836800867,0.002457202644335727,-0.003659525626100367,0.06700036052317383,0.004143241859064239
BMP2,30000,0.22931367168117867,True,defined,0.22931367168117867,0.0487751829000216,0.05133239973677089,0.00015800096852084002,-0.009870728981169911,0.05133237477246351,0.0020711746224283175
BMP3,30000,0.17008700920971634,True,defined,0.17008700920971634,0.026153790178045085,0.026862372495100824,0.00015993087980896233,-0.006496741999533455,0.026862346917215056,0.0005268181402414306
BMP4,30000,0.21804838825071957,True,defined,0.21804838825071957,0.04506129015827921,0.04727252296662223,-0.0015745673606793085,0.003563981864599433,0.04727004370424946,0.0025922973032083216
BMP5,30000,0.19745498397206496,True,defined,0.19745498397206496,0.03382099124895173,0.03514028869748676,-0.0013112944390624762,0.003682951874358696,0.03513856920437986,0.0010094277569201564
BMP7,30000,0.15179469063169565,True,defined,0.15179469063169565,0.022253476767306393,0.022712399957688176,0.0004004900393386682,0.008049315593762246,0.022712239565415515,0.0006420130290297881
BMPR1A,30000,0.3060067254799424,True,defined,0.3060067254799424,0.07786488248165807,0.08542210685269251,-0.0010664516030500332,-0.0025559053154943587,0.08542096953367273,0.004685061974758573
BMPR2,30000,0.3203689117752617,True,defined,0.3203689117752617,0.0951371669891605,0.10599910974152126,0.0021785430486003557,-0.0009262669088755501,0.10599436369170774,0.010167471923624072
BRAF,30000,0.28364270952538817,True,defined,0.28364270952538817,0.07915862380492841,0.0860315341060868,0.0013606294304132462,0.008451581771651399,0.08602968279364234,0.006945800924244097
BRCA1,30000,0.2834751018171758,True,defined,0.2834751018171758,0.059652916891949015,0.06483010389507879,0.0019981924985845883,0.004865447340458438,0.06482611112181627,0.004474864512112779
BST1,30000,0.1518721880108561,True,defined,0.1518721880108561,0.030802420542484568,0.03125203748159703,0.0009582843280707796,-0.01537960774153277,0.031251119172744556,0.0006037093553900388
BST2,30000,0.5584941147921226,True,defined,0.5584941147921226,0.30516849913814126,0.44352806439967796,0.008017023921137055,0.0036870030417495096,0.4434637917271255,0.13606822769070687
BTF3,30000,0.5377123195803504,True,defined,0.5377123195803504,0.30760721445527067,0.4322358722159472,0.0061597683993478616,0.008262539244804065,0.43219792946922597,0.11176497889814327
BTG1,30000,0.49726096989434176,True,defined,0.49726096989434176,0.2889361169312165,0.38367668108391983,0.005785947709282239,-0.005878764198410014,0.3836432038930247,0.09761780484686049
BTK,30000,0.16649597869084937,True,defined,0.16649597869084937,0.02731832039232709,0.027977247684934987,0.0003419543261018892,0.0006631804885420328,0.027977130752172417,0.0014937168892756808
C11orf96,30000,0.32375088583256245,True,defined,0.32375088583256245,0.10152464802891625,0.11290316672990505,-0.014308839320205153,-0.037258677434940664,0.11269842384721142,0.009624261611440966
C1QA,30000,0.3053324004879084,True,defined,0.3053324004879084,0.14592858806961254,0.1609414769743988,0.006598446023712555,0.00113936059124923,0.16089793748447095,0.015248793285193242
C1QB,30000,0.34239678915823446,True,defined,0.34239678915823446,0.19552857746362926,0.2214130068361194,0.008133122358346978,0.019554962970972218,0.22134685915682822,0.026270154410908898
C1QC,30000,0.32568900325782163,True,defined,0.32568900325782163,0.15691251930713346,0.1750875180750622,0.007098392281929652,0.02547845677744869,0.1750371309020667,0.01588749670531659
C5AR2,30000,0.20576316599085887,True,defined,0.20576316599085887,0.04879215088512296,0.050941778701646186,-0.0015160908387973904,0.0015447136682875376,0.05093948017021296,0.002161231341377264
CACNA1C,30000,0.2060688201482758,True,defined,0.2060688201482758,0.038669941873726174,0.040348386829816195,0.0007878429248308142,-0.004129921164257394,0.04034776613334405,0.0014459790993269044
CALB1,30000,0.2548357420268761,True,defined,0.2548357420268761,0.060657601104701316,0.06476791146913934,0.0024767524210115273,0.01205877333341438,0.06476177716658418,0.003811058939887974
CALD1,30000,0.4606925838984884,True,defined,0.4606925838984884,0.22373728472201798,0.28241749409918626,0.009531607926885287,-0.026520456850288126,0.2823266425495066,0.0626877569774557
CALM1,30000,0.5438658001777233,True,defined,0.5438658001777233,0.2966194275126303,0.42125350625673247,0.011808985681335132,0.01080516544796216,0.4211140541139027,0.11890579781679682
CALM2,30000,0.6275900677803272,True,defined,0.6275900677803272,0.49123075346585343,0.8099606349133298,0.010425692973285914,0.008193020042885716,0.809851939839371,0.2982042127114634
CALM3,30000,0.5884762932336237,True,defined,0.5884762932336237,0.38820198544991463,0.5934088453868367,0.009958061120162407,0.014230964539661849,0.593309682405565,0.18909493630817112
CAMP,30000,0.2590695804193329,True,defined,0.2590695804193329,0.0712292778045561,0.07635309343375841,-0.0015431031395991644,-0.0005137845812559439,0.0763507122664589,0.004926939892350769
CARMN,30000,0.24721445417126625,True,defined,0.24721445417126625,0.06125354728000151,0.06513698933941935,0.0013778008210162322,-0.006957847837153046,0.06513509100431901,0.003322708803703793
CASP3,30000,0.31772022233452213,True,defined,0.31772022233452213,0.08105049563291729,0.08960714292808994,0.003654050034036239,-0.01590435727810594,0.08959379084643372,0.007093544861050791
CASP8,30000,0.2498656370300396,True,defined,0.2498656370300396,0.05435340900943368,0.05792456294409156,0.0021079601047250133,-0.0014705808933572068,0.05792011944828928,0.0029251102939725185
CASR,30000,0.20455134911753337,True,defined,0.20455134911753337,0.045103139823568804,0.04696134875205879,0.000687363527653118,0.009254522009556725,0.04696087628344054,0.0014834882823423826
CAV1,30000,0.4208272900024607,True,defined,0.4208272900024607,0.175149874463927,0.21280414960086147,0.003821710539609194,-0.00042816486787050965,0.21278954412940904,0.03970389581755321
CCDC80,30000,0.25290889451405835,True,defined,0.25290889451405835,0.05277933510850231,0.056336572788421094,0.0021008151647945246,0.006627406279818388,0.056332159364065215,0.0029770635546714375
CCL11,30000,0.21482276997831337,True,defined,0.21482276997831337,0.045602290405528316,0.047757192589361896,-0.0009296142373854915,-0.007794467031153424,0.04775632840673128,0.002361883434787653
CCL13,30000,0.21406295206971743,True,defined,0.21406295206971743,0.041090125065985666,0.043030992556172494,0.0005372663206110398,0.004564901236528142,0.04303070390107482,0.0016429081440111515
CCL15,30000,0.4182945050722725,True,defined,0.4182945050722725,0.14361526346908035,0.17368777170268773,-0.0002324750617146492,-0.00837391556535343,0.17368771765803095,0.025112911153378905
CCL17,30000,0.24116321761854095,True,defined,0.24116321761854095,0.052482295793385904,0.05569431656459228,0.0015563137402758002,0.0027439042049304894,0.05569189445213523,0.002664575832465484
CCL18,30000,0.19006709589974943,True,defined,0.19006709589974943,0.04091234635362705,0.042448836396,0.002885381065309048,0.0032800784500849355,0.04244051097210753,0.0017107672196002113
CCL19,30000,0.2233991397924552,True,defined,0.2233991397924552,0.05206491026219722,0.05471759836099153,0.00017914909049868583,-0.005140806419716682,0.05471756626659629,0.0020427882350555586
CCL2,30000,0.24606779100042894,True,defined,0.24606779100042894,0.060298340858302775,0.0641142180251648,-0.0025039270543803773,-0.0066853559867614725,0.06410794837446979,0.0030155310059251676
CCL20,30000,0.24879613074876847,True,defined,0.24879613074876847,0.07801309146352385,0.0831024041619337,0.0007486864289268851,-0.0004106022990929584,0.08310184363056014,0.004145038311505513
CCL21,30000,0.2499327025209009,True,defined,0.2499327025209009,0.06168646210798816,0.06525391715016965,-0.0054562170082082355,-0.025648278799059336,0.06522414684612704,0.002753780531450546
CCL22,30000,0.20270537218751708,True,defined,0.20270537218751708,0.03993409633253168,0.04155602493260195,0.0005541966447606683,0.003935793633534922,0.041555717798680884,0.0010688809556120148
CCL26,30000,0.1638836036621315,True,defined,0.1638836036621315,0.02849151198515583,0.029133790574827557,0.0012776334522292018,-0.010268517771779928,0.029132158227589494,0.000628109048511576
CCL28,30000,0.36862367675146657,True,defined,0.36862367675146657,0.1360630946897307,0.15725490989862845,0.005490276257197062,0.014732237576664193,0.15722476676524708,0.018317298278578056
CCL3,30000,0.2002003025712966,True,defined,0.2002003025712966,0.04396950484712292,0.045784846531761514,-0.0004901261469970147,-0.0039769852052888984,0.045784606308120424,0.0016036522129243282
CCL4,30000,0.2015009955105571,True,defined,0.2015009955105571,0.048692244671808334,0.05071246155515556,0.001470183128491044,0.0075485422101832225,0.05071030011672564,0.0022437817576224633
CCL5,30000,0.2964198429115004,True,defined,0.2964198429115004,0.17571539729415814,0.1925524903512625,0.004160021153713266,0.0068781153668571885,0.19253518457526964,0.014540814493901648
CCL8,30000,0.2182262531074325,True,defined,0.2182262531074325,0.043969258730015795,0.04616607362723265,0.002713833398806552,-0.00012670491778602204,0.04615870873551546,0.0022764127369746686
CCND1,30000,0.2635876094300539,True,defined,0.2635876094300539,0.06938518341268866,0.0744735180491762,-0.001187964007506768,0.006323315068293596,0.07447210679069372,0.00600428517632232
CCR1,30000,0.2295094170319295,True,defined,0.2295094170319295,0.05939032181299634,0.06267851665783976,-0.0010123124239345392,-0.004799043106313911,0.06267749188139503,0.003298485678257178
CCR10,30000,0.23678704577717896,True,defined,0.23678704577717896,0.06978871480706418,0.07381478707288443,-0.0003167156435549259,0.006200491479033372,0.0738146867640842,0.005286904063737627
CCR2,30000,0.19158277446281377,True,defined,0.19158277446281377,0.03657179297121532,0.037964719271787475,0.000715077923114101,0.0016907976203481667,0.03796420793535388,0.0014132246237523705
CCR5,30000,0.18930801508398964,True,defined,0.18930801508398964,0.04112139418026927,0.04265085442301237,0.0015379574325556557,0.0011806199201896863,0.04264848910994557,0.0016150360293129603
CCR7,30000,0.18899559211414088,True,defined,0.18899559211414088,0.04062842735449759,0.04207345512347011,0.0014794864275803168,0.008992398322875185,0.04207126624337903,0.0013617072205931874
CCRL2,30000,0.15448836234779234,True,defined,0.15448836234779234,0.031160623365854765,0.031908901301361564,-0.0003595561041186253,0.0017151511374909507,0.031908772020768604,0.0009371767167610531
CD14,30000,0.2972607537543074,True,defined,0.2972607537543074,0.13077791522656726,0.14334442975278922,-0.002419183437526226,-0.00489664040847371,0.14333857730428567,0.015006560495256584
CD163,30000,0.25281407049744065,True,defined,0.25281407049744065,0.08978046754236473,0.09589416162423851,-0.0014276795202866196,0.0016139496667407608,0.09589212335542675,0.006580757571176951
CD164,30000,0.5435464289940526,True,defined,0.5435464289940526,0.2856489529950818,0.40520104044314853,0.005640456759432952,0.005558314889595689,0.4051692256906894,0.11050155050998788
CD19,30000,0.24668192342267248,True,defined,0.24668192342267248,0.0603347400663412,0.0642321360292142,-0.0015013239997128645,-0.0025290827354399275,0.06422988205546287,0.0034820156114247634
CD1C,30000,0.2395005053620552,True,defined,0.2395005053620552,0.06344233643172474,0.06722178240563798,-0.0010864177530010542,-0.00486727918178658,0.067220602102105,0.004906707326311276
CD2,30000,0.19543657503184414,True,defined,0.19543657503184414,0.03984670382255525,0.04135671413030706,0.004561622313782572,0.01352641354429943,0.041335905732173064,0.0013461038552348697
CD209,30000,0.22846352049597224,True,defined,0.22846352049597224,0.052148606071043026,0.05452901206154592,0.001770299257710576,-0.019138773787682292,0.05452587810208112,0.003476848817472097
CD22,30000,0.1560952333046036,True,defined,0.1560952333046036,0.020201692699362856,0.020387037454084645,-0.000582041021467497,0.016060898907712545,0.0203866986823345,0.0007942209066361229
CD24,30000,0.5747112482349374,True,defined,0.5747112482349374,0.34929609256635746,0.5204773722421921,0.002944114651530981,0.02462134027533466,0.5204687044311122,0.1586814158147576
CD27,30000,0.24929478117931458,True,defined,0.24929478117931458,0.07322633957824971,0.07807110186303465,0.0020244804261873167,0.004983299564795258,0.07806700334203881,0.005064377378816943
CD274,30000,0.24547327916371126,True,defined,0.24547327916371126,0.05323621298172773,0.056441734795348725,0.0007383983577912052,0.0038194220018180204,0.05644118956321595,0.00199459716802536
CD276,30000,0.48534280445536687,True,defined,0.48534280445536687,0.21005160256585234,0.27453969483965057,0.003638155715291699,0.016590766284354807,0.2745264586626433,0.062190175687211496
CD28,30000,0.22989745263772982,True,defined,0.22989745263772982,0.05100456813496672,0.053808771282018816,0.002073562847264111,-0.0005664309202470274,0.05380447161913789,0.0022331712150123924
CD300A,30000,0.21553499715104416,True,defined,0.21553499715104416,0.05183511375171948,0.05420516216921994,-0.00020641268106798332,0.009494612981712756,0.05420511956302351,0.00183460478201948
CD33,30000,0.19669524073493613,True,defined,0.19669524073493613,0.039095976679899135,0.04065856823548236,0.0007854340931400656,-0.0022398549435737854,0.04065795132876861,0.0016839320927921639
CD34,30000,0.2500461749785412,True,defined,0.2500461749785412,0.0758085504952722,0.0807738506268384,0.002925463378429413,-0.004792688699025893,0.08076529229085824,0.0042619127188355905
CD36,30000,0.22104360994954292,True,defined,0.22104360994954292,0.049146166835855314,0.05144680265942262,0.001026652467623353,-0.010861836169612555,0.051445748644132615,0.0017312118228669329
CD37,30000,0.1748612648740741,True,defined,0.1748612648740741,0.041740610879011,0.042993345601220874,0.0023625910827890038,0.009830838182974063,0.042987763764597876,0.0010801559344139709
CD38,30000,0.24883273631567754,True,defined,0.24883273631567754,0.06567501513924814,0.06991344391189544,2.7768305440743765e-05,0.007208104960862935,0.06991344314081877,0.0035470995662175535
CD3D,30000,0.23016984070496213,True,defined,0.23016984070496213,0.05396285181925672,0.056898236212516086,0.002131526160115997,0.010129697074277404,0.05689369280874349,0.0025509145629890335
CD3E,30000,0.16169375030922384,True,defined,0.16169375030922384,0.03254810400737899,0.03339502828752742,0.002155240443597237,-0.0017212669080656875,0.03339038322615742,0.0006546676974088571
CD3G,30000,0.20455295126454226,True,defined,0.20455295126454226,0.046389439980431234,0.04836757666475318,0.0024610281167551876,-0.0020608439715918696,0.04836152000536398,0.0015535425174651068
CD4,30000,0.21967652096962506,True,defined,0.21967652096962506,0.06480563646783524,0.06808835995103293,0.0008957481864839792,-0.000109458482118013,0.0680875575862203,0.0030959761883169517
CD40,30000,0.3516736509809529,True,defined,0.3516736509809529,0.09385854979829893,0.10675623492485242,0.00020247467905282974,0.014361211239440794,0.10675619392885098,0.010954292940082228
CD40LG,30000,0.22340007950894422,True,defined,0.22340007950894422,0.05135862256734522,0.05404283819425802,0.0026366270752002795,-0.001125980867923742,0.054035886391926455,0.0029430888188173073
CD44,30000,0.4190116226020586,True,defined,0.4190116226020586,0.18594619675945942,0.22436803015247042,0.008898437585681677,-0.012793654619249476,0.2242888479610126,0.030507162362554192
CD47,30000,0.36492343867178867,True,defined,0.36492343867178867,0.10378044925228307,0.11955526649215563,0.0016950413782459994,-0.0075602497845567995,0.11955239332688695,0.013979463581332192
CD48,30000,0.16583294760947234,True,defined,0.16583294760947234,0.035338193178772376,0.03632263326008422,0.0013859323567400376,0.0041903459074383136,0.03632071245158601,0.001191104410075581
CD52,30000,0.17660646184415185,True,defined,0.17660646184415185,0.03886347441978836,0.040031677708833195,0.0018230979451909662,0.010244414959069885,0.04002835402271444,0.0015127968533292448
CD53,30000,0.23463979935959794,True,defined,0.23463979935959794,0.0698936135647831,0.0737627557998832,0.005824963900198539,0.020791257471517506,0.07372882559544508,0.004060571651950058
CD55,30000,0.25484777427796,True,defined,0.25484777427796,0.062004267721068124,0.06630734087867562,0.00020621548754473526,-0.0009453607324248878,0.06630729835384816,0.004500123008417166
CD58,30000,0.30014140923185517,True,defined,0.30014140923185517,0.07743714967308617,0.08501479641478281,0.0015380091016491254,-0.0022516681430938966,0.08501243094278686,0.006276431395323908
CD59,30000,0.5759372625933002,True,defined,0.5759372625933002,0.3235586162169335,0.4834443930380382,0.008621890054518978,0.006880834389633188,0.48337005604992095,0.14257419591527587
CD5L,30000,0.35411069544598556,True,defined,0.35411069544598556,0.051148293402026916,0.058096817450255085,-0.009825605422444641,-0.029152758723167548,0.05800027492833749,0.006146156606095695
CD63,30000,0.6206067427086915,True,defined,0.6206067427086915,0.49680943936219485,0.8071777054396178,0.009459052138752304,0.01865004255080518,0.8070882317722547,0.2866837979468064
CD68,30000,0.45858168093028695,True,defined,0.45858168093028695,0.21385417561780498,0.2706859834685897,0.008569301037490368,0.020131667929744194,0.27061255054831856,0.05889247341626364
CD69,30000,0.20970053125942106,True,defined,0.20970053125942106,0.049819671809173516,0.05209856384871921,0.0013597971635560195,-0.000806204779461162,0.05209671480039228,0.0020100188604633214
CD70,30000,0.15988193158859917,True,defined,0.15988193158859917,0.02711472639660819,0.027807803153935797,-2.753380766759316e-05,0.0035403692769529396,0.027807802395825334,0.0005963390665707083
CD74,30000,0.5906134195229248,True,defined,0.5906134195229248,0.6614796160774314,1.0166599878519427,0.03583634831892947,0.030007148110245664,1.0153757439911018,0.3353437726488987
CD79A,30000,0.18230326316851217,True,defined,0.18230326316851217,0.03754985818252893,0.038785749975241965,0.0010161831549058357,-0.006284317608608884,0.038784717347037166,0.0013553757552956615
CD80,30000,0.2092598187808843,True,defined,0.2092598187808843,0.051483622565907855,0.05376712175990438,0.00042417803530891735,-0.0011689511498475136,0.05376694183289879,0.0032266724706512227
CD81,30000,0.5845584117357856,True,defined,0.5845584117357856,0.40036058278429415,0.6059064005562654,-0.0041042687026162945,0.028923496712003057,0.6058895555346885,0.18885374083385165
CD83,30000,0.23535435447905353,True,defined,0.23535435447905353,0.0661915776853485,0.07003436588962386,0.0016530954382071893,0.0013485404880397255,0.07003163316509248,0.0031400664265403347
CD84,30000,0.2017033783588549,True,defined,0.2017033783588549,0.05063247513203579,0.052704428177751256,0.002003793599146108,0.00967499892556031,0.0527004129889641,0.0017762728277586986
CD86,30000,0.18477028276547963,True,defined,0.18477028276547963,0.04148067753041836,0.04294061069646129,0.0018171730449423194,0.0002975107025335698,0.04293730857858534,0.0012710736112951932
CD8A,30000,0.2210882084636386,True,defined,0.2210882084636386,0.06387080160909644,0.06711943322073619,0.0004573997096469005,-0.005130825121960758,0.06711922400624235,0.003404061897212698
CD8B,30000,0.22122137051252816,True,defined,0.22122137051252816,0.05495126710410837,0.05774411924077995,0.0011581637600436806,0.0036724049760280954,0.05774277789748454,0.0022909656193778314
CD9,30000,0.4722187363983879,True,defined,0.4722187363983879,0.2160296495984536,0.27680139816489024,0.005816587083041668,0.011033231733789823,0.27676756547959463,0.04734239902382018
CD93,30000,0.18971828528965287,True,defined,0.18971828528965287,0.05991460145569116,0.062139494355138894,0.00462125641318659,-0.0006518427229806548,0.06211813834430576,0.002040190376167962
CDH1,30000,0.3457992200214422,True,defined,0.3457992200214422,0.14217731431270778,0.16143262308847106,-0.0005789639657984177,-0.003576623466888365,0.16143228788919678,0.021092877520213486
CDH11,30000,0.23240609303083662,True,defined,0.23240609303083662,0.04128023071723669,0.04357246897795851,0.0017058952916723987,0.006295458514776935,0.04356955889921191,0.0030317841380993935
CDH19,30000,0.22570315827128565,True,defined,0.22570315827128565,0.04397753795056456,0.046297647296273295,0.00012926307090868554,-0.005988066974516065,0.046297630587330316,0.0022635279223599185
CDH5,30000,0.22988776837501915,True,defined,0.22988776837501915,0.05869995172633424,0.06194067259882149,0.00031811450409392517,0.004266784931853181,0.06194057140198483,0.002815484014525199
CDKN1A,30000,0.5687660936324478,True,defined,0.5687660936324478,0.3626887058321588,0.5348548292038412,0.0022171058123310406,0.031034572733127666,0.5348499136456623,0.16852856276761194
CDKN3,30000,0.32229241510549456,True,defined,0.32229241510549456,0.10203439135923456,0.11381702299426462,0.0018817120811591545,-0.003949734424633789,0.11381348215390369,0.011179300071482504
CEACAM1,30000,0.21765608098283676,True,defined,0.21765608098283676,0.03866377288557824,0.040578134305322235,0.00059820477925241,-0.002274119375180938,0.04057777645636526,0.0018969108140147975
CEACAM6,30000,0.18314354521502937,True,defined,0.18314354521502937,0.02955641703110425,0.030563740137930343,0.000753489649326851,-0.002634612020312731,0.03056317239127712,0.0008638084315848348
CELSR1,30000,0.3824260878959942,True,defined,0.3824260878959942,0.11880174220940803,0.13854313784216593,-0.0005032326076179743,0.011376695287235391,0.13854288459910905,0.015094895601241476
CELSR2,30000,0.28588639474586025,True,defined,0.28588639474586025,0.07608808329730649,0.08262928557637304,0.002060174593701959,-0.009267164098587818,0.08262504125701672,0.005301094785208963
CENPF,30000,0.291044306678845,True,defined,0.291044306678845,0.07857322351767684,0.085843217339459,0.0006319823357897501,0.0016533091348867554,0.08584281793778298,0.0071167498233274595
CFD,30000,0.25776781945921456,True,defined,0.25776781945921456,0.061894904573850475,0.06626059824089263,0.0004659177026400963,0.004140850786873489,0.06626038116158699,0.003781044890012398
CFLAR,30000,0.35796174813479215,True,defined,0.35796174813479215,0.10964594783138712,0.1256291814684867,0.003791380610006551,-0.0004601040132984053,0.12561480690155546,0.013556617246257351
CHEK1,30000,0.3091992999581092,True,defined,0.3091992999581092,0.08072724379262285,0.08911997877426696,0.0026943753539274136,0.0028324374313883406,0.08911271911571889,0.006516224900694624
CHEK2,30000,0.3159913633873996,True,defined,0.3159913633873996,0.07994779452330478,0.08878227601262192,0.0015963148154318333,0.006271759878352168,0.08877972779163257,0.00949761652970496
CHI3L1,30000,0.2165814407958886,True,defined,0.2165814407958886,0.057344840349500804,0.0588172701899265,-0.0016609892147282758,-0.01674230077447719,0.05881451130475288,0.0072435121578357155
CIDEA,30000,0.19404302261144685,True,defined,0.19404302261144685,0.03346529424914677,0.03470856053741792,-4.8998655937612055e-05,-0.006063818755206497,0.034708558136550015,0.0017129597278129074
CIITA,30000,0.2909412381687329,True,defined,0.2909412381687329,0.09497209079135768,0.10352317586874815,0.0027205873627215624,0.004095471230803135,0.1035157742731499,0.006223020197601509
CLCF1,30000,0.25987382167525824,True,defined,0.25987382167525824,0.06926198962644874,0.07425599388472891,-0.00018585785528024037,-0.0046332746083722065,0.07425595934158558,0.0051632833721649085
CLDN4,30000,0.39998780458002453,True,defined,0.39998780458002453,0.14641703435422118,0.17390135547970997,-0.00038398637448747955,0.015211850285966649,0.17390120803417716,0.02466445499167183
CLEC10A,30000,0.15758015647639564,True,defined,0.15758015647639564,0.027670642278071787,0.028355492376893544,-0.0019932677100722987,0.0025972341186240857,0.028351519260729232,0.0006298849085071438
CLEC12A,30000,0.22449167415951415,True,defined,0.22449167415951415,0.045580005270050294,0.047879621140911974,0.0018750063289577762,0.0005474943824476214,0.047876105492176364,0.0014745432369002495
CLEC14A,30000,0.12753972829560162,True,defined,0.12753972829560162,0.022604290913964667,0.022939174007039344,0.0003666636496161421,0.006162064663086009,0.022939039564807272,0.0002932946845862067
CLEC1A,30000,0.194620124962658,True,defined,0.194620124962658,0.040404804664164205,0.0419596521993205,-0.0003782649407784144,0.005422353703682893,0.04195950911495525,0.0016678964611907211
CLEC2B,30000,0.16732092391995956,True,defined,0.16732092391995956,0.03190455843686471,0.032804669653395464,0.00184365706940492,0.002351995302376842,0.032801270582005874,0.000659657849229725
CLEC2D,30000,0.26992032896819224,True,defined,0.26992032896819224,0.07004103542580786,0.07545040549886058,0.0037860070812826357,0.010012819988514336,0.07543607164924147,0.0043885830741756445
CLEC4A,30000,0.25549061276768587,True,defined,0.25549061276768587,0.05732202277661145,0.06131875373780104,0.0006854528019825618,-0.001290271994084954,0.061318283892259545,0.0038083928955489144
CLEC4D,30000,0.20746365566658487,True,defined,0.20746365566658487,0.03647366840327797,0.038097594220110984,-0.0005305562949428956,-0.0014660922391648151,0.038097312730128334,0.001338892204818016
CLEC4E,30000,0.16580157587721409,True,defined,0.16580157587721409,0.030559238762373358,0.03139161564933823,0.0005029475839808584,-0.004601087954663671,0.03139136269306499,0.0009961638448279693
CLEC5A,30000,0.1293977178034173,True,defined,0.1293977178034173,0.029324365049577094,0.02960885916876434,0.00023511632153143486,-0.012337757135185529,0.02960880388908015,0.00022406142975510884
CLEC7A,30000,0.21886328480955505,True,defined,0.21886328480955505,0.04880712379185578,0.051243204337473855,0.001316116973757744,0.0031285442845915288,0.051241472173586614,0.0020641784562588617
CLOCK,30000,0.30767994785117025,True,defined,0.30767994785117025,0.07090525125530363,0.0780673977636648,0.0014987397232403357,0.016292387143301796,0.07806515154290707,0.0068201618898847275
CLU,30000,0.6725250410943568,True,defined,0.6725250410943568,0.6496048970665881,1.1821746964754147,-0.0021808490465356346,0.04145615943505739,1.1821699403728487,0.5134877890348286
CMKLR1,30000,0.204270357156014,True,defined,0.204270357156014,0.04920430341151596,0.051309585731917615,-0.0011646269806971153,0.00484164609212991,0.05130822937591353,0.002229862768364548
CNTFR,30000,0.2795972055043687,True,defined,0.2795972055043687,0.06413438735135439,0.06956570287123522,-0.0014942659193029006,-0.004223568085403531,0.06956347004059853,0.005255185375611702
COL11A1,30000,0.2057837730675994,True,defined,0.2057837730675994,0.0385680798261976,0.0402177981652012,0.001551729179235796,-0.0010112062383530428,0.04021539030175555,0.0011736664942500275
COL12A1,30000,0.17646131510006488,True,defined,0.17646131510006488,0.03561129198440014,0.03673341318251494,0.00030208825630446273,-0.0033031313015021925,0.03673332192520075,0.0009520048971365419
COL14A1,30000,0.23608370619288935,True,defined,0.23608370619288935,0.05131984008899566,0.05432296279970761,0.0020475992616886896,-0.0021656679689583446,0.054318770136972234,0.002676591660927458
COL15A1,30000,0.27066175303286805,True,defined,0.27066175303286805,0.07878554052781093,0.08467636114275459,0.0027810302572945753,0.007953652673094377,0.08466862701346446,0.0038001806422578994
COL16A1,30000,0.3417670317279963,True,defined,0.3417670317279963,0.09151292217002308,0.1035933093975703,0.00040456528135885794,0.004406345094470695,0.10359314572450742,0.011668019333145103
COL17A1,30000,0.20444858142888525,True,defined,0.20444858142888525,0.040747491527787325,0.042411631137574075,-5.3030768843988575e-05,-0.009889810172524691,0.042411628325311826,0.0020748196084772203
COL18A1,30000,0.41229651230437664,True,defined,0.41229651230437664,0.21521945956667604,0.2591761860600591,0.004249586375802756,0.0015785418064217084,0.2591581270757009,0.04852599642572831
COL1A1,30000,0.32450281781152185,True,defined,0.32450281781152185,0.1029607532353186,0.11462659892930313,0.010415357675403357,0.026521750568107624,0.11451811925379435,0.008883106018095714
COL1A2,30000,0.20055543151672023,True,defined,0.20055543151672023,0.038593658349301244,0.04009324003990229,0.003049601072135071,0.013003420417548235,0.04008393997320512,0.00201961720901897
COL21A1,30000,0.17151573877117862,True,defined,0.17151573877117862,0.027009295181716093,0.027825859066424364,-0.000300054952998956,0.0005230108042412515,0.027825769033450774,0.0007518613476324733
COL27A1,30000,0.42610979451507697,True,defined,0.42610979451507697,0.2054939903896131,0.25103832813091026,0.002607029178614418,0.00584757205483232,0.25103153152976887,0.04320947710493092
COL3A1,30000,0.33687745880796616,True,defined,0.33687745880796616,0.29834629971062415,0.33545994940065754,0.009256570075203975,0.019693373881633548,0.33537426531109776,0.02712646139654211
COL4A1,30000,0.37653500176316884,True,defined,0.37653500176316884,0.11845876460360304,0.1386223127018056,0.025617536649356287,0.02234334210391001,0.1379660545178211,0.017777041061520196
COL4A2,30000,0.32966033283384844,True,defined,0.32966033283384844,0.0916082970369092,0.10283048240349855,0.01167295635342598,0.018488193788942106,0.10269422449347052,0.010070070591723901
COL4A5,30000,0.21193371108372813,True,defined,0.21193371108372813,0.04573292761138066,0.04787168620858334,-0.0002551211475394666,-0.0024357492608522687,0.047871621121785106,0.0019160305208144467
COL5A1,30000,0.22114105784114757,True,defined,0.22114105784114757,0.0470083631526169,0.049266369876145244,0.0015947438658525546,-0.010426524837206429,0.04926382666814544,0.0021207255343559973
COL5A2,30000,0.229426134195313,True,defined,0.229426134195313,0.04727039567104276,0.049831164905870515,0.0038616560307020943,0.009175641385130197,0.04981625251857082,0.0019602798054147324
COL5A3,30000,0.20429414323212114,True,defined,0.20429414323212114,0.04430420097641586,0.046167032377793536,0.0014134599144260088,-0.004949961154300157,0.04616503450886166,0.0015095360664370214
COL6A1,30000,0.40163220686938556,True,defined,0.40163220686938556,0.16617592786615554,0.1977452880665671,-0.003988044031833609,0.013516016409090177,0.19772938357137243,0.029800752493973844
COL6A2,30000,0.2911735469260839,True,defined,0.2911735469260839,0.10121154052956056,0.11049042166807509,-0.0028330572014053663,0.002523020054306835,0.11048239545496764,0.007845414318995946
COL6A3,30000,0.2010598600719811,True,defined,0.2010598600719811,0.05011820085736721,0.05222043186699633,-5.857130922377109e-05,0.0029011236392281715,0.05222042843639831,0.0021261301138926444
COL8A1,30000,0.15945782064015346,True,defined,0.15945782064015346,0.02266687299334258,0.023239408501949832,0.0017733928972234329,0.006259762006517849,0.02323626357958301,0.0006476779638610689
COL9A2,30000,0.38451423943949786,True,defined,0.38451423943949786,0.141808321608943,0.1660154254913398,0.0021963576328009366,0.011718811206665123,0.16601060150449154,0.019823612568819923
COL9A3,30000,0.3463692540106036,True,defined,0.3463692540106036,0.10325650517613344,0.11732586812744487,0.0015724167464921872,0.0015370109165184355,0.11732339563301498,0.013388601891038868
COTL1,30000,0.33912709198876895,True,defined,0.33912709198876895,0.15091462412692622,0.1705556383627006,0.014609115739663442,0.024931472102403252,0.1703422121000045,0.021750040632282325
COX4I2,30000,0.20599669239565807,True,defined,0.20599669239565807,0.0391385252069572,0.04079050530230547,0.0018231411865601936,-0.006459176852802436,0.04078718145851862,0.0014381991978648808
CPA3,30000,0.16531453345382924,True,defined,0.16531453345382924,0.031043935276158296,0.031896220465896095,-0.00010129012608279785,0.003332925405588079,0.03189621020620683,0.0007163137057443604
CPB1,30000,0.15324696478988303,True,defined,0.15324696478988303,0.02363001408313693,0.024169703714193712,-0.00017561924227823815,-0.005283924205996058,0.0241696728720742,0.0006345036149293784
CRIP1,30000,0.29956237349730114,True,defined,0.29956237349730114,0.09363970765872284,0.10268184352692701,0.0050413809002687535,0.01805494630029619,0.10265642800554896,0.00825809222106925
CRP,30000,0.22188265557007084,True,defined,0.22188265557007084,0.05083583975966693,0.05311267792372565,-0.0003654961741218964,-0.016807847332393672,0.05311254433627454,0.0035245698726798056
CRYAB,30000,0.5076840346159981,True,defined,0.5076840346159981,0.33081169717149206,0.44568360746260544,0.0016945015509302417,0.0016133336857000055,0.44568073612709813,0.11585073312264385
CSF1,30000,0.44204069401026097,True,defined,0.44204069401026097,0.18424322493609943,0.2286653868143084,-4.4945052017768223e-05,0.010664646064916936,0.22866538479425888,0.03974620761161212
CSF1R,30000,0.23325654419117461,True,defined,0.23325654419117461,0.08273313530431842,0.08741502189753052,-0.0029367968341956537,0.0034255445751419757,0.08740639712188791,0.005690568112714006
CSF2,30000,0.2192225167777045,True,defined,0.2192225167777045,0.04830851242739236,0.050591342303427135,-0.00034283514296015103,0.00975483427158518,0.05059122476749349,0.0031516651859676403
CSF2RA,30000,0.17203268979236924,True,defined,0.17203268979236924,0.035827841577127005,0.03684310458867106,0.00089169063915809,0.0061784897990388955,0.03684230947647534,0.0006810404785209098
CSF2RB,30000,0.20600391518302974,True,defined,0.20600391518302974,0.044899566190674645,0.04681610374385633,-0.0015198558521146576,-0.0090554682673023,0.04681379378204519,0.001649634152524973
CSF3,30000,0.1740000861346121,True,defined,0.1740000861346121,0.025185957768275317,0.025972109081426088,-0.00034118546191602944,-0.0005458415562269996,0.025971992673907537,0.000814736541669758
CSF3R,30000,0.19334924161835743,True,defined,0.19334924161835743,0.03805812648337335,0.03952120611274972,-6.411942342917125e-07,0.0001641000069930063,0.03952120611233909,0.0012005821127367578
CSHL1,30000,0.22157643807320107,True,defined,0.22157643807320107,0.05407944880227842,0.05681948885316565,-0.0005207732599228621,0.003526050542258114,0.056819217648375386,0.002212052014780496
CSK,30000,0.4891013770618388,True,defined,0.4891013770618388,0.21360698678587953,0.27995012317234824,0.0006723372906446457,0.02302136668257299,0.2799496711349125,0.06125421638340395
CSPG4,30000,0.2739913450988488,True,defined,0.2739913450988488,0.0726228517985511,0.0783451588667507,0.001184586009134849,-0.0054704850507793406,0.07834375562273375,0.004344367244321085
CST7,30000,0.1874066536117354,True,defined,0.1874066536117354,0.0476883431753618,0.04942755651766933,0.0027698014481614035,0.0029224649599952197,0.04941988471760939,0.001909010510488174
CSTB,30000,0.6082138390859936,True,defined,0.6082138390859936,0.40314710239510276,0.6397896852917313,0.013921939650736749,0.0016018880765341843,0.6395958648880907,0.23546795682245725
CTLA4,30000,0.13376723676411884,True,defined,0.13376723676411884,0.024654643126402583,0.025057515178461567,0.0006589667660805086,0.0013139605402917368,0.025057080941263063,0.0007795091403965151
CTNNB1,30000,0.497161408035532,True,defined,0.497161408035532,0.27012361986702815,0.35867573990669416,0.008671609131495157,-0.0033884224323322996,0.35860054310176764,0.0907728801319519
CTSD,30000,0.657816968267782,True,defined,0.657816968267782,0.644546441959423,1.1298569611252103,0.010785030536601941,0.06714937332811144,1.1297406442415272,0.45828441070349774
CTSG,30000,0.08470561385886075,True,defined,0.08470561385886075,0.021840441069149494,0.02182698018320291,0.00029457555261130133,0.013254794253383686,0.021826893408447193,0.0001958308203547949
CTSW,30000,0.19221398049685914,True,defined,0.19221398049685914,0.04140162555133622,0.04294973762500295,-0.000442489909256498,0.0034705435699923935,0.042949541827684116,0.0012234249240278157
CUZD1,30000,0.19878843748651318,True,defined,0.19878843748651318,0.04192067891315427,0.04364242501368219,0.0010117804074039063,0.0015250244827388088,0.04364140131408775,0.0018854045574319917
CX3CL1,30000,0.3502300555240985,True,defined,0.3502300555240985,0.1190631189096348,0.13485232575171627,0.0023263358294963836,0.025166203773601833,0.13484691391332015,0.012832257507223763
CX3CR1,30000,0.24152141861316734,True,defined,0.24152141861316734,0.05144325025347657,0.054460397006346646,0.0017219364423304796,-0.008736091798583706,0.05445743194123323,0.0024083890124944086
CXCL1,30000,0.33678868905375287,True,defined,0.33678868905375287,0.1912551046225257,0.21547562176977078,0.0022363171006863315,-0.012320141598776294,0.21547062065560174,0.0255669629649932
CXCL10,30000,0.39885195846678995,True,defined,0.39885195846678995,0.24557314964345509,0.29167187747686674,-0.0027142201520502568,0.012987996291811578,0.2916645104858269,0.04309747483278847
CXCL12,30000,0.46693902737599924,True,defined,0.46693902737599924,0.10791891857410836,0.1388439515883579,-0.03267242951504886,-0.0441114645684526,0.1377764639379396,0.02760847807759658
CXCL13,30000,0.1752037440427393,True,defined,0.1752037440427393,0.046979430940325716,0.04847559697421588,0.0029138321075588463,0.002853161882276375,0.048467106556664905,0.0014654809182520717
CXCL14,30000,0.2638065537012127,True,defined,0.2638065537012127,0.047076663458400426,0.05064562030481265,-0.007526784820482134,-0.005161862620237904,0.050588967815080293,0.003721555259281851
CXCL16,30000,0.4380278534813483,True,defined,0.4380278534813483,0.1686385954616077,0.20803222727839346,0.0004987418938428163,0.01698685697588177,0.20803197853491176,0.03385251515343403
CXCL17,30000,0.21485547522773105,True,defined,0.21485547522773105,0.04217524974580174,0.04419840979649818,0.00011412745118141174,0.0009694770824571606,0.04419839677142549,0.0016904052505673326
CXCL5,30000,0.29531227395324133,True,defined,0.29531227395324133,0.08640907372584586,0.09442339086952506,-0.0026574295692145824,0.011383590228889564,0.09441632893760718,0.009250607827000453
CXCL8,30000,0.23972696660974913,True,defined,0.23972696660974913,0.054269690608567955,0.05747359245198797,-0.0017364185700193048,0.0003137680455770654,0.05747057730253762,0.00226443581584661
CXCL9,30000,0.41762400732432836,True,defined,0.41762400732432836,0.44917366824192206,0.5440780702963243,0.00836631353398164,0.004439027299520482,0.5440080750941761,0.09831398425608244
CXCR1,30000,0.19819732874674914,True,defined,0.19819732874674914,0.04533319952155321,0.04702856266861751,-0.000547832349066933,-0.011576262172005955,0.04702826254833592,0.0014018892047990845
CXCR2,30000,0.2412171757253401,True,defined,0.2412171757253401,0.053238388139851954,0.05642373858321154,-2.577786557376385e-05,0.0022900958365872307,0.05642373791871257,0.0022741861453114283
CXCR3,30000,0.24689556769204762,True,defined,0.24689556769204762,0.06870342404346848,0.07312754981146882,0.0023704807707419,0.008515697006164313,0.073121930632386,0.004321290051416244
CXCR4,30000,0.2719063733532133,True,defined,0.2719063733532133,0.10521923161205966,0.11355539704679346,0.006919574533651273,-0.0031979554994381034,0.11350751653506783,0.008603009402697186
CXCR5,30000,0.2173909056686705,True,defined,0.2173909056686705,0.051469407106018376,0.054009919664241304,-0.0011726500974347195,0.0024217060332070105,0.05400854455598889,0.002610080612608278
CXCR6,30000,0.18489268016270632,True,defined,0.18489268016270632,0.04505758761900658,0.04659700540500679,0.00104298177746435,0.006159747528475418,0.046595917594018176,0.002046547932075724
CYP1B1,30000,0.21212262178653052,True,defined,0.21212262178653052,0.044398435430913256,0.04639267147500582,0.0006956566248709957,0.00963811745425628,0.04639218753686662,0.0017624501919527129
CYP2U1,30000,0.2613759858433313,True,defined,0.2613759858433313,0.05937127280967487,0.06372175191582231,0.0013871971918269991,0.0021006709855340886,0.06371982759977372,0.004089780693334423
CYSTM1,30000,0.6168113356619968,True,defined,0.6168113356619968,0.36636182723373084,0.591368605259153,0.008343400370702147,0.009657867506926413,0.5912989929294109,0.22029361501332606
CYTOR,30000,0.40423155093515467,True,defined,0.40423155093515467,0.1701299083804713,0.2032567334917971,0.005037501985579729,0.008077277252130444,0.20323135706553663,0.029699420873334846
DCN,30000,0.4758371626042652,True,defined,0.4758371626042652,0.05180300266898687,0.06758434660327596,-0.0262921120899419,-0.031951731967613646,0.06689307144512972,0.013966672267134876
DDC,30000,0.37621629824680236,True,defined,0.37621629824680236,0.14204289507329543,0.16539852690570847,-0.00018871234096586704,0.00026135878409064994,0.16539849129335707,0.021205921656281965
DDIT3,30000,0.3212621287401078,True,defined,0.3212621287401078,0.08474876315130525,0.0941983421804283,0.0014553856672098239,-0.01400225403594183,0.0941962240329879,0.008581980412085116
DDR1,30000,0.47991976452478646,True,defined,0.47991976452478646,0.22689282358161394,0.2936811295406579,0.001114371158182621,0.006685106348252157,0.2936798877175698,0.05354088415069411
DDR2,30000,0.2311357946124557,True,defined,0.2311357946124557,0.049395570365614164,0.05215939548546899,-0.0026456945035606624,1.3708512677112594e-05,0.052152395786062386,0.002310165842201584
DDX58,30000,0.29414790234257965,True,defined,0.29414790234257965,0.0652029861234392,0.07124332860741406,0.0017437655200560887,0.012652110646812556,0.07124028788922451,0.005737852831328881
DHRS2,30000,0.2809924307115022,True,defined,0.2809924307115022,0.07328473141150266,0.07945601989473096,0.0028685039547582465,-0.0009652086569578387,0.0794477915797912,0.007913524606309527
DLL1,30000,0.2758517180826844,True,defined,0.2758517180826844,0.07063914343537747,0.07643882503320322,0.0002460445647438367,0.0021051880175994788,0.07643876449527487,0.005270258507389871
DLL4,30000,0.20101738101512068,True,defined,0.20101738101512068,0.05301475855985056,0.05524503842088711,-0.0004108318792035182,-0.0012924475937664587,0.05524486963805235,0.0023473971201352665
DMBT1,30000,0.19752675228282995,True,defined,0.19752675228282995,0.03767163771904565,0.03914030470973569,-0.0005748513175795475,0.0069686739361670335,0.03913997425569845,0.0016360403825592172
DNMT1,30000,0.3748112478113539,True,defined,0.3748112478113539,0.13011234053942483,0.15131359584326004,0.00217539856719474,-0.004747849815228256,0.15130886348433645,0.02026075644752223
DNMT3A,30000,0.3871823536761149,True,defined,0.3871823536761149,0.14067763095878394,0.1654776843946705,0.0009903203681111336,0.0036413297659620486,0.1654767036602423,0.025038886532340585
DPP4,30000,0.4740967465410912,True,defined,0.4740967465410912,0.2130023868122511,0.274462861316449,0.0029818233523517847,0.005368822547620705,0.27445397004594113,0.05436781412315548
DPT,30000,0.2093338038219556,True,defined,0.2093338038219556,0.04340544592206513,0.04533118006471381,-0.004088529332354665,-3.4201805947426086e-05,0.04531446399261195,0.0013541662334222535
DST,30000,0.2956136956432508,True,defined,0.2956136956432508,0.08495966274377709,0.09297199450947562,0.0014505841884141168,-0.00910279959703136,0.09296989031499198,0.008428898057794098
DUSP1,30000,0.5194266677093993,True,defined,0.5194266677093993,0.4292838430048208,0.5875979099126507,-0.019886966440081595,-0.042348752958366334,0.5872024184784634,0.1564079124277095
DUSP2,30000,0.22200839255160232,True,defined,0.22200839255160232,0.06415403006356979,0.0674879974356092,-0.003019604526646435,-0.0024905310272743614,0.06747887942411054,0.003226659456976237
DUSP4,30000,0.21386642100839817,True,defined,0.21386642100839817,0.04973028467387046,0.05206556899698245,-0.00027088518316547075,0.004902892841135811,0.05206549561819987,0.0028311408009631745
DUSP5,30000,0.1875837863938735,True,defined,0.1875837863938735,0.04101515338355006,0.04246821430559516,-0.0017255681158353884,-0.0066617533762206825,0.042465236720272345,0.001858102381261983
DUSP6,30000,0.5176763828617681,True,defined,0.5176763828617681,0.24540921143557032,0.3348606117309729,0.004925112428764502,-0.005373896536778193,0.33483635499853603,0.08147606529050858
EFNA1,30000,0.4521629453658231,True,defined,0.4521629453658231,0.2631141779187823,0.3305637080145444,0.00011927971268693606,-0.008298641308268998,0.3305636937868981,0.06349468395441948
EFNA4,30000,0.3307172891288197,True,defined,0.3307172891288197,0.11415349413433486,0.12813132863781485,0.0005404142869015534,0.0038852715262163353,0.12813103659021433,0.015234406974226847
EFNA5,30000,0.2823855230225283,True,defined,0.2823855230225283,0.06499956012130352,0.07061688671568064,-0.00042426421996206044,0.0023071157201038054,0.0706167067155506,0.0060196425089296
EFNB1,30000,0.3582474093151757,True,defined,0.3582474093151757,0.1153290082388484,0.13229576269221316,0.0016262904471407334,-0.0006767328638166267,0.1322931178715901,0.017780276713826322
EFNB2,30000,0.19790446903944928,True,defined,0.19790446903944928,0.03787779049986023,0.03938045784886799,0.0012991183577105404,-0.000830282138499509,0.03937877014036244,0.0011026296764718045
EGF,30000,0.3089615398982381,True,defined,0.3089615398982381,0.06758166908934533,0.07462698542556868,0.0019562875843296447,-0.005614825558079368,0.07462315836445474,0.006312157591450316
EGFR,30000,0.46744568567133093,True,defined,0.46744568567133093,0.22115574780717087,0.2827585275624033,0.0019032367937266827,-0.006953651799458506,0.2827549052521024,0.0567737875075004
EIF5A,30000,0.5649429911365679,True,defined,0.5649429911365679,0.3486859227126547,0.5119751285716632,0.006003332112543285,0.014428770232736133,0.5119390885751927,0.1568586802662003
ELANE,30000,0.2244363654907651,True,defined,0.2244363654907651,0.04870599387998164,0.05126047142130188,-0.0024109598719825346,-0.00759056201694572,0.051254658693799304,0.0028429473701988167
EMP3,30000,0.40183020709534195,True,defined,0.40183020709534195,0.14278240427729275,0.1699092395837246,0.002499503696213166,0.014948934327312357,0.1699029920649957,0.023425005801978413
ENG,30000,0.22012089829514672,True,defined,0.22012089829514672,0.06362859184937028,0.0668465224154493,-0.00445293399989605,0.0016542868612741586,0.06682669379424254,0.003422900227581183
ENO1,30000,0.6563519479713805,True,defined,0.6563519479713805,0.5509981817968498,0.963190187196413,0.01097006950173527,0.016997924477622533,0.9630698447715463,0.34974022230170004
ENTPD1,30000,0.17206449275611035,True,defined,0.17206449275611035,0.04342744230123767,0.04466833293305201,0.0022302936407426993,-0.0059111344036529775,0.04466335872332759,0.0010162642263496324
EOMES,30000,0.12312440013077999,True,defined,0.12312440013077999,0.018769598812529712,0.0190554864353068,0.0001617890829530855,0.0018272144698741612,0.01905546025959837,0.00027251435098209545
EPCAM,30000,0.35687890622435475,True,defined,0.35687890622435475,0.10757173033346708,0.12283277126302547,-0.002943125844436387,-0.020268245028076733,0.12282410927329332,0.013352156896636243
EPHA2,30000,0.308944133573364,True,defined,0.308944133573364,0.10482130865719856,0.11566836622430614,-0.0015905573815107345,0.0076862512815084,0.115665836351518,0.00895214585875313
EPHA3,30000,0.2315780588191756,True,defined,0.2315780588191756,0.04824358105203285,0.05094858808676494,0.00023699583187699317,-0.004986337202088908,0.05094853191973937,0.0027566440408618607
EPHA4,30000,0.12480923752652393,True,defined,0.12480923752652393,0.019716027882236944,0.019997587339755932,-0.0003573122597609957,-0.0026616593449318316,0.01999745966770476,0.0005119390298932766
EPHA7,30000,0.16164226494354825,True,defined,0.16164226494354825,0.027655615530126725,0.028333567270938408,0.0011223316586576402,0.007636653135748444,0.028332307642587335,0.0005111967036609039
EPHB2,30000,0.26759227164563215,True,defined,0.26759227164563215,0.0659986680055004,0.07106937792664796,-0.0011513060435652733,-0.005279644729733506,0.07106805242104164,0.005314390176125617
EPHB3,30000,0.22612453474924174,True,defined,0.22612453474924174,0.05694202261587622,0.05990866891519403,0.0007085848754892747,-0.00914060318438763,0.05990816682266556,0.0030297672842776084
EPHB4,30000,0.23546976572176398,True,defined,0.23546976572176398,0.0531630067639465,0.05618279204207639,0.0009457705228279034,-0.00841208444188766,0.05618189756019636,0.0027962787337152567
EPHB6,30000,0.210936375109267,True,defined,0.210936375109267,0.0453517525436133,0.04742085766565329,-0.001585535079240799,0.004666223551680256,0.047418343744165745,0.0023014500498440295
EPOR,30000,0.2689241640752445,True,defined,0.2689241640752445,0.06172609719839514,0.06653272444027067,0.0004634374887992938,0.0018940063342781893,0.0665325096659665,0.004567209993257957
ERBB2,30000,0.3433952168332097,True,defined,0.3433952168332097,0.1086767433375553,0.12315741290944669,0.0012698943333079417,0.00785038991360343,0.1231558002778345,0.014413388539175304
ERBB3,30000,0.348270473620503,True,defined,0.348270473620503,0.12199536852634583,0.1386880877138035,0.0015397988785679142,-0.009272984885888097,0.13868571673320945,0.01585662532302024
ESAM,30000,0.23144126738168652,True,defined,0.23144126738168652,0.06514092519770887,0.06878129646386891,-0.00040705098857482275,0.0058118880879774225,0.06878113077336244,0.003971347929169264
ESR1,30000,0.21783454369750344,True,defined,0.21783454369750344,0.04780979864612404,0.0501631782441487,-0.0005114935584366321,0.004591108860177337,0.05016291661848806,0.0022759228894730595
ETS1,30000,0.31595435238931985,True,defined,0.31595435238931985,0.10089793254840693,0.11199641887429913,0.007233091285576423,0.002055669992127029,0.11194410126475399,0.009140961275339353
ETV4,30000,0.2793644191745403,True,defined,0.2793644191745403,0.07014063709676233,0.07574006001121941,0.0010445773515850305,-0.015801018842094346,0.07573896886937752,0.005113248412817829
ETV5,30000,0.3343018272467808,True,defined,0.3343018272467808,0.07306028817009597,0.08220436664479784,-0.00016012933353583018,0.0013482089980796446,0.08220434100339034,0.008005532013525895
EZH2,30000,0.3377804438220604,True,defined,0.3377804438220604,0.09334405341018721,0.10528794654939694,0.004029496727511287,0.0019643440169030022,0.10527170970552505,0.010140473279067135
EZR,30000,0.5808354259295214,True,defined,0.5808354259295214,0.3229322511594545,0.48658864261316714,0.009129903459548951,0.017740003711266522,0.48650528747599486,0.1467726559088908
FABP4,30000,0.21289878726618042,True,defined,0.21289878726618042,0.039589200229597186,0.04145511641137264,4.817194538190961e-05,0.003655973997627734,0.04145511409083653,0.0019002848529206394
FABP5,30000,0.31176703979288717,True,defined,0.31176703979288717,0.10446061315951673,0.11563773167492412,0.004410185194512208,0.0046486525278092205,0.1156182819414771,0.009419214501576527
FAM30A,30000,0.23261076587805118,True,defined,0.23261076587805118,0.04815407711789604,0.05087511304052858,0.00150669332438459,0.001859086268292352,0.050872842915752656,0.0021769659754046636
FAP,30000,0.21275357731730965,True,defined,0.21275357731730965,0.0465007726290751,0.04870311709887862,0.0011084889218832055,0.00028913898071235354,0.04870188835118609,0.0020539734452883667
FAS,30000,0.1878839974870804,True,defined,0.1878839974870804,0.03766052592095372,0.039026532708999875,-8.5283088311553e-05,0.0030964237140171462,0.039026525435794275,0.0014709740656031287
FASLG,30000,0.22334025966137933,True,defined,0.22334025966137933,0.04939127271260168,0.051782680369938716,0.0003761865851158897,0.01415692802470973,0.051782538853592026,0.002449007524943018
FASN,30000,0.4291373503742965,True,defined,0.4291373503742965,0.1868031172041645,0.22814957400334582,-0.007681220892320076,-0.029589875274648268,0.22809057284894907,0.04855879006126315
FAU,30000,0.6072863828634026,True,defined,0.6072863828634026,0.4242168712783614,0.6712482767083832,0.00329055675342679,-0.002088912314688787,0.671237448944638,0.22578502434147413
FCER1G,30000,0.21930323401410073,True,defined,0.21930323401410073,0.05485510372143019,0.05759262965315337,0.0034572827774410446,-0.000569014165410772,0.05758067684895018,0.003348655926341372
FCGBP,30000,0.1946518955954471,True,defined,0.1946518955954471,0.041497473418571185,0.04310135653595621,0.002722951061464846,0.003230428324600022,0.04309394207347101,0.0021542826030588784
FCGR3A,30000,0.26404223994742904,True,defined,0.26404223994742904,0.10661315383271455,0.11459823972274309,0.0010253544916709264,0.0029285939231320905,0.11459718837091332,0.0077472638951011155
FCRLA,30000,0.24554841653859585,True,defined,0.24554841653859585,0.06279242412077703,0.06661762728012595,0.00025008848073581854,0.011464604152712854,0.06661756473587888,0.0030546906459481085
FES,30000,0.39782360556178425,True,defined,0.39782360556178425,0.16970894619832452,0.20124467364798435,0.0024453635901212694,-0.0012806245932881818,0.20123869384488813,0.02591911398170116
FFAR2,30000,0.24099060595069277,True,defined,0.24099060595069277,0.06093032568883693,0.06467556972550635,0.0017345399235685667,-0.0003342366645500685,0.06467256109676348,0.0033888177253977737
FFAR3,30000,0.27884144092273644,True,defined,0.27884144092273644,0.07944948450769451,0.08605270506566166,0.0007859958029041688,0.006935067858508167,0.08605208727625775,0.005580235756495701
FFAR4,30000,0.22143499799086294,True,defined,0.22143499799086294,0.04956843306961697,0.052043165309683816,-0.0005667602484424909,-0.005878445565963435,0.05204284409250383,0.0018922815788658068
FGF1,30000,0.16501900541857836,True,defined,0.16501900541857836,0.024590479088782525,0.025256796341810068,-0.00045493089733645317,-0.0048537666804118395,0.02525658937968827,0.0007697791844434425
FGF12,30000,0.23225998001826356,True,defined,0.23225998001826356,0.04545225831938033,0.04794024793070623,-0.0006609396264577905,0.007499428025865927,0.04793981108951503,0.002043120194095998
FGF13,30000,0.3186350823943665,True,defined,0.3186350823943665,0.09276272327333006,0.103090991334203,0.0019589600898325442,-0.001721187334441735,0.10308715380957142,0.00827703298433943
FGF18,30000,0.345257181985741,True,defined,0.345257181985741,0.1254353456975485,0.14220962664620693,0.0008977351557463407,0.002756712968905534,0.14220882071779808,0.013684405237663018
FGF2,30000,0.210222887486822,True,defined,0.210222887486822,0.04198827630667362,0.04389643102555837,0.0012003571608724694,-0.0031974552241440203,0.04389499016824299,0.0016261678986976469
FGF7,30000,0.19934366947893825,True,defined,0.19934366947893825,0.038851039558808635,0.04032641494209748,0.0009016582500189543,-0.0007224203879183429,0.04032560195449739,0.0008316849925414487
FGF9,30000,0.19935953499600995,True,defined,0.19935953499600995,0.0401435208699835,0.041707986295733385,-0.0010150401655584574,-0.010565806524617558,0.04170695598919567,0.0015205147475981563
FGFR1,30000,0.2529954396867142,True,defined,0.2529954396867142,0.05234712400918693,0.05589130506334499,0.0029692514874661963,0.0055128617173002565,0.05588248860894609,0.0029040392450180087
FGFR2,30000,0.24440938729144487,True,defined,0.24440938729144487,0.05215261637334128,0.05543656626692984,-0.002395553841938575,-0.007917178740746263,0.055430827588716966,0.003131268154449952
FGFR3,30000,0.40483318297692866,True,defined,0.40483318297692866,0.18285691540119275,0.21865605458691198,0.0011849533513188363,-0.0034101186794791524,0.21865465047246432,0.03431661463393703
FGG,30000,0.5512091360529789,True,defined,0.5512091360529789,0.6695788086845726,0.9616337517283587,-0.012446890150134763,0.0026318948230473326,0.9614788266539284,0.2916721736553362
FGR,30000,0.2073192740482897,True,defined,0.2073192740482897,0.04975053578736258,0.05182395790607561,-0.0005548754020283619,0.010306759720467865,0.05182365001936418,0.0016946489836206443
FHIT,30000,0.20700526681416456,True,defined,0.20700526681416456,0.0380921586141003,0.03966650021619392,0.0005224659406890472,-0.010262985372995415,0.03966622724553588,0.001961227510578692
FKBP11,30000,0.3294398400499226,True,defined,0.3294398400499226,0.10098577082600231,0.11283993358892379,0.0038653920138875643,0.0032153519203993106,0.11282499233349941,0.00819466429924852
FKBP5,30000,0.6137299540203649,True,defined,0.6137299540203649,0.5406872412662334,0.866697702304508,0.02009358081879715,0.04127105948543952,0.8662939503143903,0.3085959491649601
FLT1,30000,0.2417493444735897,True,defined,0.2417493444735897,0.06631583678101963,0.07030526280477303,0.004508550906802218,0.009174156736582518,0.07028493577349601,0.002839241531196193
FLT3LG,30000,0.20078079487939185,True,defined,0.20078079487939185,0.04587229175782427,0.04772509660910644,0.0026704007058093947,0.007230441806902915,0.04771796556917806,0.0013175080418302942
FN1,30000,0.6231633214229846,True,defined,0.6231633214229846,0.7293019271960421,1.1909113450723825,0.016061717527980607,0.04736419466262062,1.1906533663024281,0.45400836050589943
FOS,30000,0.28643617856330583,True,defined,0.28643617856330583,0.08897699776249636,0.0967261199424903,-0.012211230940371751,-0.030189575283671728,0.09657700578141147,0.007798633521753208
FOXF1,30000,0.2664889456321363,True,defined,0.2664889456321363,0.07194142548895227,0.07718744709960432,-0.0020251893122990926,-0.016346738153276964,0.07718334570785403,0.006382138278667863
FOXP3,30000,0.19137293391326687,True,defined,0.19137293391326687,0.03810910378733137,0.03940614595850079,0.0015764101677884657,0.013694584696131641,0.0394036608894845,0.001345837018371986
FPR1,30000,0.24734409335006385,True,defined,0.24734409335006385,0.07038258678644771,0.07478507514084339,0.0013326064931849639,0.007340134919077779,0.07478329930077895,0.0031222250341836626
FYB1,30000,0.25472692896136984,True,defined,0.25472692896136984,0.07443457613441126,0.07950731934155462,0.004230410077422858,0.010325099175223538,0.07948942297213164,0.004058855277785848
FYN,30000,0.21791402100447535,True,defined,0.21791402100447535,0.05011585063344163,0.05259611100276967,0.0020276435679445664,-0.0014941687175392872,0.052591999664331666,0.0022087853957282713
FZD1,30000,0.2520205844929126,True,defined,0.2520205844929126,0.05900037548914747,0.06298578386750202,0.0001591993237535159,0.0002008470088408406,0.06298575852307814,0.003523792848284252
FZD3,30000,0.1864856841238071,True,defined,0.1864856841238071,0.03517243819972943,0.036407929589022524,-0.0002575525968025128,0.005022724137935438,0.03640786325568061,0.0013890705228350407
FZD4,30000,0.3331402442883524,True,defined,0.3331402442883524,0.10409352133783052,0.117006344118374,0.002048231011380752,0.0035003995072698064,0.11700214886810112,0.01109322020732242
FZD5,30000,0.33749544494815054,True,defined,0.33749544494815054,0.12811832521119196,0.1442399387974088,0.003548407531157136,-0.0012813829026728247,0.14422734760139935,0.012316216222350365
FZD6,30000,0.3222965342626288,True,defined,0.3222965342626288,0.08297379920094242,0.09247112188102001,0.004271614557442566,-0.000733295206966189,0.09245287519009626,0.007748684020119827
FZD7,30000,0.31357109124353133,True,defined,0.31357109124353133,0.09060928797925957,0.10002538526606089,0.0013584214760611454,0.012481875172583387,0.10002353995715378,0.006713746077454938
FZD8,30000,0.35459757178555645,True,defined,0.35459757178555645,0.11145997708585721,0.1270376823159711,0.00030882025087873143,0.017506233465174836,0.1270375869460238,0.013542712446952123
G0S2,30000,0.3748376589301171,True,defined,0.3748376589301171,0.13454433705792485,0.1562708795810174,-0.011349568269153437,-0.029188514180136068,0.15614206688112306,0.023366553747305292
G6PD,30000,0.5303388237989557,True,defined,0.5303388237989557,0.3324767051444723,0.46258287430669687,0.004687438770631949,0.008344096482211414,0.4625609022244771,0.13111468299092938
GADD45B,30000,0.39264806951011666,True,defined,0.39264806951011666,0.17801872214852957,0.2095682528754452,-0.0033125426640113194,-0.030781645745267452,0.20955727993653595,0.030936974186765144
GAS6,30000,0.2747953092300846,True,defined,0.2747953092300846,0.06951108182356443,0.07495761928774733,0.0025455572844793398,-0.010686632633012293,0.07495113942585964,0.0046995422695107585
GATA3,30000,0.21842270720195037,True,defined,0.21842270720195037,0.05073678044018346,0.05325375553951345,0.00038583979473138846,0.0024508255273904067,0.05325360666716368,0.0021143795695961606
GC,30000,0.6530124556687542,True,defined,0.6530124556687542,0.7603748526421085,1.3257079798741134,-0.006848621502953271,-0.004848006121907383,1.3256610762576164,0.5687139020924565
GCG,30000,0.22269069747665868,True,defined,0.22269069747665868,0.04293194422787163,0.045136920514355125,0.0009659567990650734,-0.003577473240706604,0.04513598744181658,0.0019022936530499151
GDF15,30000,0.2910066914288637,True,defined,0.2910066914288637,0.0812673295152321,0.08810204519710983,0.00029033843614161014,-0.019123564940710398,0.08810196090070456,0.004982234397312744
GLUD1,30000,0.41385682953180924,True,defined,0.41385682953180924,0.15789929063612648,0.19039769947446517,0.003491739757110675,-0.006555020688225825,0.1903855072279388,0.03430866112138364
GLUL,30000,0.5899290533940191,True,defined,0.5899290533940191,0.6430303094659614,0.9854005702675387,0.0038230773801604906,-0.014508791220576193,0.9853859543468879,0.3612625237407836
GNLY,30000,0.16316697405039615,True,defined,0.16316697405039615,0.028355956685144026,0.02909042316312569,0.0008125192626068989,-0.005508445509088536,0.029089762975573127,0.0007283039500806163
GPBAR1,30000,0.23198196546993774,True,defined,0.23198196546993774,0.06111567410209275,0.06456065272217743,-0.0019012154719481866,0.00293898269199611,0.06455703810190717,0.0038447272511511325
GPER1,30000,0.29567511001866414,True,defined,0.29567511001866414,0.09015666099189362,0.0987090364236246,-0.0001611213178684314,0.005385682442310887,0.09870901046354592,0.007410388571211147
GPNMB,30000,0.2663964502018828,True,defined,0.2663964502018828,0.08852613751217744,0.09506319888301909,0.0037970334789405266,0.018346271869149253,0.09504878141977952,0.006211327280194282
GPR183,30000,0.1505545329802631,True,defined,0.1505545329802631,0.026882840539779154,0.027503679147147395,0.0005805357614221673,0.001481160880609726,0.027503342125377115,0.0005532029996728811
GPX1,30000,0.6041133926405989,True,defined,0.6041133926405989,0.3949556172273925,0.6199740694760523,0.024209384303539992,-0.015582163744303398,0.6193879751876913,0.22071967416334273
GPX3,30000,0.6059827337566062,True,defined,0.6059827337566062,0.40657662455164106,0.6415877262634493,-0.009275796653613604,0.008430606034964634,0.6415016858599054,0.21825214926473666
GSK3B,30000,0.3893780550789523,True,defined,0.3893780550789523,0.12745395642265248,0.14995440014469644,0.0029630624481787283,0.008857715590872492,0.14994562040562245,0.018596394108059824
GSN,30000,0.46307706700050927,True,defined,0.46307706700050927,0.20761784539595665,0.2633254132721283,0.0028549474651614823,0.024492233931067555,0.26331726254709353,0.0485564066378342
GSTP1,30000,0.5211151088175574,True,defined,0.5211151088175574,0.26600422522886413,0.36485232456008365,0.007683928727606933,0.023793266226411407,0.36479328179939635,0.0966369884500636
GZMA,30000,0.1746042719414536,True,defined,0.1746042719414536,0.033660576860475966,0.03467388941330429,0.00039717859228452046,-0.006126345109612642,0.03467373166247071,0.0009822163915183086
GZMB,30000,0.21808069517786577,True,defined,0.21808069517786577,0.04280576875398488,0.044914032702237615,0.0015574666403234004,0.0023064573108097343,0.044911606999900947,0.002668072801114298
GZMH,30000,0.19916870997124558,True,defined,0.19916870997124558,0.04649565387928542,0.048305064026792174,-0.00027176054312537113,-0.008352815204288344,0.048304990172998274,0.0025219026091973964
GZMK,30000,0.20187316432306443,True,defined,0.20187316432306443,0.04277981155600591,0.04452248071313912,0.0011697928688799342,0.008804003260938529,0.0445211122977831,0.001501656508765299
H2AZ1,30000,0.5790043297802461,True,defined,0.5790043297802461,0.5233490699512356,0.7857594076563884,0.00728952118443946,0.00230224309899689,0.7857062705373004,0.2315999080720222
H4C3,30000,0.5423525806096006,True,defined,0.5423525806096006,0.559744581851764,0.7919187382163168,0.007372907050698996,0.010712549270336361,0.7918643784579441,0.20653476007636623
HAVCR2,30000,0.14325675540619698,True,defined,0.14325675540619698,0.027083499602058265,0.027472805320567745,0.0009629443485910694,0.013285649654459364,0.027471878058749035,0.0008178785392501565
HBA1,30000,0.28580267919469576,True,defined,0.28580267919469576,0.09513505851352554,0.10344047048940715,-0.002918242538906634,-0.005608340210602425,0.10343195434989269,0.006383209642331312
HBB,30000,0.24220330960064487,True,defined,0.24220330960064487,0.0684695462390396,0.07254368039390577,-0.00047898282160361606,-0.013946709316403334,0.07254345096936433,0.00418540411869742
HCAR2,30000,0.24693499613038164,True,defined,0.24693499613038164,0.07484546312186136,0.079595213614462,0.0008441099675993124,-0.006433712470441242,0.07959450109282257,0.0039057137656982903
HCK,30000,0.18391944030816135,True,defined,0.18391944030816135,0.040751489620901735,0.04213351388739702,0.0005728959382201235,0.006698176915406172,0.04213318567763939,0.0012463064194006507
HCST,30000,0.232232154330063,True,defined,0.232232154330063,0.07076616479454097,0.07479824932851716,0.0023281583824505407,0.0029375266755281093,0.07479282900706269,0.004368545701095294
HDAC1,30000,0.43256067603206344,True,defined,0.43256067603206344,0.16974915783488,0.208723464501093,0.00043446326007445655,0.00616239134252149,0.20872327574276905,0.041811235980382735
HDAC11,30000,0.2823527629156122,True,defined,0.2823527629156122,0.07296123834433635,0.07918643533753343,3.245988823473453e-05,0.008303710369875383,0.07918643428388723,0.007031870875690915
HDAC3,30000,0.37524853138533665,True,defined,0.37524853138533665,0.1258686309126939,0.1464027246362552,0.0010360138135651748,-0.0035443778607198812,0.14640165131163185,0.018432728993675485
HDAC4,30000,0.3396102961262976,True,defined,0.3396102961262976,0.11300684138903813,0.12773760878469553,0.000992293402304252,0.0004947976209824749,0.12773662413850717,0.014351734241514143
HDAC5,30000,0.32542984161620436,True,defined,0.32542984161620436,0.09056854743622728,0.1012181381399762,0.0020421853790680566,-0.0009562019825621974,0.10121396761884983,0.00911920526653742
HEXB,30000,0.3682636971154403,True,defined,0.3682636971154403,0.1001144343019553,0.11551490738290207,0.005205893682998916,0.010467191736639748,0.1154878060538578,0.011878279223413158
HEY1,30000,0.2682035821880007,True,defined,0.2682035821880007,0.06843477206509797,0.07371437540752522,0.002554266856734951,0.0016794858811898545,0.07370785112834846,0.004556959425765095
HGF,30000,0.24584140657575698,True,defined,0.24584140657575698,0.03388272472487165,0.035802195106921536,-0.00441523797356834,0.01060764071046918,0.03578270078055923,0.002765138432948336
HIF1A,30000,0.5093968611389892,True,defined,0.5093968611389892,0.26123905175694495,0.35173135229273605,0.0034791489103188117,0.015057095650944393,0.3517192478155989,0.07649343362763057
HILPDA,30000,0.363375265539452,True,defined,0.363375265539452,0.1205886478932045,0.1388394960571468,0.0012057150238504013,0.007377567753349043,0.13883804230842403,0.016562601942559683
HLA.A,30000,0.6902504225482531,True,defined,0.6902504225482531,0.6062318327695223,1.1572113537400226,0.048153069076656056,0.0877429471383337,1.1548926356785196,0.5444358390320326
HLA.DPA1,30000,0.5450729248406734,True,defined,0.5450729248406734,0.4902125435636563,0.6975224101383644,0.01807767474514743,0.019052406009643648,0.697195607814169,0.1959292533539777
HLA.DPB1,30000,0.4325245744721174,True,defined,0.4325245744721174,0.2496056401023464,0.3068548961727585,0.003827321923772494,0.006934682266794456,0.30684024777964714,0.05152608989396996
HLA.DQA1,30000,0.38315203269592507,True,defined,0.38315203269592507,0.2470728567198548,0.2898515966360204,0.016903835743914047,0.020896584527598072,0.2895658569731637,0.04290464471771842
HLA.DQB1,30000,0.5634093026864271,True,defined,0.5634093026864271,0.42143045501805215,0.6172410092753445,0.02023126799042026,0.022074558453261853,0.6168317050708358,0.17858021829023027
HLA.DRA,30000,0.5493068875476045,True,defined,0.5493068875476045,0.4971826001363489,0.7109783911433475,0.014989578983187675,0.03474190359793526,0.710753703665252,0.19424737165680117
HLA.DRB1,30000,0.584567808463184,True,defined,0.584567808463184,0.5868545612894288,0.8916873843398948,0.021409440967937312,0.026841791697401397,0.891229020177331,0.2913428016482292
HMGB2,30000,0.40988450014249467,True,defined,0.40988450014249467,0.23595588505526552,0.2833333232918047,0.0019410181727260352,0.011331888411857654,0.283329555740257,0.0425951931988709
HMGCS1,30000,0.41001323774054704,True,defined,0.41001323774054704,0.16432991908875405,0.1968232100775199,-0.003938920821497838,-0.012629200181834555,0.19680769498028255,0.04201022916903063
HMGN2,30000,0.6391235592055049,True,defined,0.6391235592055049,0.6507068672706038,1.0981117155501312,0.018074593080952765,0.036439612118527295,1.0977850246350829,0.4069368707366099
HPGDS,30000,0.2378974904975223,True,defined,0.2378974904975223,0.051786782267057206,0.05489038377101907,0.0011712286964679758,0.00015628358783918277,0.05488901199436047,0.0029103810819147064
HSD17B2,30000,0.4419269111166619,True,defined,0.4419269111166619,0.17763242224019563,0.22031534608554287,0.0016646592784052095,0.0200125218316641,0.22031257499503182,0.041717560037639025
HSP90AA1,30000,0.6462244680744473,True,defined,0.6462244680744473,0.5066294116160824,0.8692996227898434,0.0005774353445818027,0.01460170680535181,0.8692992893582704,0.3480311505932838
HSP90AB1,30000,0.6468395088841569,True,defined,0.6468395088841569,0.4918739091918185,0.8452200262136759,0.01030444338573143,0.025235418440087233,0.8451138446601844,0.3399686858096817
HSP90B1,30000,0.6128438331569296,True,defined,0.6128438331569296,0.5040306949954175,0.8065968531607011,0.0053828413960834345,0.024342830130871154,0.806567878179209,0.2967209218492094
HSPA1A,30000,0.5287553388515929,True,defined,0.5287553388515929,0.36918665298857484,0.5133611229262216,-0.04217434956940512,-0.055655042099308535,0.5115824471646203,0.12740330003835207
HSPB1,30000,0.600255678447206,True,defined,0.600255678447206,0.4200265099474207,0.6559975124600487,0.0018648704927414655,0.01200455185896329,0.6559940347180966,0.22012326789220482
HSPG2,30000,0.4209258397775917,True,defined,0.4209258397775917,0.23645578647741858,0.2869231515544676,0.0035961262971162798,0.02299315054563728,0.2869102194301189,0.049974997914999764
HTT,30000,0.2744686383369805,True,defined,0.2744686383369805,0.05362206241791391,0.05785441381928715,0.0012550379208289086,0.0009415961200463546,0.05785283869910217,0.0029955600512976727
IAPP,30000,0.17813042214390634,True,defined,0.17813042214390634,0.03319235398427958,0.034148906647758374,0.0009717582521028816,-0.008534977434989802,0.03414796233365846,0.0007176892855047871
ICA1,30000,0.2573649741502085,True,defined,0.2573649741502085,0.06314016943939026,0.06760731276952975,-0.001020440083866318,0.0006176762437384847,0.06760627147156593,0.00408058164789555
ICAM1,30000,0.24752378514123272,True,defined,0.24752378514123272,0.058833990514879704,0.06264614891227475,-0.001557625209291776,0.0032007201601702644,0.06264372271598267,0.004139117510093768
ICAM2,30000,0.2441887583864192,True,defined,0.2441887583864192,0.06058505699470732,0.06438005777009481,0.0020727575046320754,0.00697354953760417,0.0643757614464185,0.004468088111649566
ICAM3,30000,0.2501628554981117,True,defined,0.2501628554981117,0.06296198472942645,0.06695841885516839,-0.000928909764563044,-0.0020284899643612637,0.0669575559818164,0.002582810344572017
ICOS,30000,0.21332806393078071,True,defined,0.21332806393078071,0.04366783942610438,0.04572631760044929,0.002644550960697234,0.006671765416028211,0.04571932395066664,0.001765507087880214
ICOSLG,30000,0.29293477758491254,True,defined,0.29293477758491254,0.0832664221722534,0.09098002591388947,0.00010878116004168988,-0.0015137116609344958,0.0909800140805532,0.006213617276898903
IDO1,30000,0.14542418131340432,True,defined,0.14542418131340432,0.022353567273818487,0.022712432606867592,-0.00024201171475773055,0.010602659155991083,0.02271237403719839,0.0005709334163013326
IER3,30000,0.32241459081745777,True,defined,0.32241459081745777,0.11436097062286495,0.1275661591570303,0.00032024222513039907,-0.004030529322614894,0.1275660566019475,0.011903455822482601
IFI27,30000,0.637809296514828,True,defined,0.637809296514828,0.5265348693269598,0.8849032331028207,0.01179303522941967,0.04156873647286557,0.8847641574228917,0.3266481291967956
IFI44L,30000,0.3374705786239915,True,defined,0.3374705786239915,0.07706335200748725,0.08671916934750684,0.0005964331887041529,0.010988119442810421,0.08671881361495724,0.00787925093225911
IFI6,30000,0.6647581212681454,True,defined,0.6647581212681454,0.5973812726113528,1.0674936686086873,0.013867012912531694,0.03873797811731541,1.0673013745615658,0.427083118487345
IFIH1,30000,0.33608587882974883,True,defined,0.33608587882974883,0.09230930394229264,0.10366554511074721,0.0025386602042863768,0.012760613608979232,0.10365910031510969,0.008511328057652076
IFIT1,30000,0.2575157982936224,True,defined,0.2575157982936224,0.04234923147913347,0.045195440948133804,-0.0004981621985013287,0.011145060014196012,0.04519519278255754,0.0025806784366767367
IFIT3,30000,0.2837371554564458,True,defined,0.2837371554564458,0.060619911655782316,0.06551736169792038,-0.0018248465649783612,0.01556621264735974,0.06551403163293443,0.004071293948082602
IFITM1,30000,0.4018330489327858,True,defined,0.4018330489327858,0.1292901266004087,0.15397678386336347,-0.00016412596628069878,0.00513928814168127,0.15397675692603413,0.021176026202041905
IFITM3,30000,0.6341706281878702,True,defined,0.6341706281878702,0.5056130945958632,0.8452576171696623,0.006720745415240526,-0.0018780971637150895,0.8452124487507243,0.321812803305465
IFNA1,30000,0.22826782689546432,True,defined,0.22826782689546432,0.05140544433414277,0.05413401321959195,-0.0024161150629321733,-0.010629000787404948,0.054128175607595926,0.002266646395451088
IFNAR1,30000,0.36277556421338397,True,defined,0.36277556421338397,0.10954769816221054,0.12587003915007028,0.004188214665775498,-0.00956027700752602,0.1258524980079876,0.014491897960924939
IFNAR2,30000,0.3592482585907147,True,defined,0.3592482585907147,0.11217634991854575,0.1287789923460459,0.0007874661571035782,0.0018076409191494652,0.12877837224309469,0.015574412258085956
IFNG,30000,0.17847246261657929,True,defined,0.17847246261657929,0.029846019296636005,0.030801198777830302,-0.0010821497609838843,-0.006262394403234551,0.030800027729724375,0.0009524208544904202
IFNGR1,30000,0.4183241724071141,True,defined,0.4183241724071141,0.14350160963340383,0.1737161481552402,0.0039870106412097815,0.010042587280686712,0.17370025190138708,0.026128401481396828
IFNGR2,30000,0.3367105696680663,True,defined,0.3367105696680663,0.11079208424935717,0.12481153536578979,-0.0011189813169340292,0.006886433379003817,0.12481028324659893,0.012256975411519015
IFNL3,30000,0.24305693587822064,True,defined,0.24305693587822064,0.06084570124691813,0.06462417044954685,-0.0028557830269138017,0.003108954549138434,0.06461601495285102,0.003411354721496855
IGF1,30000,0.30565601105969936,True,defined,0.30565601105969936,0.09476272532710628,0.10444839984769642,-0.0005910144608467817,0.0028796058853535213,0.10444805054959957,0.00827898135058063
IGF1R,30000,0.15822210005334897,True,defined,0.15822210005334897,0.02393166786528186,0.024464047275682604,0.0007629010664920012,-0.004078773598060555,0.024463465257646148,0.0010438890745952869
IGF2,30000,0.21548644994868393,True,defined,0.21548644994868393,0.04568499665966284,0.04769853107159146,-0.007992691077664494,-0.0189606248469674,0.04763464796092966,0.0034744604393240697
IGF2R,30000,0.4640920224579733,True,defined,0.4640920224579733,0.1775796815337709,0.22604327284868958,0.0043629923572142916,0.0178599768899614,0.22602423714637912,0.045472638900965985
IGFBP3,30000,0.4504749872735887,True,defined,0.4504749872735887,0.1634881771102751,0.20544252625173376,-0.021350226001689832,-0.012246450275877336,0.20498669410141135,0.043249559587888856
IGFBP5,30000,0.41491895592927863,True,defined,0.41491895592927863,0.1487462460270627,0.17925382894548172,-0.004992168602347374,0.004902334373618942,0.1792289071981187,0.025303955993310798
IGFBP6,30000,0.2638242852988427,True,defined,0.2638242852988427,0.06923093701795988,0.07432444364308592,9.516393132507801e-05,0.008752274670475162,0.07432443458691185,0.004863521111380326
IGFBP7,30000,0.35423717543864486,True,defined,0.35423717543864486,0.19961154960549418,0.22736749602732204,0.006300652882829308,-0.014588851437888418,0.22732779780056941,0.022372218444715684
IGHA1,30000,0.23236496945463175,True,defined,0.23236496945463175,0.06986498917192592,0.07373808237812957,0.00045933876062432925,0.00900251065180637,0.07373787138603169,0.003265000466058329
IGHD,30000,0.261792701094308,True,defined,0.261792701094308,0.06892591832018717,0.07386362027421027,-0.0022334387155870596,0.005277849526173668,0.0738586320257126,0.003920640643894187
IGHG1,30000,0.28779882695422637,True,defined,0.28779882695422637,0.10719677922467254,0.1166556267612889,-0.000571689389149348,-0.005496118967214716,0.1166552999325297,0.00720745203267069
IGHG2,30000,0.2541930449992493,True,defined,0.2541930449992493,0.07790306679519675,0.08320938275384121,-0.00023701383930941423,-0.00832183334993121,0.08320932657828232,0.00505767502537498
IGHM,30000,0.29651729549174377,True,defined,0.29651729549174377,0.10344951672267602,0.11326925096265383,0.0034040616989184248,-0.004506320837074114,0.11325766332660685,0.008181638436318828
IGKC,30000,0.28998384003293237,True,defined,0.28998384003293237,0.11088997298971463,0.12083596381043364,0.003515910456671069,-0.009529692187360099,0.12082360218409315,0.008703604752825087
IKZF3,30000,0.22097716599489733,True,defined,0.22097716599489733,0.049468083836369546,0.05200985630198904,0.002318226160357396,0.0040116885677232254,0.0520044821294595,0.002579896286391332
IL10,30000,0.26604131732831804,True,defined,0.26604131732831804,0.06696156022820647,0.07194781948534235,0.00369003271770974,0.014041244447871576,0.07193420314388518,0.005588283166207808
IL10RA,30000,0.16464659823502595,True,defined,0.16464659823502595,0.02867594561066451,0.0294627141101151,0.002214826445840299,-0.001726835700807472,0.02945780865393001,0.0007389132783109689
IL10RB,30000,0.3315576599051654,True,defined,0.3315576599051654,0.10015336595623406,0.11233793506633036,0.0004973431361218293,0.0022710505409292334,0.11233768771613314,0.009683508201469567
IL11,30000,0.2422842737974225,True,defined,0.2422842737974225,0.061419243028302095,0.06520401586689797,0.0035833635381112496,0.0020124482990805216,0.06519117537265147,0.002983396749592212
IL11RA,30000,0.25753044045320383,True,defined,0.25753044045320383,0.06785778571293274,0.07262335241928916,0.00026356167097886404,0.00046676634805917276,0.07262328295453435,0.005858522262810648
IL12A,30000,0.1721018600110674,True,defined,0.1721018600110674,0.03100888146807843,0.03194686549840852,0.00012136874813586474,-0.00175434697259916,0.03194685076803478,0.000816930828746431
IL12B,30000,0.2236063806745875,True,defined,0.2236063806745875,0.053726777135043646,0.05654261897438948,7.756990517179172e-05,0.0017880855084673386,0.05654261295729883,0.002528035874256575
IL12RB1,30000,0.18085110181920866,True,defined,0.18085110181920866,0.04216128735756324,0.04353437969146478,0.000744347113246719,0.006088348729278854,0.04353382563883892,0.0010865207262435704
IL12RB2,30000,0.18031378923948693,True,defined,0.18031378923948693,0.039683063190772645,0.041011525329148174,0.002095565365999937,-0.0008912271783075993,0.041007133934946004,0.0013718978213341144
IL13RA1,30000,0.43713556581010654,True,defined,0.43713556581010654,0.184828352310743,0.22790377632744466,0.0015714315527429184,0.0061260341968659,0.2279013069303184,0.03509787210149265
IL15,30000,0.18236914740888843,True,defined,0.18236914740888843,0.03648308235515006,0.03762785739931299,0.00045948798935860395,0.004296731852727438,0.037627646270099596,0.002022770063075162
IL15RA,30000,0.3370256032428482,True,defined,0.3370256032428482,0.10697358264201978,0.12059353349246456,0.002504595954592029,0.0003483018862044749,0.12058726049156773,0.011698917180450293
IL16,30000,0.19088229919230276,True,defined,0.19088229919230276,0.04963856773253303,0.05144764703133857,0.0004613448154181242,0.007366307595480855,0.05144743419230125,0.0015251957872008772
IL17A,30000,0.1995013003451106,True,defined,0.1995013003451106,0.0428865403942242,0.04459259866725424,0.001065802833934625,0.0076574365746491825,0.04459146273157242,0.0013682403913381663
IL17B,30000,0.2080377503946611,True,defined,0.2080377503946611,0.04406169121471278,0.04600462848762105,0.0015356971014291048,0.007542175260733347,0.04600227012203375,0.0016677122848938791
IL17D,30000,0.24011364079461628,True,defined,0.24011364079461628,0.05741775238916049,0.06078572137083211,-0.00010578268840909004,-0.009859145653140633,0.060785710180851424,0.0027834441876936748
IL17RA,30000,0.33550144613852,True,defined,0.33550144613852,0.11184901973742255,0.125997174165089,0.004511549937600891,0.0049938972138935545,0.12597682008224864,0.012513594510366157
IL17RB,30000,0.30691276347580077,True,defined,0.30691276347580077,0.07333918121619809,0.08094327351049657,0.0001235281112914284,-0.004392046063279849,0.08094325825130222,0.007648408878176569
IL17RE,30000,0.21145692485415515,True,defined,0.21145692485415515,0.044520569562622056,0.046459243811595254,0.0016605698394278686,-0.008876530068703384,0.046456486319401386,0.0016057268970560933
IL18,30000,0.21275549521567266,True,defined,0.21275549521567266,0.03940764313509194,0.04118642302306281,0.0007427193826064467,0.009051835574701544,0.04118587139098204,0.0022373771160233195
IL18R1,30000,0.2081884741795106,True,defined,0.2081884741795106,0.04225880769698922,0.04412356220787357,0.000619846498221159,0.0031499768010039893,0.04412317799819235,0.0013896938026278964
IL1A,30000,0.25264391033748035,True,defined,0.25264391033748035,0.06380605841415293,0.06814200368217231,0.002221900331725677,0.00524083836672362,0.06813706684108595,0.003962541172545045
IL1B,30000,0.23154961321592513,True,defined,0.23154961321592513,0.05146690877954508,0.054374412054268385,-0.0023686373126382628,0.0007735011547677762,0.05436880161155067,0.0027241713912637
IL1R1,30000,0.33475912505265354,True,defined,0.33475912505265354,0.08873332936131863,0.09967000182612917,0.0027204186557481685,-0.0038967436137162925,0.09966260114846522,0.00840876521666732
IL1R2,30000,0.20067335950281026,True,defined,0.20067335950281026,0.04255515512306558,0.044315009672036554,0.0014710495312387744,-0.003682700811707764,0.04431284568531225,0.0018240980418354718
IL1RAP,30000,0.3247496585368234,True,defined,0.3247496585368234,0.12215515627974062,0.1362539793799025,0.0013155147754897673,-0.009432699026705814,0.13625224880077247,0.011523639456021315
IL1RL1,30000,0.1360053686043202,True,defined,0.1360053686043202,0.023133144089256364,0.023419383638627826,-0.001617918783177932,-0.013799202561291652,0.023416765977438848,0.00038975297895510095
IL1RN,30000,0.27546685943033955,True,defined,0.27546685943033955,0.08844590668785228,0.09554391054367305,0.0019706720104441045,0.003936117011648215,0.09554002699549727,0.005303552722873895
IL2,30000,0.15849580907068975,True,defined,0.15849580907068975,0.025400023114428794,0.02605117487337732,0.0003490740147729715,-0.0014061559040700862,0.02605105302070934,0.0006259939511559363
IL20,30000,0.22137701409075553,True,defined,0.22137701409075553,0.049924062299675394,0.05244672533471481,0.0013503700754294793,-0.0012369814486145817,0.052444901835373016,0.0019505168996903004
IL20RA,30000,0.16575160260932786,True,defined,0.16575160260932786,0.026950500052544304,0.027678603211814666,-0.0005124767215612034,0.004722936694259018,0.027678340579423002,0.0006401540192771156
IL22RA1,30000,0.13745734765567091,True,defined,0.13745734765567091,0.019481989779287254,0.019846648094636963,-0.00032615952383105955,-0.00020638040836298995,0.01984654171460179,0.0005104619215093063
IL23A,30000,0.19440761906381523,True,defined,0.19440761906381523,0.03708604341251798,0.03853160460833738,0.00026896606596807636,0.0026233159832142216,0.03853153226559306,0.001636246448044104
IL24,30000,0.24308285082671746,True,defined,0.24308285082671746,0.061892991135941544,0.06577410205149811,0.00035009060924251874,0.0022977365854390274,0.06577397948806309,0.004053464477876875
IL27RA,30000,0.2413782429387522,True,defined,0.2413782429387522,0.05910576261694731,0.06273752017453524,0.0016378755458941062,0.006541552221744981,0.06273483753823304,0.0038293477143417393
IL2RA,30000,0.17522884061399815,True,defined,0.17522884061399815,0.03884041057207547,0.04006395609034,0.001574426013852159,0.0045558428996446305,0.04006147727306828,0.0012041751415251913
IL2RB,30000,0.18259561104690925,True,defined,0.18259561104690925,0.03683089464972378,0.03802755670173431,0.001601195927336812,0.004758102510829728,0.03802499287333593,0.001900038816972254
IL2RG,30000,0.561750920973203,True,defined,0.561750920973203,0.4057658521543061,0.5914138305147353,0.00880777869336307,0.023618401554013447,0.591336253549236,0.162758875648091
IL32,30000,0.6380373909625624,True,defined,0.6380373909625624,0.6436215328394532,1.0847432297800121,0.022575775643562276,0.01009933456206539,1.0842335641341083,0.4090510274508585
IL33,30000,0.22872677266818817,True,defined,0.22872677266818817,0.04594329481411641,0.04846437343943046,-0.0006625715860476097,0.00295242944877391,0.048463934438324016,0.0024047725832224455
IL34,30000,0.384420744972466,True,defined,0.384420744972466,0.1326267961289806,0.1554223072905368,0.0010352446551124255,0.00907081985311185,0.15542123555903917,0.019912096870703944
IL36G,30000,0.1836554709300822,True,defined,0.1836554709300822,0.040859876947706604,0.04218084722732378,0.0013370150845497847,-0.007137882499311915,0.042179059617987284,0.0010298423219729303
IL3RA,30000,0.19505432064899889,True,defined,0.19505432064899889,0.035779088630125376,0.037155444973166626,0.0007052436181033651,0.005209996854010387,0.03715494760460506,0.0011169182320859702
IL4R,30000,0.2552842417928262,True,defined,0.2552842417928262,0.07556797372147145,0.08082115023117979,-5.876662402103345e-05,0.003071342421077619,0.08082114677766251,0.004975676798010545
IL6,30000,0.2323355069998692,True,defined,0.2323355069998692,0.05011586546107203,0.052760360010744814,0.0010576449371874333,-0.009959407367662546,0.05275924139793356,0.001957677388917635
IL6R,30000,0.5098108797606451,True,defined,0.5098108797606451,0.30072839978320404,0.40618897427174483,0.0030701996754854918,-0.004867497131385607,0.4061795481456821,0.10081300332008435
IL6ST,30000,0.5089775899053868,True,defined,0.5089775899053868,0.2973498219054779,0.40068563088137865,0.0036131914403289556,-0.014881387490123354,0.4006725757289904,0.0965073520443171
IL7,30000,0.18942011422977792,True,defined,0.18942011422977792,0.03276852092591424,0.03397429034130134,-0.0004176275179410974,-0.0016730582364592314,0.03397411592855619,0.0009907447866411303
IL7R,30000,0.19943139192429513,True,defined,0.19943139192429513,0.038539249498165,0.04013802729438393,0.0027074480990568798,0.0014563841851214722,0.040130697019173954,0.0017399137716622333
INHA,30000,0.38374627854803595,True,defined,0.38374627854803595,0.1436309931780415,0.16819612603932269,0.0013667714326332013,-0.004258307608152973,0.16819425797517565,0.020795078748293137
INHBA,30000,0.2365804311237297,True,defined,0.2365804311237297,0.05087650036768233,0.05389107958354289,0.00014035490546375514,0.0011403157053845158,0.05389105988404375,0.003111487475471237
INHBB,30000,0.2349147598762449,True,defined,0.2349147598762449,0.05204489305402513,0.05504587165479989,-0.000949620432406664,0.005170876838262969,0.05504496987583725,0.0030753603471184747
INS,30000,0.1855778401900703,True,defined,0.1855778401900703,0.03493849447028753,0.03607409526173443,0.00022783628478646278,-0.009553342380252433,0.03607404335236224,0.0010182271402019345
INSIG1,30000,0.2818076992630557,True,defined,0.2818076992630557,0.08274396171430316,0.08861369942181337,-0.006081784109522899,-0.0258386924221258,0.08857671132385804,0.012623474265570114
INSR,30000,0.36453185677825484,True,defined,0.36453185677825484,0.13825210432083312,0.1593528447771122,0.002895024516557654,0.002173908387002302,0.15934446361015753,0.018630443552238883
IRF3,30000,0.4310757437401011,True,defined,0.4310757437401011,0.18664082062186899,0.22896375947478953,0.004939337794482708,-0.00267597318814757,0.22893936241695084,0.037097030106862085
IRF4,30000,0.22485529798800788,True,defined,0.22485529798800788,0.051658352691421376,0.054370608884982234,0.0005314295201872786,-0.000302218227662767,0.054370326467647376,0.0021535549015025794
ISG15,30000,0.5020555062317773,True,defined,0.5020555062317773,0.22612259561639264,0.30173790741529105,0.0034180124061803023,0.005983075424178969,0.30172622460648335,0.06488930399022116
ITGA1,30000,0.3617620993872007,True,defined,0.3617620993872007,0.11664844639747712,0.13405265149461246,0.0027535034286479154,0.002581171405753897,0.13404506971348382,0.014487263646825899
ITGA2,30000,0.21471743095752446,True,defined,0.21471743095752446,0.04154100514496331,0.04321060100917491,0.0006606773757686218,0.018501068276748994,0.043210164514580165,0.0021904585813518843
ITGA3,30000,0.3002140687385516,True,defined,0.3002140687385516,0.07074607894953744,0.07751499122981595,0.0017036280575518806,0.014564453365221077,0.07751208888125578,0.00580505693938808
ITGA5,30000,0.4020584354996284,True,defined,0.4020584354996284,0.17684707524846294,0.2108713090182748,0.006553679760421316,0.01468243782662903,0.2108283582998807,0.03198477655022262
ITGA6,30000,0.32745389553660914,True,defined,0.32745389553660914,0.0942979930234999,0.10551279208250544,0.0016892146163930495,0.004194459601624598,0.10550993863648538,0.009333080889776958
ITGA8,30000,0.1497067476029112,True,defined,0.1497067476029112,0.020798123641423596,0.021268434158513073,-0.00041881008601437014,-0.0028592293662475033,0.021268258756624255,0.000444108436027223
ITGA9,30000,0.2146246660207404,True,defined,0.2146246660207404,0.03487420910401927,0.036478028228766994,-0.0037849170507242283,-0.01251958248707039,0.036463702631686364,0.0013882901911044852
ITGAE,30000,0.1496224143383852,True,defined,0.1496224143383852,0.02512505744977131,0.025704761748985287,0.002096345492079854,0.0019150142477379025,0.02570036708456179,0.0005796978918913363
ITGAL,30000,0.19072842902426673,True,defined,0.19072842902426673,0.0424740758349513,0.044078376904825016,0.0031661354837318263,0.0046527767395038,0.04406835249092264,0.0014039320829353718
ITGAM,30000,0.32080465955402326,True,defined,0.32080465955402326,0.0912278190093274,0.10166724136760714,0.0023831313541159034,-0.0012605463019999055,0.1016615620525515,0.009671553408849993
ITGAV,30000,0.5082653207834301,True,defined,0.5082653207834301,0.2801283204018697,0.3773722309886505,0.0030163823127746583,0.0150905408215418,0.37736313242640035,0.09119205419891073
ITGAX,30000,0.2702160419012208,True,defined,0.2702160419012208,0.07093968042750683,0.07650105878427417,0.0029132991075515747,0.002709982381973532,0.07649257147258662,0.004768015906050493
ITGB1,30000,0.5252678213998782,True,defined,0.5252678213998782,0.28029011070724213,0.38592611241957464,0.011079184425373872,0.04098614382229668,0.38580336409203825,0.10246672893175991
ITGB2,30000,0.2721364973694578,True,defined,0.2721364973694578,0.10775410964777543,0.11628444321484853,0.005993340063840151,0.016697610083024485,0.11624852308973149,0.008532812174748562
ITGB4,30000,0.19300693373002425,True,defined,0.19300693373002425,0.03567787511286019,0.037032713029780756,0.0015795412001510462,0.004959413853679143,0.03703021807937796,0.0016891663176276876
ITGB5,30000,0.4279939220844896,True,defined,0.4279939220844896,0.15821359487032194,0.19366000169226552,0.00353221817749242,0.0035112097239509846,0.19364752512700673,0.03318249423231727
ITGB6,30000,0.11857859533447569,True,defined,0.11857859533447569,0.016305616372935212,0.016478079697507638,0.00019323417261863748,-0.003425243226875318,0.016478042358061825,0.0004847432194786658
ITGB8,30000,0.24362116178122725,True,defined,0.24362116178122725,0.05716005767921388,0.06062208462690549,-0.00017395669892430305,0.010314022781784296,0.060622054365973344,0.003012267313307591
ITK,30000,0.20352491315352803,True,defined,0.20352491315352803,0.03975325077557795,0.04141580985639556,0.0018151460394263267,0.004620517254368072,0.0414125151012503,0.0011881618745993787
ITM2A,30000,0.21914064092242164,True,defined,0.21914064092242164,0.04922220873038183,0.05154706580940642,0.0038520148672163486,0.00037766798248824976,0.05153222779087008,0.0013981943216342955
ITM2B,30000,0.6163052237521109,True,defined,0.6163052237521109,0.47167855586135465,0.7594802600617448,0.007280928361481831,0.022018691212916747,0.7594272481439421,0.2651911965975846
JAG1,30000,0.3488450247591137,True,defined,0.3488450247591137,0.15398509194315937,0.17517506729058965,0.0048437047140051925,0.008883212996821386,0.1751516058152302,0.018093535748573853
JAK1,30000,0.4425705533219884,True,defined,0.4425705533219884,0.19494623860999316,0.2421441735115592,0.0030921949778993925,-0.01177594636460611,0.24213461184177668,0.04924777102632406
JAK2,30000,0.13301118379044383,True,defined,0.13301118379044383,0.022498149353004822,0.022793026730704092,0.000373566967745622,0.010622772240662015,0.022792887178424044,0.0003319350623980442
JCHAIN,30000,0.22539746057166807,True,defined,0.22539746057166807,0.03280904356155596,0.03449134294918455,0.0023028192577883603,0.01009894633522296,0.03448603997265165,0.0014502307955949435
JUN,30000,0.5760511839187744,True,defined,0.5760511839187744,0.48096507733284183,0.7185320590208673,-0.0092702231703947,0.008278498900153985,0.7184461219832361,0.2147744354687278
JUNB,30000,0.359490741093298,True,defined,0.359490741093298,0.14273440846983254,0.16415928412675881,-0.018497790471216042,-0.026948382067971396,0.1638171158744449,0.02000321668275359
KDR,30000,0.27601431381251074,True,defined,0.27601431381251074,0.05952006879912844,0.06432513009243063,0.002097863557500144,0.0038966569520998747,0.06432072906092468,0.003622569518680762
KIT,30000,0.225339006331261,True,defined,0.225339006331261,0.0465296957917919,0.048908165520242144,0.0009697213356693586,0.010304271898424486,0.04890722516077264,0.002070765692679591
KITLG,30000,0.2645695938121222,True,defined,0.2645695938121222,0.07069698015145119,0.07589344732223806,0.002273573305706183,-0.0006533534790641473,0.07588827818666224,0.00388076855264154
KLF2,30000,0.19898945022274936,True,defined,0.19898945022274936,0.04859837841301008,0.05058155456387331,-0.0032305326672891774,-0.008656101202208569,0.05057111822256144,0.00204991356558878
KLK3,30000,0.2312528873763152,True,defined,0.2312528873763152,0.048729833527463164,0.05138222844972532,-9.100402394930522e-06,-0.009219917502521033,0.05138222836690518,0.002417390540304699
KLRB1,30000,0.18743957198870748,True,defined,0.18743957198870748,0.03641435250773431,0.037742647321010764,0.0018936903335154056,0.0009232105074508582,0.037739061257930584,0.0013631755135954157
KLRF1,30000,0.1888286618517541,True,defined,0.1888286618517541,0.034043771839738626,0.03519651180311734,0.0017307653620218238,-0.006402751024571868,0.03519351625437886,0.0008515585212274886
KLRK1,30000,0.16952943954547936,True,defined,0.16952943954547936,0.03530354295135804,0.03623366727218772,0.0006236953673263391,-0.009474361527196015,0.036233278276275926,0.0008505437764324774
KRAS,30000,0.3387649757845974,True,defined,0.3387649757845974,0.09779312008250586,0.11044604474446386,0.0008271825923273961,-0.003232024210175344,0.11044536051341838,0.012121293678404291
KRT1,30000,0.1955447674151474,True,defined,0.1955447674151474,0.04017290796361019,0.041719052527941856,0.001987986745219678,-0.0025280812372026657,0.04171510043664191,0.0011721947489785084
KRT10,30000,0.21036023291018083,True,defined,0.21036023291018083,0.037687005679781185,0.03925082038986486,0.0010859592552607258,-0.01005571733021061,0.039249641082361224,0.0011970784319830564
KRT13,30000,0.14446838517788585,True,defined,0.14446838517788585,0.02421558512735819,0.024698674346422436,-0.0008256628138323625,-0.005399310928870303,0.024697992627339807,0.0006858945876871557
KRT14,30000,0.1904546399636592,True,defined,0.1904546399636592,0.036911811388792695,0.038274146060952856,0.0018683269874503216,-0.0026051867696733097,0.03827065541522103,0.0016251849367947188
KRT15,30000,0.3333167091671005,True,defined,0.3333167091671005,0.09811179487214065,0.11010694409441633,0.0017870793549964825,0.011295366882398957,0.1101037504417931,0.00967203691123399
KRT16,30000,0.37161077030683815,True,defined,0.37161077030683815,0.11642036145916858,0.13368465175569821,0.002251117422431707,-0.03204030810878806,0.13367958422605072,0.017118921652658627
KRT17,30000,0.3375371278242146,True,defined,0.3375371278242146,0.12333620435002132,0.1391185137570615,-0.0008882590261598428,0.006666993664990878,0.13911772475296394,0.01501611164042055
KRT18,30000,0.6033348915351153,True,defined,0.6033348915351153,0.46488570264717105,0.7299802177654219,0.01155241926300029,0.018512990564577437,0.7298467593745975,0.23977029637708014
KRT19,30000,0.3191787525984955,True,defined,0.3191787525984955,0.11460145142293349,0.12751974422476578,0.004787711319948236,0.005912866650170569,0.12749682204508336,0.010893242705459183
KRT20,30000,0.3305705553164507,True,defined,0.3305705553164507,0.087115071568356,0.09776024632361346,0.0009222393731276195,0.0026847375689569163,0.09775939579815311,0.009488126547587187
KRT23,30000,0.21002163286279527,True,defined,0.21002163286279527,0.04557704029876027,0.047668111283339955,0.0020453850225855908,0.004567313258779662,0.047663927683448765,0.0018339574198259466
KRT4,30000,0.19016334969089144,True,defined,0.19016334969089144,0.03617485799534389,0.03741035490273297,-0.0011822560710832476,0.009224037489824696,0.0374089571733137,0.0016003661124688693
KRT5,30000,0.1916063245841924,True,defined,0.1916063245841924,0.037161550222774696,0.03854575960015613,0.001656762534317871,-0.0019526448770920979,0.038543014738060585,0.0010946254993284994
KRT6A,30000,0.2649676580006225,True,defined,0.2649676580006225,0.07447690618445586,0.08006882504751142,-0.0012978600760300955,0.004268799499137094,0.08006714060673213,0.005569418924292771
KRT7,30000,0.23712905653366823,True,defined,0.23712905653366823,0.050325277780607476,0.05318589615208324,-0.0027995362641910714,-0.01451714878959853,0.053178058748786755,0.0029510750376682874
KRT8,30000,0.6345933686450981,True,defined,0.6345933686450981,0.5610586793433993,0.9382998249114499,0.015587337305474406,0.02963849566427525,0.9380568598271863,0.34903321981026764
KRT80,30000,0.1793671514095265,True,defined,0.1793671514095265,0.033431484512807384,0.0345047135561746,0.0013497033985952536,0.007190836168915363,0.03450289185690955,0.0012562459290282957
KRT86,30000,0.31054093612646355,True,defined,0.31054093612646355,0.08817201163870327,0.09745231319557829,0.00055472515275081,0.003352894686971558,0.09745200547558296,0.0074741510459660696
LAG3,30000,0.2066499095031992,True,defined,0.2066499095031992,0.0534072020187846,0.05577883678788833,0.0009591406036168336,-0.000229520876154614,0.05577791683718905,0.002085849681442177
LAIR1,30000,0.19902458401878118,True,defined,0.19902458401878118,0.05177285747256733,0.05361381344804376,0.0016423114508390426,-0.015192397434590384,0.05361111626114161,0.0019980435662764542
LAMA4,30000,0.20001654500323068,True,defined,0.20001654500323068,0.04236441480288627,0.044031457880731796,0.001662016252676646,-9.755902259009114e-05,0.04402869558270765,0.0010414129031975634
LAMP2,30000,0.5902011490410671,True,defined,0.5902011490410671,0.4229387983055377,0.648246929830187,0.0006775395262986422,0.00874505080942375,0.6482464707703757,0.20640570345342954
LAMP3,30000,0.21384318455073156,True,defined,0.21384318455073156,0.04074355636603687,0.04265115433083951,0.0021239565319071214,0.008942011102782756,0.04264664313948987,0.002019877186604833
LCN2,30000,0.2570515015771737,True,defined,0.2570515015771737,0.056241909390533536,0.060209090314927334,-0.0008049775524996221,-0.0031045824197271335,0.06020844232606748,0.004305907738908225
LDB2,30000,0.18991105318629561,True,defined,0.18991105318629561,0.041135511399407965,0.04264192960710187,-0.0010940112702548504,-0.0067945023344247605,0.042640732746442665,0.0015706464327207876
LDHA,30000,0.5388252645150349,True,defined,0.5388252645150349,0.32698923210789194,0.45981814280563477,0.007300292496693631,-0.004432825278040642,0.4597648485350993,0.11658822707847336
LDLR,30000,0.2649029878258677,True,defined,0.2649029878258677,0.07386963731180902,0.07935900342971997,-0.002312798868988951,-0.010747815862084583,0.07935365439111063,0.006127497424304829
LEFTY1,30000,0.2565744704850235,True,defined,0.2565744704850235,0.06300038180598046,0.06739220223548652,-0.000984967516673108,0.003983378438612029,0.06739123207447645,0.005065689699185386
LEP,30000,0.20082152234352507,True,defined,0.20082152234352507,0.04253391791204016,0.044302930445639495,-0.001736682407868405,-0.0036523233409641157,0.04429991437985225,0.0021512073511391937
LGALS1,30000,0.47416212649818246,True,defined,0.47416212649818246,0.3232037574217404,0.41695577537559825,0.010132220393170913,0.014447370549819122,0.4168531134854906,0.08931680379302506
LGALS3,30000,0.49326445207366487,True,defined,0.49326445207366487,0.24603596871362213,0.32493460040631,0.0057670250817512475,0.01856308210468851,0.32490134182801866,0.07640250678952565
LGALS3BP,30000,0.5989958613801082,True,defined,0.5989958613801082,0.421445455741037,0.6554990532663744,0.004789276161044836,0.03446344787760172,0.6554761161002426,0.21948592525064836
LGALS9,30000,0.4733137733925803,True,defined,0.4733137733925803,0.20582445234134333,0.2641572752610797,0.006314620169003805,0.03363192829421411,0.2641174008332047,0.05375303096241888
LGR5,30000,0.1756331839646422,True,defined,0.1756331839646422,0.029496090034337032,0.03037651344628567,-0.0008266321893160541,-0.008224160960390388,0.030375830125507642,0.0008419702622123071
LIF,30000,0.15703728619264293,True,defined,0.15703728619264293,0.025708015768892596,0.02626724871274393,-0.0016523206851134697,0.0031741234040804558,0.026264518549098795,0.0002961695090380028
LIFR,30000,0.2405698772907002,True,defined,0.2405698772907002,0.04488802309972203,0.047609023102693104,-0.0034866052135204277,-0.006183086601718484,0.04759686668678037,0.002141799525137458
LINC01781,30000,0.17852720848706138,True,defined,0.17852720848706138,0.037331689122204005,0.03853390288239538,0.0012017704024290044,0.0030522643933674166,0.03853245863029681,0.0015947443043450823
LINC01857,30000,0.21337286583593434,True,defined,0.21337286583593434,0.0504562885121687,0.05286045869185523,8.530077524483203e-05,-0.0014028994640738043,0.0528604514156303,0.0024561273953814505
LINC02446,30000,0.19437903710434046,True,defined,0.19437903710434046,0.034331270837617216,0.03561958641237518,-0.0003483925306548675,-0.0026334547529535484,0.035619465035021246,0.0019293452437053435
LMNA,30000,0.4800361812923511,True,defined,0.4800361812923511,0.22741403244809832,0.295496004832576,0.007264597664649288,0.003031135413600714,0.29544323045334564,0.07112330798432967
LPAR5,30000,0.20772007190761152,True,defined,0.20772007190761152,0.053595004295704865,0.0559905390469463,0.0014594730495164792,0.0037925514594224904,0.0559884089853624,0.0028370258229669576
LTB,30000,0.32058483266822985,True,defined,0.32058483266822985,0.11397738675940686,0.12675803616931247,0.002876994420712193,-0.007812694693121012,0.12674975907241604,0.010465587939285752
LTBR,30000,0.4065397298311372,True,defined,0.4065397298311372,0.1515874873710725,0.1814664306116161,-0.0007697743970900774,0.009746069937903667,0.1814658380589928,0.030568959946039063
LTF,30000,0.16883214574547034,True,defined,0.16883214574547034,0.023715437454394948,0.02437458139965793,-0.001227715159362803,0.004759253998438362,0.02437307411514637,0.0006368960638468345
LUM,30000,0.26801824088286463,True,defined,0.26801824088286463,0.056668026474806066,0.06068120648790763,-0.00407175112037609,-0.021682183081969075,0.060664627330724544,0.003465570049935314
LY6D,30000,0.2436316191908934,True,defined,0.2436316191908934,0.050232862451612646,0.053384113662815855,-0.0016433575694759686,0.002725511816177944,0.05338141303871614,0.0032755677540091755
LY75,30000,0.2230022181856238,True,defined,0.2230022181856238,0.04961631286882432,0.05219831926008832,0.0049802627459789315,0.006845823208256722,0.05217351624307069,0.0020353024899575508
LYN,30000,0.23861980867162474,True,defined,0.23861980867162474,0.04818554478417295,0.051041219836534736,0.0012212090094573796,0.0004265242597456866,0.05103972848509025,0.003730192504000384
LYVE1,30000,0.17451738263675454,True,defined,0.17451738263675454,0.027129121067439983,0.027930802954350423,-0.0031553681118724245,-0.010466823163906035,0.02792084660642999,0.0007227691312660317
LYZ,30000,0.35021765319900583,True,defined,0.35021765319900583,0.2124373221861896,0.24204824330989255,0.010823911538844308,0.02253254330753504,0.24193108624889742,0.027468072638611292
MAF,30000,0.535667440225456,True,defined,0.535667440225456,0.31066929684545586,0.43563458284647094,0.0045974894272163514,0.009066443790580766,0.43561344593745027,0.12111201663207723
MALAT1,30000,0.5534059744494905,True,defined,0.5534059744494905,1.0232588741099176,1.4748895405581277,0.04917083777398802,0.04616006911840135,1.472471769270737,0.3967550991086587
MAML2,30000,0.191610496599648,True,defined,0.191610496599648,0.03738461874269136,0.038793619203713166,-0.0009740487694740296,0.00299344019384492,0.03879267043270752,0.0014761369701195325
MAP1LC3B,30000,0.4977319114072775,True,defined,0.4977319114072775,0.2248052490349286,0.298667190480352,0.0045868264195819694,0.011840654272591927,0.2986461515037519,0.06885438553169795
MAP2K1,30000,0.35227118878351366,True,defined,0.35227118878351366,0.10148596698690555,0.11584354374835225,0.0028963106993585824,0.0027101079086365642,0.11583515513268704,0.013192845510737653
MAPK13,30000,0.3611937166354028,True,defined,0.3611937166354028,0.12450483596432041,0.14276909180693245,0.0008909967097143332,0.01784990561842472,0.14276829793179516,0.016342549843546942
MAPK14,30000,0.4390570412459584,True,defined,0.4390570412459584,0.18620847294954557,0.23049540233553495,0.0018474951387693484,-0.006850443483976415,0.23049198909724297,0.04090273060853213
MARCKSL1,30000,0.5608723439593023,True,defined,0.5608723439593023,0.34873253134410565,0.5080912439165851,0.00885241620366772,0.027127564238815103,0.5080128786439545,0.14883324053226332
MARCO,30000,0.3783660492932968,True,defined,0.3783660492932968,0.02453607765916849,0.028698722192704116,-0.011479588565789163,-0.019063228683101868,0.028566941239065627,0.003945529852543559
MB,30000,0.2746036367456878,True,defined,0.2746036367456878,0.04401543336762614,0.04749424882191679,0.0011015955599335333,0.006620566696963215,0.04749303530913944,0.002630176238350561
MECOM,30000,0.38006124313011774,True,defined,0.38006124313011774,0.12804160792756203,0.1496289477403008,0.003774181038637956,0.007192509110176373,0.14961470329779022,0.020122989259826862
MEG3,30000,0.22367645713717746,True,defined,0.22367645713717746,0.047794362128750253,0.050287210305591336,-0.0039212867120901745,0.002053270010954293,0.05027183381611194,0.0023756184591657557
MERTK,30000,0.3033642173859147,True,defined,0.3033642173859147,0.08815291295340277,0.09680288205924291,0.003155373765528202,0.019492258885603707,0.0967929256756452,0.009090976126651365
MET,30000,0.2832259009271374,True,defined,0.2832259009271374,0.0684231718499448,0.07436905139529446,0.001310570740016798,0.0036466252941128913,0.07436733379963138,0.005365481635099098
MFAP5,30000,0.19101191207889187,True,defined,0.19101191207889187,0.03397767603886265,0.03526145059664545,0.0011921069029718638,-0.000838978977111401,0.03526002947777929,0.0012903068730638375
MGP,30000,0.32022481889250787,True,defined,0.32022481889250787,0.11691258929593519,0.13033653622790806,0.011075307876740893,0.0039397006240052485,0.1302138737833382,0.01350665937212128
MIF,30000,0.6509268575629019,True,defined,0.6509268575629019,0.5164449026876267,0.8950926626721374,0.016204432634388408,-0.008337489934257853,0.8948300790351457,0.3638620013887494
MIR4435.2HG,30000,0.25220754820814045,True,defined,0.25220754820814045,0.07076171767837815,0.07534502408742308,0.004447096982536217,0.0156811434008996,0.07532524741585105,0.003497495318408108
MKI67,30000,0.24938962067541268,True,defined,0.24938962067541268,0.05043283419844715,0.05375593463120139,0.00019182632798328994,0.0023511666476207513,0.05375589783385951,0.0038162059368208718
MMP1,30000,0.2571778524778222,True,defined,0.2571778524778222,0.07608299208284233,0.08145814208746995,0.0010248158286015193,0.004327688527737822,0.08145709183998862,0.005153508215494304
MMP12,30000,0.1981706688999275,True,defined,0.1981706688999275,0.041647097378820795,0.043255582455113135,0.002457962373023232,-0.0071836061344482,0.04324954087608368,0.0015569950256567877
MMP14,30000,0.429435646131691,True,defined,0.429435646131691,0.1568546001369039,0.19154663810898195,0.003812516897916794,0.013370590782290673,0.19153210282388278,0.027038517445915452
MMP19,30000,0.24461307641764535,True,defined,0.24461307641764535,0.05271331540577256,0.05606372587764032,0.002489004180766642,0.005607415514002787,0.05605753073582676,0.003291746575870799
MMP2,30000,0.20521842686872194,True,defined,0.20521842686872194,0.044968452586848284,0.04694575355857653,-0.0012138082440942527,-0.001469568516932001,0.04694428022812158,0.0020734121519764034
MMP7,30000,0.2883199687006026,True,defined,0.2883199687006026,0.0601893727001113,0.0656248571484226,0.0002198655887817343,0.004091331375518348,0.06562480880754419,0.00578584440034833
MMP9,30000,0.21143950052976043,True,defined,0.21143950052976043,0.05141667293171946,0.05377827723566365,-0.0009779767780254283,-0.006284506205115273,0.05377732079708316,0.002034798029055393
MPO,30000,0.23631467103222026,True,defined,0.23631467103222026,0.052895051600238746,0.05596674389645147,0.0010701162145783504,-0.005994961491592888,0.05596559874773841,0.0028824038367305013
MRC1,30000,0.2299162521746354,True,defined,0.2299162521746354,0.05021707094311524,0.05301156480600962,-0.0012043705402252575,0.001779484088186291,0.05301011429761185,0.0027498744326450945
MRC2,30000,0.22794775083512783,True,defined,0.22794775083512783,0.061228451402447565,0.06441290479953309,0.0010994800457110009,0.013773492857126014,0.06441169594316486,0.003549143898200165
MS4A1,30000,0.19134609920584797,True,defined,0.19134609920584797,0.035019305884946735,0.036200616608295925,0.0001675517878184716,-0.011185726014570295,0.03620058853469356,0.0010563768561245978
MS4A4A,30000,0.17397788421921367,True,defined,0.17397788421921367,0.046705079456179445,0.04774131627559827,0.0031821855602785945,-0.01620462609216338,0.04773118997065756,0.0019847604883696
MS4A6A,30000,0.26004017867285273,True,defined,0.26004017867285273,0.11430004458835827,0.12260231111238638,0.007497936382144689,0.0013638831154132883,0.12254609206239893,0.00860513983927585
MSMB,30000,0.19727885358650762,True,defined,0.19727885358650762,0.037165600687694866,0.03859087478373552,0.003151229964631299,-0.0026180499576124324,0.0385809445334469,0.0009907543968531243
MSR1,30000,0.23997753966621885,True,defined,0.23997753966621885,0.08497781954203912,0.09016168586917925,0.005726569351119299,-0.0004622948390179469,0.0901288922726481,0.005041941085980331
MST1R,30000,0.24606341428193115,True,defined,0.24606341428193115,0.05569803001980431,0.059054924556421425,0.0013060862821216385,-0.01030221766178729,0.059053218695047,0.0025548337376927327
MT1X,30000,0.3645470050188071,True,defined,0.3645470050188071,0.18115531828749712,0.2077129401498699,0.0012405355097105106,-0.031122245303126208,0.20771140122151094,0.02777798427521542
MT2A,30000,0.49811445700739343,True,defined,0.49811445700739343,0.5375639796941922,0.7086983342616764,0.008185528402651349,-0.060135573813978896,0.7086313313864445,0.16799844021333016
MTOR,30000,0.36428958743188083,True,defined,0.36428958743188083,0.12167248708357938,0.14003843845444564,0.0008409401843945185,-0.00032029678896069525,0.14003773127405245,0.014781502312704867
MX1,30000,0.5122511215678617,True,defined,0.5122511215678617,0.21689263950920448,0.29293046831386643,0.004392401308069627,-0.0005667176563913624,0.2929111751246139,0.06182757742580697
MXRA8,30000,0.2272402825746021,True,defined,0.2272402825746021,0.05919839920272631,0.062321491411932564,0.0005318821779141823,0.010240893227449852,0.06232120851328182,0.003336998869300179
MYC,30000,0.18486798476788116,True,defined,0.18486798476788116,0.03237157461007787,0.033492371307595546,0.002575561414596935,0.002201469330047257,0.03348573779099345,0.0008032590992376067
MYH11,30000,0.2056680765377438,True,defined,0.2056680765377438,0.0329302346083276,0.034334203380304386,0.003113329452027877,-0.003936451075598597,0.03432451056002801,0.0016744288638060158
MYH6,30000,0.16141563388174254,True,defined,0.16141563388174254,0.02346571122471116,0.02405881362489071,0.0012386763693454366,0.006986880420183783,0.02405727930574239,0.0005547011188433612
MYL12A,30000,0.611620574607495,True,defined,0.611620574607495,0.4397598610455587,0.701865898541342,0.012031728031486272,0.030146098480988683,0.7017211360619205,0.24785197757343455
MYL4,30000,0.25592719403104913,True,defined,0.25592719403104913,0.06126643164908639,0.06550690144425902,0.0016701881973693769,0.003765029355600321,0.065504111915643,0.003427722040822217
MYL7,30000,0.1712691970495319,True,defined,0.1712691970495319,0.025169809697486372,0.02589743303973624,0.0011672759233042598,-0.0028400679195760554,0.025896070506654906,0.0005476791250616967
MYL9,30000,0.5510805678632305,True,defined,0.5510805678632305,0.32693117581298226,0.46917858579959026,0.004350038617973526,0.017749272784546095,0.4691596629636097,0.13619000621280705
MZB1,30000,0.19493976799050422,True,defined,0.19493976799050422,0.04503011536708005,0.04679307055686962,0.0021487014361967643,0.002397395995653157,0.04678845363900644,0.002171327831436263
MZT2A,30000,0.5730413511312707,True,defined,0.5730413511312707,0.3442546319830687,0.5118434954469911,0.0062046000401179,0.008501847305051827,0.5118049983853272,0.15007499348769895
NACA,30000,0.5772076761587881,True,defined,0.5772076761587881,0.3499041477021548,0.5247256740613705,0.005164225153625012,0.0008748088490877611,0.5246990048399469,0.1749577828127573
NANOG,30000,0.287130308510058,True,defined,0.287130308510058,0.07291036400698056,0.07915567716626835,-0.0004536417954911788,-0.009086896045224663,0.07915547137538971,0.004411869563964651
NCAM1,30000,0.2537075208787625,True,defined,0.2537075208787625,0.0611107121584983,0.06524160260782524,-0.0012675566174089909,-0.007683128514827694,0.06523999590804684,0.0035315809117626657
NCR1,30000,0.15534119075460726,True,defined,0.15534119075460726,0.026297624473956595,0.026925900530248296,-0.00018263434038187068,0.004379318336320769,0.026925867174945873,0.0006928110398216975
NDRG1,30000,0.6201482236553706,True,defined,0.6201482236553706,0.6188503682816396,1.0035192815760745,0.018417088655320307,0.04555468045286834,1.0031800924215366,0.352739144251902
NDUFA4L2,30000,0.48354975047814674,True,defined,0.48354975047814674,0.1842359370907014,0.23894840953219434,0.004733250640208522,0.03721782301412313,0.23892600587055826,0.05079816497510269
NEAT1,30000,0.5518997724052838,True,defined,0.5518997724052838,0.9170889569022647,1.3185802610367996,0.008981959256840248,0.005499203527485952,1.3184995854446884,0.38462245929400074
NELL2,30000,0.14951385675650392,True,defined,0.14951385675650392,0.023563559418614537,0.02404880989375063,0.0009220555885074039,0.007578417543635199,0.024047959707242,0.0006845544404751237
NFKB1,30000,0.36669761791257477,True,defined,0.36669761791257477,0.12229783717016687,0.14121202849294265,0.0008494279724856218,-0.004008365205353281,0.1412113069650635,0.01706723862020343
NFKBIA,30000,0.524541453539178,True,defined,0.524541453539178,0.3317982026850667,0.45688700359197265,0.000905405946324269,0.016056624951873284,0.4568861838320381,0.11206455780770075
NGFR,30000,0.25610403715073304,True,defined,0.25610403715073304,0.051556030241101794,0.05505079891148624,-0.0049006655183931195,0.004529765593582609,0.05502678238896526,0.004503841796508321
NKG7,30000,0.22899071098399262,True,defined,0.22899071098399262,0.05951146719449771,0.0626826084785304,0.0013207333539923033,-0.0073401652751306145,0.06268086414193831,0.0025827781140174205
NLRC4,30000,0.20927264113764482,True,defined,0.20927264113764482,0.047643347986406355,0.04981887875900989,0.001301735078667601,0.00011058210250242458,0.04981718424479435,0.0019502411072949977
NLRC5,30000,0.3239258213829,True,defined,0.3239258213829,0.10565134827359904,0.1177204015556684,0.0028275484361996255,0.0198530271173125,0.11771240652550967,0.012491391745925113
NLRP1,30000,0.2186090890545542,True,defined,0.2186090890545542,0.046483858983664264,0.048720958975890474,0.002078860490334531,0.005527497183671221,0.04871663731495411,0.0015298726092311898
NLRP2,30000,0.1925358715687734,True,defined,0.1925358715687734,0.03611780809371194,0.03749843043144786,-0.0004663163999095559,0.002051483088574605,0.03749821298046347,0.0012575743218125495
NLRP3,30000,0.2146846873983901,True,defined,0.2146846873983901,0.04703139135241585,0.049222015770747155,0.00028195229321718217,-0.008348063455875188,0.04922193627365329,0.002091639039915904
NOD2,30000,0.249862682378427,True,defined,0.249862682378427,0.06962170408491705,0.07412884238629967,-1.0207538803418477e-06,0.010639552914876064,0.07412884238525876,0.004260374882764796
NOSIP,30000,0.40475665856801096,True,defined,0.40475665856801096,0.1411759072222989,0.16829274713323902,0.0033405611673990887,0.01867642888497115,0.1682815877843261,0.022779351768070444
NOTCH1,30000,0.34735253364439467,True,defined,0.34735253364439467,0.13869715259441223,0.15754118398426384,0.0006744496859610081,0.012895055814170822,0.15754072910188874,0.020089538548148374
NOTCH2,30000,0.3133703778296566,True,defined,0.3133703778296566,0.0806190083210837,0.08932226508961276,0.0030355585124033193,0.0009772469472819163,0.08931305047413063,0.0072497858763372
NOTCH3,30000,0.2578703983505367,True,defined,0.2578703983505367,0.051140632937380935,0.05459208330233313,0.0011467883945132295,0.00915527297014293,0.0545907681787111,0.0024489412215057656
NPPC,30000,0.2391793099872279,True,defined,0.2391793099872279,0.06900420129519012,0.07288303525386103,-0.0011889986148724953,0.015359169441246195,0.07288162153615488,0.0036385986778994413
NPR1,30000,0.18579514892652985,True,defined,0.18579514892652985,0.03542916878357579,0.036665668858994534,-0.000752106158901006,-0.0053331549722337515,0.036665103195320445,0.0010639182975071887
NPR2,30000,0.3094442691935751,True,defined,0.3094442691935751,0.08127530709165104,0.08986000532477674,0.0021593016747385265,0.003899347901708097,0.08985534274105551,0.007773042945298023
NPR3,30000,0.238864610928616,True,defined,0.238864610928616,0.05141790204154965,0.05434120465065027,-0.0021595909277598063,0.009267756091379852,0.054336540817673896,0.0023558456644726484
NR1H2,30000,0.45182355973122695,True,defined,0.45182355973122695,0.2099053091828982,0.26341090365820535,0.0012835323855280875,0.01252827434615853,0.26340925620281963,0.048367449555531274
NR1H3,30000,0.3466744160568356,True,defined,0.3466744160568356,0.11583228125830491,0.131532782799226,-0.001010915422067046,-0.010385474086316147,0.1315317608492353,0.014688815721762092
NR2F2,30000,0.40017941943096585,True,defined,0.40017941943096585,0.17414510559269822,0.20699578089135529,0.0010303870420902968,-0.0016026316161830134,0.2069947191938991,0.02721535245327129
NR3C1,30000,0.439632304538505,True,defined,0.439632304538505,0.17206731056510433,0.2128988637034931,0.0028974995742241543,0.0067299943821174865,0.21289046819970772,0.03432543719737468
NRG1,30000,0.15566846997941283,True,defined,0.15566846997941283,0.03322495727128474,0.03393075020355529,0.0009870109539479018,-0.009097165100059647,0.033929776012931644,0.0006106776016940881
NRXN1,30000,0.18689779321751676,True,defined,0.18689779321751676,0.038556721002323185,0.039932685423685894,0.0014796881617357334,0.005651411258368171,0.039930495946630076,0.0012562085563701875
NRXN3,30000,0.2654091755158853,True,defined,0.2654091755158853,0.06730664012025034,0.07238996502599128,0.001731699133788546,0.004935187780247846,0.07238696624410161,0.004691293172374553
NTRK2,30000,0.17138389838556717,True,defined,0.17138389838556717,0.02441579762986512,0.025153706760819437,-0.0008478806361556053,-0.00025119606736455656,0.02515298785924628,0.0006790811427597777
NUPR1,30000,0.6340392686572268,True,defined,0.6340392686572268,0.552987662786785,0.9244552694752101,0.005947534119461973,-0.007544511638845628,0.9244198963131005,0.3682062849036054
NUSAP1,30000,0.40305428072293426,True,defined,0.40305428072293426,0.21561742080870702,0.2570158294192815,0.0011293863783900936,0.0017259979306642587,0.25701455390569755,0.03440550356204412
OAS1,30000,0.3961079580677523,True,defined,0.3961079580677523,0.11039306385992644,0.13036008512993033,0.0027670491819580395,0.02021917391268847,0.13035242856875984,0.016713521977814647
OAS2,30000,0.3983696886266614,True,defined,0.3983696886266614,0.10834816686859601,0.12755427411789041,0.0030615012290577093,0.03031376224749256,0.12754490132811747,0.015600121275927628
OAS3,30000,0.366462553658369,True,defined,0.366462553658369,0.09379865915690125,0.10757389722504425,0.0007075324753299355,0.02103479744848252,0.10757339662284059,0.010839380632099736
OASL,30000,0.2909782758768665,True,defined,0.2909782758768665,0.09794597125969004,0.1066823346649257,0.0014716437164694071,0.018235118686124527,0.10668016892969268,0.0082608243595116
OLFM4,30000,0.20057160881819092,True,defined,0.20057160881819092,0.04015072017298111,0.041810075617311634,5.419281007101138e-05,0.0008162386298499768,0.04181007268045122,0.0020891202257824495
OLR1,30000,0.13638374166954592,True,defined,0.13638374166954592,0.026669429650146098,0.027129000003297783,0.0008428448133791487,-0.004371315103757175,0.027128289615919083,0.000716666751532969
OSM,30000,0.21423689303980345,True,defined,0.21423689303980345,0.04505066257621596,0.04689213972825591,-0.0018007778156548739,0.012324747737393288,0.046888896927515626,0.0032583981201593066
OSMR,30000,0.32222413365153213,True,defined,0.32222413365153213,0.0898056115327961,0.10017164060424162,0.00020007697604596615,-0.004321668433011898,0.10017160057344353,0.009645701228966361
P2RX5,30000,0.16711368622981132,True,defined,0.16711368622981132,0.03135602090229564,0.03224195715924575,0.0013316791934892536,-0.001601294794829543,0.032240183789772114,0.0010734836164168267
PARP1,30000,0.4485251038266089,True,defined,0.4485251038266089,0.17912423781399253,0.22383614801404106,0.0058348431253184875,0.0046348429654201025,0.223802102619745,0.03749604172679981
PCNA,30000,0.40307527720032144,True,defined,0.40307527720032144,0.16324014634164546,0.19455665438490857,-0.00032316896735380094,-0.008904625351111948,0.19455654994672394,0.02656096428935119
PDCD1,30000,0.20622059966953504,True,defined,0.20622059966953504,0.048075788334702024,0.05018060519748717,0.0017999821860343217,0.004890579599809522,0.05017736526161551,0.0017158821281166
PDCD1LG2,30000,0.18526087467342225,True,defined,0.18526087467342225,0.03905628079801233,0.04026855418079007,-3.44215360780557e-05,-0.0068614633540006855,0.04026855299594676,0.002330562851714286
PDGFA,30000,0.41050826540958263,True,defined,0.41050826540958263,0.1551568310080128,0.1862150060026891,0.0014030730032672486,-0.0016828398636949714,0.1862130373888339,0.02541300559631167
PDGFB,30000,0.17530587940079137,True,defined,0.17530587940079137,0.04202710464167891,0.04333957834044613,0.0012756325980027518,0.005007722308197602,0.043337951101921006,0.0015333598713972018
PDGFC,30000,0.24482861502083192,True,defined,0.24482861502083192,0.05881084806028939,0.06254854260539075,-0.00030912042645116645,-0.001616644346213434,0.06254844704995283,0.0033735992099206634
PDGFD,30000,0.1347009465416939,True,defined,0.1347009465416939,0.01957050709418938,0.019871357146558896,-0.0001228370695064465,0.005046678097670277,0.019871342057612526,0.0006116831173623299
PDGFRA,30000,0.25907694406046716,True,defined,0.25907694406046716,0.0498662978580513,0.053390093204341786,-0.002948542644207676,-0.003630625806786702,0.05338139930062019,0.0026673189101515614
PDGFRB,30000,0.2625497144313042,True,defined,0.2625497144313042,0.07081580591179694,0.07583734103706576,0.0010310901865363121,-0.011793304833523387,0.07583627789009237,0.004326000163440443
PDS5A,30000,0.4922191344507132,True,defined,0.4922191344507132,0.2265321100780085,0.2982239233376106,0.003512876947845022,0.0014181539457989857,0.29821158303316014,0.06001927766197626
PECAM1,30000,0.23076531331372427,True,defined,0.23076531331372427,0.08264797525515924,0.08730865498978047,0.004089352577303846,0.002778405624049871,0.08729193218527956,0.0048815542461252475
PF4,30000,0.24758153621886086,True,defined,0.24758153621886086,0.057579183096935875,0.06121517801205443,0.0003606019014492631,-2.8566881420556457e-05,0.0612150479783229,0.0025475713019292704
PFN1,30000,0.6324504944166837,True,defined,0.6324504944166837,0.47353162635093093,0.789524472035975,0.030086900821421295,0.042444222000140384,0.7886192504349356,0.299666405939638
PGF,30000,0.24266358799333212,True,defined,0.24266358799333212,0.06487564565493995,0.06851201335863091,-0.00035963794340689975,0.018044949436636912,0.06851188401918161,0.0031147203581738084
PGK1,30000,0.6461556338063416,True,defined,0.6461556338063416,0.5249510977837063,0.9001077010589874,0.011624994780612179,0.004342237964749802,0.8999725605553434,0.3444771270232693
PGR,30000,0.18298178524509234,True,defined,0.18298178524509234,0.0286909994972295,0.029653578795462498,0.002008941154337178,-0.0022332132403874616,0.029649542950899877,0.0007553271656338632
PHLDA2,30000,0.42240426085582616,True,defined,0.42240426085582616,0.18021359537702247,0.218781108322448,0.004778303774011632,0.015358379783137935,0.21875827613549384,0.03175162654685208
PIGR,30000,0.4526587611227244,True,defined,0.4526587611227244,0.27918810664348714,0.350460824330217,0.005339586941711605,0.021669869482827682,0.3504323131415009,0.06292771553743273
PLAC8,30000,0.2606505322711319,True,defined,0.2606505322711319,0.07249913171804395,0.0777327286899686,-0.004248121495048205,-0.011505558878839656,0.07771468215373055,0.005786697966321221
PLAC9,30000,0.2219119329669244,True,defined,0.2219119329669244,0.056281031057069206,0.05916904814791331,-0.0020191699323554835,0.002702914245869033,0.05916497110069759,0.002628525544837712
PLCG1,30000,0.4253349213214169,True,defined,0.4253349213214169,0.16984975511850675,0.2070705385242255,0.006031049275770783,0.0038115464973350753,0.2070341649688572,0.03141669721236464
PLD3,30000,0.5091205925209655,True,defined,0.5091205925209655,0.2711460141243598,0.36560052767254964,-3.773559145629406e-05,0.011316803319335062,0.36560052624858896,0.0866498143914053
PNOC,30000,0.20463064639832565,True,defined,0.20463064639832565,0.043518780064009194,0.04540475115056523,0.0002150252657632033,-0.0022309630817432965,0.045404704914698966,0.0021773540637650976
POU5F1,30000,0.4683662787316374,True,defined,0.4683662787316374,0.3135782899446734,0.4004729748390876,0.002270751531422138,0.02433712508275251,0.40046781852656976,0.07543064306376727
PPARA,30000,0.459384288744039,True,defined,0.459384288744039,0.20980888484942964,0.2658659581440521,0.004076931070350111,0.0007926632853438301,0.2658493367770945,0.052739467842061974
PPARD,30000,0.33669175037159776,True,defined,0.33669175037159776,0.11522709747590905,0.12995108464086783,0.0015782037097960711,0.004480501912081187,0.12994859391391733,0.01500118138787478
PPARG,30000,0.1951462828496141,True,defined,0.1951462828496141,0.03740087303747534,0.0388265122869619,0.0008342057280863325,0.007725402557905181,0.03882581638776648,0.0016751958237223325
PPIA,30000,0.6525379656736567,True,defined,0.6525379656736567,0.508823166686778,0.8846343628992398,0.004977521442156285,0.032376062727688504,0.8846095871795435,0.36255587031201425
PRF1,30000,0.19452198114984048,True,defined,0.19452198114984048,0.04762395055617761,0.04947627582987922,-0.0004891057840238015,0.0036889422064773194,0.04947603660541198,0.0017359102037830278
PROX1,30000,0.5694930430305921,True,defined,0.5694930430305921,0.3722794153811773,0.5504444437517804,0.0036193299853553374,0.011083535362632634,0.5504313442022349,0.1639597551122929
PRSS2,30000,0.41006183605035335,True,defined,0.41006183605035335,0.15613811726531943,0.18761947397224066,0.003814493928104639,0.007346913277924371,0.18760492360831119,0.028713219428636163
PRTN3,30000,0.18325463973907577,True,defined,0.18325463973907577,0.03946018521195528,0.04066185812135197,0.00048575571017960706,-0.011156297764472158,0.040661622162744354,0.0009992545999194886
PSAP,30000,0.6007335918176178,True,defined,0.6007335918176178,0.46274313972353776,0.7237700240595315,0.014988219239066045,0.032614249881647996,0.723545377343578,0.2620024416918899
PSCA,30000,0.21009262177028842,True,defined,0.21009262177028842,0.04077751711218794,0.042654419839009076,0.0013865589346115789,-0.0001995468558627181,0.04265249729333023,0.0016910553570982422
PSD3,30000,0.2616105397014023,True,defined,0.2616105397014023,0.0793954593258701,0.08514418477934932,-0.0011067281079789003,0.006323062511042614,0.08514295993224591,0.0066071836843629266
PTEN,30000,0.16153107273252257,True,defined,0.16153107273252257,0.03311979601560053,0.03393300430449964,0.00037768862259884677,-0.001724131812513709,0.033932861655804294,0.0004629006993999412
PTGDR2,30000,0.18186228142769884,True,defined,0.18186228142769884,0.03581535414952719,0.03696689870258524,-0.0013145991437137127,-0.009758028183145992,0.036965170531676035,0.0011391516101348378
PTGDS,30000,0.386585204802485,True,defined,0.386585204802485,0.23127688716832878,0.2718928983115862,-0.0011249561619013548,0.0028067586583434604,0.2718916327852333,0.039884077162136135
PTGES,30000,0.25864472736034055,True,defined,0.25864472736034055,0.06595986499562645,0.07067851237301566,-0.001265187121803562,0.001969312420873515,0.07067691167456325,0.004832606503410673
PTGES2,30000,0.28785038124802576,True,defined,0.28785038124802576,0.08130442237056568,0.08860201668660041,0.001296712526679039,0.006921265680204184,0.08860033522322543,0.007988819984429482
PTGES3,30000,0.565132924911766,True,defined,0.565132924911766,0.35303651204522724,0.5186323681505838,0.0062470925672290225,0.005786123817736128,0.5185933419850414,0.15894230662158484
PTGIS,30000,0.2446985644474508,True,defined,0.2446985644474508,0.06668732056341738,0.07070328700540959,0.0007292518571019173,-0.010796859907294856,0.07070275519713742,0.0031174775658864267
PTGS1,30000,0.2420435953463231,True,defined,0.2420435953463231,0.05286352048768593,0.056131267040105695,0.001181416013278067,-0.003393530462346583,0.05612987129630766,0.0034093868333785206
PTGS2,30000,0.18539939645320005,True,defined,0.18539939645320005,0.03297811538744177,0.034096621080785754,0.0008218287551775575,-0.006053304452711988,0.034095945678283765,0.0013584487451255268
PTK2,30000,0.3938798096817604,True,defined,0.3938798096817604,0.13539348483318694,0.1602352093955302,0.0023932205513119698,0.006875760157452896,0.16022948189092123,0.024401137634769005
PTK6,30000,0.25526763949676173,True,defined,0.25526763949676173,0.06730721490058637,0.07198718005172598,-0.00029210632865627606,0.002335730968537973,0.071987094725618,0.004420615272520084
PTPRC,30000,0.21410520835749713,True,defined,0.21410520835749713,0.04930766510876179,0.05154223651427237,0.001742813051616152,0.01224794616640235,0.05153919911693937,0.0028258227864524986
PTPRCAP,30000,0.25630716022244415,True,defined,0.25630716022244415,0.08487664275174325,0.09076287771077225,0.0025289114516228437,-0.005458875446180658,0.09075648231764054,0.005317153383498382
PTTG1,30000,0.35463458834320893,True,defined,0.35463458834320893,0.14485425612613093,0.16547722274355123,0.003679345292846362,-0.009755030637848541,0.1654636851617626,0.01954744605622195
PXDN,30000,0.19306549556574956,True,defined,0.19306549556574956,0.05032778144645787,0.05217651544246406,0.0009427537926783164,-0.008878003260273059,0.052175626657749746,0.0018819244497105447
QRFPR,30000,0.2605997871164154,True,defined,0.2605997871164154,0.0718314096816892,0.0768443380364394,0.0021157594833523035,-0.009717712480389553,0.07683986159824792,0.004080469878918966
RAC1,30000,0.5797071689916158,True,defined,0.5797071689916158,0.3799675247843193,0.572250569795143,0.006422791880369186,0.009618648240125427,0.572209317539609,0.18646585911594923
RAC2,30000,0.3570858662165555,True,defined,0.3570858662165555,0.1141486007668366,0.13075146287122053,0.0026071583321938914,0.004714451175537154,0.13074466559665185,0.014569406771461686
RACK1,30000,0.5702811833024543,True,defined,0.5702811833024543,0.3508248228716706,0.5191282121250459,0.008294649644941091,-0.010598190916958265,0.5190594109123177,0.15691296445046563
RAG1,30000,0.14184398688500416,True,defined,0.14184398688500416,0.027969224836473926,0.02851881796357725,0.0013628542790810267,0.005043399626908164,0.028516960591790843,0.000417046460421327
RAMP1,30000,0.5575391206151371,True,defined,0.5575391206151371,0.3773820825350367,0.5464657615561501,0.006411174503217141,0.015941541966904577,0.5464246583976342,0.14842075891472123
RAMP2,30000,0.195404543172107,True,defined,0.195404543172107,0.04338809755812773,0.045066373072603645,0.0008799716277668873,-0.005312751280976227,0.04506559872253978,0.001542240140815302
RAMP3,30000,0.18535875969665175,True,defined,0.18535875969665175,0.04145698432585913,0.04276895858994119,-0.0008639367676029603,0.0017014087371775531,0.04276821220320319,0.002565048897642932
RARA,30000,0.471033068909716,True,defined,0.471033068909716,0.2278087699405318,0.2925147590941141,0.003017321182663242,0.01604510468490189,0.2925056548669946,0.062037630362580164
RARB,30000,0.17770127698090307,True,defined,0.17770127698090307,0.03619046142273625,0.03733666118637522,0.00013534594575564067,-0.004806612630590583,0.037336642867851225,0.0013864738857434031
RARG,30000,0.20424430650408515,True,defined,0.20424430650408515,0.0525190591986153,0.054770984177129334,0.0009241840799649557,-0.0018186229040593996,0.05477013006091518,0.0028001258383283166
RARRES1,30000,0.25967688905358893,True,defined,0.25967688905358893,0.06426567773333845,0.0688716771286038,0.0019489118232081334,-0.0008359273444269395,0.06886787887131064,0.003883742948688176
RARRES2,30000,0.6164294097712096,True,defined,0.6164294097712096,0.4900658256728564,0.7897072799557587,-0.00046742979514723023,-0.007703508504266696,0.7897070614651477,0.2790078390962985
RB1,30000,0.2437961014333897,True,defined,0.2437961014333897,0.05714591930175619,0.06059638492369423,0.0034995783403515817,-0.008278535131555692,0.0605841378751329,0.0030373089524481063
RBM47,30000,0.595765708848501,True,defined,0.595765708848501,0.36488885479046845,0.5650001092568977,0.008625526342106362,0.023648410606302787,0.5649257095522252,0.1865925388061847
RBPJ,30000,0.3602792747630228,True,defined,0.3602792747630228,0.13316411352418542,0.1527562581363942,0.007118075141310692,-0.0025849039618779596,0.15270559114267532,0.016169622487584728
REG1A,30000,0.4665217973625166,True,defined,0.4665217973625166,0.5779714990987453,0.7367749300903873,-0.0028600409458080928,0.0165638621110993,0.7367667502561748,0.13402836821933045
RELA,30000,0.38427929660844135,True,defined,0.38427929660844135,0.13389470362184175,0.15704919494953504,-1.4467643822232883e-05,0.006053305609579548,0.15704919474022855,0.023043712914243716
RELT,30000,0.2524633863586964,True,defined,0.2524633863586964,0.07285657011023665,0.07780147640622427,-0.0005727702631304661,0.0031629008296566704,0.07780114834044839,0.0050410362377689985
RGCC,30000,0.21114429954812014,True,defined,0.21114429954812014,0.06713033546583257,0.07021831451843466,0.003995117915794253,0.010569394140789518,0.0702023535512746,0.0027179754255168324
RGS1,30000,0.2791572400248681,True,defined,0.2791572400248681,0.11916823294893009,0.1292342529602591,0.008152062590171894,0.0049048106456204554,0.12916779683578672,0.011620275368298837
RGS13,30000,0.15292213441303332,True,defined,0.15292213441303332,0.024020333151130845,0.024570500988356135,-0.00010216229579721887,-0.0019281959498989938,0.024570490551222113,0.000815860866737886
RGS2,30000,0.4755915354069207,True,defined,0.4755915354069207,0.37461855880415235,0.48401181753715156,0.004527209680775801,0.014443223855039105,0.4839913219096522,0.11031238348228423
RGS5,30000,0.29019293682039515,True,defined,0.29019293682039515,0.08189981053879052,0.08929776491784418,0.003718190238873164,-0.006640032550605247,0.08928393997919287,0.006639150924869237
RNF43,30000,0.25730969164623113,True,defined,0.25730969164623113,0.06572300639505381,0.07029411826725215,-0.0020405759748692315,0.007104449845485699,0.07028995431694103,0.004900940341633001
ROR1,30000,0.2742059664606617,True,defined,0.2742059664606617,0.06555395486665215,0.07085767545322057,0.0004936167975266774,0.004370443549812383,0.07085743179567357,0.0048944192516041625
RORA,30000,0.3763657100251957,True,defined,0.3763657100251957,0.1366684405766173,0.1590615897935851,0.0010434368989119926,0.0008862936951957332,0.15906050103301714,0.019130507113528834
RPL21,30000,0.5924263877910371,True,defined,0.5924263877910371,0.4166762065573176,0.6417173467886478,-0.0019738934890677533,-0.013653498282384437,0.6417134505331521,0.21870127781998058
RPL22,30000,0.5540646216104544,True,defined,0.5540646216104544,0.3455505654750819,0.4981021750961501,0.004556566208352646,-0.010861758626820907,0.4980814128005301,0.14391244008095982
RPL32,30000,0.5307731505803691,True,defined,0.5307731505803691,0.32405731690508505,0.45038379965978237,0.001332186092187961,-0.020389693277527113,0.4503820249399924,0.1203934121388865
RPL34,30000,0.608757217545839,True,defined,0.608757217545839,0.4714072169014934,0.7481356828132011,0.0022048420030623675,-0.019684667513903697,0.7481308214849428,0.2703389743445678
RPL37,30000,0.6176248965070772,True,defined,0.6176248965070772,0.48604751315146655,0.7838370919264684,0.007941449222931017,-0.016166460211835026,0.7837740253106976,0.271319352820387
RPS4Y1,30000,0.16016317551653705,True,defined,0.16016317551653705,0.02943995604208878,0.029236295120385777,-0.00416378164490064,-0.03392029679675664,0.029218958042798962,0.0013396653727913545
RSPO3,30000,0.1595187438522598,True,defined,0.1595187438522598,0.028322721439851754,0.02904707975846201,-0.0013250538165681064,0.0026466583433992735,0.029045323990844987,0.0006937725484371874
RUNX3,30000,0.23081993342890228,True,defined,0.23081993342890228,0.06312016807644827,0.06665060525928417,0.0028441760826855896,-0.0010340058823348954,0.06664251592169533,0.0031310798250278366
RXRA,30000,0.44426402912469737,True,defined,0.44426402912469737,0.18000866141554353,0.22422840829458507,0.002374714520573616,-0.0024209764075193863,0.22422276902552504,0.042494746628671094
RXRB,30000,0.3745183333040335,True,defined,0.3745183333040335,0.1457300886908149,0.16905258343130874,0.0041967305934677525,0.023560500429864625,0.16903497088363761,0.022061454195951846
RYK,30000,0.3687213233507173,True,defined,0.3687213233507173,0.12225093068432466,0.1412502193420744,0.002675776849190394,-0.002532356969311756,0.1412430595603278,0.015631903685803555
RYR2,30000,0.25590516565199856,True,defined,0.25590516565199856,0.06100328442499709,0.06510635756002378,0.0029459159570435684,-0.00041060699899001825,0.06509767913919808,0.0027820931656055586
S100A10,30000,0.6087667026410583,True,defined,0.6087667026410583,0.5849779816833743,0.9282235973045659,0.016718831958125034,0.025011955307885848,0.9279440779625138,0.31039037632586397
S100A2,30000,0.25836561412371706,True,defined,0.25836561412371706,0.06689652233198881,0.07161470486706273,0.0022846042192851503,0.0010699900651622253,0.07160948545062543,0.005966593052577114
S100A4,30000,0.3041607344529103,True,defined,0.3041607344529103,0.12747173949064416,0.14009991172210295,0.007720447323968013,0.027301926731230924,0.14004030641521842,0.012524213516518154
S100A6,30000,0.5926790747130427,True,defined,0.5926790747130427,0.556401890557176,0.8576783020586014,0.012977554858103394,0.01915570087352923,0.8575098851285201,0.2921002484913895
S100A8,30000,0.19229249123955447,True,defined,0.19229249123955447,0.026622180546947222,0.027610207787312154,-0.001449126894151171,-0.0027937277558162652,0.027608107818555796,0.0014216770835589051
S100A9,30000,0.42484201145020956,True,defined,0.42484201145020956,0.14479833498298522,0.1766287882622453,-0.006442039044946432,-0.0032002312613457133,0.17658728839519755,0.028896532790707405
S100B,30000,0.19745608224783637,True,defined,0.19745608224783637,0.04156142191001713,0.04316856891099568,0.000991018564067781,-0.005063471343183967,0.04316758679320187,0.0012028380480176297
S100P,30000,0.253998664793044,True,defined,0.253998664793044,0.054125172526579605,0.057805252576177225,-0.0011811937233433126,-0.0019429291767887964,0.05780385735756414,0.004642563647294786
SAA1,30000,0.35960392981546085,True,defined,0.35960392981546085,0.1736429415853589,0.19783860882604018,-0.002674410778625558,-0.014219608877168503,0.19783145635302773,0.03820179359810709
SAT1,30000,0.41100781143820314,True,defined,0.41100781143820314,0.22817891437029736,0.2744388480833975,0.0008928612194955349,-0.008330734568686845,0.27443805088222917,0.04465884145081813
SCG5,30000,0.2089168470647994,True,defined,0.2089168470647994,0.0519122330040446,0.05408589583742986,0.001133937918767333,0.002163338852501086,0.05408461002222559,0.0012183935825218239
SCGB3A1,30000,0.18268446817403744,True,defined,0.18268446817403744,0.03625277049475995,0.03749719168511449,0.0009365439645946026,0.0023791760029125727,0.037496314570517206,0.001426983555211435
SEC23A,30000,0.44515260034492216,True,defined,0.44515260034492216,0.1925627956289024,0.23989119437817247,0.002747107246145606,0.005225674000083624,0.23988364777994806,0.041446952684566
SEC61G,30000,0.5048051253080676,True,defined,0.5048051253080676,0.23499162667120022,0.315228004931773,0.0007876690186560154,0.0022577798422212555,0.31522738450929705,0.07501497017891931
SELENOP,30000,0.6224959439685812,True,defined,0.6224959439685812,0.5439388238137481,0.8877897238794619,-0.001228772144888838,0.0034371845435273523,0.887788213998477,0.3299037655178519
SELL,30000,0.18877020899719665,True,defined,0.18877020899719665,0.03715747550950492,0.038519468611936517,-0.00019462588435659807,-0.003295742235032958,0.038519430732700546,0.0014490880399514391
SELPLG,30000,0.21910049858265956,True,defined,0.21910049858265956,0.06322074551641589,0.06635541564039535,0.0022392279617488384,-0.0032671730875367456,0.06635040149853,0.0037766894728321143
SERPINA1,30000,0.6417358010880133,True,defined,0.6417358010880133,0.852233404837761,1.4484998154226139,-0.02855541735884423,-0.0034841022156178953,1.447684403562069,0.5799020520899053
SERPINA3,30000,0.505847308654368,True,defined,0.505847308654368,0.5488131648740027,0.7375972927462806,-0.01286921937391162,-0.014383248013514094,0.7374316759389932,0.19625911140198113
SERPINB5,30000,0.20319238683137741,True,defined,0.20319238683137741,0.03827759220559452,0.03981934443570763,0.0018628251794104774,-0.007590213889134854,0.0398158743180578,0.0013333255516619705
SERPINH1,30000,0.5217093279077379,True,defined,0.5217093279077379,0.2774530109573951,0.3811858257740644,0.006337838112562895,0.0016430943797478296,0.3811456575821163,0.10703667113610023
SFN,30000,0.4534840073188429,True,defined,0.4534840073188429,0.18348380450956903,0.23047173481220373,0.0006842371258884668,0.0029767218315197774,0.2304712666317556,0.039056303499833515
SH3BGRL3,30000,0.5862406074794833,True,defined,0.5862406074794833,0.3890961498676102,0.5921669938922984,0.014540873467798034,0.03867996536583329,0.5919555568910875,0.20359475412429862
SIGIRR,30000,0.24624229388802338,True,defined,0.24624229388802338,0.06736223963414154,0.0715927628255532,0.0022816165663301943,0.010000777128525078,0.07158755705139737,0.0053811059537950835
SLA,30000,0.24129369809302825,True,defined,0.24129369809302825,0.07301727266983722,0.07751492935151116,0.004249953884010514,0.004484838669479359,0.07749686724349696,0.0037795239898901134
SLC2A1,30000,0.38106776469155174,True,defined,0.38106776469155174,0.1341640822465457,0.15682861429110548,0.002715364849194884,0.007329174815723673,0.15682124108484075,0.019940546539848333
SLC40A1,30000,0.34559407723090796,True,defined,0.34559407723090796,0.12523221398863343,0.14209388000354659,0.0015710846722126006,-0.008989082496495878,0.1420914116965048,0.016997743306980527
SLCO2B1,30000,0.3329693905112453,True,defined,0.3329693905112453,0.15805827600626793,0.1776890034975685,0.0035135053430994352,0.012370663355905951,0.17767665877777516,0.019310421849050543
SLPI,30000,0.4213860019047056,True,defined,0.4213860019047056,0.20781793741275292,0.2526141158689599,-0.001962058313190937,-0.006064507705464106,0.2526102661961487,0.04203190396099627
SMAD2,30000,0.405354836078083,True,defined,0.405354836078083,0.15146454985226362,0.18119905520252447,0.0034580209977924823,-0.0030475479079041783,0.181187097293303,0.028901827003213205
SMAD3,30000,0.3128737692296073,True,defined,0.3128737692296073,0.07666981879946934,0.08492410966600841,-0.00038984557880709567,-0.0009181691353602219,0.0849239576864304,0.006973830210806535
SMAD4,30000,0.37126624356512405,True,defined,0.37126624356512405,0.13170753603480473,0.15261671344515884,0.0019116940106575688,0.0006776396651616475,0.1526130588711664,0.017871192238013332
SMARCB1,30000,0.3861697347670253,True,defined,0.3861697347670253,0.1343108652928127,0.15783989865970152,0.003477037139609456,0.004107853454248592,0.157827808872428,0.024894880114804563
SMO,30000,0.3233138421838546,True,defined,0.3233138421838546,0.09437155212067157,0.1053830181095266,0.002729165490095814,0.002225800066634353,0.10537556976525751,0.010335116117539197
SNAI1,30000,0.42936444359664083,True,defined,0.42936444359664083,0.1790115512147967,0.21929990373994,0.001014138708760341,0.011821973415040217,0.2192988752626131,0.038464463002327726
SNAI2,30000,0.37424444700569637,True,defined,0.37424444700569637,0.15094265284304673,0.1753233479333483,0.0002206059243530035,0.008379919808008708,0.17532329926637788,0.021401408916744552
SOD1,30000,0.626866231367751,True,defined,0.626866231367751,0.41169508850784725,0.6778767027734396,0.0018475715962549052,-0.001303721890777039,0.6778732892526477,0.2523461659332539
SOD2,30000,0.6400020626896848,True,defined,0.6400020626896848,0.6219895018781086,1.0510625303245713,0.016926264119769135,-0.01680675311301214,1.0507760319075374,0.40224448959871545
SORBS1,30000,0.32226584940278313,True,defined,0.32226584940278313,0.08227890294892759,0.09176480428615562,0.0013974857999011873,-0.004475300769050955,0.09176285131959852,0.008876170109971122
SOSTDC1,30000,0.19698438397611961,True,defined,0.19698438397611961,0.037116559549428024,0.038574411348600436,0.0008331391022230188,-0.004581835521800773,0.03857371722783667,0.001258847517858222
SOX2,30000,0.16420101724973457,True,defined,0.16420101724973457,0.024684377349795162,0.025363886801494255,0.0005186552423673372,-0.0014513332285180998,0.025363617798234633,0.0007293294354235277
SOX4,30000,0.557189987247196,True,defined,0.557189987247196,0.35629239256008366,0.5150259076010031,0.0013859955742955208,0.02722461072319032,0.5150239866172888,0.14258870480166416
SOX9,30000,0.5517279213178007,True,defined,0.5517279213178007,0.33840212074432213,0.48533729104516593,3.549509656925996e-05,0.006760543650617668,0.48533728978527874,0.12733088107420085
SPARCL1,30000,0.32643027787092765,True,defined,0.32643027787092765,0.10054965939669602,0.11250688701107174,0.0025621078819657367,-0.0031965102354627258,0.11250032261427442,0.011562336626088392
SPINK1,30000,0.34408995076949694,True,defined,0.34408995076949694,0.3146880570689959,0.35645664136605315,0.00966791720557958,-0.011027603100733056,0.35636317274296325,0.03840125573944842
SPOCK2,30000,0.2267875206537683,True,defined,0.2267875206537683,0.06610219205341893,0.06967427492285226,0.0028827172278116145,0.00703456827425592,0.06966596486423564,0.003412132122989754
SPP1,30000,0.48780284525697953,True,defined,0.48780284525697953,0.4031740723615399,0.5282077402412918,0.011362317966048916,0.035769132584768035,0.5280786379717327,0.13469472240782424
SPRY2,30000,0.2848501803628082,True,defined,0.2848501803628082,0.07160709924776802,0.07784681561674534,-0.0008194997484485308,-0.0019185853828627539,0.07784614403691016,0.005005447915599024
SPRY4,30000,0.2184395904945733,True,defined,0.2184395904945733,0.0411478510502392,0.04313481520782686,0.0006502936735128362,-0.005862183628610607,0.04313439232596454,0.0015967899941327461
SQLE,30000,0.3378202474304773,True,defined,0.3378202474304773,0.10531915247427776,0.11879561688124088,0.0017628323387354613,-0.003930334462960794,0.118792509303387,0.015273186045188394
SQSTM1,30000,0.6220011851999534,True,defined,0.6220011851999534,0.5065246258843088,0.8236312968992962,0.0007826498161380489,-0.038164976512671756,0.823630684358557,0.3127288783951081
SRC,30000,0.3701046991165799,True,defined,0.3701046991165799,0.1044681914027078,0.12054492174659018,0.0011581864042207598,0.010116049237254386,0.12054358035084016,0.012018038996631605
SREBF1,30000,0.23958754559721254,True,defined,0.23958754559721254,0.06213191005805898,0.06588870612896468,0.0003308107554912567,-0.0042340964388257515,0.06588859669320714,0.0035222605892545862
SRGN,30000,0.3050100309172624,True,defined,0.3050100309172624,0.14798072245398466,0.16309682504527037,0.004426561593761047,0.0062961999688239305,0.1630772305977191,0.017321939465220558
SRSF2,30000,0.5763739822872445,True,defined,0.5763739822872445,0.3876506756580612,0.5795253946100202,0.010361369480937719,0.02366648200384031,0.5794180366324946,0.17259477050194943
SST,30000,0.1841088482398065,True,defined,0.1841088482398065,0.036727012528697714,0.03796041217270505,-6.263866952310005e-05,-0.007314311847555897,0.037960408249101914,0.001348566424473774
ST6GAL1,30000,0.457965072304241,True,defined,0.457965072304241,0.20477306168002699,0.2589059413628375,0.0007865038794775804,0.00802245140709565,0.2589053227744887,0.04939488478684108
ST6GALNAC3,30000,0.20494064894716435,True,defined,0.20494064894716435,0.04777517698485627,0.04964169551830061,-0.0010112147267907858,0.0026175489680075165,0.04964067296307545,0.0009796143941237475
STAT1,30000,0.5327201723650102,True,defined,0.5327201723650102,0.3208732606690779,0.4470467509752955,0.008650415935926139,0.026781785487224503,0.44697192127944135,0.11268317762954183
STAT3,30000,0.5231846236367252,True,defined,0.5231846236367252,0.26527683487497544,0.3651822861229573,0.007689872466151913,0.008358086959156208,0.36512315198440837,0.09385800047257989
STAT4,30000,0.2057621976076189,True,defined,0.2057621976076189,0.04671132022539007,0.04874964589363809,0.002248497828779121,-0.0024183787132851043,0.04874459015115048,0.0018044223675869435
STAT5A,30000,0.28586722008343557,True,defined,0.28586722008343557,0.07631970454414419,0.0830584225375627,0.0014349835270394881,0.008387596140180054,0.08305636335984012,0.006535870755308837
STAT5B,30000,0.29430209674144486,True,defined,0.29430209674144486,0.08142065418920565,0.08906856041406994,0.002722773897772034,0.00894844239516145,0.08906114691637187,0.006714349197397893
STAT6,30000,0.3458855920912234,True,defined,0.3458855920912234,0.11756496107689104,0.1331532667176745,0.00046688886632521945,-0.014146644838583113,0.13315304873245937,0.013198382569585823
STMN1,30000,0.5820501674707788,True,defined,0.5820501674707788,0.4752236764452612,0.7161205249347418,0.010207682727122058,0.03487487816504047,0.7160163281480927,0.2100154335142336
SYK,30000,0.21770253659980202,True,defined,0.21770253659980202,0.04918386704443365,0.05161974125142091,0.0024807278836145997,-0.00034439296831502967,0.05161358724058692,0.0021664099910891836
TACSTD2,30000,0.1834212536858294,True,defined,0.1834212536858294,0.03021476919498415,0.031212111703631754,-0.0018378219476590553,-0.00927554307213674,0.03120873411411855,0.0011041656635343677
TAGLN,30000,0.2955462088067932,True,defined,0.2955462088067932,0.10293971015432947,0.11275599021418418,0.0013306350935871401,-0.0031354756296534713,0.1127542196244282,0.009111264344209322
TAP1,30000,0.43793465107806684,True,defined,0.43793465107806684,0.18055524766417144,0.223128230664543,0.005392412338281671,0.010968384599860291,0.22309915255372326,0.03696969899606782
TAP2,30000,0.3909971683935078,True,defined,0.3909971683935078,0.14439059761806122,0.17018276415551148,-7.924981887141863e-05,0.011380529626247396,0.1701827578749734,0.022986031980054875
TBX21,30000,0.1315639064388349,True,defined,0.1315639064388349,0.023375882381764072,0.02371689969131877,3.240451328456402e-05,0.005650228578603613,0.023716898641267255,0.0006980616376139513
TCAP,30000,0.3180457171471037,True,defined,0.3180457171471037,0.10355363657626153,0.11500334441959421,0.002800861893594265,0.016279903846732727,0.11499549959224757,0.01100813586622341
TCF7,30000,0.21958928564006658,True,defined,0.21958928564006658,0.047630404252509646,0.050001899425151194,-0.0006272256252045432,-0.00660681087312308,0.05000150601316693,0.002214257968571675
TCL1A,30000,0.19711175736963202,True,defined,0.19711175736963202,0.037657296318592604,0.039169551357460655,0.00010208836322029431,-0.0021224993216645087,0.0391695409354269,0.0013580466005480255
TEK,30000,0.14880616054266843,True,defined,0.14880616054266843,0.022659710613673053,0.02316494432128081,-0.0017834852367949983,-0.004925390286640807,0.023161763501691572,0.0005580419612321095
TFEB,30000,0.31542137695056116,True,defined,0.31542137695056116,0.0849120447077726,0.09425384526872266,0.0016192763761306802,0.007557472628924976,0.09425122321274022,0.009063072756173622
TGFB1,30000,0.24397109525371397,True,defined,0.24397109525371397,0.051208879172046154,0.05403999338436729,0.002359888380145033,0.020251994842294757,0.05403442431119855,0.004239540236887983
TGFB2,30000,0.1653021832349166,True,defined,0.1653021832349166,0.03191256921521839,0.032805693529013275,-0.00018938348342974982,0.0013447747623028894,0.032805657662910076,0.0009562382552237752
TGFB3,30000,0.24231747151200986,True,defined,0.24231747151200986,0.05770567749126967,0.0612627440106556,0.0006734745535999536,0.0007144157722204303,0.061262290442681125,0.002873721142890438
TGFBI,30000,0.25166751793337455,True,defined,0.25166751793337455,0.06482477875188508,0.069136932574917,0.002393976641135911,0.0006193542506487574,0.06913120145075854,0.005546470669720711
TGFBR1,30000,0.2500355006751881,True,defined,0.2500355006751881,0.053529479057015834,0.05687078569844718,-0.0013141366922607024,0.012817930050718133,0.05686905874320075,0.004048826082479048
TGFBR2,30000,0.33170616171838974,True,defined,0.33170616171838974,0.1272903589024057,0.14271937609398228,0.004559489093224208,-0.003626648263029832,0.14269858715319167,0.01216144708345952
THBS1,30000,0.2945094919568776,True,defined,0.2945094919568776,0.11318568120953333,0.1237342575315871,0.0020246686328202488,-0.009703653141621423,0.12373015824851104,0.009319403980365569
THBS2,30000,0.23509932393646685,True,defined,0.23509932393646685,0.04385832885963277,0.04624977564640764,0.0032050122304509085,0.012846592783475838,0.04623950354301117,0.0017239905474436038
THSD4,30000,0.3167201622499997,True,defined,0.3167201622499997,0.09532521775213587,0.1059274569264824,0.0020455264976248144,0.0061963241772551554,0.10592327274782898,0.009981663062163625
TIE1,30000,0.21866494171453726,True,defined,0.21866494171453726,0.06096318867287087,0.06377693982904682,0.001498579568291704,0.013583094162117535,0.06377469408832617,0.002082953691805953
TIGIT,30000,0.21002349198573103,True,defined,0.21002349198573103,0.05394291287830788,0.05633409381197785,0.0023461320620651047,-0.0048983163672101605,0.05632858947632673,0.003210858559362394
TIMP1,30000,0.606905998118671,True,defined,0.606905998118671,0.472174571461052,0.7469205041553006,0.015085830716788769,0.03688651018442276,0.7466929218668862,0.26848580793403604
TLR1,30000,0.22019956869633747,True,defined,0.22019956869633747,0.046137760027548914,0.048405997035857976,-0.00030424028281122447,-0.00914874217720159,0.04840590447370983,0.0024305321718932228
TLR2,30000,0.2647000566911332,True,defined,0.2647000566911332,0.07444011481321777,0.07985278537028911,0.0028083861166611312,-0.008463677508542121,0.0798448983377092,0.004473625073286208
TLR3,30000,0.20220247271018627,True,defined,0.20220247271018627,0.040744322249446054,0.04247186173458368,-0.0011186782949914535,0.0015083384415464631,0.042470610293455835,0.0018901186957966225
TLR4,30000,0.20160799569254945,True,defined,0.20160799569254945,0.04211772356138369,0.04388731313746128,-0.002387248373404145,0.0020525690915363763,0.04388161418266405,0.001783363087756947
TLR5,30000,0.2550521351939178,True,defined,0.2550521351939178,0.06503102725909601,0.0695594761658634,0.002245125810181101,0.0025145830280913894,0.06955443557596029,0.004669778076171848
TLR7,30000,0.18101595155249334,True,defined,0.18101595155249334,0.03583600458033612,0.03705331449476953,0.002074684957911571,0.0011885149245373517,0.03704901017709455,0.0012441893093127932
TLR8,30000,0.16260573807383416,True,defined,0.16260573807383416,0.023839571642439987,0.024483274879467595,0.0008485164751919608,0.0002518565567656575,0.024482554899259976,0.0005496237845736821
TM4SF1,30000,0.4518625920587209,True,defined,0.4518625920587209,0.2475446024029309,0.3107324420322134,-0.004090014950931072,0.0013005611689644865,0.3107157138099221,0.055851818764741545
TNF,30000,0.15043709981386935,True,defined,0.15043709981386935,0.03413095356837567,0.034875651956733596,0.000505166656523943,-0.005612529395030773,0.03487539676338145,0.0009496026539561585
TNFAIP6,30000,0.1926372893539816,True,defined,0.1926372893539816,0.04407947842421155,0.04575224145624508,-0.00014551797130455573,0.002860875450531603,0.04575222028076552,0.0013837728580552695
TNFRSF10A,30000,0.1412350933455295,True,defined,0.1412350933455295,0.019631903118140653,0.02002628296487149,0.001101346684092035,-0.001254233787630801,0.02002507000035339,0.00036599181687427403
TNFRSF10B,30000,0.27421411786406175,True,defined,0.27421411786406175,0.06155789804556109,0.06655411527413396,0.0013239811789865295,0.003978118987819956,0.06655236234797517,0.005243343233670112
TNFRSF10D,30000,0.1997225684804037,True,defined,0.1997225684804037,0.04128960317373718,0.04292927798057094,-0.0003271074212466677,0.0066504183939187595,0.04292917098130478,0.00214329645586971
TNFRSF11A,30000,0.2504376489824972,True,defined,0.2504376489824972,0.057142113365006436,0.060762642765553564,0.0028521730553358795,-0.0015526895903264328,0.060754507874415956,0.002338917977740899
TNFRSF11B,30000,0.3391014405646548,True,defined,0.3391014405646548,0.09996488283058005,0.11281815274575904,0.0018139033108949662,0.0020966469736847407,0.11281486250053205,0.010573860689534687
TNFRSF12A,30000,0.4071574358351123,True,defined,0.4071574358351123,0.21342138137096878,0.25422604127449905,0.005726667730758588,-0.023140135300171095,0.2541932465511962,0.03318386872490584
TNFRSF13B,30000,0.1331924459542344,True,defined,0.1331924459542344,0.025431695489975578,0.025877143158159595,0.0009248196760192513,-0.0028624439572939686,0.025876287866726994,0.00047372945143441404
TNFRSF14,30000,0.442756385103389,True,defined,0.442756385103389,0.254510429021263,0.3162996021725679,0.004232212960844238,-0.008359562412218656,0.3162816905460321,0.0578507786289899
TNFRSF17,30000,0.15635074222364242,True,defined,0.15635074222364242,0.024513355133981122,0.025113398826328785,-0.0005497651377071936,-0.0018853982154008312,0.025113096584621755,0.0008006265616078877
TNFRSF18,30000,0.21352877576505294,True,defined,0.21352877576505294,0.0616301425298163,0.06456199193003472,-0.0010108610986421505,-0.004107903040979484,0.06456097008987467,0.0027524726488722664
TNFRSF19,30000,0.11994350394335088,True,defined,0.11994350394335088,0.01768338408332254,0.01787134111834089,-0.00023707438418641685,-0.007434398467258628,0.01787128491407706,0.00040828378480641317
TNFRSF1A,30000,0.45878154095402285,True,defined,0.45878154095402285,0.24692439555626566,0.3124624777659677,0.005323218999803066,-0.0022670623988514612,0.31243414110545725,0.058812809177668096
TNFRSF1B,30000,0.2390574053703285,True,defined,0.2390574053703285,0.06242285593937622,0.0660986375571919,0.0023816967030366263,-0.0013804947195390318,0.06609296507800538,0.002685570642956806
TNFRSF21,30000,0.3819667249849109,True,defined,0.3819667249849109,0.1212147055648773,0.1415793997732876,0.002611478308091561,0.019855699124598565,0.14157257995433545,0.0206476390985052
TNFRSF4,30000,0.17757898698105368,True,defined,0.17757898698105368,0.04275853993993513,0.04410081471526933,0.0017997410067046682,-0.004505836796578175,0.044097575647578796,0.0016584621625970611
TNFRSF9,30000,0.18409048445715606,True,defined,0.18409048445715606,0.031029742995026588,0.03210570399818753,-0.0020271250169103345,-0.0019880106035023346,0.03210159476235271,0.0008396902713236806
TNFSF10,30000,0.301850830950913,True,defined,0.301850830950913,0.08691871599546584,0.09557310239265138,-0.003135480035096407,-0.007267828049157591,0.09556327115759913,0.010011688898357865
TNFSF12,30000,0.24578390013017468,True,defined,0.24578390013017468,0.058396613915312555,0.062130132423934475,-0.0010972237657755613,-0.0031153111135858733,0.062128928523943854,0.0032677228525192074
TNFSF13B,30000,0.19715856385865968,True,defined,0.19715856385865968,0.05046909927091287,0.05248439874107186,0.0027977512031793594,-0.0027414006884258317,0.05247657132927694,0.002158916113613037
TNFSF14,30000,0.19518996123823973,True,defined,0.19518996123823973,0.04601167245947908,0.04780643431902233,-0.0007327388339986404,-0.0040163328182689535,0.04780589741282595,0.002182912300629816
TNFSF15,30000,0.18020500972364228,True,defined,0.18020500972364228,0.03732265886556671,0.03855969699502642,0.0019558911688625814,0.00466266789308041,0.03855587148476451,0.0015037537699421546
TNFSF4,30000,0.2310358679095134,True,defined,0.2310358679095134,0.056479155128839026,0.05961382186288811,0.0006932711213827133,-0.0008689305647936029,0.05961334123803749,0.003987477981187339
TNFSF8,30000,0.18751353599413248,True,defined,0.18751353599413248,0.044503320256221876,0.04601827456680156,-0.00034937811798105636,-0.010240055562278333,0.04601815250172968,0.0014364850011319176
TNFSF9,30000,0.17953583575530713,True,defined,0.17953583575530713,0.03522045872114836,0.03637591480432193,0.0005644812719896436,0.0031627181230302085,0.03637559616521376,0.001406186481794474
TNNC1,30000,0.2523938068808567,True,defined,0.2523938068808567,0.0740210210862345,0.07890553099522067,-1.1341897149880727e-06,-0.007654950362650561,0.07890553099393185,0.003814967204447639
TNNT2,30000,0.20732007208465156,True,defined,0.20732007208465156,0.03743223301431797,0.03904031905080444,0.0011860953650747737,-0.006822706574861271,0.0390389122285888,0.0019039299528097776
TNXB,30000,0.3069674163911428,True,defined,0.3069674163911428,0.10653962822474854,0.11733642034420964,-0.0024113643694669007,0.012144670399763467,0.11733060566609056,0.0126412927260269
TOP2A,30000,0.3777097657567907,True,defined,0.3777097657567907,0.30655486444324914,0.35682523335238475,0.003325744015040497,0.008760864762001438,0.3568141727791325,0.040321846063299714
TOX,30000,0.2875096371906005,True,defined,0.2875096371906005,0.07606363638257826,0.08283851476153124,0.0022328504245728254,0.0029533299923932646,0.0828335291405143,0.005474011343800198
TP53,30000,0.20719423361832273,True,defined,0.20719423361832273,0.041857082947616385,0.04352796762279586,0.0028190390286967158,-0.011365848731647808,0.04352002064174894,0.0016964988882827658
TPI1,30000,0.5925971543748966,True,defined,0.5925971543748966,0.3694496921708998,0.5692948114868114,0.008315082214400173,0.002716317543371891,0.569225670894575,0.19157480829295354
TPM1,30000,0.5658433059106377,True,defined,0.5658433059106377,0.43731914571785163,0.6421807429166663,0.021987007388969262,0.01482420360231384,0.6416973144227355,0.17741562044372058
TPM2,30000,0.40840418853245614,True,defined,0.40840418853245614,0.2165012582803722,0.2590354505892737,0.005995495759695768,-0.010707698125689058,0.25899950461986687,0.03507931175948164
TPSAB1,30000,0.2354495079748371,True,defined,0.2354495079748371,0.06331425630308748,0.06697372207470075,-0.0008814239015181859,0.003563068127188793,0.06697294516660661,0.004460773611333866
TPT1,30000,0.5736664855430923,True,defined,0.5736664855430923,0.47521370302318383,0.705571321025461,-0.0029281250501982867,-0.0431962376429777,0.7055627471091489,0.21795361713877062
TSC22D1,30000,0.401795012928031,True,defined,0.401795012928031,0.16187807523800635,0.19295112142828594,0.0037216106856862705,0.010776210589105419,0.19293727104218397,0.028991017484730194
TSHZ2,30000,0.3173479613797617,True,defined,0.3173479613797617,0.07877202960531146,0.0875412582765338,0.0013591807613770168,0.0050843985967891055,0.0875394109041894,0.007742905580336743
TTN,30000,0.3647183768677467,True,defined,0.3647183768677467,0.13158315451640012,0.15157944958031552,0.003399299527145922,0.0010039527839321332,0.15156789434304216,0.01661886379505688
TTR,30000,0.5711525817209993,True,defined,0.5711525817209993,0.47117210488540245,0.7021942494173485,-0.05498134109272311,-0.046329279131023214,0.6991713015489918,0.22568900946912102
TUBB,30000,0.6282438988279767,True,defined,0.6282438988279767,0.5563254825796754,0.9170225678949006,0.013002138055860996,0.03580809331854883,0.9168535123008889,0.3281386500039442
TUBB4B,30000,0.5703101683574483,True,defined,0.5703101683574483,0.4583453922799243,0.6782039364877748,0.009873063966011007,0.029030470976091845,0.6781064590956983,0.20154086406248395
TWIST1,30000,0.22633542019369027,True,defined,0.22633542019369027,0.054188738020032164,0.05710475603653353,0.0014266122190281748,0.00023750579401870102,0.05710272081410933,0.0025956727495705535
TWIST2,30000,0.27643514330213226,True,defined,0.27643514330213226,0.05830078553771962,0.06297127694345098,0.001929727377804617,-0.00456627528964406,0.06296755309569907,0.0035080020461131104
TXK,30000,0.22197606391681934,True,defined,0.22197606391681934,0.05292471290013573,0.055662648675120066,0.0011742854364837209,0.003303603540780993,0.05566126972883356,0.0026146882634046076
TYK2,30000,0.31096204803394656,True,defined,0.31096204803394656,0.08827587667061738,0.0976865046758782,0.0010924028091753523,0.006984658374022305,0.09768531133198281,0.009189668525939778
TYMS,30000,0.4517380334015406,True,defined,0.4517380334015406,0.23899915591130313,0.29980077533883515,0.004702608881021539,-0.0012897115888268066,0.2997786608085536,0.052154156378507864
TYROBP,30000,0.27641924545124325,True,defined,0.27641924545124325,0.09787578337245774,0.10579928213288704,0.0023738812276472647,-0.0075324655315450705,0.1057936468208022,0.0096275531341686
UBA52,30000,0.5769775208446345,True,defined,0.5769775208446345,0.33230706398754983,0.4981706874545574,0.006007705137630303,0.006730807524092961,0.49813459493353435,0.16711479722482156
UBE2C,30000,0.39546303366820196,True,defined,0.39546303366820196,0.2887103503111074,0.3422244135809802,0.0036811333872998754,0.003650922472210368,0.3422108628379502,0.051563598786702414
UPK3A,30000,0.1449087357476706,True,defined,0.1449087357476706,0.024083265140158835,0.024553868988864566,0.00010534755308181047,0.006182674000201708,0.024553857890759017,0.00039466591607878774
VCAM1,30000,0.27832517722425176,True,defined,0.27832517722425176,0.08000085103943355,0.08657595927570018,-6.348175207773845e-05,0.0005424445690965512,0.08657595524576953,0.004962182982301244
VCAN,30000,0.13512566580812987,True,defined,0.13512566580812987,0.0170126171136885,0.017318375357040124,0.000574901041885217,-0.0025348495587497986,0.01731804484583183,0.00035480592043536305
VEGFA,30000,0.5485502606528172,True,defined,0.5485502606528172,0.4605195250020434,0.6580716776823887,0.002703459642082453,-0.015818936127010966,0.6580643689883442,0.1880560111918004
VEGFB,30000,0.47666025919184046,True,defined,0.47666025919184046,0.21298504257025222,0.2756184392911921,0.005913554907590151,0.009619670863437933,0.275583469159546,0.06328359629626593
VEGFC,30000,0.15828766214420917,True,defined,0.15828766214420917,0.02881816286634689,0.029540324437524686,0.0007577993330856165,-0.003467733509367584,0.029539750177695678,0.0007855135501252754
VEGFD,30000,0.23217069450142494,True,defined,0.23217069450142494,0.060624603455281256,0.06401415040283799,-0.0002042059834425648,0.0064803582961215096,0.06401410870275508,0.0029914854012765444
VHL,30000,0.4685505769676711,True,defined,0.4685505769676711,0.19484110602589239,0.24920256427839604,0.00621622077524662,0.01620250274471861,0.24916392287767292,0.04716951120177598
VIM,30000,0.36412439976035266,True,defined,0.36412439976035266,0.1994442601240194,0.2302346788002336,0.019066787048925955,0.018330913311623346,0.22987113643185839,0.033007250523519736
VPREB3,30000,0.21744537412572876,True,defined,0.21744537412572876,0.04558587233299084,0.047837655725674236,-0.0011696239472677311,0.002140096589938912,0.0478362877054934,0.002326018354513573
VSIR,30000,0.27237067544843835,True,defined,0.27237067544843835,0.10124505300249419,0.10910385843231583,0.002890873092164596,0.018225623361226947,0.10909550128508638,0.007600739956389041
VTN,30000,0.6448284736211141,True,defined,0.6448284736211141,0.8845321643635822,1.5131184293769013,-0.00901198298484087,0.015190063336468301,1.5130372135395895,0.6196740575825836
VWA1,30000,0.35033082647768365,True,defined,0.35033082647768365,0.12656059697425406,0.14396761299349597,0.003560692818959554,0.019708669012309596,0.14395493446014332,0.01673179430496532
VWF,30000,0.21593845165701897,True,defined,0.21593845165701897,0.047006951124397574,0.04927625428477827,0.0003988236000140508,0.0002093270159122767,0.049276095224513344,0.001814132176655879
WIF1,30000,0.16621146120974278,True,defined,0.16621146120974278,0.0317318926514224,0.032582252769841995,-0.0004258705207457145,-0.006955389177857918,0.03258207140414066,0.001069628022414819
WNT10B,30000,0.1971706661247279,True,defined,0.1971706661247279,0.039291260132098764,0.04079634635781717,0.0014566231589143474,-0.007610040351766414,0.040794224606792016,0.0015173197322632098
WNT11,30000,0.1974638428499521,True,defined,0.1974638428499521,0.03239491109146327,0.03367217774870132,0.0011933685431877773,0.007096352705874112,0.03367075362022046,0.0014226073276680906
WNT3,30000,0.2991862932729062,True,defined,0.2991862932729062,0.08623551399566452,0.09457501127676472,0.0005627628850440184,-0.010575521146852406,0.09457469457469972,0.008184717040361104
WNT5A,30000,0.16468411728216034,True,defined,0.16468411728216034,0.026561297738365398,0.02716807780923944,0.00010535106733441353,0.011449835595417244,0.027168066710391688,0.0008013707919760976
WNT5B,30000,0.2470097664665969,True,defined,0.2470097664665969,0.06204929236283896,0.06561857405925334,0.004121797959630688,-0.012186467715646722,0.0656015848408349,0.0024689489677647814
WNT7A,30000,0.1859847814858291,True,defined,0.1859847814858291,0.031347722879466924,0.03232423831152446,-0.0001979987231393655,-0.011993588836772444,0.0323241991080306,0.001226186544901615
WNT7B,30000,0.2622454690329517,True,defined,0.2622454690329517,0.06638829368835038,0.07124996097838521,0.0016541553929448128,0.007382720926039231,0.07124722474832342,0.004509156178329439
WNT9A,30000,0.280890145830159,True,defined,0.280890145830159,0.06862505059580018,0.0743930310115634,0.0017017798687020938,-0.0005482282776817253,0.07439013495684167,0.004442566988885786
XBP1,30000,0.5165452746546855,True,defined,0.5165452746546855,0.29395368876668937,0.40085908654544034,0.0051419986338044205,-0.0023835716996807605,0.400832646395496,0.10450078724042164
XCL1,30000,0.315474729364132,True,defined,0.315474729364132,0.12728524801049934,0.14136093442679473,0.0030042328633368017,0.004096888331487814,0.1413519090116981,0.014141387463715125
XKR4,30000,0.12880920219689254,True,defined,0.12880920219689254,0.022231034478401364,0.022595047770414427,-0.0003528234098727504,-0.0005730848986965915,0.022594923286056168,0.0005140051100203948
YBX3,30000,0.5551980311340367,True,defined,0.5551980311340367,0.33713851761933084,0.4870929789771239,0.006160065166279673,0.002407681357920713,0.4870550325742898,0.13933046555808642
YES1,30000,0.32162445266040024,True,defined,0.32162445266040024,0.088550962776081,0.0987060606273917,0.001645932424503068,-0.0030383479124633595,0.09870335153384369,0.009037220310749303
ZBTB16,30000,0.5068573695634201,True,defined,0.5068573695634201,0.3979320725822014,0.5353134323280281,0.007387085573126872,-0.005985004383379904,0.5352588632947627,0.1358987342135812
ZFP36,30000,0.4942937265958579,True,defined,0.4942937265958579,0.32620844912505814,0.4313409636596383,-0.0051368525478368,-0.010994044422505733,0.43131457640555076,0.09554230930194953
