gene,n_cells,PCC,PCC_defined,PCC_status,benchmark_PCC_with_floor,MSE,MSE0,observed_mean,predicted_mean,observed_variance,predicted_variance
AATK,332828,0.0777500574308587,True,defined,0.0777500574308587,0.03618754081184092,0.03625995620103958,0.0008465361869942489,0.011141104909473303,0.03625923957752465,0.0004514816573334508
ABL1,332828,0.10224241681132439,True,defined,0.10224241681132439,0.042712497439616,0.04293222758071383,-0.0007642878030706856,-0.008352246205629967,0.042931643444867156,0.00117661837250807
ABL2,332828,0.09260041781438573,True,defined,0.09260041781438573,0.03974285917723214,0.039992516839839946,-0.0009120585077240769,-0.0074466669424233444,0.03999168498911881,0.0006598326753048724
ACACB,332828,0.2676988518552886,True,defined,0.2676988518552886,0.1462816399956794,0.15752948138801068,0.001020709550830426,0.0037763588313051684,0.15752843954002366,0.012571866257587662
ACE,332828,0.07196465346286501,True,defined,0.07196465346286501,0.028847502639472136,0.028797372869146055,0.0005095919689151097,0.012494889781987022,0.02879711318517092,0.00038759659134110665
ACKR1,332828,0.06423633866213777,True,defined,0.06423633866213777,0.025621376903147947,0.02566467085634224,0.00020997307381858085,0.001548901380454435,0.025664626767650512,0.00032731696949108477
ACKR3,332828,0.12763848763383495,True,defined,0.12763848763383495,0.055716451090596905,0.05631925936635583,0.0004949526492416409,0.01733142566562425,0.0563190143882317,0.0012890112521248196
ACKR4,332828,0.07752022459560516,True,defined,0.07752022459560516,0.03686412583275362,0.03708488827615802,0.000496093523704788,0.0003451140994159262,0.03708464216737367,0.0002706174129765151
ACP5,332828,0.1620644919262083,True,defined,0.1620644919262083,0.08030119249487044,0.0824601712670771,0.001177786164694818,-0.0009512483236593627,0.08245878408682669,0.002347174099859303
ACTA2,332828,0.25149066683698834,True,defined,0.25149066683698834,0.05742277963716414,0.06110114590005798,-0.016824479054778293,-0.0008536309067584369,0.060818082804592805,0.005780396514928391
ACTG2,332828,0.07253750120500158,True,defined,0.07253750120500158,0.017236117117631938,0.017317204965550108,-0.002262151467523203,0.00012693826095247021,0.0173120876362882,0.00015906607101204726
ACVR1,332828,0.12653757923223938,True,defined,0.12653757923223938,0.06135266542195729,0.06214882356608497,-0.0002367589815476669,0.009380098995302288,0.06214876751127024,0.001752801989616151
ACVR1B,332828,0.11600109976642156,True,defined,0.11600109976642156,0.05619672655374784,0.056820100879135416,-0.00056134287812746,-0.010740747594241103,0.05681978577330865,0.001142949109469175
ACVR2A,332828,0.11431446973822226,True,defined,0.11431446973822226,0.047620718557359464,0.048226644460812346,0.0007084607146758705,-0.003862413279323137,0.048226142544228814,0.0005350433009996816
ACVRL1,332828,0.07817044843836693,True,defined,0.07817044843836693,0.04209868637506228,0.042301482385248675,-0.00038143272894579274,-0.006730773421379263,0.042301336894321216,0.00040069744565269334
ADGRA2,332828,0.09027946136931676,True,defined,0.09027946136931676,0.049022578606559494,0.04922484833017216,0.0006571681266211686,0.013874764628914758,0.04922441646022591,0.0006247653307205214
ADGRA3,332828,0.24315841784502049,True,defined,0.24315841784502049,0.11620753384076271,0.12349801581599323,0.000623483057370638,-0.00280374079279729,0.1234976270848711,0.0073514170576437715
ADGRE2,332828,0.06448219817083951,True,defined,0.06448219817083951,0.023518226402501365,0.023596645665859835,-0.0009863229480844133,-0.00041591247885812915,0.02359567283290166,0.0002077862706486879
ADGRE5,332828,0.11036091662882287,True,defined,0.11036091662882287,0.04695495728271595,0.047446150975351334,0.0006563945692646615,-0.00791632831676886,0.047445720121521866,0.0007688605680712419
ADGRF1,332828,0.0638532706013402,True,defined,0.0638532706013402,0.028674538429285332,0.02878263385267962,0.00026493663233794466,-0.00178059335239592,0.028782563661260117,0.0001716366547030459
ADGRF3,332828,0.06329542870472675,True,defined,0.06329542870472675,0.02473304715449551,0.024790106779292043,0.00029390801266732087,0.004860607106820855,0.02479002039737158,0.00021319922638052182
ADGRF5,332828,0.06775335989249638,True,defined,0.06775335989249638,0.02528935311292279,0.025355736176226436,-0.0013923380488864087,-0.008292878069845761,0.025353797570983654,0.0001655849700185663
ADGRG1,332828,0.06383722435225271,True,defined,0.06383722435225271,0.02731554500001849,0.027277177242852942,-0.0013300345208101107,0.006387144672440401,0.02727540825102624,0.00040484242301232844
ADGRG3,332828,0.06930131902645012,True,defined,0.06930131902645012,0.029452453847308924,0.02956783682107332,0.0005114041644457216,0.001765479592801785,0.029567575286853574,0.00028721257138759833
ADGRG5,332828,0.04526741268914419,True,defined,0.04526741268914419,0.01548806155678865,0.015462861573425546,0.00021224111482988679,0.005638272012904866,0.01546281652713461,0.0001181992458235859
ADGRG6,332828,0.17835771305816187,True,defined,0.17835771305816187,0.08303711691156403,0.08570422846992999,0.0006281194960016416,-0.006974621440131407,0.08570383393582956,0.002870119367621441
ADGRL1,332828,0.0682398171378642,True,defined,0.0682398171378642,0.03879632156154233,0.038934699768245214,0.0015079152796542879,-0.005160081870741524,0.03893242595975496,0.00020501676640393703
ADGRL2,332828,0.11401168088024327,True,defined,0.11401168088024327,0.051657072232457475,0.052322232563271384,0.0006627143306870403,0.003901808160251103,0.05232179337298767,0.0008004764789509048
ADGRL4,332828,0.05366386999349473,True,defined,0.05366386999349473,0.01568737496707065,0.0157088779359366,-0.0009416844066097368,-0.003624630103915633,0.015707991166414973,0.0001188034475292661
ADGRV1,332828,0.02748002021976764,True,defined,0.02748002021976764,0.016362286705139298,0.016345329923623326,-7.015435815735717e-05,0.0029307146896008743,0.016345325001989274,6.430124621351791e-05
ADIPOQ,332828,0.054013730454862754,True,defined,0.054013730454862754,0.017753071815611515,0.017717315852640542,0.0003984070589844771,-0.006724559694468765,0.01771715712445591,0.00017586489483059072
ADIRF,332828,0.23009194171174896,True,defined,0.23009194171174896,0.09509446500230936,0.10036441523194516,-0.0002470048915444877,0.0054513156476353715,0.10036435422052845,0.005811703498662375
ADM2,332828,0.06263131738416311,True,defined,0.06263131738416311,0.02086711123005366,0.02093276279170267,0.00012100856800765429,0.0009069197371542781,0.02093274814862924,0.0001701406688499872
AGR2,332828,0.04041192182654481,True,defined,0.04041192182654481,0.01656450452569827,0.016515132216105306,-4.9267598920686416e-05,0.0076096294492349545,0.016515129788808786,8.834137697966527e-05
AHI1,332828,0.117444080124711,True,defined,0.117444080124711,0.049243243219130546,0.04974103741752769,0.0003300623862963753,-0.013120870566742606,0.04974092847634806,0.0008367239035871522
AHR,332828,0.20532651573290758,True,defined,0.20532651573290758,0.05955334509200881,0.062033550895056945,0.00038610135137720345,-0.0011331582988606656,0.06203340182080411,0.003927263683023555
AIF1,332828,0.10335984449901522,True,defined,0.10335984449901522,0.026455607004912878,0.026725806179827876,-0.005004005001636192,7.270908628495814e-05,0.02670076611377179,0.000427390652559148
AKT1,332828,0.16985750491561397,True,defined,0.16985750491561397,0.07462781054656724,0.07676908433115436,-0.0017473557173417087,-0.000236792049851002,0.07676603107915167,0.00310056192103218
ALCAM,332828,0.153291740621603,True,defined,0.153291740621603,0.05150535734212186,0.05259105067021081,-0.000136147332583736,0.0010667025189775253,0.052591032134115,0.00224178388327198
ALOX5AP,332828,0.1259800286166995,True,defined,0.1259800286166995,0.047061946989290615,0.04778544182274352,-0.0015906175835320251,0.002543876683210423,0.047782911758446886,0.001026827920719701
ANGPT1,332828,0.06268752412837164,True,defined,0.06268752412837164,0.021670618316231446,0.02166746088248386,-0.0006970056198703094,-0.008613716535105367,0.021666975065650157,0.00020556750664971915
ANGPT2,332828,0.07434597025724764,True,defined,0.07434597025724764,0.023535232295530534,0.02366118817021217,-0.0021177850249885074,-0.0033225165796120595,0.02365670315680001,0.00020261370473106623
ANGPTL1,332828,0.09644390584466998,True,defined,0.09644390584466998,0.04920586021284044,0.04964438898216798,0.0011679496583128616,-0.0014452320696970705,0.049643024875763775,0.0006606116680384171
ANKRD1,332828,0.06784525144875114,True,defined,0.06784525144875114,0.029988222148114585,0.03004142580678194,-0.00038987396213460387,-0.0015846255847969258,0.0300412738050753,0.0004373732300231338
ANXA1,332828,0.10624721316587271,True,defined,0.10624721316587271,0.027258609447796994,0.027556951118066587,-0.006402235620132739,-0.0032398547030160576,0.0275159624971312,0.0005857082202446014
ANXA2,332828,0.23809676956531908,True,defined,0.23809676956531908,0.0908788680460924,0.09643384738368224,-0.02194607078041248,-0.014646123057596171,0.09595221736098224,0.008361674200191885
ANXA4,332828,0.19606966037208318,True,defined,0.19606966037208318,0.07353435011647759,0.0763832938437494,-0.0016531166900877199,-0.009856664318839076,0.07638056104895993,0.003476763936237677
APOA1,332828,0.6266948970317225,True,defined,0.6266948970317225,0.46025773961172767,0.7605221094946537,0.09745207802468575,0.1613840048433085,0.7510252019833238,0.306346011303815
APOC1,332828,0.5627561196607477,True,defined,0.5627561196607477,0.4351250508530763,0.6322742065695989,0.03514528396600761,0.0943566268637207,0.6310390155845486,0.21873997255130517
APOD,332828,0.06208073299427723,True,defined,0.06208073299427723,0.026300764587624197,0.026356620663721624,3.728186109830002e-07,-0.006565335629631267,0.026356620663582096,0.00013678484822498508
APOE,332828,0.5796439145590452,True,defined,0.5796439145590452,0.39351874367370154,0.5838611265741819,-0.01009055287240811,0.06356522217501268,0.5837593073169104,0.21580464264078136
APP,332828,0.28640626666545327,True,defined,0.28640626666545327,0.17103899223040114,0.1861263798579522,0.0023736079110775687,0.009314053674026268,0.18612074584343663,0.01830005991034916
AQP3,332828,0.15506729004163594,True,defined,0.15506729004163594,0.06969063699870023,0.07129444075897727,0.0005419144989233366,0.00541432131213134,0.07129414708765465,0.0025741489834805046
AR,332828,0.2874067783382875,True,defined,0.2874067783382875,0.15860558295168573,0.17246639359679689,-0.0016682977245555044,0.01677902326769882,0.17246361037949837,0.015940886449980412
AREG,332828,0.06267680352507535,True,defined,0.06267680352507535,0.029107505460409952,0.029170248269903828,-0.0003033514365639638,0.005260878969829396,0.029170156247810154,0.00023363556358464648
ARF1,332828,0.27490648228696724,True,defined,0.27490648228696724,0.12028884102964521,0.12966090695227156,-0.006497336228812724,0.010237835821422934,0.12961869157420344,0.01267999046975387
ARG1,332828,0.3992182961323007,True,defined,0.3992182961323007,0.21619444247559486,0.25666993457983517,0.003029374987926032,0.02361314400817608,0.2566607574670179,0.042506327780811315
ARHGDIB,332828,0.21080600264855054,True,defined,0.21080600264855054,0.040801008662447506,0.04277629307294901,-0.017967181942893786,-0.0037694527509973047,0.04245347344597997,0.002414821947535806
ARID5B,332828,0.07695910909589143,True,defined,0.07695910909589143,0.03498304414546999,0.035061212501462706,-0.002124819065058097,0.007529675912724962,0.03505669764540311,0.0004324048155675495
ATF3,332828,0.2201722088695426,True,defined,0.2201722088695426,0.05507292251526147,0.05783760548931202,0.0021089109609455045,-0.0041732952198032715,0.05783315798387152,0.0026006928836491677
ATG10,332828,0.1330010100872468,True,defined,0.1330010100872468,0.05397716826728124,0.054890843134585574,-0.00017211777258425336,0.0069616717749937,0.054890813510058485,0.0011356000253010842
ATG12,332828,0.1203879158657504,True,defined,0.1203879158657504,0.05222371758447943,0.05292475676032773,-0.00031055267651971326,0.0006005514298011203,0.052924660317363335,0.0012798594507657704
ATG5,332828,0.3456467042129939,True,defined,0.3456467042129939,0.12152097583450186,0.1376245632240668,0.00031984086630214216,0.014839786005588631,0.13762446092588704,0.01947052078659666
ATM,332828,0.09384187222156866,True,defined,0.09384187222156866,0.044769058835988175,0.0450947135344036,-0.0005610765365484504,0.007910742354305325,0.04509439872752249,0.0003949128281086498
ATP5F1B,332828,0.43203402481639924,True,defined,0.43203402481639924,0.24332441638261915,0.2986039487192537,-7.42591222394713e-05,0.019338347085727965,0.29860394320483674,0.06001293751520294
ATP5F1E,332828,0.3381472009471579,True,defined,0.3381472009471579,0.23310585173634313,0.2633439222474114,-0.013363802241177605,-0.015665787609138095,0.2631653310370719,0.031902828370032894
ATR,332828,0.09466102619328919,True,defined,0.09466102619328919,0.04560531903827916,0.04600760621185543,-0.0006045573781258638,0.00022675823538258704,0.04600724072223172,0.0005480153928982423
AXL,332828,0.08781608173349878,True,defined,0.08781608173349878,0.04000999668220171,0.04029342110985348,0.0011516488843277815,0.0001785066776367212,0.040292094814700696,0.0005238528299449176
AZGP1,332828,0.5314878890069376,True,defined,0.5314878890069376,0.36308617687002714,0.5035772060562951,0.02417034237331529,0.06871429523380475,0.5029930006058521,0.15278406627822394
AZU1,332828,0.07787438359142741,True,defined,0.07787438359142741,0.03579278915228008,0.0358351774750089,0.00157979309866179,-0.011553087906619007,0.03583268172877468,0.00028776703421764773
B2M,332828,0.4761849684296624,True,defined,0.4761849684296624,0.41641810094303633,0.5393084179775489,-0.03627706267740958,-0.022985843407156027,0.5379923927010494,0.13305199761701786
B3GNT7,332828,0.05339386421430039,True,defined,0.05339386421430039,0.02525577676832712,0.025313945385503984,6.964881575409727e-05,0.0018328487443630536,0.025313940534547108,0.00013914349006655352
BAG3,332828,0.172472649549241,True,defined,0.172472649549241,0.06992233998997785,0.07204862819287765,0.0014166880280299856,0.003821907903446746,0.07204662118790849,0.002491250488649382
BASP1,332828,0.094008751173931,True,defined,0.094008751173931,0.04096449431059042,0.04131479562098116,-0.0003917481871266841,-0.00158206225268903,0.04131464215433875,0.0005194086931929839
BAX,332828,0.14531654107231023,True,defined,0.14531654107231023,0.07590303378696811,0.07747756840369774,-0.003625784959040875,-0.010486744614743006,0.07746442208712823,0.0020861670477946553
BBLN,332828,0.11413362685842396,True,defined,0.11413362685842396,0.057018699832334,0.05762629887480524,-0.00038246678253294494,0.009790588244834303,0.05762615259396592,0.0011357478521975839
BCL2,332828,0.09118291427693774,True,defined,0.09118291427693774,0.047695776353836,0.04805398237430908,-0.0012137964676788879,0.0006962852770323416,0.048052509072443426,0.0006887756457242422
BCL2L1,332828,0.2417421736487915,True,defined,0.2417421736487915,0.11027983766238517,0.1169911405705948,-0.0010642915054730785,-0.0076134041196538604,0.11699000785418667,0.008433951781471478
BECN1,332828,0.10916918034429439,True,defined,0.10916918034429439,0.04314436641211258,0.04360193889855011,-0.0009378860992424672,-0.008113755379885108,0.04360105926821533,0.0006853344152220673
BEST1,332828,0.06072518034416472,True,defined,0.06072518034416472,0.025341407049465105,0.025378758468030962,0.0005013711626669781,0.004370072869909698,0.025378507094988168,0.0002597679153625422
BGN,332828,0.36751125568788423,True,defined,0.36751125568788423,0.18099715399883926,0.20963371492955796,0.020467440994062624,0.02141479732557394,0.20921479878871518,0.026198106237774365
BID,332828,0.18241744518624411,True,defined,0.18241744518624411,0.09049301359575265,0.09357957471096401,-0.00021766206798021426,0.001292221126640409,0.0935795273341883,0.00369906314282722
BIRC3,332828,0.06678469176741646,True,defined,0.06678469176741646,0.034545790727675905,0.034665712670443,-0.001016257779361872,-0.0023361363940340558,0.03466467989056862,0.0003335558883098045
BIRC5,332828,0.05198625607288019,True,defined,0.05198625607288019,0.022231419910991042,0.022196560315982324,-0.0002055649934636847,-0.008113148657975916,0.022196518059016054,0.00018046491851827058
BMP1,332828,0.16178823521035693,True,defined,0.16178823521035693,0.06863569202129004,0.07030775710272406,0.00052877223027336,0.007425266303640406,0.07030747750265243,0.0029050174524552826
BMP2,332828,0.09007291203275732,True,defined,0.09007291203275732,0.03902077238128276,0.039262318660673194,0.0009699007742368289,-0.004393681316648401,0.03926137795316107,0.0006179616734773957
BMP3,332828,0.04510566125909422,True,defined,0.04510566125909422,0.015116971949298029,0.015085826458074192,0.00010006415759005496,-0.007095360450543938,0.015085816445238712,7.593368547988201e-05
BMP4,332828,0.07793498435406647,True,defined,0.07793498435406647,0.02854927592931447,0.028694463086685964,0.0010019901321526481,-0.001509541930145683,0.028693459102461086,0.00032684771203271844
BMP5,332828,0.059099453375291267,True,defined,0.059099453375291267,0.02221955562128216,0.02226130039731509,0.0011405369458556203,0.006969685335346812,0.022259999572790186,0.0001132336731232597
BMP7,332828,0.03387863020286194,True,defined,0.03387863020286194,0.012763175024718717,0.01272200938875282,0.00027850096952424213,0.005227581851729415,0.012721931825963047,8.874521124473779e-05
BMPR1A,332828,0.10281778247921024,True,defined,0.10281778247921024,0.04437329043833265,0.044710492051646865,0.0007451291580399166,-0.01091625507592493,0.044709936834185504,0.00047827950183506403
BMPR2,332828,0.08526291643611272,True,defined,0.08526291643611272,0.037078502233921715,0.037346699150162206,-0.00011401633937107248,4.754534170370198e-05,0.037346686150436646,0.000334582117940938
BRAF,332828,0.12123308934309437,True,defined,0.12123308934309437,0.0603684713145423,0.061256608543830034,-0.00033737127235377115,-0.0006525689234323204,0.06125649472445359,0.0011220482398425395
BRCA1,332828,0.06340051793998555,True,defined,0.06340051793998555,0.022937297582138135,0.0229711792030314,-0.00045206388414621723,-0.0055276612076962835,0.022970974841276057,0.00023545611616020555
BST1,332828,0.044837874539196645,True,defined,0.044837874539196645,0.02021575920261629,0.020194858588716492,0.0004938846467881049,-0.006546337582323276,0.020194614666672422,9.725435110291989e-05
BST2,332828,0.2861635213807091,True,defined,0.2861635213807091,0.17639433888985068,0.19200469162270806,-0.002577048223563954,0.00558984878691233,0.19199805044516116,0.01758719239093131
BTF3,332828,0.32880383159994686,True,defined,0.32880383159994686,0.2407320541564092,0.2697292121200432,-0.0038949522023727814,0.0062568185270897815,0.2697140414673871,0.032176775915554526
BTG1,332828,0.2980559172313903,True,defined,0.2980559172313903,0.16692085637989612,0.18298284202626153,-0.005000135747785831,-0.007072153926484524,0.18295784066876297,0.020180059922942733
BTK,332828,0.04530636376297133,True,defined,0.04530636376297133,0.013053583159780339,0.013001238562572818,-0.0005558840333659696,0.0038208307511605312,0.013000929555514256,0.00016702395675983957
C11orf96,332828,0.325555814089567,True,defined,0.325555814089567,0.11033400653511614,0.12350298542625457,0.02160310287353636,0.023133477983603157,0.12303629137248967,0.009192037700470139
C1QA,332828,0.17851870202254766,True,defined,0.17851870202254766,0.06834028999584,0.07067511298460223,-0.009638500272076531,-0.012121656034685527,0.07058221229710832,0.002358447197815598
C1QB,332828,0.19275410238087276,True,defined,0.19275410238087276,0.08074263785490943,0.08398868131844917,-0.013398973702286964,-0.006578905009684126,0.08380914882217583,0.003216542192571373
C1QC,332828,0.17803890236577596,True,defined,0.17803890236577596,0.08160557428239734,0.08387127434468049,-0.008205610726368988,0.013192059583258605,0.08380394229728799,0.0026998931978855847
C5AR2,332828,0.0729980892590175,True,defined,0.0729980892590175,0.031186157722924913,0.03128364839758942,0.0008444138670792304,0.007609683234498752,0.03128293536281051,0.00031775128738675075
CACNA1C,332828,0.06928588047459158,True,defined,0.06928588047459158,0.02550122962233052,0.025565631257593372,-0.0015329836864962673,0.00480088165012042,0.025563281218609964,0.00024369616208492435
CALB1,332828,0.07270402828934594,True,defined,0.07270402828934594,0.031842771140401196,0.031881701546703146,-0.00017469362276355485,0.009722918971347028,0.03188167102884203,0.0003462702847415662
CALD1,332828,0.36275869719545384,True,defined,0.36275869719545384,0.2075095774231018,0.23894473476324907,-0.009820210192558168,-0.011907474951349403,0.2388482982350238,0.034843096762295606
CALM1,332828,0.30402189898220633,True,defined,0.30402189898220633,0.1574808262344358,0.17351681637585134,-0.0094412777597987,-0.006919406980778622,0.17342767865011421,0.018322433556753445
CALM2,332828,0.3454843691470871,True,defined,0.3454843691470871,0.21007493270651798,0.23854389656990793,-0.007740225637144035,-0.009230021707409069,0.23848398547699215,0.031000011762012943
CALM3,332828,0.21052043874538928,True,defined,0.21052043874538928,0.09566845996456312,0.09999597242434745,-0.005724927769795885,-0.012567652241102038,0.09996319762637776,0.005772641667549485
CAMP,332828,0.1039884816244214,True,defined,0.1039884816244214,0.04004295788255296,0.04042839457572888,0.0019115810317953737,-0.004528293732564868,0.04042474043368787,0.0006068222499277157
CARMN,332828,0.15913636065019046,True,defined,0.15913636065019046,0.04237081380887732,0.04346985000827833,-0.0020960928225930747,-0.0025903084382348737,0.0434654564031572,0.0012670608476011778
CASP3,332828,0.11349229333743184,True,defined,0.11349229333743184,0.04726421097520625,0.04775741416606701,-0.0007348984688717783,-0.01003781066714993,0.047756874090307565,0.0009483704356215843
CASP8,332828,0.06922595910031872,True,defined,0.06922595910031872,0.022402127313694013,0.022470232452621818,-0.0015148896513246894,0.00393625823481262,0.022467937561966387,0.0001921454134299329
CASR,332828,0.047287233576980156,True,defined,0.047287233576980156,0.026679814872708214,0.026598196212458073,0.0002713684410654443,0.011106892895320032,0.026598122571627428,0.00015841731656855105
CAV1,332828,0.17088456803848243,True,defined,0.17088456803848243,0.06821685983303528,0.07006413328997609,-0.0031438377743745454,-0.007179002437151776,0.07005424957402416,0.0034912060148936316
CCDC80,332828,0.06257479443221202,True,defined,0.06257479443221202,0.02764705901847507,0.027673959894022344,-0.0012336388580077632,-0.007960947848325371,0.02767243802919,0.0002739319209100526
CCL11,332828,0.07211326986059129,True,defined,0.07211326986059129,0.027987827045037172,0.028090821325218174,3.65936229049802e-05,-0.003747997878341572,0.02809081998612471,0.00030449341372150803
CCL13,332828,0.04201123479251905,True,defined,0.04201123479251905,0.022254632332362908,0.02224892188375432,0.00010111547214708357,0.005223233969508401,0.022248911659415258,0.00011229340711510007
CCL15,332828,0.1434068494300282,True,defined,0.1434068494300282,0.07600938460834862,0.07756517753139174,0.0009070336628864515,-0.004061653272936594,0.07756435482132626,0.0019250627637800903
CCL17,332828,0.05907559022740694,True,defined,0.05907559022740694,0.02585669073762324,0.025933640862580373,0.00042545379532676225,0.003728845566846044,0.025933459851648303,0.00012530629435631265
CCL18,332828,0.06527625403555334,True,defined,0.06527625403555334,0.024290758588782657,0.02435670691182763,-0.0005303443768311354,-0.0024684948926905694,0.024356425646669927,0.000257571104513825
CCL19,332828,0.1292110097597225,True,defined,0.1292110097597225,0.03800004129911319,0.03865001940100656,0.0030395024780418677,0.0009450540024458252,0.038640780825693034,0.000646059917317287
CCL2,332828,0.1839668777782048,True,defined,0.1839668777782048,0.05402279853727115,0.05595093828055327,0.006299795821275601,0.007184148668778669,0.05591125085316264,0.0017441888173442667
CCL20,332828,0.05355770782938809,True,defined,0.05355770782938809,0.024663795233104725,0.024635866786283916,0.0002642047030309668,-0.0071983843881005625,0.024635796982158696,0.00022385443016513444
CCL21,332828,0.22741844950075765,True,defined,0.22741844950075765,0.056388715059536035,0.05883583862842494,0.00807875942321137,-0.014730805554179006,0.05877057227460654,0.0018843552087812504
CCL22,332828,0.04612917943009969,True,defined,0.04612917943009969,0.019932773638157996,0.01995940298739036,-1.4659423087255749e-05,0.001988473775919568,0.01995940277249199,9.913184443164167e-05
CCL26,332828,0.05040400329451148,True,defined,0.05040400329451148,0.019389243152893077,0.019414627984099535,0.00016785637608890468,-0.00364049677213736,0.019414599808336454,0.00010199864720699886
CCL28,332828,0.04739573300869433,True,defined,0.04739573300869433,0.02782818690316232,0.02777907658799181,-0.00033428135243947796,0.006142922532051701,0.02777896484396934,0.0002639413721595392
CCL3,332828,0.08305785860295707,True,defined,0.08305785860295707,0.03686993004656168,0.03711966444384514,0.0019311256761246143,-5.707928397167315e-05,0.037115935197467656,0.00034111638540101165
CCL4,332828,0.08215871825894966,True,defined,0.08215871825894966,0.034849712591473625,0.03497391753585129,0.000306881155904617,0.009597300529703479,0.03497382335980756,0.00041736759601462164
CCL5,332828,0.11298313359253301,True,defined,0.11298313359253301,0.05402461061522288,0.054637338693216214,-0.004449205933695482,-0.008744458578424805,0.054617543259776774,0.001272248312546109
CCL8,332828,0.0797098437173642,True,defined,0.0797098437173642,0.028956017108809157,0.029119203773009698,0.0001740863712987522,-0.002063776483747173,0.029119173466945238,0.00031352731818333593
CCND1,332828,0.21975283869528867,True,defined,0.21975283869528867,0.09585188741359045,0.10066538169284783,-0.000254934484829392,0.005775173916028965,0.10066531670125599,0.005344963729774639
CCR1,332828,0.0806442322788813,True,defined,0.0806442322788813,0.04113020658724214,0.04130315662520777,2.003712065968571e-05,-0.006604379805416879,0.04130315622372157,0.0005562737864480829
CCR10,332828,0.09489278642154224,True,defined,0.09489278642154224,0.04092971336866573,0.04119184103661316,0.000684489789181532,0.009464572578346599,0.04119137251034182,0.0006215294663742711
CCR2,332828,0.08210028890758937,True,defined,0.08210028890758937,0.031555244950427976,0.03173191365739992,0.0003994572159333002,0.006397062606459198,0.03173175409133236,0.000249977044072821
CCR5,332828,0.07142507220921356,True,defined,0.07142507220921356,0.030239623930054613,0.030329594103682047,-0.0006372056888829403,0.0004719080470626572,0.03032918807259188,0.00041757208450585176
CCR7,332828,0.06320473352224064,True,defined,0.06320473352224064,0.027389823834520016,0.027362211588453422,0.00011917308277532333,0.011109070381247498,0.027362197386230303,0.00020951109411819922
CCRL2,332828,0.07473881045141378,True,defined,0.07473881045141378,0.024135970391516146,0.024185815459223575,0.00022281088004903716,-0.0007406386138598945,0.024185765814535083,0.0004330068592920581
CD14,332828,0.39370671961950415,True,defined,0.39370671961950415,0.29548071065183684,0.3480228494164489,0.004671718861438472,0.03997864145024681,0.3480010244593259,0.060261746790691406
CD163,332828,0.17857105365845827,True,defined,0.17857105365845827,0.05861776952568362,0.060336061547538976,0.0007943778455394237,0.01458400749400322,0.060335430511377436,0.0022925102583364752
CD164,332828,0.22710538764918,True,defined,0.22710538764918,0.11022345802396093,0.11611632499688311,-0.0005380121902010479,0.0030788961111025723,0.11611603553976631,0.007484259531680372
CD19,332828,0.08396038572849795,True,defined,0.08396038572849795,0.03699338660814255,0.03724873995079293,0.00034376878837086554,0.0004834194137331818,0.037248621773812315,0.0003576077072622192
CD1C,332828,0.07804813798949012,True,defined,0.07804813798949012,0.03662762836719788,0.03680551310108038,0.0008794061166846126,-0.005266510622179048,0.036804739745962926,0.0003248965534695759
CD2,332828,0.10068413415195476,True,defined,0.10068413415195476,0.01821406423044832,0.018215013164781697,-0.0034504477061150485,0.01006097208567898,0.01820310757540925,0.00029514582207623165
CD209,332828,0.09045035355968499,True,defined,0.09045035355968499,0.043279446697835636,0.04354405378515829,0.001005814594588482,-0.006221412652826001,0.04354304212215993,0.0006366061136318819
CD22,332828,0.03473515802279176,True,defined,0.03473515802279176,0.012995311938436293,0.012785972405064301,-9.08873159632366e-05,0.013520790613025543,0.012785964144560147,0.00010429143725636909
CD24,332828,0.11232243094834293,True,defined,0.11232243094834293,0.05884850145937141,0.05939826476041485,0.0016552978531762747,0.0009463005903206815,0.05939552474943122,0.001728972994596265
CD27,332828,0.082134989266369,True,defined,0.082134989266369,0.03759719580055763,0.03782372591612327,-0.0022592041282631344,-0.005015464141444311,0.037818621912830655,0.0004444644834198454
CD274,332828,0.08922673615617766,True,defined,0.08922673615617766,0.03196117648456845,0.032186064030728025,-0.00012273535268333982,0.00452523653549812,0.032186048966761374,0.0003660882139193213
CD276,332828,0.17813414192061455,True,defined,0.17813414192061455,0.08368412998027926,0.08609491301385305,-0.0016173038223407624,0.01262186447930247,0.08609229734219818,0.004002394209577951
CD28,332828,0.07059714207952694,True,defined,0.07059714207952694,0.03222311042951956,0.0323558573902155,-0.00017174305136968503,3.402726550695193e-05,0.03235582789453951,0.00032534711772652934
CD300A,332828,0.07452307977482318,True,defined,0.07452307977482318,0.0345425754045308,0.03452739929432449,-7.798854618777849e-05,0.014056506429288832,0.034527393212111165,0.0002729760932949999
CD33,332828,0.05928519744391049,True,defined,0.05928519744391049,0.024167460056479115,0.02421485110998593,-0.0001394490145693684,-0.00515584289932345,0.02421483166395837,0.00016310522352428332
CD34,332828,0.09661578682468824,True,defined,0.09661578682468824,0.04002347034190985,0.04036785215201272,-0.0020961317915821715,-0.0036700128264686616,0.040363458383525834,0.0006384917251671978
CD36,332828,0.11748089046673202,True,defined,0.11748089046673202,0.04234845957361033,0.042853810082530884,-0.0003637017013691193,-0.007486359848545127,0.04285367780360315,0.000916789696135135
CD37,332828,0.0559709643009001,True,defined,0.0559709643009001,0.0220268562602515,0.022002213745121832,-0.001725218855857746,0.007313411815859864,0.021999237365021542,0.00014771926540399561
CD38,332828,0.07625891527522949,True,defined,0.07625891527522949,0.03686750515745563,0.03707056083874249,0.0008434476424560415,-0.0002760695134182078,0.037069849434816296,0.000329191554945252
CD3D,332828,0.09603170340583926,True,defined,0.09603170340583926,0.028541569245654,0.02875434858191773,-0.0032633232967506864,0.0025511836654106357,0.02874369930297878,0.0004699868777291097
CD3E,332828,0.05325009517846876,True,defined,0.05325009517846876,0.017013422066520022,0.017030222493734096,-0.0020525425703691994,-0.0028964924143898446,0.01702600956273103,0.00016544531777406074
CD3G,332828,0.07718469553336635,True,defined,0.07718469553336635,0.026427059469905506,0.02657749887790699,-0.0018082625280799716,-0.0008721729812559949,0.02657422906453696,0.0002492278022279056
CD4,332828,0.11091070449972813,True,defined,0.11091070449972813,0.047623317956854185,0.04815599612768452,0.00028798898999046616,-0.00739026058842262,0.04815591319002713,0.0006373859716049645
CD40,332828,0.08185293401141536,True,defined,0.08185293401141536,0.03311085754912249,0.03329928115664234,-0.0002887309136970006,-0.003027641843210462,0.03329919779110199,0.00040633058349314057
CD40LG,332828,0.051275623419913256,True,defined,0.051275623419913256,0.02157329844800258,0.021600689799019572,-0.0012206958355067453,-0.0053746439284181,0.02159919970069694,0.00012606666187644987
CD44,332828,0.1252457849298645,True,defined,0.1252457849298645,0.04643170752006288,0.04699228386397612,-0.007057714234770146,-0.02079389164329502,0.04694247253375682,0.00110302738785961
CD47,332828,0.12091057280324573,True,defined,0.12091057280324573,0.05118658630642869,0.05177400935443468,-0.0002851415488800944,-0.01244948810001792,0.05177392804873192,0.0010341527486308893
CD48,332828,0.04686276507911019,True,defined,0.04686276507911019,0.01886247997925799,0.0188545510437294,-0.00033749095299616795,0.00025302223140488196,0.01885443714358609,0.00018068695503458692
CD52,332828,0.06067151189309295,True,defined,0.06067151189309295,0.022165518573444308,0.0222251329457677,-0.0015593862310643795,-0.00035601629428860544,0.022222701260350468,0.00019204891144040611
CD53,332828,0.10970796755662697,True,defined,0.10970796755662697,0.03336572905845934,0.03360379327845975,-0.006035773034654912,0.007968948366603116,0.03356736272233429,0.0005107204572568694
CD55,332828,0.17261595077438488,True,defined,0.17261595077438488,0.074228550472441,0.07649072498014647,0.0009859013953141243,0.0038252342795220226,0.07648975297858575,0.002588535147804446
CD58,332828,0.08463015198429147,True,defined,0.08463015198429147,0.03651707803823782,0.03670842792090618,-0.0009543894661249814,-0.004630273078073254,0.036707517061653046,0.0005708687124798824
CD59,332828,0.18765790488535436,True,defined,0.18765790488535436,0.08615923404793338,0.088853064072488,-0.003924865531937433,-0.019564491688831957,0.08883765950304523,0.00493727859721447
CD5L,332828,0.31000533878320896,True,defined,0.31000533878320896,0.0774936444916566,0.08601714868698333,0.017531755478952575,0.014420054883675645,0.08570978623680825,0.007641517178295085
CD63,332828,0.2922103757392392,True,defined,0.2922103757392392,0.19296172574852694,0.21067923047691228,-0.0073875131907002265,0.004115808170132056,0.21062465512576983,0.02186447205854222
CD68,332828,0.17997052805786012,True,defined,0.17997052805786012,0.08122761252025074,0.08397396779699243,-0.010899561516020005,-0.003926267877214123,0.08385516735575163,0.0034137161362547256
CD69,332828,0.0730651986974215,True,defined,0.0730651986974215,0.03361241884350708,0.0337465923649131,0.00023443212028575946,0.005326636612214022,0.03374653740649441,0.00032063885737278593
CD70,332828,0.04657684798282022,True,defined,0.04657684798282022,0.01794922991718365,0.017963820834988976,0.00048247012557707406,-0.0017338871419689812,0.017963588057567086,0.00011408527090822243
CD74,332828,0.37002946173285745,True,defined,0.37002946173285745,0.15086618855668799,0.17688419164173402,-0.04589426316481088,-0.0415660143335528,0.1747779082502927,0.023723164888928727
CD79A,332828,0.06951489243183867,True,defined,0.06951489243183867,0.028220749489882957,0.028285461150014506,0.0011873520887548336,-0.006347194780520531,0.028284051345031754,0.00024856698980476965
CD80,332828,0.07208486938678504,True,defined,0.07208486938678504,0.030888657203996504,0.03098822822538534,-0.0005971308974131346,-0.005936969489656823,0.030987871660076514,0.00034074450977119637
CD81,332828,0.4343817674245647,True,defined,0.4343817674245647,0.3211577643811665,0.39441319298368077,0.01224598617587637,0.04373176492473868,0.39426322880625825,0.08406917152319829
CD83,332828,0.06885117768699021,True,defined,0.06885117768699021,0.03503867779376072,0.03519844558297814,0.0007204427619057601,0.0029700005388432382,0.03519792654520477,0.0002106229587403704
CD84,332828,0.06589444772863076,True,defined,0.06589444772863076,0.025321574082173264,0.02536111544452987,-0.0018010738269695374,0.0048953902365813,0.02535787157759946,0.00025201932705875543
CD86,332828,0.05611311031104192,True,defined,0.05611311031104192,0.021458640093685283,0.02146228730251692,-0.0008070836844344503,-0.007357605937862313,0.02146163591844358,0.0001657818741824794
CD8A,332828,0.07029776383934688,True,defined,0.07029776383934688,0.035702860760854736,0.03558048802773784,-0.001222306905207748,-0.017059866374113792,0.03557899399356755,0.00041006125443166424
CD8B,332828,0.06804191233744196,True,defined,0.06804191233744196,0.02981230379412279,0.029932778047971523,-0.00016306220474379785,0.00011136410209338233,0.0299327514586891,0.0002566824011214219
CD9,332828,0.1460156325896928,True,defined,0.1460156325896928,0.046025915828466955,0.046987473518380195,-0.00512858280812403,-0.00015606491210857316,0.04696117115676089,0.001448986203594582
CD93,332828,0.10216612418867015,True,defined,0.10216612418867015,0.036009504290330084,0.036315841209036394,-0.0034998254497372702,0.004097297565421305,0.03630359243085742,0.0006088467070153751
CDH1,332828,0.31293596918708544,True,defined,0.31293596918708544,0.1891587865128719,0.2094843610334489,0.0021364875723863,0.015909872318294962,0.20947979645430084,0.021046853729517482
CDH11,332828,0.05170319586333429,True,defined,0.05170319586333429,0.017988942595336465,0.01801005311095416,-0.0002245416762383062,0.002886262406283588,0.01801000269198943,0.00012345142002015302
CDH19,332828,0.0775825580125001,True,defined,0.0775825580125001,0.030384206876437538,0.03053196720943832,0.0011967715352617146,0.0032249680790818144,0.030530534947330126,0.00037359565316450057
CDH5,332828,0.09013955894890592,True,defined,0.09013955894890592,0.03943886555477139,0.03958329561954696,0.0011752509339559162,0.011448354748190033,0.039581914404789344,0.0007011270565135863
CDKN1A,332828,0.1594661796259549,True,defined,0.1594661796259549,0.05866085789549357,0.06005117499428271,-0.004698237212673006,0.0030468864499629336,0.06002910156137665,0.002399435530285949
CDKN3,332828,0.07224739685281732,True,defined,0.07224739685281732,0.03274449096807218,0.032803372284586726,-0.00022546462236066282,-0.007160420291394313,0.032803321450290565,0.0004453739870790109
CEACAM1,332828,0.10089593236725394,True,defined,0.10089593236725394,0.03248422055472405,0.03280414135305733,0.0008728407360162498,-0.0022865510465250437,0.03280337950210666,0.00041878577025221723
CEACAM6,332828,0.04831803973572151,True,defined,0.04831803973572151,0.01568368441088291,0.0156868869828185,0.00030991145326559206,0.0034469193841779886,0.015686790937709714,0.00011919046979624943
CELSR1,332828,0.07570996463949627,True,defined,0.07570996463949627,0.03463901930939998,0.034698925784026335,7.202111027270467e-05,0.011432051971492614,0.034698920596986156,0.0002977754098358735
CELSR2,332828,0.09277489112142084,True,defined,0.09277489112142084,0.038520506973383745,0.0387998865259354,-8.20421004336324e-06,-0.007219288482269392,0.03879988645862557,0.00039522424617033857
CENPF,332828,0.029455068375410277,True,defined,0.029455068375410277,0.011568561725983353,0.011463324051525234,-0.0006457846430638066,-0.009404299716770549,0.011462907013720077,8.816569303761243e-05
CFD,332828,0.09805376126613637,True,defined,0.09805376126613637,0.03604474832339759,0.03637590644613223,0.001717812272252391,-0.00290092090672272,0.03637295556712976,0.0003652675923213546
CFLAR,332828,0.11942794484408338,True,defined,0.11942794484408338,0.03993593937725364,0.040379324699734855,-0.0009841211085087024,-0.009121365770077062,0.04037835620537957,0.0010369115410349917
CHEK1,332828,0.05870568011915395,True,defined,0.05870568011915395,0.025971381247845423,0.02602782011588495,-4.0472366850332604e-05,0.0042226858043879255,0.026027818477871896,0.00017837144574129338
CHEK2,332828,0.07819465557036327,True,defined,0.07819465557036327,0.032140779717713105,0.03225467290054297,-0.00033591355708633195,0.004707261924810587,0.03225456006262526,0.00046913011108795687
CHI3L1,332828,0.3462857981105393,True,defined,0.3462857981105393,0.3270078796675815,0.3711550091311983,0.002654365402838398,0.016698643517899365,0.37114796347551043,0.03919799410590512
CIDEA,332828,0.0402113276825915,True,defined,0.0402113276825915,0.02042890203634121,0.02041609671259239,0.0003840653821574366,-0.002537879451420037,0.020415949206374552,0.00014073797996941068
CIITA,332828,0.056927008757991754,True,defined,0.056927008757991754,0.02204311855467772,0.022106536495848022,-0.0009575406361209609,-0.002839186631944232,0.022105619611777986,0.0001172760006359752
CLCF1,332828,0.0802704725585775,True,defined,0.0802704725585775,0.03824777833996532,0.03838957608611696,0.0009244870478772772,-0.008074513325446864,0.03838872140981568,0.00043138996742010666
CLDN4,332828,0.11119602600692034,True,defined,0.11119602600692034,0.05472521014610767,0.05513273183336383,0.0014545131168362958,0.01699758968055617,0.05513061622495655,0.0010238108924597118
CLEC10A,332828,0.05756607306799766,True,defined,0.05756607306799766,0.024241635061403657,0.02430924684015195,0.0008306680146340133,0.0037838947686732196,0.024308556830801305,0.00012524898290520593
CLEC12A,332828,0.0662480877691111,True,defined,0.0662480877691111,0.029555051794134393,0.02967816617318348,-0.0003669019264454914,-0.0006960479438900181,0.029678031556159768,0.0001985045832331986
CLEC14A,332828,0.051606546884232704,True,defined,0.051606546884232704,0.014552700242692012,0.014546629790166422,0.0006567098054635202,0.003980941127868012,0.01454619852239764,0.00014572023769909845
CLEC1A,332828,0.062401984392128886,True,defined,0.062401984392128886,0.025295056359468267,0.025322749215872516,-0.0001695518709586389,0.0063016460651171245,0.025322720468036033,0.00023474595236531429
CLEC2B,332828,0.05089028201415212,True,defined,0.05089028201415212,0.01947447439455567,0.019492886158423383,-0.0007827905312461504,0.0033830192362666036,0.019492273397407812,0.00012144477796573115
CLEC2D,332828,0.07915243138230182,True,defined,0.07915243138230182,0.032415759601088126,0.032580765009695214,-0.0023981823057524737,-0.006765513269952594,0.03257501373132402,0.00037485313317597006
CLEC4A,332828,0.09923877751104997,True,defined,0.09923877751104997,0.04547289527736724,0.045918668162722304,0.0007858092983709398,0.0027626212871429837,0.04591805066646842,0.0005308920806745399
CLEC4D,332828,0.06403791891960237,True,defined,0.06403791891960237,0.02424412786279577,0.024317882209965603,3.417525328749947e-05,-0.00018723086114529012,0.02431788104201832,0.0002273325658140935
CLEC4E,332828,0.05581700564973665,True,defined,0.05581700564973665,0.01707094131991782,0.017110033854429087,-0.001122804359519383,-0.0024105454491009063,0.01710877316479912,0.00012138454601355069
CLEC5A,332828,0.006696858313484395,True,defined,0.006696858313484395,0.018640123908706452,0.018230532781717445,-0.00040790305663199867,-0.019398724585844986,0.01823036639681392,6.351909576509023e-05
CLEC7A,332828,0.06725806625911329,True,defined,0.06725806625911329,0.026982211322561615,0.02702790284737767,-0.0014085076119929063,0.0023465388784204328,0.027025918953684936,0.0003642320852713303
CLOCK,332828,0.09066887907872836,True,defined,0.09066887907872836,0.03217690453457371,0.03235473148883226,0.00041487343971175145,0.008232585250989634,0.032354559368861224,0.00046333884832813163
CLU,332828,0.5398606963122787,True,defined,0.5398606963122787,0.3497729844740964,0.4902977337508776,0.005767567270898698,0.05411284567050255,0.4902644689186491,0.14873422095557326
CMKLR1,332828,0.06142708671938433,True,defined,0.06142708671938433,0.03274308092341685,0.032847488208179496,0.0008824638527984988,0.0017656352250229052,0.0328467094657283,0.00024187359433078208
CNTFR,332828,0.10794772417733736,True,defined,0.10794772417733736,0.05397038868139773,0.054577039440523015,0.002556298291324883,-0.0020758051746721695,0.05457050477956769,0.0008410792987213786
COL11A1,332828,0.06311793926964206,True,defined,0.06311793926964206,0.024119176092266315,0.02415039691107847,-0.0006292212180922137,-0.008123037500999644,0.024150000991737648,0.00016503318676684857
COL12A1,332828,0.06902430615203622,True,defined,0.06902430615203622,0.024066091505058423,0.024142756770363826,0.00038013941696647273,0.004549584198171688,0.02414261226438724,0.00023471643259475412
COL14A1,332828,0.10752894286478258,True,defined,0.10752894286478258,0.04033018824157872,0.04075814872454508,0.0018796703810789656,0.008111285322631445,0.04075461556380369,0.0006017072593738936
COL15A1,332828,0.09171166152374381,True,defined,0.09171166152374381,0.046365794545066834,0.04674348079347814,-0.0018463171442320622,0.0020428605323321676,0.04674007190648029,0.0004734379103217797
COL16A1,332828,0.056742564007635665,True,defined,0.056742564007635665,0.019650802024056835,0.019688132890650564,0.0003267486926929272,0.001335080491281145,0.019688026125942514,0.00016839376538022906
COL17A1,332828,0.08986107176104025,True,defined,0.08986107176104025,0.03497353157386222,0.03524900798494919,0.000828677134826925,-0.0022663660858302883,0.035248321279155226,0.00030215111691055607
COL18A1,332828,0.412460321737928,True,defined,0.412460321737928,0.26977491698430184,0.3229187770397219,-0.008043099038826454,0.03046440107238571,0.32285408559757106,0.0642194409427466
COL1A1,332828,0.19459888969827574,True,defined,0.19459888969827574,0.06855285030422943,0.07122015291694764,-0.014136328409464452,-0.0030511450892590354,0.07102031713604853,0.00382107494007433
COL1A2,332828,0.1643067910587737,True,defined,0.1643067910587737,0.03600952310183186,0.03676510739634349,-0.005912478201902815,0.007146449941396641,0.03673014999785519,0.0017231725215383006
COL21A1,332828,0.07721578653257544,True,defined,0.07721578653257544,0.02359779737545563,0.023734026750714565,0.0006174105427226112,0.002006940861617758,0.023733645554936598,0.00019116813027716923
COL27A1,332828,0.23609968661721853,True,defined,0.23609968661721853,0.14260714443196057,0.15086505085553306,0.0006737611680244751,0.010423052715425951,0.15086459690142345,0.00985337293880177
COL3A1,332828,0.1794310932821199,True,defined,0.1794310932821199,0.06021091729603424,0.06199119316139785,-0.004364567489978871,0.009257841040851797,0.06197214371202379,0.0026653495805512998
COL4A1,332828,0.41830463116694055,True,defined,0.41830463116694055,0.04559295176959026,0.056334378291741885,-0.03532925864952088,-0.024519199882535096,0.05508622177501774,0.01072131471850022
COL4A2,332828,0.28570844217245955,True,defined,0.28570844217245955,0.04705894953770633,0.051655250601617374,-0.020906805159737397,-0.020162456424114777,0.05121815609963052,0.00479666788425454
COL4A5,332828,0.06161291187760826,True,defined,0.06161291187760826,0.021120044681268303,0.02118185593636716,-0.00021286532926641398,-0.00429986423346636,0.02118181062471879,0.0001073277282709168
COL5A1,332828,0.10254826014328465,True,defined,0.10254826014328465,0.04426051351110188,0.044681804714016386,-0.000900455789218643,-0.00699169514180863,0.04468099389338768,0.0006341325682083054
COL5A2,332828,0.1131952077641673,True,defined,0.1131952077641673,0.032838988432010094,0.03324399848759137,-0.0033860436578346913,0.0009866769944235942,0.03323253319593878,0.0005886101606186158
COL5A3,332828,0.10706797003535393,True,defined,0.10706797003535393,0.044668667478613616,0.045166545537249816,-0.0010553450278791593,-0.00557236788652003,0.045165431784121815,0.0005532527299458222
COL6A1,332828,0.19926643204289574,True,defined,0.19926643204289574,0.06924260468235895,0.072097668070364,0.00604812835895448,0.012548479161964872,0.07206108821371844,0.002779100836547185
COL6A2,332828,0.2026546942748828,True,defined,0.2026546942748828,0.08743531797996873,0.09115854701635852,0.0034936892551764727,0.0043057751253066205,0.09114634115174516,0.00308702654066729
COL6A3,332828,0.08818798219480531,True,defined,0.08818798219480531,0.04311697247404232,0.04344159495821981,-0.0002771531811904582,-0.0032843598668575603,0.04344151814433381,0.00041799392898783156
COL8A1,332828,0.039268426567421265,True,defined,0.039268426567421265,0.011729783399393515,0.011567361649189123,-0.0009569336138855059,0.010975205028968428,0.011566445927247777,0.00010924325977125146
COL9A2,332828,0.060232921928405965,True,defined,0.060232921928405965,0.03811018101666983,0.038134560074292945,7.543185958193871e-05,-0.007746724760323064,0.03813455438432772,0.00036207225213048756
COL9A3,332828,0.1224506296446196,True,defined,0.1224506296446196,0.0635255874553681,0.06449069906406815,-0.0007241382599106182,-4.135760778945664e-05,0.06449017468784864,0.0010551275738494013
COTL1,332828,0.14556404393365377,True,defined,0.14556404393365377,0.0599154973606322,0.06113322792131952,-0.011168202357078019,-0.00317452133800742,0.06100849917743112,0.00226648062887831
COX4I2,332828,0.0551937134347543,True,defined,0.0551937134347543,0.018607319898111138,0.018642225773780937,-0.002239485453013174,-0.004793642054722249,0.018637210478686536,0.0001451367558779912
CPA3,332828,0.019412816465592713,True,defined,0.019412816465592713,0.020549293947665907,0.020520244406012748,-0.00011144732022633031,0.0010869953929693854,0.02052023198550765,7.616399395506202e-05
CPB1,332828,0.0432344368323688,True,defined,0.0432344368323688,0.01419957127296169,0.014205589814360514,7.467180383400689e-05,0.0022814455165387614,0.014205584238482151,8.302104576919904e-05
CRIP1,332828,0.12704404015630366,True,defined,0.12704404015630366,0.03489293425300717,0.03524913532097509,-0.007506984592548554,0.0069839416047215485,0.03519278050330227,0.0009897966224120514
CRP,332828,0.1521622664821868,True,defined,0.1521622664821868,0.04948128859170215,0.05059070390416519,3.703906137329191e-05,-0.0008602573670191587,0.05059070253227398,0.0017676295031261485
CRYAB,332828,0.05671584734800322,True,defined,0.05671584734800322,0.04667636279749607,0.04605765150257855,-0.0001643375451422638,-0.012167161594798874,0.04605762449574982,0.001378506405998742
CSF1,332828,0.10949857939471434,True,defined,0.10949857939471434,0.05657838190429996,0.057207733154688536,0.0033310849589774975,0.009907005242274043,0.05719663702768551,0.0009681804298789517
CSF1R,332828,0.12837143883154878,True,defined,0.12837143883154878,0.05268558127153568,0.05352434616266927,-0.0005650276940447187,0.005652042564454119,0.05352402690637498,0.0010189497593120589
CSF2,332828,0.06304711889923784,True,defined,0.06304711889923784,0.02912455389224786,0.028966112279344928,0.00066878849578637,0.015786744388147218,0.028965665001292953,0.0003053249897037953
CSF2RA,332828,0.04859197973703504,True,defined,0.04859197973703504,0.017134121241970834,0.0171443619183144,-0.0011262684963436796,-0.005806542082779144,0.01714309343758837,8.950560508463948e-05
CSF2RB,332828,0.0694586091987022,True,defined,0.0694586091987022,0.03005141046305971,0.03002273634441851,0.0005742666682862118,-0.01218641345075038,0.030022406562211786,0.0002357302282367671
CSF3,332828,0.04287251540851313,True,defined,0.04287251540851313,0.01573849198135608,0.015728545896163466,0.0004995355284355712,0.000783810402879187,0.015728296360419176,0.0001351101307779345
CSF3R,332828,0.07361623455562723,True,defined,0.07361623455562723,0.026586552616058693,0.02673532945580904,0.0020075418006794002,0.0017783569634803858,0.026731299231727765,0.0001511700983190575
CSHL1,332828,0.08264631834501444,True,defined,0.08264631834501444,0.03632842630935282,0.036525374019688826,0.0014462110029385604,0.0026052671517544936,0.036523282493423605,0.0005332954570668538
CSK,332828,0.17676978639549062,True,defined,0.17676978639549062,0.08469376931489908,0.0871152281594536,-0.002294590996190459,0.012228779457602194,0.0871099630116136,0.0038330603551721995
CSPG4,332828,0.10381413521938052,True,defined,0.10381413521938052,0.04166858927066011,0.04207000358878998,-0.0024700210411562054,-0.004784711775405278,0.04206390258484593,0.0008150437962949573
CST7,332828,0.0725240953467105,True,defined,0.0725240953467105,0.03628885610784094,0.036432421649552967,-0.00026624328546529663,0.0019906138226056607,0.03643235076406562,0.00041628674468800585
CSTB,332828,0.3343640312278393,True,defined,0.3343640312278393,0.18861692916448117,0.2120967643523367,-0.01027849082245794,-0.024880412792523947,0.21199111697874978,0.027087333694286245
CTLA4,332828,0.07823027994459109,True,defined,0.07823027994459109,0.022155762557039393,0.022283872616040232,-0.00015635103421034335,0.0018725879684235495,0.022283848170394506,0.00018827082114809558
CTNNB1,332828,0.3320852500720187,True,defined,0.3320852500720187,0.16498597244057706,0.18525579159902447,-0.0053249616188649805,-0.003270080763732603,0.18522743638278102,0.02445724899067962
CTSD,332828,0.4814909768212838,True,defined,0.4814909768212838,0.3367048094095039,0.43758147663708646,-0.009278071828253938,0.01159552193459345,0.43749539402023896,0.11062978650400918
CTSG,332828,0.027699921102979055,True,defined,0.027699921102979055,0.014054057278676367,0.013859028786141647,0.0003768056887180419,0.013927964333328473,0.013858886803614382,6.351251495003449e-05
CTSW,332828,0.05953926100949938,True,defined,0.05953926100949938,0.028495002836277986,0.028546201766620607,0.0011934663460670635,0.007845818852086588,0.02854477740470139,0.0001621859343775473
CUZD1,332828,0.06565778542823203,True,defined,0.06565778542823203,0.03331802501119453,0.03342404706267192,0.0007517564077092043,0.006514765260871645,0.03342348192497572,0.00020538299034277585
CX3CL1,332828,0.1034736883630141,True,defined,0.1034736883630141,0.041532950203100515,0.04150739447811659,-0.00039738026050617736,0.019724568695835325,0.041507236567044296,0.0008501645122400983
CX3CR1,332828,0.10888842695098983,True,defined,0.10888842695098983,0.04114391632063133,0.04163473664199386,0.0007927194629010706,0.0011665899445013528,0.04163410823784649,0.0005778103639541922
CXCL1,332828,0.24293219780931635,True,defined,0.24293219780931635,0.09155159874826978,0.09728999562303775,0.0007370005019895318,0.0010817539575591155,0.097289452453297,0.005455106444890815
CXCL10,332828,0.026567315061169026,True,defined,0.026567315061169026,0.030752189333783715,0.030480564903288057,-0.002618735139189762,0.0007643935802368071,0.030473707129558762,0.00046761526847146934
CXCL12,332828,0.37737517304179186,True,defined,0.37737517304179186,0.21166140568371544,0.24857972708559328,0.04896712800302769,0.02575771214823551,0.24618194746072394,0.035143027427336986
CXCL13,332828,0.07626889689786182,True,defined,0.07626889689786182,0.02146903366395564,0.021558515233180548,-0.0021442129223224675,0.002649640672942447,0.02155391758412426,0.00023660845074515626
CXCL14,332828,0.40451315321962444,True,defined,0.40451315321962444,0.0778601479135652,0.09275704258357713,0.010860726580245653,-0.0076424007587292345,0.09263908720172749,0.013691814832434231
CXCL16,332828,0.10933938452249575,True,defined,0.10933938452249575,0.055231417910057194,0.05585864475021045,0.00039565654750375005,0.004877223322773951,0.0558584882061052,0.0009232323675366582
CXCL17,332828,0.07833061469081357,True,defined,0.07833061469081357,0.03281410237781485,0.033002231089686675,0.0012711813757972515,0.0016835273320057094,0.03300061518759694,0.0003313977785085195
CXCL5,332828,0.06929323427272334,True,defined,0.06929323427272334,0.037478332055405024,0.03760842841794045,0.0005066030932972511,-0.0013823816474967984,0.037608171771245626,0.0004123308460633291
CXCL8,332828,0.0578478754605553,True,defined,0.0578478754605553,0.02761351862666251,0.027652398013427493,0.0005145424517523644,0.0016468487233946086,0.027652133259492524,0.0002847544095460895
CXCL9,332828,0.09420947224866644,True,defined,0.09420947224866644,0.03191971910850565,0.03139427598117409,-0.007514356791751765,-0.016790117203429263,0.0313378104231806,0.0019801051460344244
CXCR1,332828,0.0662769328769817,True,defined,0.0662769328769817,0.02950256630040761,0.029532092448642022,0.0013185085024443933,-0.006875581889730357,0.02953035398397131,0.00029884685457708105
CXCR2,332828,0.06164544658631498,True,defined,0.06164544658631498,0.030172259567845257,0.03026449221572644,0.000864231867405518,0.0016492808979913793,0.03026374531900514,0.0002405619351074309
CXCR3,332828,0.06957604516400215,True,defined,0.06957604516400215,0.02328938047378266,0.023303383011264035,-0.002139515371147386,0.006141463438363724,0.023298805485240985,0.00027284440973055266
CXCR4,332828,0.14266544941039125,True,defined,0.14266544941039125,0.04617614558477932,0.04718108363147045,-0.007875560489228037,-0.009830304793456097,0.047119059178449836,0.0011885531947964827
CXCR5,332828,0.0647359293091908,True,defined,0.0647359293091908,0.033201453611716975,0.03324892751012163,0.000722701908818378,0.008508828096179052,0.03324840521207202,0.0003041414422801264
CXCR6,332828,0.07009527135286688,True,defined,0.07009527135286688,0.03148335049772617,0.03158663884453802,-0.0007902088972399737,0.003801357223624623,0.03158601441443602,0.0003263580280719949
CYP1B1,332828,0.10039893428162475,True,defined,0.10039893428162475,0.02994626722956568,0.03002528881630949,-0.0002690665199565588,0.012471865862384099,0.030025216419517504,0.0006366004092632905
CYP2U1,332828,0.10512517247921825,True,defined,0.10512517247921825,0.04016316593866053,0.040544949623642884,0.0007545508509944044,0.00489688382283902,0.04054438027665637,0.0007962038286849913
CYSTM1,332828,0.16552267853012934,True,defined,0.16552267853012934,0.0822843123350647,0.0844250447778261,-0.004487671993603631,-0.01714627303033811,0.08440490557790269,0.0028854379688755052
CYTOR,332828,0.09523167457119634,True,defined,0.09523167457119634,0.06229383741323141,0.06280392691294258,-0.0028946511237451992,-0.0005748284247098418,0.06279554790781429,0.0010089417542108424
DCN,332828,0.3575750259322477,True,defined,0.3575750259322477,0.1651360643888502,0.19027544471930544,0.03865410279366332,0.01898420458788001,0.18878130505652446,0.02105272776995838
DDC,332828,0.20251626895554792,True,defined,0.20251626895554792,0.08174176884048287,0.0851195193566499,0.0004706583728295377,0.011038407280609371,0.08511929783734681,0.003650319868410378
DDIT3,332828,0.18571200424818524,True,defined,0.18571200424818524,0.04547062837559334,0.04695894510871494,0.0008726411460232697,-0.010462325733018325,0.04695818360614479,0.0017736533661342497
DDR1,332828,0.086205480672993,True,defined,0.086205480672993,0.05078191919495194,0.051068228160629725,0.0005547654629183467,0.007688070399060589,0.051067920395910175,0.0006764840634113981
DDR2,332828,0.07816297195571995,True,defined,0.07816297195571995,0.03639877648292314,0.03660960595401623,0.0015208864744421292,0.0040234288642786034,0.03660729285834794,0.000321607765745076
DDX58,332828,0.08401085295827147,True,defined,0.08401085295827147,0.036522908931865744,0.03671640157619836,-0.0006790515979842629,0.003787539470170985,0.03671594046512555,0.0005240085724450671
DHRS2,332828,0.11231159252459091,True,defined,0.11231159252459091,0.06111165395965242,0.06178164615547935,0.0004548906946153024,-0.005664569485724357,0.061781439229934496,0.0013253616491212931
DLL1,332828,0.0900360474134942,True,defined,0.0900360474134942,0.04196233818198834,0.04225278773438133,0.003190083694957728,0.009648405001231306,0.04224261110040017,0.0005302886831302871
DLL4,332828,0.08774552311559128,True,defined,0.08774552311559128,0.03554056388282933,0.035789029900650485,0.0011488130422223999,-0.004172526511005637,0.03578771012924436,0.00028480357150465266
DMBT1,332828,0.07509103693241237,True,defined,0.07509103693241237,0.029464526187156576,0.02956901435927288,0.000864878431703439,0.006041232905934075,0.0295682663445715,0.0003582727805358423
DNMT1,332828,0.11066644084903528,True,defined,0.11066644084903528,0.054974749961118306,0.05546145724655704,-0.0013574424652969214,-0.013566132758223246,0.055459614596511116,0.0010753391907005192
DNMT3A,332828,0.08700006866207455,True,defined,0.08700006866207455,0.037344199979308504,0.03756048228429166,-0.0002774893689516901,-0.0041041198838928615,0.037560405283941424,0.000584275087822358
DPP4,332828,0.24107948260575723,True,defined,0.24107948260575723,0.0784401596823126,0.08311194487194042,-0.00027152229980357255,-0.012854910674654416,0.0831118711475813,0.004913232763289722
DPT,332828,0.2389823895217316,True,defined,0.2389823895217316,0.03404568505577358,0.03614257909376604,0.00708343706847667,0.009087545290931923,0.036092404013062726,0.0017763596008026025
DST,332828,0.16329102496358458,True,defined,0.16329102496358458,0.08168465308678721,0.08391271518140485,0.0005274531758383014,-0.0013007473131208785,0.08391243697455053,0.002481419041113494
DUSP1,332828,0.4954074036438825,True,defined,0.4954074036438825,0.40141041016595663,0.532423549071673,0.02675406144597045,0.040277853236170974,0.5317077692678178,0.1334008871732651
DUSP2,332828,0.09711693060130878,True,defined,0.09711693060130878,0.04627952579235627,0.04665686074662297,0.004488796134324401,-0.0030683952749691683,0.046636711455887186,0.0006775224365287529
DUSP4,332828,0.07166203882469635,True,defined,0.07166203882469635,0.031073047625818095,0.031213243493643367,-0.001405480134152907,-0.00472418493971078,0.03121126811923669,0.0002555013862713708
DUSP5,332828,0.0792978704215997,True,defined,0.0792978704215997,0.03533005449231528,0.03538100434571382,0.002283995786513722,-0.009609255468593071,0.035375787708961645,0.0004348557395920725
DUSP6,332828,0.25152553204317185,True,defined,0.25152553204317185,0.1420520401147063,0.15147758596202743,-0.0032332623434861625,-0.011775269309089878,0.15146713197664477,0.011580565326605757
EFNA1,332828,0.258693326279372,True,defined,0.258693326279372,0.17272404673791222,0.18505032209055583,0.00036740760638635984,-0.00035944483698869287,0.18505018710220622,0.014126089424595657
EFNA4,332828,0.08355743668243229,True,defined,0.08355743668243229,0.04112820079281767,0.04141055878570504,0.0013329915335486488,0.0022221795754957785,0.041408781919276216,0.000391443805645858
EFNA5,332828,0.07942855132056137,True,defined,0.07942855132056137,0.031880699970744136,0.03202755575929055,0.0005948250794053394,0.003977137317742801,0.03202720194241487,0.00043499376318557724
EFNB1,332828,0.10267977318735778,True,defined,0.10267977318735778,0.04155743369458853,0.04190497995998361,0.0005283508150406798,-0.008635073259276031,0.041904700805399014,0.0005890614795511893
EFNB2,332828,0.06874352561592471,True,defined,0.06874352561592471,0.023224376344279266,0.023271807496687745,0.00012841675621844278,-0.0066410866658287325,0.023271791005824556,0.00021250681622342818
EGF,332828,0.059125813203457535,True,defined,0.059125813203457535,0.02115400846760592,0.02118571339085354,0.00031073858152064,-0.003938015914231803,0.021185616832387365,0.00018348696613736847
EGFR,332828,0.19993830661976567,True,defined,0.19993830661976567,0.11728314348740218,0.12214925467432253,0.0004229620723180404,-0.0024378786363458073,0.12214907577740841,0.005307129969394069
EIF5A,332828,0.44881736114700505,True,defined,0.44881736114700505,0.2973415444784828,0.3710414699212857,-0.003139482233386126,0.02344550541769688,0.371031613572591,0.0852036849005231
ELANE,332828,0.10164004638277757,True,defined,0.10164004638277757,0.046045418068034374,0.04650754054606816,0.0026318240432476104,0.0017542015130174275,0.046500614048273554,0.0007214102961135183
EMP3,332828,0.09465272509363852,True,defined,0.09465272509363852,0.0525163083135741,0.052948256751025054,-0.0005374809741108536,-0.004051645952366372,0.052947967865227215,0.0007447396679787638
ENG,332828,0.13220231017345205,True,defined,0.13220231017345205,0.058374477575771966,0.05943020138959431,0.004979760330454915,0.007397191835068401,0.05940540337664681,0.0009612021732135694
ENO1,332828,0.3988938419303333,True,defined,0.3988938419303333,0.20584029801052683,0.24472953559373467,-0.01924984786946777,-0.013264246618150139,0.24435897895073483,0.04633975671714589
ENTPD1,332828,0.057255326177462144,True,defined,0.057255326177462144,0.02602003296948479,0.026093840262096834,-0.001562563028901424,-0.002272168712828749,0.026091398658877385,0.000167564975076615
EOMES,332828,0.04331460061430698,True,defined,0.04331460061430698,0.014247003579130939,0.014251572057257104,0.00011107202593839291,-0.002604098307729227,0.014251559720262307,8.134683194259122e-05
EPCAM,332828,0.0703030418734536,True,defined,0.0703030418734536,0.028567210402075473,0.028449253921257356,0.00047926932742733296,-0.015085869124557571,0.0284490242221691,0.00025353181141898293
EPHA2,332828,0.15505702785012793,True,defined,0.15505702785012793,0.08034439555737942,0.08206617059701853,0.001933567931440118,0.016419346101931,0.08206243191207242,0.0026149033060841554
EPHA3,332828,0.09622020141516653,True,defined,0.09622020141516653,0.03641547351796006,0.03664548419142812,0.0011357963912549238,0.010820401340670386,0.03664419415798531,0.0005067904114430847
EPHA4,332828,0.03188639512269925,True,defined,0.03188639512269925,0.012294427689257367,0.012294345888786102,-0.00022609743289772608,-0.001608058755075758,0.012294294768736901,4.6378641873031914e-05
EPHA7,332828,0.027080906076172022,True,defined,0.027080906076172022,0.018201529337222005,0.01816951916220177,-6.004240979129047e-05,0.004308208049913163,0.01816951555711053,7.699247136157179e-05
EPHB2,332828,0.10103066930325302,True,defined,0.10103066930325302,0.044233939343964135,0.04467183653003404,0.0012545178463695494,0.0028194157493521784,0.04467026271500716,0.0006501867091771566
EPHB3,332828,0.06882221330654452,True,defined,0.06882221330654452,0.03566648686472475,0.03573731435583491,0.0010166702088041251,-0.008881829911554727,0.03573628073752143,0.00020252380430691355
EPHB4,332828,0.1299729132147398,True,defined,0.1299729132147398,0.046074335840205045,0.046812648484500265,0.0002156452164880396,-0.006305069804925123,0.04681260198164151,0.0006228113313949933
EPHB6,332828,0.08717714812733826,True,defined,0.08717714812733826,0.03636448021000407,0.036531334078088236,0.0015660535500236327,0.010706778378201071,0.036528881554366316,0.0004887574599753815
EPOR,332828,0.09784497980640025,True,defined,0.09784497980640025,0.04307123478215104,0.043471076948574765,0.0007215966565958525,0.004788547277025055,0.04347055624683901,0.0004391947595162728
ERBB2,332828,0.16098889164686148,True,defined,0.16098889164686148,0.07732736210421674,0.07935323753446155,0.0012435649013729031,0.0065372245558187264,0.07935169108079718,0.0022475823855318323
ERBB3,332828,0.20522182666429714,True,defined,0.20522182666429714,0.10296130305191441,0.10748289600052491,0.001033781904529376,-0.001439114529569863,0.10748182729549897,0.004561070226338755
ESAM,332828,0.10193431510335463,True,defined,0.10193431510335463,0.043311802787140447,0.043734780964753375,-0.00018748219053014057,0.0004524290343191803,0.04373474581518147,0.0007231868311338664
ESR1,332828,0.11769456698228917,True,defined,0.11769456698228917,0.057353642508961945,0.05814291643342647,0.00034876452108134213,-0.002827999090051514,0.05814279479673407,0.000952308780103418
ETS1,332828,0.167585124461624,True,defined,0.167585124461624,0.0582729548051263,0.059947227562414836,-0.004862201205670374,-0.002469958470498574,0.05992358656185038,0.002132573777531766
ETV4,332828,0.08805740533980942,True,defined,0.08805740533980942,0.040224233571778,0.040227774435672346,0.0014073968582660377,-0.014565753344460435,0.040225793669756586,0.0006295931431209222
ETV5,332828,0.0663626374294085,True,defined,0.0663626374294085,0.02630468558771146,0.026344788816394946,-0.00030705211515207834,0.006849185926730803,0.026344694535393506,0.0002481080488166693
EZH2,332828,0.07826955925221846,True,defined,0.07826955925221846,0.033169886894368776,0.03332507966399959,-0.0012130406297509524,-0.006659727850141934,0.033323608196429676,0.0003550919954702951
EZR,332828,0.13221959081931772,True,defined,0.13221959081931772,0.04252389127966456,0.043129616179138026,-0.00622563228767409,-0.007281934572652725,0.04309085768175651,0.0016856464142388972
FABP4,332828,0.049332759002813704,True,defined,0.049332759002813704,0.021949532700404263,0.021972415003581543,0.000524474134159456,-0.0001642800578245017,0.02197213993046453,0.0001644942372769857
FABP5,332828,0.08300433285871436,True,defined,0.08300433285871436,0.037154612960945715,0.03737274318432238,-0.0024330853163728244,-0.006020386455603672,0.037366823280165315,0.0004723854349088266
FAM30A,332828,0.0586163540638038,True,defined,0.0586163540638038,0.02553535158305019,0.025572807563107945,-0.00025387342802508917,-0.004180952554168459,0.025572743111390968,0.00023390759983293345
FAP,332828,0.06317472351568906,True,defined,0.06317472351568906,0.026985690572021943,0.02707692557125306,-0.0008812835050416901,-0.003445961359697455,0.027076148910636692,0.00018812515011272803
FAS,332828,0.09337281996604437,True,defined,0.09337281996604437,0.03819701043219879,0.03846970409348326,0.00011912113940515071,0.007092013524057647,0.03846968990363717,0.00048701465452332825
FASLG,332828,0.06367560054310036,True,defined,0.06367560054310036,0.025732005702651675,0.02564603128101472,-0.00038956890371877984,0.012227165938191625,0.025645879517084233,0.00024832944921440654
FASN,332828,0.502086101107974,True,defined,0.502086101107974,0.4298548866275933,0.572907234373672,0.016078891392197252,0.05090337260848938,0.5726487036252677,0.15898319601641162
FAU,332828,0.39545178207889936,True,defined,0.39545178207889936,0.2781898154837071,0.3294309913178698,-0.005328740968965201,0.006387817061036101,0.3294025958375573,0.057463816033023536
FCER1G,332828,0.09858911506142515,True,defined,0.09858911506142515,0.01994806802367943,0.02006760894784456,-0.003965668837196936,-0.011915150213419516,0.0200518824185185,0.000370252959694833
FCGBP,332828,0.06041933354412591,True,defined,0.06041933354412591,0.02337788718803409,0.023418498007936016,-0.0003788557326197531,-0.0014931188732278543,0.02341835447627001,0.000251623048769436
FCGR3A,332828,0.10447003230107096,True,defined,0.10447003230107096,0.059043267696966904,0.05957685576269742,-0.0013630292429573233,0.007095092402101716,0.0595749979139798,0.0010464990440565108
FCRLA,332828,0.07646476312938154,True,defined,0.07646476312938154,0.03745637638687653,0.03757099844582145,0.0006945982991073843,0.009964376514290675,0.03757051597902488,0.000370507590148687
FES,332828,0.13289469073907711,True,defined,0.13289469073907711,0.05711605091738925,0.05811221074818987,-0.0007088051088477475,-0.0038601338894891837,0.058111708343507096,0.001338702590227378
FFAR2,332828,0.08312619993135698,True,defined,0.08312619993135698,0.04147316776562681,0.04168807644766882,0.0011101682751148397,0.007738813543352081,0.0416868439740694,0.0005057718537231369
FFAR3,332828,0.09162161505356539,True,defined,0.09162161505356539,0.05150246587207505,0.051912488397605025,0.0021646490166617005,0.005050022909936312,0.05190780269224077,0.0006539901967044431
FFAR4,332828,0.10183319475716122,True,defined,0.10183319475716122,0.0471231870604917,0.04751095065160929,0.0009395165617462792,-0.009336520951348124,0.04751006796023912,0.0004729517401697047
FGF1,332828,0.04262719233678858,True,defined,0.04262719233678858,0.014585107853952946,0.014511050633267823,0.0002662911714760162,-0.006328699435499999,0.014510979722280104,0.0001609064531485755
FGF12,332828,0.18198636214971234,True,defined,0.18198636214971234,0.03989273843936197,0.04124107660788194,0.00012746925963295512,0.004232985673182324,0.04124106035946957,0.001305287169415209
FGF13,332828,0.05081315273297457,True,defined,0.05081315273297457,0.0281086725794364,0.02816768929194617,-0.0007777727466724319,-0.0015717931831855962,0.028167084361500908,0.00014950575376534864
FGF18,332828,0.05339685340492669,True,defined,0.05339685340492669,0.027706508694139122,0.027597315958589146,2.9849695497749587e-05,-0.0109630141937389,0.027597315067584748,0.00029097925528327165
FGF2,332828,0.10895589031126511,True,defined,0.10895589031126511,0.027476661139787736,0.027792537987085454,0.00042309938069726985,0.004189434195118694,0.027792358973998933,0.00033816522885874253
FGF7,332828,0.053319435853529155,True,defined,0.053319435853529155,0.024739514342762493,0.024788349546699572,0.0005048195743580276,-0.003411306858761894,0.024788094703896698,0.00012001316169451187
FGF9,332828,0.06395291171885749,True,defined,0.06395291171885749,0.029653081515254105,0.02961948494551113,0.0005542459375248815,-0.011369574553435827,0.029619177756951928,0.00021297410281122874
FGFR1,332828,0.061074012886524094,True,defined,0.061074012886524094,0.023295296021895704,0.02332696381981092,0.00037755008810153067,0.0038596771029145664,0.02332682127574137,0.0002532137993623347
FGFR2,332828,0.2917228236657255,True,defined,0.2917228236657255,0.07002876855801751,0.07649314913907677,0.005800401165735615,-0.002855571010886784,0.07645950448539214,0.006330567872411433
FGFR3,332828,0.2180025219198654,True,defined,0.2180025219198654,0.10366508729698451,0.10878549646466361,0.0024942116142114413,-0.00405684575041467,0.1087792753730859,0.005693672622326027
FGG,332828,0.5656561587905866,True,defined,0.5656561587905866,0.4114910616481769,0.6035776156613996,0.014222237861144859,0.04793866750450638,0.6033753436116208,0.1985908143454227
FGR,332828,0.05985044707102793,True,defined,0.05985044707102793,0.02369239626452405,0.023722603723039803,-0.0010921021142319333,0.004637198137317503,0.023721411036012312,0.00019677410822482034
FHIT,332828,0.09063446477488157,True,defined,0.09063446477488157,0.03290375740408801,0.033065006286037237,0.0006456680799405375,-0.008507383165103964,0.03306458939876812,0.00046989410096413733
FKBP11,332828,0.13062657916031256,True,defined,0.13062657916031256,0.0549111882031713,0.0558266595325248,-0.0006570669447871254,0.005211502094771499,0.05582622779555511,0.001064365711586441
FKBP5,332828,0.29855412653736807,True,defined,0.29855412653736807,0.1066167135000978,0.11695917216886713,-0.02358832080743,-0.003341744348036264,0.11640276329035534,0.013284719673751215
FLT1,332828,0.10112096222185733,True,defined,0.10112096222185733,0.04373697487312518,0.04416588695867707,-0.001996505553737826,0.001289752546662441,0.04416190092425084,0.0006366271455164873
FLT3LG,332828,0.06832416278799007,True,defined,0.06832416278799007,0.031291125603760905,0.03139862182905233,6.873389265890763e-05,0.005702054843743331,0.03139861710470504,0.00021956421098566693
FN1,332828,0.4810864036122735,True,defined,0.4810864036122735,0.38830932842689714,0.5034498201077213,-0.01908521083618283,0.018871669320276962,0.5030855748350587,0.12676016684948913
FOS,332828,0.42201989546637003,True,defined,0.42201989546637003,0.13162144001892867,0.16014670862403724,0.015679917116653536,0.022598513205778336,0.1599008488232522,0.02447961487991636
FOXF1,332828,0.11754439980883254,True,defined,0.11754439980883254,0.04941242716496771,0.050006018002870745,0.0035510940604022104,-0.005755875415666012,0.049993407733845516,0.00096675645823767
FOXP3,332828,0.05572467276111671,True,defined,0.05572467276111671,0.016809375744314445,0.016723801511892407,-0.0014572320748973218,0.009121591872593121,0.016721677986572137,0.00015550129428453695
FPR1,332828,0.0861669535092842,True,defined,0.0861669535092842,0.046368445918245786,0.04671316560103334,0.0004683874435284516,0.0016686309853445036,0.046712946214235156,0.0003125684383703099
FYB1,332828,0.09676752866094589,True,defined,0.09676752866094589,0.022747048491856835,0.02292625863534838,-0.004626167712085017,0.0010673427560081955,0.022904857207648573,0.00038298884216449587
FYN,332828,0.08293744528537038,True,defined,0.08293744528537038,0.03455495132535466,0.03478634522655971,-0.0018693304412037478,0.0014748269140950313,0.034782850830261315,0.00025237877177971873
FZD1,332828,0.09714916640708074,True,defined,0.09714916640708074,0.036040129054014,0.03637647967634376,0.0021875388736296883,0.004425500320397114,0.03637169435001951,0.00044589691435409167
FZD3,332828,0.06803256283305188,True,defined,0.06803256283305188,0.027723019388667055,0.0278417989294996,0.000600869192537195,-0.0003766011253436453,0.0278414378857132,0.0002082836776880194
FZD4,332828,0.10834448577885068,True,defined,0.10834448577885068,0.05427331359816523,0.0548444993011154,0.0005519416324307807,-0.0036023899642236086,0.0548441946615502,0.0010780025510713168
FZD5,332828,0.15218931629386298,True,defined,0.15218931629386298,0.06912077287085668,0.0707130135312851,0.0008896581241820803,0.007163558485934704,0.07071222203970724,0.0018588942275463423
FZD6,332828,0.030591955217719378,True,defined,0.030591955217719378,0.019503437474274254,0.019478708747735978,-0.0002050922079342009,-0.0014080180780360406,0.019478666684922083,0.0001148278316831047
FZD7,332828,0.06512165675290779,True,defined,0.06512165675290779,0.03240220206938964,0.03246937587626775,0.00032532696643306565,0.008584701884871258,0.03246927003863261,0.00017655222964171186
FZD8,332828,0.08742937102817364,True,defined,0.08742937102817364,0.03791959793144407,0.038032319422359545,0.0012520945712440293,0.013163415016284655,0.0380307516815442,0.0005376641739080273
G0S2,332828,0.4375366266603836,True,defined,0.4375366266603836,0.38767559158226017,0.478812096566371,0.01776259814272969,0.035506344632967056,0.4784965866735942,0.10514667076226812
G6PD,332828,0.06438444319809995,True,defined,0.06438444319809995,0.03180965144741653,0.03156805081438807,-0.003542675383381206,-0.005713508345046755,0.031555500265516394,0.0009571043072875105
GADD45B,332828,0.34091241786589527,True,defined,0.34091241786589527,0.1266603190297008,0.14303967511622617,0.009043597483922345,-0.0087658581546939,0.14295788846077767,0.01660275913503409
GAS6,332828,0.08158798783813917,True,defined,0.08158798783813917,0.03651131029491407,0.03661209113434312,-0.0009519461105086092,-0.012939842860378668,0.03661118493294527,0.0002547196463546039
GATA3,332828,0.06390849777851504,True,defined,0.06390849777851504,0.02995427406884677,0.030070390467819768,-0.0005068991659226481,0.001917149014261039,0.030070133521055604,0.0001469277127893131
GC,332828,0.5310878599615118,True,defined,0.5310878599615118,0.40394856900402487,0.5603262012013398,0.012335547445909444,0.05033814929567104,0.56017403547055,0.17276741810162424
GCG,332828,0.06291906116468923,True,defined,0.06291906116468923,0.026163439686014537,0.026210452433441004,-4.5271604164022035e-05,0.006038846222080426,0.026210450383922747,0.0002140010697119549
GDF15,332828,0.18561023037491328,True,defined,0.18561023037491328,0.040796320080110485,0.04216440089595097,0.0006823649018978201,-0.007671535159090885,0.04216393527409164,0.0017649099689154846
GLUD1,332828,0.43713033514885974,True,defined,0.43713033514885974,0.2761663118260069,0.3410181551199161,0.0035724416393964186,0.01645764312596918,0.34100539278065073,0.0716756647074774
GLUL,332828,0.6873930719420221,True,defined,0.6873930719420221,0.2947501666198009,0.5563806676525883,-0.006234442396729105,0.005475517859273477,0.5563417993805898,0.2987665088059626
GNLY,332828,0.06991607502981802,True,defined,0.06991607502981802,0.022713079104826173,0.02280887456563302,-0.0002100950238315192,-0.003590241517798507,0.02280883042571392,0.00015970121309312148
GPBAR1,332828,0.07153619003797361,True,defined,0.07153619003797361,0.03789878668231806,0.038000132463196855,0.0008649669600774931,0.010404407118447808,0.03799938429535487,0.00024448968897951507
GPER1,332828,0.1483047139521241,True,defined,0.1483047139521241,0.07154899201811822,0.07312612811203348,0.0015913946710204858,0.007300361533723552,0.073123595575035,0.0016937419771578333
GPNMB,332828,0.11741140180766682,True,defined,0.11741140180766682,0.035465305133804595,0.03586426217960155,-0.006329141441437915,0.0037619446236262567,0.03582420414821578,0.0007827724942497388
GPR183,332828,0.043464680876349776,True,defined,0.043464680876349776,0.015076884628955406,0.015085342790270337,-0.00039556782428475047,0.001985213038593472,0.015085186316366588,8.372388667339365e-05
GPX1,332828,0.40616230115530516,True,defined,0.40616230115530516,0.2935476775377206,0.35209177659707314,-0.027292294154803918,-0.030635980880582676,0.35134690727683954,0.06401886234563033
GPX3,332828,0.2955591308239474,True,defined,0.2955591308239474,0.1704357310976976,0.18691153901498406,0.017842512444666895,0.02115594738106295,0.18659318376464337,0.019358913427747575
GSK3B,332828,0.14785054821148547,True,defined,0.14785054821148547,0.06042482091722498,0.06176555031754474,-0.0007369397562124102,0.0008096971126463307,0.061765007237340984,0.0015602418124798288
GSN,332828,0.15993675504065633,True,defined,0.15993675504065633,0.06238545872440545,0.06375212854066047,-0.007757188242101589,0.009707482214349764,0.06369195457123698,0.001986711963216188
GSTP1,332828,0.0905411317638391,True,defined,0.0905411317638391,0.037787632706691124,0.038026781750690866,-0.0020350774259128403,-6.292064446189299e-05,0.03802264021056141,0.000685776379179202
GZMA,332828,0.06441036503105442,True,defined,0.06441036503105442,0.022006858216346684,0.022027361778696603,-0.0006467000016947568,-0.007890671375038311,0.022026943557804955,0.0001931530890775056
GZMB,332828,0.0506511398959826,True,defined,0.0506511398959826,0.02555555958268305,0.025589708897738764,-0.0005567864405387786,9.520385053370502e-05,0.025589398886597826,0.0001878226713095148
GZMH,332828,0.06672092924326845,True,defined,0.06672092924326845,0.03013469623568364,0.030184736593510578,0.00011858772271321918,-0.005451815419010719,0.030184722530462026,0.00035697510766850106
GZMK,332828,0.052402733776355216,True,defined,0.052402733776355216,0.0238611346171968,0.023890677405700632,-0.0013246173270210842,0.0033598027668770396,0.023888922794638154,0.0001459957430593667
H2AZ1,332828,0.16424216634736605,True,defined,0.16424216634736605,0.08168819427808047,0.08369614437611107,-0.00720540010164198,-0.019293162410346957,0.083644226585486,0.003590241313845557
H4C3,332828,0.26005599244680794,True,defined,0.26005599244680794,0.1274525305168261,0.13661750454222088,-0.011116739635001507,-0.0006205359729491334,0.13649392264210933,0.01102261623410093
HAVCR2,332828,0.04525669182607345,True,defined,0.04525669182607345,0.011781830834443945,0.011747151484485293,-0.001610394299652805,0.00478742779556986,0.011744558114685033,8.874961594464722e-05
HBA1,332828,0.18396635046931603,True,defined,0.18396635046931603,0.15280469802207028,0.15814556350919223,0.005628373159363893,0.010985539038608789,0.1581138849247712,0.004831657492548625
HBB,332828,0.16502514629730616,True,defined,0.16502514629730616,0.13217946237748054,0.13585952798784062,0.003809032630216676,-0.00042355617855426914,0.1358450192582629,0.0032284036340356178
HCAR2,332828,0.08012046174169213,True,defined,0.08012046174169213,0.04649373387804576,0.04680071834185386,0.002577799866594828,0.0027875292391723572,0.046794073289702844,0.0003016130559298758
HCK,332828,0.04263255548743369,True,defined,0.04263255548743369,0.02063620069202578,0.020645812150559106,0.00022786506624315902,0.0025648035393162154,0.020645760228070863,0.00011814620503103153
HCST,332828,0.07999650930219357,True,defined,0.07999650930219357,0.03705127056304818,0.03724197483829243,-0.003220542865444952,-0.009717585850107527,0.0372316029419447,0.0003763698165073097
HDAC1,332828,0.13910104993318273,True,defined,0.13910104993318273,0.06651187416882191,0.06772557591828109,-0.0008538323737457861,-0.004307048464962686,0.06772484688855895,0.00206545022587752
HDAC11,332828,0.0683359908094153,True,defined,0.0683359908094153,0.03455088536308134,0.034694650553853255,0.0007863633915500273,0.002067302525568566,0.034694032186469506,0.0002849010252479246
HDAC3,332828,0.1385686063595933,True,defined,0.1385686063595933,0.0666046608969796,0.06783401047429818,5.171560789281551e-05,-0.007690593688383163,0.06783400779979534,0.0015780305904086668
HDAC4,332828,0.10887418517614546,True,defined,0.10887418517614546,0.04922392299082756,0.04977670252577905,-0.00034060821997163325,-0.004166479055065186,0.0497765865118196,0.0008443785593636784
HDAC5,332828,0.11028676207270129,True,defined,0.11028676207270129,0.04383621154432362,0.0443258101787052,0.00018854425594357297,0.006811885731403657,0.044325774629767965,0.0006558224295616285
HEXB,332828,0.18547855082860745,True,defined,0.18547855082860745,0.09342517349415116,0.0966530114022366,0.0005611070469746198,0.009861136485272494,0.0966526965611195,0.0029525841864693394
HEY1,332828,0.07559127038242938,True,defined,0.07559127038242938,0.033098677046993756,0.033278140664311194,0.0013548170328097277,0.0035502500622998606,0.03327630513511819,0.00027433407168846326
HGF,332828,0.2834594601095397,True,defined,0.2834594601095397,0.049586647466732046,0.0538910582033134,0.007980598373511196,0.016966496623228463,0.05382736825291395,0.0045753650913843095
HIF1A,332828,0.1200469859995103,True,defined,0.1200469859995103,0.06006784347213223,0.06082610974191408,-0.0029241978238912533,-0.011703318682006263,0.06081755880900126,0.0013434260545729013
HILPDA,332828,0.10200792902423958,True,defined,0.10200792902423958,0.040503277870954514,0.040864761783122476,-0.0003526772826618826,0.004320662243874816,0.04086463740185633,0.0007345919324090612
HLA.A,332828,0.4815144327300164,True,defined,0.4815144327300164,0.4214815491112718,0.5515892675812741,-0.06833252393239617,-0.0336208160654265,0.5469199337542988,0.13607584175410734
HLA.DPA1,332828,0.30387845796947355,True,defined,0.30387845796947355,0.08098592825990457,0.08986971541401831,-0.026178754374444158,-0.03217610415687616,0.08918438823341873,0.008422242398461038
HLA.DPB1,332828,0.1537052828574531,True,defined,0.1537052828574531,0.04332212942946989,0.044365707786066376,-0.009238887501107929,-0.017422562107505236,0.04428035074380853,0.0013631184513020853
HLA.DQA1,332828,0.26555500347021044,True,defined,0.26555500347021044,0.04274257572958151,0.04628929982650441,-0.0180498154550443,-0.017298797230305214,0.04596350398854362,0.0037681921658595046
HLA.DQB1,332828,0.22228731215407896,True,defined,0.22228731215407896,0.08608148643676308,0.09084277319342518,-0.01955733776682795,-0.02493046608434607,0.09046028373289906,0.005585825346422071
HLA.DRA,332828,0.29242735974238054,True,defined,0.29242735974238054,0.04407191671117577,0.048408876554469,-0.021494394477247235,-0.008140846416768762,0.047946867560526116,0.005023517765017535
HLA.DRB1,332828,0.30038840825570495,True,defined,0.30038840825570495,0.11685804129627246,0.12909779088063827,-0.0257529852512268,-0.023135624729158765,0.12843457463128682,0.012107790580622647
HMGB2,332828,0.12396767458530063,True,defined,0.12396767458530063,0.054180591235556366,0.0549785052214251,-0.005240688199961532,-0.011633868410923504,0.05495104040861553,0.001212358778547572
HMGCS1,332828,0.4336028887775648,True,defined,0.4336028887775648,0.4532883584417812,0.5526152622518469,0.007504480032696365,0.07151835431728196,0.5525589450312853,0.11909295387167444
HMGN2,332828,0.37205953789125396,True,defined,0.37205953789125396,0.2975426704609528,0.345288138730391,-0.02491040400401305,-0.0025424821628924166,0.34466761050274947,0.05186097751073056
HPGDS,332828,0.06681440943695739,True,defined,0.06681440943695739,0.025418984693530645,0.025507804351388868,0.00011463241616575885,-0.0007817413542527884,0.025507791210798415,0.00024325331991133828
HSD17B2,332828,0.2412632794184,True,defined,0.2412632794184,0.10507068523936142,0.11128456402842407,0.0005946662693133024,0.013714950257496554,0.1112842104004529,0.008113206688083742
HSP90AA1,332828,0.4081123626620119,True,defined,0.4081123626620119,0.27775767584571814,0.33286875453732223,0.006258517025580311,0.019679195345001822,0.33282958550196545,0.061981145590417765
HSP90AB1,332828,0.35876831968319184,True,defined,0.35876831968319184,0.21865548911686264,0.2507084887826902,-0.0050405453974866525,-0.0034022960352364973,0.25068308168478826,0.03802572635538956
HSP90B1,332828,0.34564005147524884,True,defined,0.34564005147524884,0.2367836297288583,0.26869071921824456,-0.0048776324210481605,0.009541034926103907,0.2686669279202101,0.03295402792598384
HSPA1A,332828,0.46608087313661045,True,defined,0.46608087313661045,0.45650095254489376,0.5868722554033363,0.06380930072631712,0.04645309490671107,0.5828006285441509,0.12568433067813953
HSPB1,332828,0.41985225609288673,True,defined,0.41985225609288673,0.20550472583098403,0.24887396176805057,0.0017207036795516377,0.02194969388331222,0.2488710009468949,0.04803614339075752
HSPG2,332828,0.15231529889625323,True,defined,0.15231529889625323,0.07486146480361974,0.07655261052807526,-0.005167055240608043,0.0005157828402269653,0.07652591206821552,0.002601433992958642
HTT,332828,0.05648026588422615,True,defined,0.05648026588422615,0.015462247963340631,0.015478401040784111,-0.00011792299772023235,-0.0012408574773088569,0.015478387134950648,0.0001608225733455258
IAPP,332828,0.056106478575532935,True,defined,0.056106478575532935,0.02128716154551007,0.02128991745293139,-0.00014865188518861,-0.007840962839677883,0.021289895355548566,0.00010915856282765235
ICA1,332828,0.05181453875461785,True,defined,0.05181453875461785,0.026995903483019064,0.027052441369526777,-0.00045322286772782696,-0.0010347569147254835,0.02705223595855925,0.0001566738608721044
ICAM1,332828,0.09829053691108107,True,defined,0.09829053691108107,0.04258643006539395,0.04296555946278979,0.0023253433510133,-0.0028477427697461647,0.042960152241090066,0.0005850490175499381
ICAM2,332828,0.09340134547085405,True,defined,0.09340134547085405,0.045902570086351194,0.04628923924370342,0.0009980898864944882,0.000958645572078621,0.0462882430602823,0.000593097153051784
ICAM3,332828,0.1957484916334658,True,defined,0.1957484916334658,0.09016832406613781,0.09362998280178779,4.278684972746809e-05,0.0067809796122207085,0.09362998097107172,0.004743777702882765
ICOS,332828,0.06025726430002748,True,defined,0.06025726430002748,0.020688063553444134,0.020717596001761776,-0.0009553125956308162,0.004714481633130168,0.02071668337960669,0.0001556237259280872
ICOSLG,332828,0.13113367102965193,True,defined,0.13113367102965193,0.06309039875445525,0.06414149163372732,-0.0009974869674643557,0.005968405683081279,0.06414049665347708,0.0012456931265042133
IDO1,332828,0.031206449192046862,True,defined,0.031206449192046862,0.01433551133013794,0.014303685967080202,-0.0003398569437077156,-0.0031758201065406402,0.014303570464338144,9.766636161835808e-05
IER3,332828,0.12104962370091862,True,defined,0.12104962370091862,0.061708331002899276,0.06247326019285588,0.003867384255801326,-0.008109878662649542,0.06245830353187276,0.0012193131986989632
IFI27,332828,0.08741077077485647,True,defined,0.08741077077485647,0.052758684087855556,0.052760521023393174,-0.009767545850241388,-0.016540045247927293,0.052665116071456596,0.001703648295539633
IFI44L,332828,0.06966515955668723,True,defined,0.06966515955668723,0.030735457904476664,0.03084379833147886,-0.0008960787923632852,0.0020544181599922396,0.030842995374276788,0.00032464526388386927
IFI6,332828,0.17412634559147172,True,defined,0.17412634559147172,0.09725331338563899,0.10034590538274826,-0.0207886491675775,-0.010774963204071593,0.0999137374485359,0.005102451112456734
IFIH1,332828,0.09148792016159041,True,defined,0.09148792016159041,0.03933806828269522,0.03963910615807606,-0.0006439877600536162,0.004937597742442527,0.03963869143784118,0.00033131304355401176
IFIT1,332828,0.08405073530316777,True,defined,0.08405073530316777,0.03005399223742123,0.03022089102141301,-0.0002479341873197736,0.0040732486288819186,0.030220829550051252,0.0003960763687843486
IFIT3,332828,0.09898554059944804,True,defined,0.09898554059944804,0.0380042070793236,0.03828992087717629,-0.00021056421046024523,0.00813703790493473,0.03828987653989002,0.0005674391749897451
IFITM1,332828,0.16158766899832555,True,defined,0.16158766899832555,0.09936302449238002,0.1019836638721681,0.000688926981663577,0.0072189959979787124,0.101983189251783,0.002681657256716625
IFITM3,332828,0.3942383728905112,True,defined,0.3942383728905112,0.3027317249525467,0.3579610856053585,-0.006007369913878307,-0.003482011993436215,0.3579249971120755,0.06584744057630201
IFNA1,332828,0.06568260285482216,True,defined,0.06568260285482216,0.029001234180787715,0.029118684492801323,0.0007751687242063069,0.00036127777311904406,0.029118083606250802,0.00019996156876291124
IFNAR1,332828,0.17328681758678532,True,defined,0.17328681758678532,0.09094758482781087,0.09373334527583342,0.00021092639282949827,-0.0038216991270876594,0.09373330078589137,0.003205099131186853
IFNAR2,332828,0.14951846029782923,True,defined,0.14951846029782923,0.07810879380771545,0.0798806848725934,0.00017795321824096266,-0.0018273674773896565,0.07988065320524504,0.002061805634498953
IFNG,332828,0.047512322991224896,True,defined,0.047512322991224896,0.020758889610125602,0.02075831196997683,0.0008111854456121104,-0.0034376455948338974,0.020757653948149428,0.00015193991944340688
IFNGR1,332828,0.0976127656895641,True,defined,0.0976127656895641,0.03520331244280311,0.03550790526761622,-0.002377314412091113,-0.0035362829616281915,0.03550225364380203,0.0006029893657501622
IFNGR2,332828,0.12627195893963072,True,defined,0.12627195893963072,0.05447633056317249,0.05531863227346599,-0.0009575303208003177,0.0017573561561961945,0.05531771540914999,0.0012578575829740215
IFNL3,332828,0.08873472966954578,True,defined,0.08873472966954578,0.04112204251528428,0.041429275540037266,0.0013100521401186386,0.004963761585118391,0.04142755930342756,0.0004313057255143622
IGF1,332828,0.18569183284949414,True,defined,0.18569183284949414,0.0910032536329825,0.09424929104942091,0.0007463753404653642,0.002797755377779774,0.09424873397327206,0.0032934163294231337
IGF1R,332828,0.04984494961770493,True,defined,0.04984494961770493,0.015740630798286,0.015737238618852137,2.3512650182559574e-05,-0.0032777192869644515,0.01573723806600734,0.0001409875218255197
IGF2,332828,0.4042004844005586,True,defined,0.4042004844005586,0.2756609969777116,0.329016428573422,0.013212757591289644,0.03581429554779508,0.32884185161025825,0.05645651193019055
IGF2R,332828,0.1506707182591384,True,defined,0.1506707182591384,0.06904727433483951,0.07059547918826233,-0.0006202733880451436,0.0017298247760037361,0.07059509444918691,0.002213985638814486
IGFBP3,332828,0.4759015865216525,True,defined,0.4759015865216525,0.21791539981776573,0.2825582002707187,0.030639469821992327,0.028235375147661158,0.2816194231597464,0.06814027930565686
IGFBP5,332828,0.34559731054080034,True,defined,0.34559731054080034,0.15347285998402596,0.17322228203445372,0.009231284055338832,0.040881888767777146,0.1731370654291444,0.021732793890113428
IGFBP6,332828,0.08004588852574826,True,defined,0.08004588852574826,0.036435582755577234,0.036635189258581384,0.0014262369891182766,0.003424127667994394,0.03663315510663282,0.00044431808241480705
IGFBP7,332828,0.2814776213497563,True,defined,0.2814776213497563,0.16805646985340728,0.18253948947084667,-0.006874193402442243,-0.009351509773784385,0.1824922349359142,0.013487223862974993
IGHA1,332828,0.09190104134795939,True,defined,0.09190104134795939,0.05549625650156561,0.05589968296711776,0.0006764042282485013,0.008990803602847621,0.05589922544443692,0.00046670568527997896
IGHD,332828,0.07769818027313613,True,defined,0.07769818027313613,0.041367930041713366,0.04155665783114074,0.0016489876735406267,0.0094548998787192,0.04155393867079244,0.0003175039050186979
IGHG1,332828,0.1739133770590715,True,defined,0.1739133770590715,0.12254221362148522,0.1260686119682824,0.0030870826051199868,-0.01364305885217307,0.12605908188927076,0.0033347880241780103
IGHG2,332828,0.13810282494644735,True,defined,0.13810282494644735,0.08142172106433442,0.08294470496456557,0.002118849566078894,-0.0032773538371815678,0.08294021544108102,0.002081682926162417
IGHM,332828,0.12069544702423597,True,defined,0.12069544702423597,0.04926699562270621,0.04973456408018836,-0.0034916589715608686,-0.018868428764624984,0.04972237239781444,0.0010637034895368722
IGKC,332828,0.17975910775560225,True,defined,0.17975910775560225,0.08629726816030955,0.08910601468833247,0.002574774795662979,-0.006011946306060784,0.08909938522308299,0.0026888959608065135
IKZF3,332828,0.08739081762597793,True,defined,0.08739081762597793,0.026786151314326948,0.026971867284657638,-0.0026380057627568474,-0.002575571668509507,0.02696490821025279,0.0003827245853927222
IL10,332828,0.06991039199738629,True,defined,0.06991039199738629,0.030558437109372928,0.0305421934356381,0.00019042728334260208,0.01134400482845766,0.03054215717308819,0.000347177073219792
IL10RA,332828,0.07515594386964192,True,defined,0.07515594386964192,0.014433256399059362,0.014484666371956672,-0.0004666719483981368,-0.0028009127663381496,0.014484448589248926,0.00019775170286827226
IL10RB,332828,0.1417758847077038,True,defined,0.1417758847077038,0.05981422826419963,0.060954209015122995,5.32027562084902e-06,-0.008995684073848634,0.06095420898681868,0.001372968600196487
IL11,332828,0.07562305790250558,True,defined,0.07562305790250558,0.03833910514480974,0.038554208121330126,0.0006085237793737494,0.0028459773858927908,0.03855383782014036,0.0002468544104079224
IL11RA,332828,0.10723559828343579,True,defined,0.10723559828343579,0.05193043414528139,0.0525102576442518,0.001016749384620796,0.002947575476433859,0.05250922386494055,0.0008520131052290065
IL12A,332828,0.050593610190327,True,defined,0.050593610190327,0.017343608422729088,0.017354061047741842,0.00016713638963093832,0.0017413211448069356,0.0173540331131693,0.00015077574530398714
IL12B,332828,0.06817767407037867,True,defined,0.06817767407037867,0.03218053915463043,0.032288836089789594,0.0002841743844165802,0.004779688902298213,0.03228875533470934,0.0002857714650968934
IL12RB1,332828,0.08777386960975153,True,defined,0.08777386960975153,0.0390846542987597,0.039367785530581276,0.00027397876733862913,0.00028481593790423036,0.03936771046621653,0.00048025144056882367
IL12RB2,332828,0.05516481313054316,True,defined,0.05516481313054316,0.024179508045267445,0.024247256112203245,-7.103049564692808e-05,0.0002826758511030018,0.024247251066871332,0.0001215091876599648
IL13RA1,332828,0.21031032530715166,True,defined,0.21031032530715166,0.11069621676556958,0.11581665690737493,-0.0005574700024534068,-0.0016960970494997222,0.11581634613457345,0.005279368388789522
IL15,332828,0.06412607147524069,True,defined,0.06412607147524069,0.025303332420108494,0.025398640048338604,0.00023320097530551628,0.0009693788813340077,0.025398585665643365,0.00017319668745643284
IL15RA,332828,0.08811499481235407,True,defined,0.08811499481235407,0.03904635082941183,0.03926120121436509,8.42927658603881e-05,-0.009306632259640292,0.03926119410909504,0.00025977230011483475
IL16,332828,0.07538037811974618,True,defined,0.07538037811974618,0.03275625661776637,0.032935990510921075,-0.00040131195643083195,0.0018313831502322169,0.032935829459635,0.000233772777959508
IL17A,332828,0.054592533670696414,True,defined,0.054592533670696414,0.02376597986606665,0.02363336177140125,0.00037982835274174084,0.01430842957509881,0.02363321750182359,0.00013051518098235415
IL17B,332828,0.06231669853075606,True,defined,0.06231669853075606,0.02708788241739797,0.027127587891613784,0.0005456043120403736,0.004441320873763003,0.027127290207547894,0.00030235847065453707
IL17D,332828,0.07808452111722525,True,defined,0.07808452111722525,0.03512944070780464,0.03524869461412846,0.001114430382221166,-0.00868412248447047,0.03524745265905131,0.0002434094958526502
IL17RA,332828,0.10913980982307782,True,defined,0.10913980982307782,0.05346977251035037,0.05409782407706994,-0.0017145580407417176,0.0025672003590469085,0.054094884367794624,0.0006935747247105672
IL17RB,332828,0.20665070181962575,True,defined,0.20665070181962575,0.055249952153568045,0.05764293905154842,0.00016740156214027497,-0.000508069604166393,0.057642911028265825,0.0033492614112283596
IL17RE,332828,0.07213069602844441,True,defined,0.07213069602844441,0.030424150019334083,0.03044651259489531,0.0010690409083265935,-0.010626927269780614,0.030445369746431947,0.000174446408288364
IL18,332828,0.05835763969902052,True,defined,0.05835763969902052,0.01898592783087533,0.01899869362353398,-0.000451177821025894,0.004918713463808789,0.01899849006210797,0.00016566527173239942
IL18R1,332828,0.0654599482336388,True,defined,0.0654599482336388,0.02714391445955486,0.027230206691614054,-0.0007315454165893425,0.003773992193916141,0.027229671532917492,0.00019771199941094418
IL1A,332828,0.0940673086803206,True,defined,0.0940673086803206,0.036581272651213304,0.036772533844940294,0.0003001416755467304,0.01131686744122083,0.03677244375991505,0.0004675460942593716
IL1B,332828,0.09026789517522549,True,defined,0.09026789517522549,0.039441530035307516,0.03976184792233671,0.0005557627939640088,-0.0009982861220383195,0.03976153905005438,0.00028052404459550533
IL1R1,332828,0.1173940319524004,True,defined,0.1173940319524004,0.038444620486744054,0.03883600905124212,0.0006118528771893581,-0.005657227645441043,0.038835634687299295,0.001113974079688131
IL1R2,332828,0.07478301694368673,True,defined,0.07478301694368673,0.0316271813842353,0.031786219397609235,0.0001493758602372251,-0.003905177240321159,0.03178619708446153,0.00022059470701239238
IL1RAP,332828,0.1817855345976692,True,defined,0.1817855345976692,0.07860932457500029,0.08124909374436082,-0.00013282327781377506,-0.0067741882072966195,0.08124907610233821,0.0025775512602358294
IL1RL1,332828,0.03775587152158943,True,defined,0.03775587152158943,0.015874126388662965,0.015802308340397687,7.532739976822442e-05,-0.0087475536771315,0.01580230266618042,7.759913823943013e-05
IL1RN,332828,0.12590413070445886,True,defined,0.12590413070445886,0.0523006121736916,0.05312857863796718,-9.107162782019729e-05,1.6012662244206693e-05,0.05312857034392592,0.0010752444648391547
IL2,332828,0.04035326583405495,True,defined,0.04035326583405495,0.01765858902788852,0.01766720113801876,-7.445217919604401e-05,0.0013554932051223472,0.017667195594891598,9.254757822411795e-05
IL20,332828,0.055854362465233925,True,defined,0.055854362465233925,0.028278194010597377,0.028348417237865943,0.0006990711596759203,-0.0019797184351282643,0.028347928537379535,0.000163820438099733
IL20RA,332828,0.033339874211843944,True,defined,0.033339874211843944,0.016216093332791646,0.016209788910352324,0.0002064027579604626,0.002013759316321209,0.016209746308253926,7.811108096079598e-05
IL22RA1,332828,0.05483663546461144,True,defined,0.05483663546461144,0.016322733661744332,0.016362932777362633,0.0001417727583121481,0.0021584782849388886,0.01636291267784763,8.540064810092102e-05
IL23A,332828,0.044934792337141774,True,defined,0.044934792337141774,0.02264460788649579,0.022662519898900776,0.00014423468150567823,-0.0016663925269177655,0.022662499095257478,0.0001374346413898627
IL24,332828,0.06818093355120096,True,defined,0.06818093355120096,0.02998332831245322,0.03005934216761445,-0.00016002695602891406,0.00099147804891712,0.030059316558987706,0.00038894275624747044
IL27RA,332828,0.11746448097896041,True,defined,0.11746448097896041,0.04922130344660223,0.04970651697482828,2.9904068699007068e-05,0.012006888182657773,0.0497065160805744,0.0011391118644644828
IL2RA,332828,0.05226283932439804,True,defined,0.05226283932439804,0.01973892549227295,0.019763134263462455,-0.0013798102065798157,0.0021417495890102786,0.019761230387256103,0.00013774658212651223
IL2RB,332828,0.07302683023613175,True,defined,0.07302683023613175,0.023763505971804155,0.0238737884333348,-0.0006841820717052755,0.001348865017582674,0.023873320328227872,0.0002231867847162227
IL2RG,332828,0.1018474806747909,True,defined,0.1018474806747909,0.025165388045035098,0.025071001914084005,-0.007379796001328835,-0.018406820169266765,0.025016540525062875,0.0010918015027549747
IL32,332828,0.2942896387315391,True,defined,0.2942896387315391,0.15385847556116256,0.16839701955918265,-0.025715308290424926,-0.047024493461697806,0.16773574247871273,0.018094300541406223
IL33,332828,0.08581187373285912,True,defined,0.08581187373285912,0.03434329556653822,0.03453065970225931,0.002535573070009486,0.0087590434108196,0.03452423057146642,0.0004762481601533899
IL34,332828,0.05057599613358771,True,defined,0.05057599613358771,0.03482064147171657,0.03482091049163025,0.0011450106316498077,0.00020968743811283265,0.034819599442284056,0.00035659890641027373
IL36G,332828,0.05527033382128141,True,defined,0.05527033382128141,0.022432556377440193,0.022434929053965373,0.00010953797729819344,-0.006619521055161442,0.022434917055396925,0.00016510941166004105
IL3RA,332828,0.07211706360289165,True,defined,0.07211706360289165,0.027354683415979613,0.027433783513693428,0.00042311464737182194,0.0076878322156206545,0.027433604487688796,0.00023282615477581507
IL4R,332828,0.10289522505779737,True,defined,0.10289522505779737,0.04496554077619963,0.045295995848459024,-0.0009031468959139321,0.007211231643236362,0.04529518017414314,0.0009652324675960629
IL6,332828,0.07438821940265439,True,defined,0.07438821940265439,0.032058909859272094,0.03214407839778869,0.00012513359596409877,-0.009452879758201627,0.03214406273937216,0.00020527851617747973
IL6R,332828,0.2145868836422579,True,defined,0.2145868836422579,0.1256299622448859,0.13151656806710088,-0.000495866861725853,-0.01177535174605219,0.1315163221831553,0.007112056549885988
IL6ST,332828,0.25762222821528463,True,defined,0.25762222821528463,0.165473457647111,0.1763666327871635,0.0010882372615850474,-0.027241872077016473,0.17636544852682545,0.01242203086988938
IL7,332828,0.06211784039562065,True,defined,0.06211784039562065,0.017201619876458924,0.017249439357413042,2.3658073280695097e-05,-0.0008267001602869663,0.01724943879770879,0.00015383525634372422
IL7R,332828,0.08086997408500773,True,defined,0.08086997408500773,0.021216123207668247,0.02130303419732548,-0.003173581840988908,-0.0003877401078644348,0.021292962575623683,0.0003683910183030994
INHA,332828,0.10609458214233056,True,defined,0.10609458214233056,0.06539130604791664,0.065979772310303,-0.0005296339492369651,-0.012932756039356359,0.06597949179818313,0.0007871205922648155
INHBA,332828,0.1514502957924698,True,defined,0.1514502957924698,0.05955733830822609,0.060923243643006456,-0.0012292031784394127,0.0012232317333388657,0.060921732702552404,0.0018125632977014374
INHBB,332828,0.06252300795526186,True,defined,0.06252300795526186,0.022717864036669217,0.02276188999861083,-0.0009653514427579241,0.004803572266658893,0.022760958095202958,0.000168544240393936
INS,332828,0.0647297739947717,True,defined,0.0647297739947717,0.02557753351929347,0.0256171435119227,0.0009747771701489301,-0.005535177968596722,0.025616193321391076,0.00023986335441251173
INSIG1,332828,0.4491400911265909,True,defined,0.4491400911265909,0.4090675593987267,0.5116975344113586,0.011608671178979011,0.03681059884421435,0.5115627731648126,0.10846448247008952
INSR,332828,0.22497045079970654,True,defined,0.22497045079970654,0.10166665407129478,0.10697333631562389,-0.002995128352619681,0.0003142561894928942,0.10696436552177635,0.007026418609792227
IRF3,332828,0.1451797268039005,True,defined,0.1451797268039005,0.076477792066449,0.07806507067342579,-0.0009979131506674666,-0.008668757453694248,0.07806407484277011,0.0016055531065399251
IRF4,332828,0.05898203729727255,True,defined,0.05898203729727255,0.02979034480307434,0.029877620694807733,0.00039898119827001485,-0.002078458711751895,0.0298774615088117,0.00018127939069803375
ISG15,332828,0.11894671971896648,True,defined,0.11894671971896648,0.07510895416169264,0.07620928793687931,-0.006017191153585711,-0.006937716688530941,0.07617308134750021,0.0013248816214632378
ITGA1,332828,0.22320450934123184,True,defined,0.22320450934123184,0.12790131057429968,0.13455638789519114,-0.0026041114071119315,-0.009685272079704831,0.1345496064989683,0.006347288018134943
ITGA2,332828,0.0554629876943891,True,defined,0.0554629876943891,0.019243875805783496,0.018961724436191395,-0.0004161576742089054,0.016525334324527213,0.01896155124898176,0.00022383633251740474
ITGA3,332828,0.02733094003570168,True,defined,0.02733094003570168,0.013904664776301104,0.013817995832915944,0.00011301967309051851,0.007167360152586429,0.013817983059469434,0.00010172473849478684
ITGA5,332828,0.1407483721517317,True,defined,0.1407483721517317,0.058849508858982186,0.05958386475669335,-0.0029952757012443364,0.011267788242140166,0.05957489308016693,0.0025208766967591244
ITGA6,332828,0.1520008966894875,True,defined,0.1520008966894875,0.041929328660080756,0.04292161020408016,-0.0014707370072981813,-0.0019261689215365914,0.04291944713673569,0.0009212018635738358
ITGA8,332828,0.03299482814748567,True,defined,0.03299482814748567,0.014095934760248636,0.014084025352820972,0.00012995729204918016,-0.0027713747230025914,0.014084008463923067,6.816726420614217e-05
ITGA9,332828,0.2078208750253069,True,defined,0.2078208750253069,0.03425167371807603,0.035746625698338995,0.0064963343590259785,-0.0028578417553717086,0.035704423338234766,0.001649424286268526
ITGAE,332828,0.05239484211614692,True,defined,0.05239484211614692,0.018212549594576053,0.018221268832544154,-0.00035937385128589314,-0.004427112034805657,0.018221139682979195,0.00014546737548673573
ITGAL,332828,0.07118873958474328,True,defined,0.07118873958474328,0.02959717700314614,0.02974147955462173,-0.0007969647904191504,0.0013061608551789459,0.02974084440174441,0.00019318156882266834
ITGAM,332828,0.06704277518515085,True,defined,0.06704277518515085,0.02704739406581617,0.027128523040459093,-0.0005441056105655784,-0.0022567896571563323,0.02712822698954379,0.00029654221734365626
ITGAV,332828,0.10752926367102522,True,defined,0.10752926367102522,0.05393428829799532,0.054426837348962614,-0.00335826848793298,-0.010841541975707606,0.054415559381724696,0.0012020482012417644
ITGAX,332828,0.07499981698731031,True,defined,0.07499981698731031,0.025139026274607946,0.025237786560799818,-0.0033869668561093305,-0.010162297346555072,0.025226315016315174,0.00022088598185591898
ITGB1,332828,0.2159629091392814,True,defined,0.2159629091392814,0.10863686457316495,0.11371545859791879,-0.005508098354497997,0.010306924162467809,0.11368511945043568,0.0055938376249708485
ITGB2,332828,0.13760271936409185,True,defined,0.13760271936409185,0.04433656018389835,0.04509640783938795,-0.008223945864968402,0.0032761428679656244,0.0450287745537982,0.0011904687714745766
ITGB4,332828,0.050088480682122336,True,defined,0.050088480682122336,0.016378846977781532,0.016197111807739924,0.00017070860809264188,0.013663378331275174,0.01619708266631156,0.00016196842439539813
ITGB5,332828,0.15019820875280213,True,defined,0.15019820875280213,0.06973617820247731,0.07134537833324812,0.001164539459154062,0.0002901030161011508,0.07134402218109638,0.0016855024126842338
ITGB6,332828,0.025445180465917455,True,defined,0.025445180465917455,0.009109759758785236,0.009076945047300791,-1.0356501695584177e-05,-0.003919184426579567,0.009076944940043467,5.27499769545809e-05
ITGB8,332828,0.049500949441845174,True,defined,0.049500949441845174,0.024943104918016528,0.024993295196646795,0.0003523990670026659,0.0008160872781020396,0.024993171011544645,0.0001240199187802331
ITK,332828,0.06501565549252987,True,defined,0.06501565549252987,0.02519704179147188,0.025284776541113836,-0.001702981087614957,0.0001140120699744729,0.02528187639652872,0.00021508093107850207
ITM2A,332828,0.0555607783193464,True,defined,0.0555607783193464,0.017164286239987926,0.017196340310717304,-0.0023636231162306315,-0.005928702682451185,0.017190753596481794,0.00012125958616878202
ITM2B,332828,0.4208760936407511,True,defined,0.4208760936407511,0.3286780435592155,0.3987424763327447,-0.006350799076047726,0.01640996968911517,0.39870214368384094,0.07553866800994959
JAG1,332828,0.14925173245275838,True,defined,0.14925173245275838,0.04118214947386218,0.04208132566505663,-0.0016562009251141919,-8.726991174089432e-05,0.04207858266355313,0.0013554916084090277
JAK1,332828,0.20846786071863324,True,defined,0.20846786071863324,0.10183634917311993,0.10630999819058157,-0.002123089208709153,-0.009873817413921765,0.10630549068279378,0.0060052505390288495
JAK2,332828,0.022151910954213316,True,defined,0.022151910954213316,0.012821620416677336,0.012771302151329777,-7.765124666421052e-05,0.005644992712932106,0.01277129612161343,5.4557136021970556e-05
JCHAIN,332828,0.15040450068010391,True,defined,0.15040450068010391,0.016533662807174564,0.016848073996970477,-0.0023676813009093074,0.005188536847494614,0.01684246808222772,0.0005478034429560879
JUN,332828,0.3352376438929561,True,defined,0.3352376438929561,0.26127030542595026,0.294698944127481,0.019666055699057935,0.023967682540732626,0.2943121903807221,0.03165168768402142
JUNB,332828,0.46299461780836143,True,defined,0.46299461780836143,0.16818702432677635,0.2145524833681929,0.023733169640203847,0.03191721592604973,0.21398922002701903,0.04653957832282382
KDR,332828,0.07092894595276054,True,defined,0.07092894595276054,0.03088531583263888,0.031038714589421944,0.0006607832568167483,-0.0005657760112801122,0.031038277954909755,0.00019027095882729662
KIT,332828,0.05864666858107283,True,defined,0.05864666858107283,0.025380793012060542,0.025372814636168674,7.858617001998076e-05,0.008425231595120859,0.025372808460382902,0.00020736021581644492
KITLG,332828,0.05675680684604163,True,defined,0.05675680684604163,0.029632450468559588,0.029681456134528217,0.0004668701515535638,-0.002694886293422659,0.02968123816678957,0.0002511234707123852
KLF2,332828,0.13640824440268712,True,defined,0.13640824440268712,0.0386825354457157,0.03942670089287984,0.0052306976514579695,0.009203436057840695,0.03939934069495807,0.0007728303997291179
KLK3,332828,0.07643103880949975,True,defined,0.07643103880949975,0.03601382035687869,0.03610375397471681,0.0011413773464898959,-0.009571991811886681,0.036102451232470384,0.0002978960114280238
KLRB1,332828,0.0900114318391937,True,defined,0.0900114318391937,0.027591808385615157,0.02776705649838531,-0.00040687970805538073,0.00625283305718371,0.027766890947288885,0.0003010760371468001
KLRF1,332828,0.057443269862117896,True,defined,0.057443269862117896,0.020548376360188525,0.02058133112654195,0.00011004310708862761,-0.0033864102057694187,0.02058131901705625,0.00016926234820437199
KLRK1,332828,0.04829690041716316,True,defined,0.04829690041716316,0.020017782627656525,0.020016860052255857,-0.001014688796169094,-0.006816401498512592,0.020015830458902605,0.00011456384451450811
KRAS,332828,0.10409846162534235,True,defined,0.10409846162534235,0.0393644112425435,0.03969123102797753,-0.000572652320605538,-0.006322202935206146,0.03969090309729777,0.0008490898988507107
KRT1,332828,0.0622013684793682,True,defined,0.0622013684793682,0.025635982830245627,0.02559221397973673,0.0004395893835088173,-0.0098954518922485,0.025592020740910285,0.0002548616078821969
KRT10,332828,0.06845617151918801,True,defined,0.06845617151918801,0.023415966847997516,0.02348028681397579,7.34651634710252e-05,-0.003105687110409457,0.023480281416845043,0.0002708452685341263
KRT13,332828,0.05831875383834514,True,defined,0.05831875383834514,0.016074429277282056,0.016096980211773936,0.0005822987729353755,-0.002026755543132897,0.016096641139912705,0.00015553124132445438
KRT14,332828,0.06927143782586818,True,defined,0.06927143782586818,0.023941321007070665,0.023959270275943887,0.0005019809815004743,-0.0067586621812279705,0.023959018291037793,0.00030266218953118283
KRT15,332828,0.0600628818816103,True,defined,0.0600628818816103,0.03188277417415547,0.03198703919439098,-7.417687474954219e-05,-0.00047862569153432795,0.03198703369218226,0.00019753055919658453
KRT16,332828,0.16332889421801647,True,defined,0.16332889421801647,0.08719047976994444,0.08898130301151125,0.0015055514895444776,-0.02223613659223234,0.08897903632622271,0.001944183915148816
KRT17,332828,0.11818418031158268,True,defined,0.11818418031158268,0.08259628704021194,0.08371869290589903,0.0017502379554670505,0.00508917458067547,0.08371562957299702,0.0016341428478147658
KRT18,332828,0.34514853484561,True,defined,0.34514853484561,0.20054412037964017,0.22728047277274932,-0.003048305801908193,0.0011231971726602128,0.2272711806044878,0.0333802495018319
KRT19,332828,0.05838110720180725,True,defined,0.05838110720180725,0.03192559337192733,0.03197876791246468,0.0011881525805596872,-0.0006301185333290533,0.03197735620591041,0.00031623294073484127
KRT20,332828,0.11503860392496974,True,defined,0.11503860392496974,0.02949539246380627,0.029875421308322523,0.00029525010465181623,0.0009013857486845245,0.02987533413569826,0.0005647386476293701
KRT23,332828,0.05852128514482684,True,defined,0.05852128514482684,0.023804382114486187,0.023878777051594736,-2.7935584599182047e-05,0.0011466060852805885,0.02387877627119824,0.00013210389778697167
KRT4,332828,0.04596800828092272,True,defined,0.04596800828092272,0.021343197739193916,0.021315636053659666,0.0004730098533233804,0.006954634778223697,0.021315412315338206,0.0001503647883170675
KRT5,332828,0.04875366028409413,True,defined,0.04875366028409413,0.02078738690731619,0.020821825891146353,0.0003047347439851628,0.003029040182346132,0.02082173302788188,9.631784466924097e-05
KRT6A,332828,0.0785151921996891,True,defined,0.0785151921996891,0.038731218367973906,0.03894440564262807,0.0012354654949872756,-0.0007105118234195356,0.03894287926763916,0.000418451890970625
KRT7,332828,0.11965701983364142,True,defined,0.11965701983364142,0.037428606475418326,0.037966965924850424,0.0024420808261242013,-0.0008804234055476089,0.037961002166089254,0.00055706717319326
KRT8,332828,0.3956437971193249,True,defined,0.3956437971193249,0.23688313722436136,0.28038469183683346,-0.009712341669675818,0.010134188864645928,0.28029036225612575,0.04754931764312455
KRT80,332828,0.03210868934827284,True,defined,0.03210868934827284,0.012183037292875554,0.012130675782527654,0.0003851836546069075,0.004860361924185144,0.012130527416079926,0.00010493504085714897
KRT86,332828,0.08971516797237965,True,defined,0.08971516797237965,0.04806632833032444,0.04842980169665869,0.000833873878752337,-0.0031850388473523257,0.04842910635101309,0.0005308320803834705
LAG3,332828,0.07786088024065517,True,defined,0.07786088024065517,0.03655533360892476,0.0367570971711331,-0.000611181189354937,0.002248267608981929,0.03675672362868745,0.0003448284918410328
LAIR1,332828,0.09158047704523693,True,defined,0.09158047704523693,0.03606071162812835,0.03630100157086372,-0.0014910891807732476,-0.0063480293487005925,0.03629877822391887,0.0005754641584171041
LAMA4,332828,0.07896989215008376,True,defined,0.07896989215008376,0.02657542108473575,0.026731737053202045,-0.0016645824669808806,-0.004176623578712405,0.026728966218413187,0.00024101816429034697
LAMP2,332828,0.3121646340817244,True,defined,0.3121646340817244,0.18857417724448688,0.2086826061560636,-0.0017824094691810597,-0.006154831381873757,0.20867942917254878,0.02468638784044796
LAMP3,332828,0.06423315800388203,True,defined,0.06423315800388203,0.022593251681522163,0.02260163911142613,-0.00015440345582702205,0.007231315222058651,0.022601615270998996,0.00022997238180893907
LCN2,332828,0.07468621357209966,True,defined,0.07468621357209966,0.014230988095507395,0.014289423281255594,0.0006672965795002646,-0.002297073637956221,0.014288977996530445,0.0001568289901253527
LDB2,332828,0.07402264113886035,True,defined,0.07402264113886035,0.029625485814923486,0.029450779318289568,0.0015974649392209057,-0.016094174643075596,0.029448227424058025,0.0003155742609828194
LDHA,332828,0.3193362071834469,True,defined,0.3193362071834469,0.15780731400728387,0.17570503793044084,-0.002369940975049425,-0.002214650618698619,0.17569942131021588,0.019278512765093174
LDLR,332828,0.2682433410347095,True,defined,0.2682433410347095,0.17148678093425734,0.18478187442343078,0.003331200398876963,0.0010091189207704564,0.18477077752733276,0.012750291663769793
LEFTY1,332828,0.08029312769915764,True,defined,0.08029312769915764,0.031030172690887994,0.03119177199930971,0.0008551110608927275,0.001849836838728636,0.031191040784382524,0.00041795691083615106
LEP,332828,0.06376217187427102,True,defined,0.06376217187427102,0.02464240686923336,0.024564612123107673,0.0004635363774592634,-0.012133332104075006,0.024564397257134576,0.00020664079327996427
LGALS1,332828,0.2043539125455239,True,defined,0.2043539125455239,0.09403163550499144,0.09808312492244513,-0.012907597397635284,-0.0175087146581624,0.09791651885186606,0.006002076078899301
LGALS3,332828,0.07302932854012542,True,defined,0.07302932854012542,0.0273873073203427,0.02719523762702394,-0.004482049547856738,-0.017257869986289094,0.027175148858874676,0.0006740518978440587
LGALS3BP,332828,0.21143370565294348,True,defined,0.21143370565294348,0.1388961639362755,0.14516324114851104,0.0017505660285093766,0.01587212371651671,0.1451601766670906,0.0073340959406663075
LGALS9,332828,0.0957336129283762,True,defined,0.0957336129283762,0.05894708003528457,0.05943261425779839,-0.002106152323284404,0.004266467350635327,0.05942817838019043,0.0007911874228604438
LGR5,332828,0.07155068870250386,True,defined,0.07155068870250386,0.018865541493431358,0.018948447488577862,-9.306461653728381e-05,-0.0034343032085213726,0.01894843882755479,0.0001337582606934825
LIF,332828,0.048548991356022725,True,defined,0.048548991356022725,0.01871417805230796,0.01869971656027947,0.0007617009269597632,0.0071162903489529784,0.018699136371977537,0.00012027937988018274
LIFR,332828,0.14545255395253184,True,defined,0.14545255395253184,0.03317507280428975,0.033837938335729595,0.00466164702820824,-0.003918896131634301,0.03381620738271388,0.0006722989674827189
LINC01781,332828,0.08859840154507118,True,defined,0.08859840154507118,0.02932677811781964,0.029526963796175736,0.00045790978266117843,-0.0038740582218744044,0.029526754114806993,0.00035473358135504747
LINC01857,332828,0.06511563277479306,True,defined,0.06511563277479306,0.028732858286969948,0.02871042131342992,-5.951252323131242e-06,0.007156100407389088,0.028710421278013164,0.00042726895208736534
LINC02446,332828,0.058130677981581655,True,defined,0.058130677981581655,0.021125999857955383,0.021140514970307948,0.00012528821115907418,-0.0034440941412436535,0.021140499273171715,0.000228015821661926
LMNA,332828,0.14155420648052405,True,defined,0.14155420648052405,0.04285085469415648,0.04359167871472835,-0.0047217343211057965,-0.013326040171458838,0.04356938393972984,0.0014835656976848468
LPAR5,332828,0.07914593948638354,True,defined,0.07914593948638354,0.03684805708125704,0.036916246565649485,0.0015000263287327181,0.013213638323753123,0.03691399648666234,0.0004204864213233672
LTB,332828,0.11134455217739388,True,defined,0.11134455217739388,0.05391615900006641,0.054491068647136334,-0.0026434379022993388,-0.008229956900663565,0.05448408088319279,0.0012059784207716117
LTBR,332828,0.22495511959184555,True,defined,0.22495511959184555,0.1036951129962218,0.10904794426180692,0.0012206511357839578,0.013383837846774571,0.10904645427261253,0.006184701253577243
LTF,332828,0.1125615240460039,True,defined,0.1125615240460039,0.02610461354910365,0.02644349070749435,0.00231814509103907,0.002895281927450958,0.026438116910831103,0.00037514290761405647
LUM,332828,0.23419997080297214,True,defined,0.23419997080297214,0.05249420386943014,0.05520153300594366,0.0075786936299873965,-0.010787397057689439,0.05514409640880686,0.0023891451419577156
LY6D,332828,0.0713816229681037,True,defined,0.0713816229681037,0.028310679996824597,0.02838672590674589,0.0011660561322097112,0.008457463309834119,0.028385366219842067,0.00025994939619771546
LY75,332828,0.05223129624453727,True,defined,0.05223129624453727,0.019688333122617755,0.019719153575744327,9.01467332483858e-07,0.002508421188851725,0.01971915357493199,0.00013040851618339127
LYN,332828,0.09976963954832527,True,defined,0.09976963954832527,0.028939915991196347,0.02915844776606396,0.0003477165303498541,0.003898600158927283,0.029158326859278737,0.0006116739476428738
LYVE1,332828,0.15077960212812788,True,defined,0.15077960212812788,0.03260903930357389,0.03339553887557242,0.005488053210811144,0.004572340877007668,0.03336542014752799,0.0006964332393439373
LYZ,332828,0.21572547781330687,True,defined,0.21572547781330687,0.07489582346065747,0.07878750992266925,-0.01752309436897352,-0.017206254143127334,0.07848045108640489,0.004713272163628477
MAF,332828,0.264604665313537,True,defined,0.264604665313537,0.16066226376689002,0.17260424113380257,-0.0037310727491588185,-0.0027672898449245553,0.1725903202299444,0.014976527317945755
MALAT1,332828,0.3791834095420932,True,defined,0.3791834095420932,1.121922584004052,1.3104651785063226,-0.058081685070498275,-0.009887889183937099,1.3070916963656927,0.1701482058524105
MAML2,332828,0.05281830825182623,True,defined,0.05281830825182623,0.02181025810509903,0.021840808603313486,0.00035838037129327124,-0.0013215759455257243,0.02184068016682368,0.00017076149524307755
MAP1LC3B,332828,0.18490829734732592,True,defined,0.18490829734732592,0.09551920072383557,0.0987739047339662,-0.00195920012786259,0.007478680363282455,0.09877006626882551,0.0041222461799258125
MAP2K1,332828,0.15528507395403005,True,defined,0.15528507395403005,0.06213395695581194,0.06348376859638878,3.531488991216935e-05,0.01111730964368165,0.06348376734924745,0.0021859334187987883
MAPK13,332828,0.05307391948578671,True,defined,0.05307391948578671,0.03191240222959443,0.03196540484355348,-0.0005250769614978495,-0.003586782660591708,0.031965129137737816,0.00021829418148320746
MAPK14,332828,0.18642059544137027,True,defined,0.18642059544137027,0.09674718254284624,0.10004044987297851,0.0004414405251055913,-0.012892963172225895,0.10004025500324198,0.00376605999970412
MARCKSL1,332828,0.1363085882647204,True,defined,0.1363085882647204,0.07534711455613982,0.07672394569569453,-0.0009631093046629002,-0.0024228072660933556,0.07672301811616156,0.001993328769320643
MARCO,332828,0.3317450797599249,True,defined,0.3317450797599249,0.06277561205826554,0.0707311622421063,0.015928679051147594,0.018066247858072437,0.07047743942579149,0.006561063746888365
MB,332828,0.03074412858101937,True,defined,0.03074412858101937,0.009701150454807198,0.009524028177633698,0.0001568986860447626,0.009661609318683977,0.009524003560435968,0.00016354781935086553
MECOM,332828,0.0490878359595846,True,defined,0.0490878359595846,0.019379202360833445,0.01930024999351767,-0.0006592970712643336,-0.007677272474171071,0.019299815320889185,0.0002425465558754805
MEG3,332828,0.19767623754411145,True,defined,0.19767623754411145,0.04439276983429272,0.04621694779005351,0.0050643027270748705,0.003063061910889826,0.04619130062794218,0.0019398695614710778
MERTK,332828,0.12883918209873932,True,defined,0.12883918209873932,0.04478087324146641,0.04539477645885661,-0.0018653611058202125,0.00797072360051319,0.04539129688680116,0.0011733406876425021
MET,332828,0.14513656847427198,True,defined,0.14513656847427198,0.06176717879958311,0.06306064435876495,0.0005285717462859241,0.0042626164209850275,0.06306036497067416,0.0016852879605645085
MFAP5,332828,0.054230399252690076,True,defined,0.054230399252690076,0.021912568441857322,0.021953344111744637,0.0005278149914405982,0.002041663317235253,0.021953065523079397,0.00016132348384278474
MGP,332828,0.25565764172096267,True,defined,0.25565764172096267,0.04113866473349789,0.044039935882555926,-0.014051361067479862,-0.008248116303628072,0.04384249513470733,0.004205276053258343
MIF,332828,0.42858498432770803,True,defined,0.42858498432770803,0.2986020055358729,0.3657125043425263,-0.01937656530268637,-0.02386021906127223,0.36533705305959757,0.07717670145502069
MIR4435.2HG,332828,0.06632975350664767,True,defined,0.06632975350664767,0.03137396636348918,0.03146914161041762,-0.0010248229110130763,0.005521387544116628,0.03146809134841781,0.00016845334152241044
MKI67,332828,0.043571130992036536,True,defined,0.043571130992036536,0.010884871851980947,0.010852811154421974,-0.0002077970225444782,-0.0008798671531355179,0.010852767974819492,0.00013848333417747035
MMP1,332828,0.050936254649836234,True,defined,0.050936254649836234,0.02306462536143331,0.023095951774416333,-0.0004011405845705449,0.0013616336393515638,0.023095790860647628,0.0001639792797887995
MMP12,332828,0.049886332535048254,True,defined,0.049886332535048254,0.0205453449503757,0.020554904900649363,-0.0006997463776422948,-0.005712907023637724,0.020554415255655985,0.00012699526767558127
MMP14,332828,0.06893295004746976,True,defined,0.06893295004746976,0.029899978165793414,0.029999672966452996,-0.002505095331945104,-0.0032280792961933568,0.02999339746383121,0.00035751621508305325
MMP19,332828,0.06445203594524605,True,defined,0.06445203594524605,0.02366648362059587,0.023713873778691254,-0.0007145867314536337,0.0038702685988967864,0.023713363144494452,0.00023893026865254096
MMP2,332828,0.10940943083385711,True,defined,0.10940943083385711,0.0295999684069873,0.02988322703691733,0.0016519286402248308,0.007451106828350224,0.029880498168684978,0.0006507401131785114
MMP7,332828,0.03954490014828736,True,defined,0.03954490014828736,0.020476459268576913,0.02041557661843095,-8.758174854016189e-05,0.006260406143137484,0.020415568947868664,0.00016634062765175022
MMP9,332828,0.07139376306648858,True,defined,0.07139376306648858,0.028928922936571906,0.028762896193908406,0.00035459299816588353,-0.017120560688351376,0.028762770457714342,0.00021975725972300529
MPO,332828,0.07526388454230883,True,defined,0.07526388454230883,0.03307273067218328,0.033205488983235956,0.0017257932587570336,0.00903315982447166,0.03320251062086423,0.00025371873057830337
MRC1,332828,0.06258743767464915,True,defined,0.06258743767464915,0.019540281720755122,0.019604668964286063,0.00012786021028533554,-0.0017551137949607274,0.0196046526160529,0.00013789760275293976
MRC2,332828,0.10915549764293435,True,defined,0.10915549764293435,0.04710280610708886,0.04736355509324932,0.002184484530110147,0.018166224614989377,0.047358783120587035,0.0009626488862807685
MS4A1,332828,0.0364283485144638,True,defined,0.0364283485144638,0.023524607017603144,0.023465043731217033,0.0007268347764185114,-0.008129708170109995,0.02346451544242434,8.384373712821818e-05
MS4A4A,332828,0.07818098949301659,True,defined,0.07818098949301659,0.024136544615222383,0.02403705282558049,-0.002553155465277157,-0.016477962294358068,0.024030534222750987,0.00039204084505440744
MS4A6A,332828,0.14828656463187534,True,defined,0.14828656463187534,0.04960244999384712,0.05070150717483216,-0.006224061745721749,0.00011895554090088618,0.050662768230217634,0.0013724521539175394
MSMB,332828,0.05713896117949481,True,defined,0.05713896117949481,0.02167167306093929,0.02173148908934494,0.0003557073966393795,0.002713241551911719,0.021731362561592926,0.00011688088568322837
MSR1,332828,0.12099875191304385,True,defined,0.12099875191304385,0.03099984910573675,0.03146190468333829,-0.005078391575392944,-0.0010599263395383398,0.03143611462234568,0.0005881655229057745
MST1R,332828,0.06039114184641733,True,defined,0.06039114184641733,0.026510901322395225,0.02621340088999267,0.001031611377682551,-0.01828656705003441,0.026212336667957675,0.00020612098520041258
MT1X,332828,0.34574719290424855,True,defined,0.34574719290424855,0.20960610799611698,0.23788562471102662,0.0002071652893853488,0.003909517197474734,0.23788558179356764,0.0326272188337267
MT2A,332828,0.39611495024489973,True,defined,0.39611495024489973,0.39901840341214717,0.4717955185670276,-0.014534411991455023,-0.04818087382421863,0.47158426943509274,0.08366684094222411
MTOR,332828,0.13919534403639366,True,defined,0.13919534403639366,0.05880710061951111,0.05993657607845776,-0.00029483866089575784,0.004290303662448868,0.05993648914862193,0.0009473789469073859
MX1,332828,0.09359971513710597,True,defined,0.09359971513710597,0.04542125954356097,0.04569550841489983,-0.003833611345864784,-0.012045045325396384,0.045680811838948975,0.0008158058876982013
MXRA8,332828,0.07212283435918708,True,defined,0.07212283435918708,0.039399461596723355,0.03958360339760446,0.0017269225342151906,0.0025628125033466337,0.039580621136165,0.0003705866467900485
MYC,332828,0.09040802651361039,True,defined,0.09040802651361039,0.02163347823590569,0.02178668376043398,-0.0007710709745422302,0.0007250295177619467,0.021786089209986155,0.0003299025209166456
MYH11,332828,0.14563079493839737,True,defined,0.14563079493839737,0.0216422618640534,0.021955249626998602,-0.0016724336638288958,0.010453254897428805,0.021952452592638814,0.0005986402723562228
MYH6,332828,0.0327550974276418,True,defined,0.0327550974276418,0.01438833492766146,0.014363714306778437,0.00010507254376052063,0.005159739556288721,0.014363703266539001,5.97929736084204e-05
MYL12A,332828,0.32845805128190053,True,defined,0.32845805128190053,0.20866640201215955,0.23338663903064544,-0.010125497470962854,0.0025496266900748793,0.2332841133316091,0.031818413066444444
MYL4,332828,0.06637990557869052,True,defined,0.06637990557869052,0.036223658802520056,0.036373026270854154,0.0006380269717896237,0.000817108234276427,0.03637261919243712,0.0002565660010646189
MYL7,332828,0.04241260637818419,True,defined,0.04241260637818419,0.019118768029009352,0.01913503184950756,0.0007220390233909059,-0.0017217292650843349,0.019134510509156342,8.894888783281175e-05
MYL9,332828,0.1785716670934255,True,defined,0.1785716670934255,0.06930917158947061,0.07148371165542379,-0.007336804999944369,-0.003971887612883816,0.07142988294781656,0.003575656240023667
MZB1,332828,0.09816449538067339,True,defined,0.09816449538067339,0.031279443914371666,0.03146899082620605,-0.0006358487886825882,0.006254281021249604,0.03146858652252392,0.0006541361874307097
MZT2A,332828,0.3247973036809482,True,defined,0.3247973036809482,0.19379592127317108,0.21605369462791643,-0.00412918342605828,0.011515942015594536,0.2160366444721523,0.028367651528926084
NACA,332828,0.3354109664864892,True,defined,0.3354109664864892,0.24357921789580994,0.27434932078995,-0.004573288421408965,-0.014983463639363833,0.2743284058229639,0.030118997838255494
NANOG,332828,0.08196937464702309,True,defined,0.08196937464702309,0.03874441524377179,0.03886540018403655,0.0005710357494001923,-0.010102508390459976,0.03886507410220987,0.0004542148174817146
NCAM1,332828,0.07690186401310256,True,defined,0.07690186401310256,0.03284389471255771,0.03302806280289204,0.0010580987829551553,0.0003330184104833518,0.03302694322985735,0.00030284781315276016
NCR1,332828,0.04743062382005944,True,defined,0.04743062382005944,0.017870820783737865,0.01781871745311974,0.00023331063862542175,0.008321972405394583,0.0178186630192657,0.00013247769156689884
NDRG1,332828,0.171770525503567,True,defined,0.171770525503567,0.062021618921451686,0.06330806074210306,-0.013956241524455763,0.006301048808230964,0.06311328406461374,0.003860162213809044
NDUFA4L2,332828,0.10037919232705622,True,defined,0.10037919232705622,0.044833198160520615,0.04490462150565021,-0.005522673123187174,0.005277253599898513,0.04487412158722385,0.0014766677250542053
NEAT1,332828,0.375331094059194,True,defined,0.375331094059194,0.7030998224489199,0.8180860802678372,0.0013883452862635459,0.016949395069290076,0.8180841527651999,0.11829071029465109
NELL2,332828,0.03814248145746924,True,defined,0.03814248145746924,0.011103069787395921,0.011009523672934354,9.46604883325387e-06,0.009170345115063046,0.011009523583328098,8.219074592496832e-05
NFKB1,332828,0.10884310798026768,True,defined,0.10884310798026768,0.038269065580333314,0.03847914930291339,-0.0008303654318951437,-0.015959376686238876,0.038478459796163364,0.0006523834712045924
NFKBIA,332828,0.22653471543821702,True,defined,0.22653471543821702,0.11125444175602552,0.11720293402176957,-0.0010175540254768417,0.005011277237323524,0.11720189860557605,0.006905586227154258
NGFR,332828,0.24663035591880933,True,defined,0.24663035591880933,0.06359039931263633,0.06765956202599398,0.010042403482898825,0.021898070639803324,0.06755871215828216,0.004019879228018361
NKG7,332828,0.09574419483206997,True,defined,0.09574419483206997,0.043805840590231765,0.04415662027008208,0.0009828360946317664,-0.003996738271544945,0.04415565430329268,0.0006559250890563671
NLRC4,332828,0.06569923249236431,True,defined,0.06569923249236431,0.02869190690472666,0.028780273371308975,-5.313951183147949e-05,-0.00048535216885747036,0.028780270547500954,0.0002930492745123778
NLRC5,332828,0.08071315526899965,True,defined,0.08071315526899965,0.03279884161911146,0.0327314506049815,-0.0028903219441317567,0.012388756508253105,0.03272309664404069,0.0004861430359422734
NLRP1,332828,0.0531621526046148,True,defined,0.0531621526046148,0.02547823343589971,0.025532290256262344,-0.0004838593241925071,0.0014929992224927237,0.02553205613641682,0.00015112085271349585
NLRP2,332828,0.04925829749698025,True,defined,0.04925829749698025,0.022795364230829923,0.022838079830446494,5.187460136833064e-07,0.0019618172042237206,0.022838079830177473,0.00010855986678012419
NLRP3,332828,0.05533787801206473,True,defined,0.05533787801206473,0.022810030883267968,0.02283124459620691,-0.0003375427817516668,-0.00587472635706655,0.022831130661077725,0.0001593256162315989
NOD2,332828,0.08243854443398783,True,defined,0.08243854443398783,0.03803165822360416,0.03823919509965988,0.0016047075321509675,0.008231828938843486,0.03823662001339662,0.0003776717110498675
NOSIP,332828,0.13481133637113174,True,defined,0.13481133637113174,0.052982141184346805,0.05390874010965441,-0.0014333418610562832,0.0029530443564263834,0.05390668564076305,0.0013908135399794317
NOTCH1,332828,0.12816852323753752,True,defined,0.12816852323753752,0.05607534214711973,0.05697750434644518,0.001138451142175679,0.0047189989851451385,0.05697620827544239,0.0012469860803470225
NOTCH2,332828,0.07919850725833294,True,defined,0.07919850725833294,0.023750158921754923,0.023844493735511577,-0.00021237801059629055,-0.0058296174729667105,0.023844448631092037,0.0002924018432029276
NOTCH3,332828,0.17170427490225332,True,defined,0.17170427490225332,0.03680862354913266,0.037636931624922716,-0.004530628679354757,0.012265171921009505,0.03761640502869206,0.0014195470219536784
NPPC,332828,0.09104638385305235,True,defined,0.09104638385305235,0.03883595827315041,0.03896981550998127,0.000728496689188818,0.014222834206486191,0.0389692848025552,0.00042980615164381954
NPR1,332828,0.02673092077257902,True,defined,0.02673092077257902,0.013710733085897514,0.01366662635688911,-4.0835557828715204e-05,-0.005222908019523823,0.01366662468934634,6.927278933967846e-05
NPR2,332828,0.08933521747345606,True,defined,0.08933521747345606,0.03637872819232818,0.03662939777081336,0.0012681691875547393,0.002337158128155542,0.036627789517724246,0.000556340635092312
NPR3,332828,0.0880111113029966,True,defined,0.0880111113029966,0.03409933148218347,0.03427868304331914,0.0021097510865045626,0.010112249391120525,0.034274231993672286,0.00045993356768023755
NR1H2,332828,0.19436054158214677,True,defined,0.19436054158214677,0.09697583222768208,0.10075373395127576,-3.957167889763068e-05,0.0004144658894519796,0.10075373238535838,0.004486580402792729
NR1H3,332828,0.19546132545857195,True,defined,0.19546132545857195,0.10507544946564658,0.10915357588597628,0.0031971060901764574,0.005036761546790545,0.10914335439862366,0.005550449522785572
NR2F2,332828,0.1848678396490331,True,defined,0.1848678396490331,0.09574207062753551,0.0991791685126696,0.007256575003349609,0.0065289734422273,0.09912651063189155,0.003584988043946166
NR3C1,332828,0.17230124433996596,True,defined,0.17230124433996596,0.06756024187651863,0.06959774814809946,0.0005211631913081794,0.004181181424987061,0.06959747653702737,0.002440357277196768
NRG1,332828,0.10970875825874431,True,defined,0.10970875825874431,0.041218286898570974,0.04165804797846381,0.00028880522985150176,-0.005944367250260405,0.041657964570002634,0.0007384083647656669
NRXN1,332828,0.044258648302912075,True,defined,0.044258648302912075,0.021363236993658496,0.02132141964569948,0.00031055817802405633,0.00705923164870221,0.021321323199317913,0.00015971507779718598
NRXN3,332828,0.05431282307190683,True,defined,0.05431282307190683,0.0255940246408368,0.025642041019699014,-0.0005633301590337905,0.003221172374004897,0.02564172367883104,0.00015344932933971083
NTRK2,332828,0.0580265390035585,True,defined,0.0580265390035585,0.014411007606814085,0.014416309863420521,0.0006747916914796738,-0.00019636605484409664,0.014415854519593572,0.00018277370442996012
NUPR1,332828,0.395128932633326,True,defined,0.395128932633326,0.2518609103765554,0.2980628343885417,-0.009711799878949282,0.006805619856607429,0.2979685153316519,0.051773866850327276
NUSAP1,332828,0.07436031418470321,True,defined,0.07436031418470321,0.03239418512328536,0.03247052015507702,-0.0013265629340320159,-0.009661985147362832,0.032468760385859406,0.000374637956410184
OAS1,332828,0.0694164185788729,True,defined,0.0694164185788729,0.03650307522405924,0.03663730219026027,-0.001261366462819842,0.0015282710948315292,0.03663571114490673,0.0003723472616924593
OAS2,332828,0.04718228181730078,True,defined,0.04718228181730078,0.03543345268545845,0.03540755884084734,-0.00301652608699515,0.003712242430576256,0.03539845941121409,0.00029428621335023374
OAS3,332828,0.042071541605646176,True,defined,0.042071541605646176,0.020853444788667203,0.020784025073652016,-0.0016523044846632026,0.004647979520265138,0.020781294963542116,0.00020695524854817769
OASL,332828,0.0792328343940986,True,defined,0.0792328343940986,0.034772864262573824,0.034844304561857435,-0.0008062642124396131,0.009630087313432322,0.034843654499877634,0.0004425883623178282
OLFM4,332828,0.06098314708861214,True,defined,0.06098314708861214,0.024263875212915977,0.02429364315721152,0.00049816089734518,0.003805179618161022,0.02429339499293185,0.00027450852560778524
OLR1,332828,0.052705479981272965,True,defined,0.052705479981272965,0.017289850199124025,0.017236228377262616,-0.0007577397979868731,-0.00995194515766095,0.01723565420766124,0.00012337901329018472
OSM,332828,0.2007337928700305,True,defined,0.2007337928700305,0.059402731676151614,0.06151330068876467,0.0011377693224040926,0.017808291080284352,0.06151200616973363,0.003521816773740439
OSMR,332828,0.07257244103571527,True,defined,0.07257244103571527,0.03308264658742517,0.033113356209642376,0.00046469377935837446,-0.004576098741333684,0.03311314026933338,0.0005804047253386234
P2RX5,332828,0.05209075358102113,True,defined,0.05209075358102113,0.022158546482613315,0.022178907123494893,-0.00023723726858149378,0.0032993182105657717,0.022178850841973314,0.00016872036983530013
PARP1,332828,0.14280369383707933,True,defined,0.14280369383707933,0.04474465136772113,0.045623969746456876,-0.001745113762630163,-0.007146116552740647,0.04562092432441209,0.0012596396691944322
PCNA,332828,0.120056583022139,True,defined,0.120056583022139,0.045895538522906634,0.04621044034263384,-0.0017294601260163728,-0.019832685129540794,0.04620744931030601,0.0009574788395527402
PDCD1,332828,0.06430342742965772,True,defined,0.06430342742965772,0.023125486050387806,0.023082215195768776,-0.0004040406796620669,0.010676294238728071,0.023082051946897615,0.00018995255830737322
PDCD1LG2,332828,0.05062559838964734,True,defined,0.05062559838964734,0.022593794284093867,0.02258106962484654,9.878602059354794e-05,-0.007381126338145847,0.02258105986616908,0.00013078843177882692
PDGFA,332828,0.09648476476250761,True,defined,0.09648476476250761,0.04084154303927431,0.04119864074351375,-0.0022128204408420273,-0.004929142313868193,0.04119374416921099,0.0005988854643188818
PDGFB,332828,0.1055330015847138,True,defined,0.1055330015847138,0.03520408910810969,0.03555695667219357,-0.0001488286668615011,0.004248628277417417,0.035556934522221285,0.0006140818412192654
PDGFC,332828,0.10824652486046332,True,defined,0.10824652486046332,0.04643553634934133,0.04688630344517083,0.0005757630086987263,-0.006727695787620746,0.04688597194212873,0.0009115376325441311
PDGFD,332828,0.03764599270092903,True,defined,0.03764599270092903,0.011083587406202865,0.011062837288294151,-0.00018662576676446572,-0.0007577876521203866,0.011062802459117492,9.942121662254261e-05
PDGFRA,332828,0.2020319108725469,True,defined,0.2020319108725469,0.06113244210229627,0.0638007666491599,0.00883990772405987,0.01190219392015104,0.0637226226805898,0.0024816177791162383
PDGFRB,332828,0.14908525980382034,True,defined,0.14908525980382034,0.055845729482923205,0.05707406976495068,-0.0008859130667922649,-0.006570005457486692,0.05707328492298902,0.0014869510406065687
PDS5A,332828,0.1819104973706454,True,defined,0.1819104973706454,0.08663880382042198,0.08943491139962113,-0.0024027913743993705,-0.015313668241875588,0.08942913799323166,0.0031271216264132672
PECAM1,332828,0.11734115302712328,True,defined,0.11734115302712328,0.050575500380256495,0.051275446088779555,-0.004837073267966816,-0.0032549403558686358,0.051252048810979375,0.0010065192403511793
PF4,332828,0.05707901028115747,True,defined,0.05707901028115747,0.02507655050936793,0.02512434761292034,0.0004945996818921626,0.0028087464165750314,0.025124102984075154,0.00020815536700718602
PFN1,332828,0.44908847296375104,True,defined,0.44908847296375104,0.30843012771973377,0.3858857485095558,-0.03291043378255576,-0.002765418946086126,0.38480265185779566,0.08799180786971425
PGF,332828,0.06850213061934998,True,defined,0.06850213061934998,0.03438327784476065,0.03444867945477957,0.0008329815805937583,0.009211089148597584,0.03444798559646616,0.0003199080992027124
PGK1,332828,0.32476986131742397,True,defined,0.32476986131742397,0.1562152560742737,0.17433667269992578,-0.016430525681327423,-0.029077540812812774,0.17406671052575964,0.02376615865007705
PGR,332828,0.0245767247420157,True,defined,0.0245767247420157,0.013114220978173358,0.012992465064763996,0.00018338249241660903,-0.010065238252293784,0.01299243143562544,6.024084212186206e-05
PHLDA2,332828,0.04789544485337068,True,defined,0.04789544485337068,0.0284713798597439,0.028429687749632497,-0.001236388762030719,0.0035369435929073836,0.02842815909246143,0.00030033536636823907
PIGR,332828,0.14001235485976748,True,defined,0.14001235485976748,0.06513473651628261,0.06634717642669283,4.760951428048515e-05,-0.006369218077487628,0.06634717416002671,0.00184225333526793
PLAC8,332828,0.16055545062738416,True,defined,0.16055545062738416,0.06688054188324927,0.06870670246795184,0.007835684439602626,0.006187528629156673,0.06864530451731429,0.0016507590176730797
PLAC9,332828,0.08685503604846075,True,defined,0.08685503604846075,0.04306477200281266,0.04333911328307695,0.0017803991736482273,0.0074532817214788645,0.04333594346185847,0.0005260230229598429
PLCG1,332828,0.10867701199826235,True,defined,0.10867701199826235,0.04342432776030169,0.04392819703599258,-0.0025170843248242267,-0.00468672585782212,0.043921861322494274,0.0007203253074403723
PLD3,332828,0.23816311887437291,True,defined,0.23816311887437291,0.1401499028041484,0.14845233713723557,0.0005028826092935015,0.007002722112662299,0.14845208424631803,0.010096634595599245
PNOC,332828,0.07398274383008605,True,defined,0.07398274383008605,0.036144869115072545,0.036340965868073324,0.001470445106646911,0.002285096856733337,0.036338803659261905,0.00026169054785874104
POU5F1,332828,0.14932430628576057,True,defined,0.14932430628576057,0.08688902563365317,0.08869019033664055,0.0019559717992681984,0.010654076155376424,0.08868636451096105,0.002991235755543674
PPARA,332828,0.2090879003946138,True,defined,0.2090879003946138,0.09175230164613482,0.09584594320115958,-0.00011600825071022514,0.001182814880822137,0.0958459297432473,0.00554589697876699
PPARD,332828,0.12372491798552981,True,defined,0.12372491798552981,0.05531945161791127,0.056040735219650785,-8.66001426277471e-05,0.00657411379557669,0.05604072772006586,0.0015126296933714361
PPARG,332828,0.1012960120502021,True,defined,0.1012960120502021,0.032477353785478294,0.032793244461055096,-3.3060556815851584e-05,0.0039043228686954016,0.03279324336805413,0.00042439362344242856
PPIA,332828,0.4582673579268392,True,defined,0.4582673579268392,0.38682645405581956,0.48916054958410415,-0.00976608554468232,0.008000050648800298,0.48906517315723813,0.11080866846842206
PRF1,332828,0.08064820476257743,True,defined,0.08064820476257743,0.041483409129218066,0.041674028813731126,0.0012624449639774993,-0.007123051716773685,0.04167243504644399,0.0003953733438806093
PROX1,332828,0.2705839446368931,True,defined,0.2705839446368931,0.15791427463066043,0.170170284778659,-0.0017119771933626377,0.007355934348748169,0.17016735391274831,0.015064507277685893
PRSS2,332828,0.0952065220920574,True,defined,0.0952065220920574,0.05186675339877841,0.05222307998195319,0.0017928455019988036,0.002775232961666457,0.05221986568695788,0.0010677743973340227
PRTN3,332828,0.07601214815779476,True,defined,0.07601214815779476,0.036669175511325564,0.0368334891294758,0.0014625058628064717,-0.004892338692704253,0.03683135020607616,0.0003164479884617014
PSAP,332828,0.40147516934096134,True,defined,0.40147516934096134,0.2898108356281099,0.3451792616158623,-0.01608890756854188,0.004007806244365488,0.3449204086691123,0.05993699149302745
PSCA,332828,0.0550573951038404,True,defined,0.0550573951038404,0.02044139614581691,0.020442445386323598,0.0003864651383518899,0.0036191011833844014,0.02044229603102058,0.00022459509737944802
PSD3,332828,0.2087079967520589,True,defined,0.2087079967520589,0.1033772727124589,0.10795456231976579,0.001627963262080705,0.00970161122721996,0.10795191205538326,0.005848603493680765
PTEN,332828,0.14997645079176028,True,defined,0.14997645079176028,0.07894452404231,0.08073755720676369,-8.22160396626129e-05,0.002422247916040619,0.08073755044728555,0.0014841849778351025
PTGDR2,332828,0.056846291755541026,True,defined,0.056846291755541026,0.021436989345359522,0.021456945512947218,0.0004837857415719183,-0.003984049945413907,0.021456711464303814,0.00018967979766179542
PTGDS,332828,0.1835871988720682,True,defined,0.1835871988720682,0.03178495284737455,0.03270168379820794,0.004541697545632499,0.01629345789226695,0.03268105678161233,0.0017132428429594108
PTGES,332828,0.07380120471512623,True,defined,0.07380120471512623,0.0356745249749273,0.03580407422399104,0.0012993323213685306,0.007048951411789667,0.03580238595950932,0.0003921333403737713
PTGES2,332828,0.11106798893548034,True,defined,0.11106798893548034,0.04180646124125004,0.04225090613396857,0.0003820670982424199,0.002485467365255196,0.04225076015870118,0.0009824402682752555
PTGES3,332828,0.27136804331878683,True,defined,0.27136804331878683,0.1588221156309646,0.17132754516081614,-0.0035558766098193924,-0.0006007879146157722,0.1713149009023493,0.015130725697268414
PTGIS,332828,0.1329699720423055,True,defined,0.1329699720423055,0.05093992661768089,0.05186825948229156,0.00358616532536372,0.0029804381381212195,0.051855398900549944,0.0009789392008909092
PTGS1,332828,0.06037890606695712,True,defined,0.06037890606695712,0.026719878733464993,0.026759938099746895,0.0004861839848526773,-0.004266861841985701,0.02675970172487995,0.0002497982887680951
PTGS2,332828,0.07695246690916158,True,defined,0.07695246690916158,0.023802173432316782,0.023918877788186396,0.001456790900094876,-0.002281006917880195,0.023916755548459612,0.00024076348288743253
PTK2,332828,0.1117710191282781,True,defined,0.1117710191282781,0.0594236539964356,0.06015059134943906,0.000878041330994702,0.00472020144583332,0.060149820392861174,0.0009396721876116683
PTK6,332828,0.09492762166643133,True,defined,0.09492762166643133,0.046521542283751896,0.04688768268320797,0.0015466029814186588,0.005159632014772965,0.04688529070242499,0.0007460729749828871
PTPRC,332828,0.060565048294062916,True,defined,0.060565048294062916,0.019873835297293474,0.01981254752017133,-0.001575848107434973,0.008500874787148196,0.019810064222913697,0.00020827544507428486
PTPRCAP,332828,0.09847823675645902,True,defined,0.09847823675645902,0.043246545984387735,0.04364158568586638,-0.002034165368184496,-0.0064824204164609395,0.04363744785712112,0.0005811957569004124
PTTG1,332828,0.05778349317047503,True,defined,0.05778349317047503,0.025802331464489837,0.025400290793449014,-0.0008613709476095057,-0.022230179553300866,0.02539954883353998,0.00021825995979043072
PXDN,332828,0.12201534471867953,True,defined,0.12201534471867953,0.038626010450707696,0.03918164291852968,0.0003706047139436041,-0.004715507956136657,0.039181505570676574,0.0006529206477780236
QRFPR,332828,0.04671824026822632,True,defined,0.04671824026822632,0.024751224485573403,0.024778518088086468,0.00032494658325361094,-0.003251277198543019,0.024778412497804842,0.00012342096831781738
RAC1,332828,0.2808183857503173,True,defined,0.2808183857503173,0.17861334521414068,0.19372794852471537,-0.00561851217128761,-0.004936676112239894,0.1936963808456968,0.018883760810386334
RAC2,332828,0.09722585772052236,True,defined,0.09722585772052236,0.03739709662069612,0.037624542697545366,-0.002661637199587348,-0.009611705629813873,0.03761745838496287,0.000794150076305794
RACK1,332828,0.33973106204187875,True,defined,0.33973106204187875,0.2336029466808343,0.2635601434393001,-0.004140699908483135,-0.025915363891727855,0.26354299804356746,0.03104516867639727
RAG1,332828,0.04182290913056885,True,defined,0.04182290913056885,0.01637316784111299,0.016369182887318666,0.00021195806243143512,0.004740619470811056,0.016369137961098474,7.809360969810945e-05
RAMP1,332828,0.21922609592313994,True,defined,0.21922609592313994,0.0705005284706151,0.07395903882176856,-0.0008858102345069188,0.0009986281599832225,0.07395825416199783,0.004798501190117975
RAMP2,332828,0.07288106985924815,True,defined,0.07288106985924815,0.024767192989542886,0.02485107443568533,0.0008371166029497593,0.002599743272119885,0.024850373671478562,0.0003330556768349592
RAMP3,332828,0.07248348933659016,True,defined,0.07248348933659016,0.02920993410157501,0.029347175748803595,0.0014942742308668067,0.002214518944346949,0.029344942893326644,0.00028005533341583045
RARA,332828,0.11997193653507995,True,defined,0.11997193653507995,0.05865724357442468,0.059409749136303466,-0.0006398142271672136,0.002811702287106711,0.059409339774057636,0.0015043426190746818
RARB,332828,0.09757228654899883,True,defined,0.09757228654899883,0.03940035901633647,0.03977286334983898,0.0011030181533036114,0.00015438499373118114,0.0397716467007926,0.00048394908233184497
RARG,332828,0.05455691146878921,True,defined,0.05455691146878921,0.032236088958448234,0.03231071947606402,0.0012422046544240757,-0.0013475941090112906,0.032309176403661044,0.00019189861151971857
RARRES1,332828,0.06524168554657091,True,defined,0.06524168554657091,0.027982321336896213,0.028036537068304376,8.170705881913856e-05,-0.0008984889767022013,0.02803653039226083,0.00035851806655418984
RARRES2,332828,0.4912921422896825,True,defined,0.4912921422896825,0.32909309590815783,0.4333155137918609,0.011913378736363545,0.03016540584838052,0.43317358519894644,0.11236310620214292
RB1,332828,0.08904784163930231,True,defined,0.08904784163930231,0.03582012479120948,0.03601889560985413,-0.0012610313982824133,-0.009186545344041864,0.0360173054096668,0.0004822366260455942
RBM47,332828,0.17889441404443676,True,defined,0.17889441404443676,0.06409965770957447,0.06607148450211629,-0.004205933996231256,0.0029725742566523504,0.06605379462133626,0.003178998894773651
RBPJ,332828,0.11688812749018908,True,defined,0.11688812749018908,0.0578318722013961,0.0585771350140336,-0.001995074704149929,-0.009391608567357742,0.05857315469095926,0.0009216656094704468
REG1A,332828,0.01615784849460239,True,defined,0.01615784849460239,0.025788162985943858,0.024676872400707275,-0.004196415155879243,-0.009347143007721348,0.024659262500546873,0.0012842250217884558
RELA,332828,0.18347459049884157,True,defined,0.18347459049884157,0.0762512224264396,0.07884793909212426,-0.0009569421641401724,0.0017220122220302535,0.078847023353818,0.003443061916259
RELT,332828,0.0765063278086014,True,defined,0.0765063278086014,0.03906729977294078,0.03925822568250739,0.0007221877932375168,0.0001887604915688995,0.03925770412729914,0.0004584405584229257
RGCC,332828,0.10252391488607986,True,defined,0.10252391488607986,0.034214731507009905,0.03455987735739857,-0.00503336951029675,0.00022081627454870816,0.03453454254877172,0.0005289861383520555
RGS1,332828,0.2014982573945387,True,defined,0.2014982573945387,0.045561160795174804,0.04754996120225342,-0.012385602837329125,-0.004410039005236044,0.04739655804461045,0.0023916231342201513
RGS13,332828,0.04389776293990934,True,defined,0.04389776293990934,0.01345704856168128,0.013461454559581629,-1.6535481914116956e-05,-0.0015989734398921412,0.013461454286159389,8.940793062350233e-05
RGS2,332828,0.18315544375160697,True,defined,0.18315544375160697,0.07868010201518544,0.08147837918100596,0.010117158519908956,0.015940590173742816,0.08137602228448881,0.0027324552444022844
RGS5,332828,0.17420188384232185,True,defined,0.17420188384232185,0.05351716757914534,0.05514641421279591,-0.005979217478316268,-0.010399963558225206,0.055110663171143714,0.002361957228151968
RNF43,332828,0.0961672037406961,True,defined,0.0961672037406961,0.035258150264882646,0.03547453294718076,0.0005304685503687458,0.010448695735592595,0.03547425155029776,0.00047525157897379924
ROR1,332828,0.0754315963201157,True,defined,0.0754315963201157,0.027708909630273993,0.027837555752231395,0.0009122378567656614,0.0016440461782846532,0.027836723574323857,0.0003263834659259744
RORA,332828,0.20150021700543147,True,defined,0.20150021700543147,0.10339023628857202,0.10776200987229578,-0.00018781484815941904,-0.0012067195303813423,0.10776197459787698,0.004164208327504276
RPL21,332828,0.366524151234766,True,defined,0.366524151234766,0.350765679996177,0.4051449532495269,0.004857762225199418,0.0022857636748768043,0.4051213553956923,0.05815043014354899
RPL22,332828,0.3300372482579374,True,defined,0.3300372482579374,0.25782151045289164,0.2892610045039315,-0.0002517444375360547,-0.008404681277588557,0.2892609411286688,0.031042822543677434
RPL32,332828,0.38439316051833783,True,defined,0.38439316051833783,0.3341163326823106,0.39121522649068097,0.0031240948925054758,-0.021290951532384143,0.3912054665217869,0.05268684301708087
RPL34,332828,0.39440815258135387,True,defined,0.39440815258135387,0.3505878677941405,0.41499328954916087,0.00013285188563635908,-0.011525699881087993,0.41499327189953666,0.06266070563631547
RPL37,332828,0.41821802416992376,True,defined,0.41821802416992376,0.38354401230173335,0.4645089192190811,-0.001523622739318901,-0.013759258841054776,0.4645065977928282,0.07480752522239419
RPS4Y1,332828,0.27502679923037654,True,defined,0.27502679923037654,0.18906010060409323,0.20431098242820847,0.007465911644807434,-0.007837405362454086,0.20425524259151975,0.016595304178836503
RSPO3,332828,0.110100287605001,True,defined,0.110100287605001,0.015729518513362156,0.015910987633629362,0.000987679779515961,0.0026540862419662933,0.015910012122282453,0.00028847506797377137
RUNX3,332828,0.06688991785560087,True,defined,0.06688991785560087,0.0396788901308926,0.039847661001620176,-0.00022561715156857483,-0.0030960559054129455,0.03984761009852183,0.00021040652766340793
RXRA,332828,0.2611628061136216,True,defined,0.2611628061136216,0.1358937679960321,0.145822833084713,0.0023389866691713233,0.0017737044315164951,0.1458173622260755,0.01089660339792924
RXRB,332828,0.14387812455683566,True,defined,0.14387812455683566,0.05718430325502118,0.05821418766324037,0.00018615816181823832,0.012142513632546556,0.05821415300837903,0.0016318432213538049
RYK,332828,0.11034013661390142,True,defined,0.11034013661390142,0.048147835944179616,0.04871506332538709,0.0006498995849289554,-0.0034586741458534835,0.04871464095591669,0.000751945325739447
RYR2,332828,0.05452956677446944,True,defined,0.05452956677446944,0.025244763232798142,0.02531287778764238,-0.0003216249812376696,-0.0017129581726551405,0.025312774345014118,0.00012060759805594073
S100A10,332828,0.2170002004292753,True,defined,0.2170002004292753,0.0697679554666948,0.07326116467841873,-0.015915443394461395,-0.022539529196417198,0.07300786333997694,0.005047615311416846
S100A2,332828,0.056025463248031204,True,defined,0.056025463248031204,0.023530827803023232,0.023539680117397332,0.00013036172138720112,-0.0006880755049537607,0.023539663123218903,0.0002762127094657642
S100A4,332828,0.1482568193922723,True,defined,0.1482568193922723,0.03903256690856389,0.03973181679360396,-0.010970694775183474,0.003700103911393675,0.03961146064975444,0.0014634875864943213
S100A6,332828,0.1467237839967676,True,defined,0.1467237839967676,0.05463708387634551,0.05559297317558472,-0.012214846320302829,-0.012059616735159276,0.05544377070495519,0.002939533292579423
S100A8,332828,0.28286767588849465,True,defined,0.28286767588849465,0.026008161303536108,0.028271664688616756,0.005256475316824446,0.0037111857255478493,0.028244034155860555,0.001839081507734742
S100A9,332828,0.3480459204958585,True,defined,0.3480459204958585,0.05671345355382978,0.06429782582665518,0.009173005611223412,-0.004889696545278652,0.06421368179471112,0.006275592268121933
S100B,332828,0.05492039559712347,True,defined,0.05492039559712347,0.021908588965938426,0.021961603120770983,0.00018521355352253078,-0.001134973379815691,0.021961568816710717,0.00013300625547995533
S100P,332828,0.07591578678161105,True,defined,0.07591578678161105,0.03031234590398397,0.030459291301266848,0.0011780755896691336,-0.003409407176418076,0.030457903439171985,0.00026366371234089317
SAA1,332828,0.47277008976669993,True,defined,0.47277008976669993,0.3777839440122015,0.48390664817127454,0.0017799933918570554,0.04612945802408154,0.48390347979480086,0.11379566050223731
SAT1,332828,0.3128519629710056,True,defined,0.3128519629710056,0.2553260681880788,0.2829940619758109,0.00046794100791247773,0.002547257810715381,0.2829938430070249,0.02601750107252976
SCG5,332828,0.09369895304065852,True,defined,0.09369895304065852,0.0426381618747166,0.042989641457211285,3.144678220854691e-05,0.00452825801308086,0.0429896404683106,0.00047614215061732496
SCGB3A1,332828,0.05883694165851333,True,defined,0.05883694165851333,0.023561854117635565,0.023628489148191267,0.001152789437869842,0.002110086549327983,0.023627160224703507,0.00016873335860768411
SEC23A,332828,0.19236685926511127,True,defined,0.19236685926511127,0.06975149817667722,0.07238479485400706,-0.0010724974118136142,0.0031356844199364664,0.07238364460330828,0.0032618058494896175
SEC61G,332828,0.18421935365020764,True,defined,0.18421935365020764,0.09108800897857139,0.09423738511350065,-0.002084931416427695,-0.004978917474380338,0.09423303817449025,0.003997517740672272
SELENOP,332828,0.47194310298632547,True,defined,0.47194310298632547,0.3597320190975939,0.4626051347113058,0.006349502188090583,0.019614570660250834,0.46256481853326764,0.10028926424646921
SELL,332828,0.0561341081653019,True,defined,0.0561341081653019,0.017719270703780418,0.017727138616915966,-0.0007929491048615248,0.0036375303712034386,0.01772650984863313,0.0001653244484947331
SELPLG,332828,0.0764399746152573,True,defined,0.0764399746152573,0.037928428786665684,0.03810161375285846,-0.001146085075448012,-0.0021676023524182346,0.038100300241858585,0.00048272130295215883
SERPINA1,332828,0.6390736429639885,True,defined,0.6390736429639885,0.48206373648475226,0.8135845198191962,0.040580429748240276,0.08202994653119064,0.8119377485406434,0.3361691133211434
SERPINA3,332828,0.5697929176952291,True,defined,0.5697929176952291,0.35605671400061745,0.524914139924378,0.011742228311626284,0.0464018925395668,0.5247762599986574,0.18844229079299463
SERPINB5,332828,0.0558194654101212,True,defined,0.0558194654101212,0.017679984081395643,0.01757975329988008,-0.00022753144585062048,-0.011947918348087332,0.017579701529321406,0.00013472203611954238
SERPINH1,332828,0.1584328704236126,True,defined,0.1584328704236126,0.07116800120308495,0.07277695491909993,-0.0034956955621186564,-0.017106135061827416,0.07276473503163652,0.0024410608175122537
SFN,332828,0.07229384334745116,True,defined,0.07229384334745116,0.038203994929455205,0.03829511392743887,0.0002821250740487814,-0.003353958517380698,0.038295034332881596,0.0005730918903454585
SH3BGRL3,332828,0.1982956692528217,True,defined,0.1982956692528217,0.07855464895055542,0.08197826774438387,-0.02027078614534126,-0.019015700286735916,0.08156736297343387,0.0049740507791342725
SIGIRR,332828,0.25060796058665713,True,defined,0.25060796058665713,0.12403310386940834,0.13202236231463374,0.0012306613063196776,0.016775486603067102,0.132020847787385,0.009788690739776375
SLA,332828,0.10534440752491786,True,defined,0.10534440752491786,0.029933015322631828,0.030252583106696415,-0.005641353041944009,-0.0039148760368143565,0.03022075824255213,0.0006247614035867586
SLC2A1,332828,0.054156555694763776,True,defined,0.054156555694763776,0.025771585816305342,0.025678345019652837,-0.0008874989212650284,0.003520779609565561,0.025677557365317627,0.0004377208095981276
SLC40A1,332828,0.2515119103895387,True,defined,0.2515119103895387,0.13963096861277632,0.14894825405652848,0.0025756697299590555,0.0016569032632405014,0.1489416199819713,0.01157082196887236
SLCO2B1,332828,0.3139910025249732,True,defined,0.3139910025249732,0.19014272428129816,0.2106495556896188,-0.00481879057704214,0.010682633526371903,0.21062633494699395,0.02267130917267839
SLPI,332828,0.28578536078900113,True,defined,0.28578536078900113,0.09023454684369298,0.09813055093439635,0.0010427929101846525,0.00476196793985984,0.0981294635173415,0.009962080500260397
SMAD2,332828,0.15174233371215465,True,defined,0.15174233371215465,0.07633906700961307,0.07811254336374124,-0.0010137006801432065,-0.004698601682679515,0.07811151577467333,0.0021115778716905118
SMAD3,332828,0.08461321291146534,True,defined,0.08461321291146534,0.024432936280115166,0.02460298266775654,5.6117957514020944e-05,0.00025033662370673994,0.024602979518531406,0.00024755500281409775
SMAD4,332828,0.1787874375717451,True,defined,0.1787874375717451,0.07869162691188962,0.08119848304446035,-7.726725312253063e-05,-0.0023072637897050855,0.08119847707423201,0.003611275426253089
SMARCB1,332828,0.14430114329978375,True,defined,0.14430114329978375,0.05798473552200638,0.05910468963458447,-0.0004496003105013842,-0.004928380216188213,0.059104487494146,0.001990619335203472
SMO,332828,0.12865593776134424,True,defined,0.12865593776134424,0.05772029270226817,0.05868227323384554,0.00047845304172042783,-0.0013495152724730917,0.05868204431653223,0.001133172765021808
SNAI1,332828,0.11220581368082981,True,defined,0.11220581368082981,0.0819277902283773,0.08290847670099484,-0.0010470655159951002,0.006198227816728238,0.08290738035479957,0.001276866496213935
SNAI2,332828,0.09231581495969297,True,defined,0.09231581495969297,0.04049320882192515,0.04080779367842396,-4.155918903330887e-05,0.0022067137812290735,0.040807791951257874,0.0005737402842951888
SOD1,332828,0.4799075371102034,True,defined,0.4799075371102034,0.30356322142569353,0.3941331272053634,-0.0003660082987566964,0.008515480476906426,0.394132993243288,0.09762423894953237
SOD2,332828,0.3596565334493772,True,defined,0.3596565334493772,0.16756879351722367,0.19251013257367017,-0.021395966375357074,-0.034081325548327004,0.19205234519653241,0.029476716695772606
SORBS1,332828,0.11150366983660541,True,defined,0.11150366983660541,0.03418382558839387,0.03460779232484988,0.000393611317418339,0.0008974598211015005,0.03460763739498076,0.0005399047388374152
SOSTDC1,332828,0.05954511316917866,True,defined,0.05954511316917866,0.02410778698963015,0.024130272170455564,0.0004152795424240101,-0.006243577780437551,0.024130099713357427,0.00018488995189415715
SOX2,332828,0.026546546328717942,True,defined,0.026546546328717942,0.013189754300815688,0.01308295958999849,-0.00013425366894297692,-0.009462514935492014,0.013082941565951064,7.094809810260526e-05
SOX4,332828,0.09078938570698142,True,defined,0.09078938570698142,0.049863799054344564,0.05002802224692099,-0.0020783319035094705,-0.0016733657255786148,0.05002370278342084,0.001309624417696545
SOX9,332828,0.09586567188614793,True,defined,0.09586567188614793,0.03315558502777539,0.033038221930925815,-0.00025672054821437423,-0.010935121522664447,0.03303815602548616,0.0012213046605909015
SPARCL1,332828,0.1689029010060715,True,defined,0.1689029010060715,0.026303923359724844,0.02689959769656546,-0.006838901802231793,0.0029262391957602073,0.026852827118704414,0.001498787402454906
SPINK1,332828,0.05337782660843916,True,defined,0.05337782660843916,0.0219578803851603,0.021385152126696495,-0.0018487085564782616,0.012266140656231307,0.021381734403369435,0.0008253980254296278
SPOCK2,332828,0.10107044019569635,True,defined,0.10107044019569635,0.0378090011431613,0.038171923174411954,-0.003786520210831026,-0.0003491954781647028,0.03815758543910461,0.000633239142123871
SPP1,332828,0.2002798878448025,True,defined,0.2002798878448025,0.044642705699222116,0.04564557639558704,-0.016571218265107678,-0.0045402978223455575,0.04537097112079699,0.00539233228174844
SPRY2,332828,0.08951571882824162,True,defined,0.08951571882824162,0.040731992579603804,0.04104889997293043,0.0015957413179102176,-0.0005355973548344855,0.041046353582576994,0.00045363110877649017
SPRY4,332828,0.07972527027283864,True,defined,0.07972527027283864,0.02845117761151747,0.02847386305364197,0.00011279312572625726,-0.011426767953328398,0.0284738503313524,0.0003410624024199614
SQLE,332828,0.27389688555717734,True,defined,0.27389688555717734,0.1340165278003679,0.14450401424755396,0.0011540429556344137,0.01434061608685923,0.1445026824324105,0.013818489335556232
SQSTM1,332828,0.5031641743678735,True,defined,0.5031641743678735,0.2753220479242025,0.3678248117877648,-0.0017366098122918406,-0.011325882592882846,0.36782179597412556,0.10772189362073094
SRC,332828,0.06603675846501214,True,defined,0.06603675846501214,0.02604637364645305,0.026077547843284504,0.0005198750369891811,0.007703414729710378,0.026077277573230383,0.00026408497272084754
SREBF1,332828,0.2586160118428084,True,defined,0.2586160118428084,0.13924424271247143,0.14922395800930152,0.002493617084975432,0.0030535168880691786,0.14921773988313503,0.010483972796309731
SRGN,332828,0.1856479451605196,True,defined,0.1856479451605196,0.09159775766797727,0.09477821154464029,-0.007901020030105874,0.0025511904728059186,0.09471578542712507,0.003997697964019615
SRSF2,332828,0.27346781988415275,True,defined,0.27346781988415275,0.18404486416665278,0.1987319693417243,-0.009089897869398523,0.004498392004691489,0.1986493430984507,0.01691509414655972
SST,332828,0.04293991180920058,True,defined,0.04293991180920058,0.02227667315279222,0.022211801026426847,0.0005191529416212165,-0.009282843577924395,0.022211531506649927,9.148000404229601e-05
ST6GAL1,332828,0.3560580402986479,True,defined,0.3560580402986479,0.1779659318394506,0.20325992950259106,0.001742834305997345,0.020480033226713882,0.20325689203117225,0.029503086432004888
ST6GALNAC3,332828,0.035710613123940825,True,defined,0.035710613123940825,0.026383492750026792,0.026391004606685965,0.000374388877860125,0.0014653447190986894,0.026390864439654056,0.00011686857925674777
STAT1,332828,0.16965860993714132,True,defined,0.16965860993714132,0.07422813775852036,0.07641964476232314,-0.009796695295928002,-0.0185116599191633,0.07632366952360284,0.0026949713092049602
STAT3,332828,0.23627112753690274,True,defined,0.23627112753690274,0.09609686345970408,0.10171156480041128,-0.0029952491106400117,-0.001495096259664297,0.10170259328317582,0.007002964881064052
STAT4,332828,0.06466555653240044,True,defined,0.06466555653240044,0.02146461926488145,0.021521878090987472,-0.0012318992135656756,-0.0005682538139785285,0.02152036051531487,0.0002341156053489953
STAT5A,332828,0.09913584477255764,True,defined,0.09913584477255764,0.040267946890829236,0.04066077645531693,-4.00290831378886e-05,0.002561337866118033,0.04066077485299013,0.00040461921468936535
STAT5B,332828,0.12895507461757055,True,defined,0.12895507461757055,0.047129629430152864,0.0478345604271997,-0.0007330517972472831,0.007738402643299381,0.04783402306226216,0.0010625038885792618
STAT6,332828,0.14342030290011568,True,defined,0.14342030290011568,0.05172792997832178,0.052738674694091776,-0.00034168614805592153,-0.007040474701956688,0.05273855794466911,0.0014706494578298668
STMN1,332828,0.09732697542756606,True,defined,0.09732697542756606,0.021266402013870787,0.021161078932101035,-0.00815766314464662,-0.0008258861027609543,0.02109453146411976,0.0010218534446643393
SYK,332828,0.06950999283909935,True,defined,0.06950999283909935,0.026772025384586718,0.02681010790869339,-0.0010151824415692119,-0.010092376805018578,0.026809077313303703,0.0002119003576804252
TACSTD2,332828,0.06575357839481687,True,defined,0.06575357839481687,0.01824623830043825,0.01829026881068536,0.0009776918213040267,-0.0011353458689094865,0.018289312929387933,0.00021048134397605374
TAGLN,332828,0.2208774341364109,True,defined,0.2208774341364109,0.08864799897237466,0.09315761768785244,-0.001967616787665335,-0.0022082179075596487,0.09315374617202929,0.005424168333792693
TAP1,332828,0.06761675374678547,True,defined,0.06761675374678547,0.027938108414915765,0.027971001447411544,-0.0022217636404562756,1.3072649548076578e-05,0.02796606521373749,0.00044309318395592214
TAP2,332828,0.0796107301778727,True,defined,0.0796107301778727,0.03291972138615176,0.03308798894129232,-0.001802051673520651,-0.005607030280287652,0.03308474155105808,0.00039900020217191793
TBX21,332828,0.050438752830795124,True,defined,0.050438752830795124,0.016765669761106126,0.01678082977182423,0.00038422295441099645,-0.0015531040856406903,0.016780682144545644,0.00013053581723115111
TCAP,332828,0.06985743710717865,True,defined,0.06985743710717865,0.036898756255123115,0.03689584821398915,0.0011348394962661832,0.008356681131427752,0.03689456035330655,0.0006205662947527858
TCF7,332828,0.10010142853324937,True,defined,0.10010142853324937,0.032933083850467136,0.03320460422296841,0.000520648525576884,-0.006198476622083069,0.03320433314808116,0.0004964207768996966
TCL1A,332828,0.052331497201123046,True,defined,0.052331497201123046,0.02412932852499199,0.024181563039657423,0.000370809553288645,0.0006086864161632084,0.024181425539932848,0.0001413400613709288
TEK,332828,0.06106443734953754,True,defined,0.06106443734953754,0.01644211563651969,0.016488996831371165,0.0009230067535190967,0.0012829151855522022,0.01648814488990395,0.00013819290145852302
TFEB,332828,0.08010588676264432,True,defined,0.08010588676264432,0.024519109063191203,0.02460054065251747,-0.0003743589634302595,0.005909661241490432,0.024600400507883837,0.0003479528377153485
TGFB1,332828,0.09299453994928761,True,defined,0.09299453994928761,0.03255846296477597,0.03249624627845204,-0.0003277126937914441,0.016659939623230608,0.032496138882842175,0.0005839230142676171
TGFB2,332828,0.035901734336874686,True,defined,0.035901734336874686,0.012854833849689544,0.012758784657038504,-0.00013610492515442473,0.009526792113029132,0.01275876613248756,7.107085242254224e-05
TGFB3,332828,0.08023068084901622,True,defined,0.08023068084901622,0.03915122449132613,0.03933639410161532,0.0012678890463690025,0.004414853486122266,0.039334786558982114,0.0005588845360813476
TGFBI,332828,0.14651208905299673,True,defined,0.14651208905299673,0.06353791555978293,0.06492291395142337,-0.002966792350196061,-0.0012712379621362263,0.06491411209457439,0.0016907193413850574
TGFBR1,332828,0.06924344136350578,True,defined,0.06924344136350578,0.02026678802920476,0.02017350441968031,-2.557903813675673e-05,0.011999550041921226,0.020173503765393043,0.00027467250018816015
TGFBR2,332828,0.12726695656818193,True,defined,0.12726695656818193,0.07007539414869232,0.07119979664000982,-0.0006648841239999527,0.004738761545100104,0.0711993545691119,0.0011384571755122801
THBS1,332828,0.1677219318103535,True,defined,0.1677219318103535,0.08982501982126538,0.09236275932136337,0.0017281862756086666,0.00967367557009118,0.09235977269356194,0.0025467726736684835
THBS2,332828,0.11902309069718311,True,defined,0.11902309069718311,0.033361243417241,0.0337445147876545,-0.0027458958561208087,0.006783988862029521,0.033736974843601844,0.0006368468445476668
THSD4,332828,0.1790593355393348,True,defined,0.1790593355393348,0.04706134254804455,0.04859618972256758,7.1219862011004e-05,0.0004459812456198696,0.04859618465029866,0.0019608215114758137
TIE1,332828,0.09381795024541228,True,defined,0.09381795024541228,0.04718927191198803,0.04736809786456457,0.0011614336765689128,0.014640879181430606,0.04736674893638053,0.0007849616986937871
TIGIT,332828,0.07345675113707612,True,defined,0.07345675113707612,0.025310662655940338,0.025372367163434533,-0.0017455331147987144,-0.008850232077772132,0.025369320277579786,0.00028792608170914095
TIMP1,332828,0.22466102203347904,True,defined,0.22466102203347904,0.050860170074105336,0.05325701200274449,-0.01416471580510781,-0.008298618329985808,0.05305637282890487,0.005314015709188114
TLR1,332828,0.06324959902450758,True,defined,0.06324959902450758,0.024646025935080713,0.024705622936641546,0.0003489981974783146,-0.0025851431719760266,0.02470550113689976,0.0002398426292874431
TLR2,332828,0.09658292663726724,True,defined,0.09658292663726724,0.035733258390232975,0.0359078475709978,-0.0020327971440543707,-0.014776668935215096,0.03590371530676893,0.00038945834120951905
TLR3,332828,0.07726985076780722,True,defined,0.07726985076780722,0.03532373992555095,0.03547831262980397,0.0005668543768701007,0.0008928781550322584,0.03547799130591923,0.0004899593527886456
TLR4,332828,0.06487773910293786,True,defined,0.06487773910293786,0.02868708056599872,0.028710139007584578,0.0007322784003513193,0.010172670194452168,0.0287096027759288,0.00019672327812191706
TLR5,332828,0.0638715949605229,True,defined,0.0638715949605229,0.030645014853442516,0.030704692756269223,0.00033824399432606236,-0.007570434809275499,0.03070457834726982,0.0001681477147972906
TLR7,332828,0.02195748961505498,True,defined,0.02195748961505498,0.014862569723396571,0.014826304114167289,-0.0009623573636338744,-0.0007121617104242778,0.014825377982472352,8.700456601281895e-05
TLR8,332828,0.011862243622987873,True,defined,0.011862243622987873,0.010731145660398143,0.010646756680824244,-0.0003911549988823584,-0.00621241347074884,0.010646603678591045,7.132952877002536e-05
TM4SF1,332828,0.14904681791275937,True,defined,0.14904681791275937,0.04454333268192994,0.04552607338403057,0.004820761353435441,-0.0003906013106154231,0.04550283364400387,0.0013477338667527811
TNF,332828,0.039615269669556974,True,defined,0.039615269669556974,0.01830815065843995,0.01828881390916077,0.0005226343623383244,0.0034999984292474434,0.018288540762484262,0.0001354438659417308
TNFAIP6,332828,0.08064433426291329,True,defined,0.08064433426291329,0.032133947195529824,0.03228640956964871,0.00019153317740730103,0.007522637758167669,0.03228637288469092,0.00027030215664993693
TNFRSF10A,332828,0.05194596121227561,True,defined,0.05194596121227561,0.013730345843019284,0.013750346639471852,-8.711016646475314e-05,0.001245735320231215,0.013750339051290668,0.00010014291911674067
TNFRSF10B,332828,0.13884630996087552,True,defined,0.13884630996087552,0.05427867683488458,0.05531780120917767,-0.0002160807522485338,0.004871420998608949,0.05531775451828667,0.0011471393072265306
TNFRSF10D,332828,0.09671071052551355,True,defined,0.09671071052551355,0.03390364685373618,0.03421295845654797,0.00011593494316485354,-0.0006903261814838129,0.03421294501563668,0.0004434216461678093
TNFRSF11A,332828,0.040603897539483756,True,defined,0.040603897539483756,0.01917264558702872,0.019175230195626166,-0.0002610253836710985,-0.0041987395547165175,0.019175162061375334,8.666261260256273e-05
TNFRSF11B,332828,0.12836556183862083,True,defined,0.12836556183862083,0.03823532710607729,0.03882275142055636,0.0016467640113310216,-0.0028177061973508714,0.03882003958884702,0.0009740343171600094
TNFRSF12A,332828,0.18035433544292043,True,defined,0.18035433544292043,0.06216755816351365,0.06372720973324267,-0.0005543659161654302,-0.02176394027529638,0.06372690241167404,0.002863332410800522
TNFRSF13B,332828,0.03609703626867584,True,defined,0.03609703626867584,0.01774897004721752,0.017719446978108355,6.689379991668932e-05,0.005133986606681225,0.0177194425033278,9.990915873987125e-05
TNFRSF14,332828,0.22822801771708978,True,defined,0.22822801771708978,0.1211477876509981,0.12772256494430123,-0.0022784569177869743,0.001861932922186408,0.1277173735783764,0.008041773043614904
TNFRSF17,332828,0.07376361202848991,True,defined,0.07376361202848991,0.020626357350504557,0.020713777270206363,0.0007508589289673693,0.0023176289811628844,0.020713213481074848,0.00023878169360583588
TNFRSF18,332828,0.07469516941603636,True,defined,0.07469516941603636,0.03283357192330675,0.032951801299071284,-0.00040628146530393984,-0.002652964117031099,0.032951636234441944,0.0004559303762866378
TNFRSF19,332828,0.04982880280061777,True,defined,0.04982880280061777,0.014111708247063948,0.014123191837396014,0.00022596007867262707,-0.0032456975962984543,0.014123140779438737,8.69530578540766e-05
TNFRSF1A,332828,0.18815666780621418,True,defined,0.18815666780621418,0.10421712681715209,0.10797759898227628,0.0008172784533638152,-0.0019664074420378806,0.10797693103820738,0.0047961268000147736
TNFRSF1B,332828,0.09660836289982551,True,defined,0.09660836289982551,0.03424896706860719,0.03448236172582729,-0.0008073905996079901,0.0034379089949347547,0.0344817098462465,0.0006953279037381264
TNFRSF21,332828,0.1536965687031632,True,defined,0.1536965687031632,0.04687758533265755,0.0477106432569201,0.00019266754175697545,0.016454414513166215,0.047710606136138506,0.0015218410358984996
TNFRSF4,332828,0.05388093986376703,True,defined,0.05388093986376703,0.020414471094616245,0.020444950429765206,-0.0010664460321114387,-0.0044986195373837735,0.020443813122626067,0.00014336771612764434
TNFRSF9,332828,0.05040925559264046,True,defined,0.05040925559264046,0.01743187176382601,0.017433302982228806,-7.104631247191446e-05,0.004986262755969233,0.017433297934650375,0.00011695932562230993
TNFSF10,332828,0.28821950563307436,True,defined,0.28821950563307436,0.17457748662025224,0.19016137366339275,0.0030921118970069564,0.014718972784861086,0.1901518125074095,0.01822022755731105
TNFSF12,332828,0.08068531223962581,True,defined,0.08068531223962581,0.03678395240916938,0.037001756757639025,0.00034672007037571303,-0.0009753854998870938,0.037001636542832214,0.00040611154411797877
TNFSF13B,332828,0.06720846210001452,True,defined,0.06720846210001452,0.02776559777964905,0.027858490274783754,-0.0007756322717930813,-0.00011030102216100126,0.027857888669363014,0.0002880081256261323
TNFSF14,332828,0.07539149960914963,True,defined,0.07539149960914963,0.029841475072919888,0.02998668093397803,0.0007235227791122358,-0.0002770318812576228,0.02998615744876596,0.0003251002001509439
TNFSF15,332828,0.06383615849856845,True,defined,0.06383615849856845,0.023428653476700194,0.023514974946393936,0.0007182497247369982,0.0005017899476719797,0.023514459063726238,0.0001676113993148947
TNFSF4,332828,0.06240385985291306,True,defined,0.06240385985291306,0.026900734442071927,0.026944681809556326,-0.00013405515632793064,-0.0012212684882041468,0.02694466383877134,0.0003231966748849502
TNFSF8,332828,0.05646637819709394,True,defined,0.05646637819709394,0.026447605185554827,0.026521075620990594,-0.0012715737935174568,-0.0035653284598645006,0.026519458721078287,0.00014216474232043753
TNFSF9,332828,0.04811925185760555,True,defined,0.04811925185760555,0.02535333014352559,0.025369431148839598,0.000963047309585834,0.0021527796716523414,0.025368503688719537,0.0002004080749108007
TNNC1,332828,0.07291191737553049,True,defined,0.07291191737553049,0.03431669293700945,0.03445771443469586,0.0006336746858579403,9.94118414263628e-05,0.03445731289108816,0.00040145380170379154
TNNT2,332828,0.032348641009839876,True,defined,0.032348641009839876,0.016540882714658176,0.016517504489198722,-4.516253684042039e-06,-0.004051136949674476,0.01651750446880226,8.25500584451744e-05
TNXB,332828,0.1322320056855743,True,defined,0.1322320056855743,0.055884426565941225,0.05681117197075867,0.006099026534993652,0.016062884535902613,0.056773973846084326,0.0011207894190226227
TOP2A,332828,0.04099089476027244,True,defined,0.04099089476027244,0.021886850846422272,0.021767775876353514,-0.002136296280495704,-0.008412547531581173,0.021763212114555838,0.00029031788374006686
TOX,332828,0.053640946095436015,True,defined,0.053640946095436015,0.020466091535310767,0.02046930807643913,-0.0009078189567855573,-0.006763252347228874,0.02046848394118086,0.00015345629812045996
TP53,332828,0.09193167182852957,True,defined,0.09193167182852957,0.030907341058221106,0.031092219268533765,-0.0007087401681735644,-0.009407110619797421,0.031091716955907393,0.00031908828246640967
TPI1,332828,0.341483296386123,True,defined,0.341483296386123,0.18598079696544717,0.2103185073187825,-0.008071979185875475,-0.004747104476148551,0.21025335047080468,0.029544678328858764
TPM1,332828,0.2230316074073484,True,defined,0.2230316074073484,0.09981367286260957,0.10533627918796779,-0.018053030075723703,-0.021277527044082957,0.10501036729305438,0.005826242360033595
TPM2,332828,0.1588914936594597,True,defined,0.1588914936594597,0.03632205773197533,0.03723623888994536,-0.0078032847509959865,-0.01595134355238576,0.037175347637040244,0.0012235534977246927
TPSAB1,332828,0.08338211048197065,True,defined,0.08338211048197065,0.03945915934577976,0.03968348872441916,0.0023512257283457736,0.0026577357562058467,0.03967796046199412,0.0005835575433239519
TPT1,332828,0.49567095125195915,True,defined,0.49567095125195915,0.5046052173773675,0.6644871170068564,0.013129735157166478,-0.04324390665750611,0.6643147270615588,0.14891442533046295
TSC22D1,332828,0.17456930085850586,True,defined,0.17456930085850586,0.07758761123955138,0.07989558391421327,-0.0017402453897452288,0.0036922603799392274,0.07989255546019765,0.0035228629611865256
TSHZ2,332828,0.09304867851775474,True,defined,0.09304867851775474,0.034781793485123814,0.03506925668791158,-3.6059151758049576e-05,0.0021724900613358973,0.035069255387649476,0.0004320322613142001
TTN,332828,0.06384461623948294,True,defined,0.06384461623948294,0.03139278460423345,0.03115929102217049,6.952737004572369e-05,-0.01828189561220099,0.03115928618811583,0.0002605485130790838
TTR,332828,0.5839042402574282,True,defined,0.5839042402574282,0.45276549089518503,0.6929386608913336,0.08431431375717846,0.11160261556430046,0.6858297573869895,0.23825410692638901
TUBB,332828,0.3002398523545526,True,defined,0.3002398523545526,0.21477088900207705,0.23612817147349582,-0.016990988685526946,-0.011227081983274005,0.23583947777698366,0.025079180089765372
TUBB4B,332828,0.28776520315308524,True,defined,0.28776520315308524,0.11201692962540112,0.12208121705655056,-0.005508895614169049,-0.0031657236646445135,0.12205086912566289,0.0118257514065573
TWIST1,332828,0.08625399634559314,True,defined,0.08625399634559314,0.03448986437341498,0.03473039417243459,0.0004853984617242239,0.000822015814692248,0.03473015856076855,0.0004126651952108892
TWIST2,332828,0.054558110486728,True,defined,0.054558110486728,0.021573966042063835,0.021577601514890368,-0.00010755257607251343,-0.004975276702733201,0.0215775899473336,0.00019851356167516787
TXK,332828,0.09014901974212235,True,defined,0.09014901974212235,0.0247767648352075,0.02493370448888615,-9.481003755893153e-05,0.002301029571302679,0.024933695499942475,0.0004225661904350811
TYK2,332828,0.10699775946100885,True,defined,0.10699775946100885,0.046483156323691065,0.04695939419363189,-0.0007698468669029593,0.004658651161990706,0.04695880152943406,0.000834449051829875
TYMS,332828,0.06598166010400644,True,defined,0.06598166010400644,0.03127982303025179,0.03126577337635368,-0.001801258860898943,-0.00656047757618594,0.031262528842869106,0.0005336499089889469
TYROBP,332828,0.13634217636910362,True,defined,0.13634217636910362,0.04266410510442227,0.04342458855916538,-0.004667836083056601,-0.010554354072801956,0.043402799865466246,0.001168994275278561
UBA52,332828,0.3362985198050076,True,defined,0.3362985198050076,0.2613434967467966,0.294610040912735,-0.0040431653884359,-0.010463603974421637,0.29459369372637617,0.03521068811657141
UBE2C,332828,0.23339767773566664,True,defined,0.23339767773566664,0.05817417075657995,0.061405303159271125,-0.0019886521562880732,-0.011466408652645343,0.06140134842187224,0.003982486059187743
UPK3A,332828,0.04241833441360428,True,defined,0.04241833441360428,0.01593568346963253,0.01592237879529868,0.0008510913408985835,0.004780428341552607,0.015921654438827995,0.0001117531690002379
VCAM1,332828,0.11081803593201779,True,defined,0.11081803593201779,0.03695528909421941,0.037387151579335316,0.004278799083116059,0.01089076216498481,0.037368843457741226,0.0005154348858121559
VCAN,332828,0.05410824159166586,True,defined,0.05410824159166586,0.01399126160621466,0.013997859020562116,-0.0011428503398933545,-0.002010157270106987,0.013996552913662669,0.0001515829233672632
VEGFA,332828,0.30800953559689115,True,defined,0.30800953559689115,0.2600220281038984,0.28709116463290446,-0.0013435858263079953,-0.0038723546681604173,0.2870893594100327,0.031604862595457715
VEGFB,332828,0.14924852035888783,True,defined,0.14924852035888783,0.06875451508153972,0.07020534368797736,-0.00060812547045931,-0.0018758884088099107,0.07020497387138845,0.002511693260832726
VEGFC,332828,0.0634033541093635,True,defined,0.0634033541093635,0.021944361372482696,0.022011124020458704,0.0010971447931128044,-0.000696345706723683,0.022009920293762055,0.000191691751707221
VEGFD,332828,0.07215532630363668,True,defined,0.07215532630363668,0.028563723274962698,0.02867498079492643,-0.0007667417261599835,0.0029613004194017785,0.028674392902051694,0.00029551580927823367
VHL,332828,0.17664538998981857,True,defined,0.17664538998981857,0.100693474735761,0.10385915738321005,-0.0030148463860274676,0.003936026599631354,0.1038500680844795,0.0039552606275538365
VIM,332828,0.30005487458392127,True,defined,0.30005487458392127,0.09545342008063147,0.10568865872587804,-0.029750316323296118,-0.030063736442977638,0.10480357740454323,0.011317867423274366
VPREB3,332828,0.07608717997844118,True,defined,0.07608717997844118,0.033178724238177866,0.03325290051914401,0.0013256060390432756,0.006775257868797559,0.033251143287773906,0.0005466874573014544
VSIR,332828,0.09830441707518592,True,defined,0.09830441707518592,0.046512627818825154,0.046719098898705486,-0.003458438870402726,0.011201883068821918,0.046707138099285304,0.0007684436720145206
VTN,332828,0.5707970153887967,True,defined,0.5707970153887967,0.3938419273318571,0.5820926266014428,0.012890280816719123,0.04603280304844505,0.5819264672619079,0.20773138975505967
VWA1,332828,0.2108191062239254,True,defined,0.2108191062239254,0.08084338654458065,0.08434926285434796,-0.0003358242951783654,0.013818247188044062,0.08434915007639027,0.004592500622759993
VWF,332828,0.07159511316869477,True,defined,0.07159511316869477,0.03162347610621625,0.031741645436711145,-0.000367262504209311,0.005598692132790068,0.03174151055496403,0.00024863124594766726
WIF1,332828,0.06725999412401205,True,defined,0.06725999412401205,0.02293033946205124,0.02301302288273216,0.0007485164342639535,0.005363405152333504,0.023012462605879705,0.00012169253359411136
WNT10B,332828,0.06468107387239906,True,defined,0.06468107387239906,0.026621519327959767,0.02670268986617651,0.0007725859742236418,-0.001543664736474787,0.026702092977088896,0.00024480141991283357
WNT11,332828,0.0534383622671114,True,defined,0.0534383622671114,0.016303156547659983,0.01630377004212141,0.00018591639362529455,0.004739190305521607,0.016303735477215784,0.00014037371636429797
WNT3,332828,0.13387243352901743,True,defined,0.13387243352901743,0.06337416306618306,0.0644263510111662,0.0010756324440635205,-0.008242124711416894,0.0644251940260124,0.0014496489603593801
WNT5A,332828,0.09227093270766479,True,defined,0.09227093270766479,0.027707087469336967,0.02789198648395643,0.0001776783722531561,0.007301128359796084,0.02789195491435246,0.00028135110359664954
WNT5B,332828,0.058657929842665574,True,defined,0.058657929842665574,0.025846298824236898,0.025915148730056854,0.00043704821572981205,-0.002293191497834815,0.025914957718913566,0.00017045491254495305
WNT7A,332828,0.05719605735527916,True,defined,0.05719605735527916,0.024244238959300966,0.024104621566072293,0.00040559710108659493,-0.014255361396754032,0.02410445705706379,0.00011667933184107367
WNT7B,332828,0.08639574288614219,True,defined,0.08639574288614219,0.04647394594322459,0.04681722591309768,0.001508171122529176,0.0021680806283487647,0.04681495133296275,0.00046315508992866264
WNT9A,332828,0.0561381726868195,True,defined,0.0561381726868195,0.025322405915531265,0.02537287880984288,0.0005708735467138104,0.0021005456504865675,0.025372552913236437,0.00020117835798899887
XBP1,332828,0.36974101375540797,True,defined,0.36974101375540797,0.23789482723724503,0.2752344151102095,-0.0005037458870166704,0.0002825709211900394,0.2752341613502926,0.04448459548671176
XCL1,332828,0.0785949043630273,True,defined,0.0785949043630273,0.04376732078653115,0.04396147353226371,0.0012541155488644613,0.0027779285995812412,0.04395990072645448,0.0006367257464948949
XKR4,332828,0.05758001121236667,True,defined,0.05758001121236667,0.01812750635207915,0.018173341483550817,0.0004785803786230355,-0.0021235859440492427,0.01817311244437152,0.00011169191824268531
YBX3,332828,0.15415063366033974,True,defined,0.15415063366033974,0.08051702524180948,0.08217747943522997,-0.004404120096994779,-0.018619016571300627,0.08215808316140265,0.0029846781565793686
YES1,332828,0.18026789027978365,True,defined,0.18026789027978365,0.07224193001009772,0.0746647074237588,0.00022921421849156134,0.0014475699273415034,0.07466465488460063,0.002572305829241421
ZBTB16,332828,0.24090858828098954,True,defined,0.24090858828098954,0.18463140911569786,0.19597491203905154,-0.0072639299645058785,0.001085639821761993,0.19592214736052224,0.01206444399106338
ZFP36,332828,0.37109102378816783,True,defined,0.37109102378816783,0.16432452659299585,0.19062713309717436,0.014295247477133342,0.02132221441749758,0.1904227789967408,0.0234892735238673
